age,annual_income,employment_type,employment_stability_years,credit_score,existing_loans_count,existing_monthly_debt,requested_loan_amount,loan_tenure_months,dependents,savings_balance,risk_label,approved
59,1694000.0,Self-Employed,2.6,675,2,14875.0,4919000.0,120,2,1357666.0,LOW,1
49,1433000.0,Freelance,25.3,835,1,13448.0,2949000.0,120,1,284279.0,LOW,1
35,2046000.0,Salaried,10.1,753,5,71633.0,5245000.0,24,4,693474.0,HIGH,0
63,491000.0,Salaried,6.5,702,4,23436.0,245000.0,24,3,190615.0,MEDIUM,0
28,645000.0,Salaried,10.0,658,2,3674.0,2317000.0,84,2,380561.0,MEDIUM,0
41,218000.0,Salaried,23.0,814,3,7130.0,262000.0,48,5,287373.0,LOW,1
59,1311000.0,Salaried,10.2,677,1,4636.0,3644000.0,24,1,1262225.0,HIGH,1
39,268000.0,Business,10.6,706,1,822.0,872000.0,48,4,84640.0,MEDIUM,1
43,615000.0,Self-Employed,17.4,683,0,0.0,1413000.0,60,1,178130.0,MEDIUM,1
31,280000.0,Self-Employed,13.0,647,1,249.0,433000.0,84,2,134534.0,LOW,1
31,380000.0,Self-Employed,1.9,682,1,1825.0,1489000.0,36,1,414614.0,MEDIUM,1
44,327000.0,Salaried,17.8,523,0,0.0,435000.0,84,1,49651.0,MEDIUM,1
56,375000.0,Salaried,28.6,556,2,1501.0,1429000.0,60,3,322734.0,MEDIUM,1
60,391000.0,Freelance,7.9,707,0,0.0,343000.0,120,1,98798.0,LOW,1
44,389000.0,Business,26.0,805,0,0.0,677000.0,120,2,461872.0,LOW,0
23,891000.0,Business,1.7,707,1,10936.0,724000.0,24,1,865674.0,LOW,0
42,278000.0,Business,8.1,622,1,3126.0,86000.0,36,3,249702.0,MEDIUM,0
22,617000.0,Salaried,2.0,564,1,1502.0,779000.0,36,2,503829.0,MEDIUM,0
44,1122000.0,Salaried,7.2,742,1,7084.0,699000.0,84,1,335227.0,LOW,1
64,397000.0,Salaried,22.1,634,1,2986.0,1568000.0,84,1,322840.0,MEDIUM,0
50,351000.0,Salaried,23.9,731,0,0.0,1094000.0,12,1,292786.0,MEDIUM,0
58,471000.0,Salaried,7.4,711,1,5214.0,148000.0,36,2,486259.0,LOW,1
22,1097000.0,Self-Employed,3.1,718,3,25671.0,1237000.0,48,2,657518.0,MEDIUM,0
41,607000.0,Self-Employed,23.0,682,0,0.0,1687000.0,24,3,293980.0,MEDIUM,1
53,393000.0,Business,10.8,710,2,4729.0,697000.0,120,2,337398.0,LOW,1
32,722000.0,Business,5.0,670,0,0.0,2439000.0,24,1,233109.0,MEDIUM,0
42,279000.0,Freelance,2.8,629,1,2490.0,605000.0,12,4,236403.0,LOW,1
64,813000.0,Salaried,17.3,602,1,8843.0,2210000.0,84,3,246437.0,MEDIUM,1
45,690000.0,Salaried,27.0,489,4,23256.0,1731000.0,84,1,40461.0,MEDIUM,0
47,449000.0,Self-Employed,24.7,665,1,247.0,1195000.0,12,4,276898.0,MEDIUM,1
62,327000.0,Salaried,13.1,801,2,7913.0,376000.0,24,2,365057.0,MEDIUM,1
48,317000.0,Salaried,16.1,738,2,7275.0,533000.0,12,1,270245.0,MEDIUM,1
36,745000.0,Salaried,8.4,698,0,0.0,363000.0,36,2,845301.0,LOW,1
35,1130000.0,Salaried,4.9,621,4,6367.0,2796000.0,120,1,193638.0,MEDIUM,1
64,369000.0,Self-Employed,14.5,759,1,2486.0,738000.0,36,3,169448.0,LOW,1
23,711000.0,Salaried,1.2,670,0,0.0,2215000.0,48,0,312606.0,HIGH,0
57,154000.0,Self-Employed,15.7,805,1,736.0,164000.0,84,0,18392.0,LOW,1
27,380000.0,Self-Employed,9.0,601,1,648.0,728000.0,12,2,27802.0,MEDIUM,0
41,530000.0,Salaried,18.1,620,0,0.0,513000.0,24,1,33080.0,LOW,1
29,313000.0,Salaried,11.0,612,2,2641.0,805000.0,84,2,133610.0,MEDIUM,0
59,308000.0,Salaried,3.8,561,1,1354.0,1059000.0,84,5,237369.0,MEDIUM,0
38,362000.0,Salaried,20.0,605,2,5837.0,1134000.0,60,2,256163.0,MEDIUM,0
24,644000.0,Business,3.6,688,0,0.0,2443000.0,24,4,338239.0,MEDIUM,0
45,483000.0,Business,26.3,623,5,16862.0,1881000.0,84,2,141495.0,HIGH,1
34,150000.0,Self-Employed,12.4,371,0,0.0,473000.0,60,0,4168.0,HIGH,0
29,151000.0,Salaried,11.0,765,2,2491.0,206000.0,60,3,38712.0,MEDIUM,0
46,375000.0,Self-Employed,15.7,545,2,5167.0,417000.0,120,0,134322.0,LOW,1
22,711000.0,Self-Employed,3.1,727,0,0.0,1391000.0,48,3,333213.0,LOW,1
40,150000.0,Self-Employed,20.7,682,0,0.0,597000.0,60,2,47656.0,HIGH,0
48,400000.0,Self-Employed,27.1,849,0,0.0,731000.0,36,3,562734.0,LOW,1
27,394000.0,Self-Employed,4.9,759,0,0.0,408000.0,36,1,230003.0,LOW,1
64,1243000.0,Self-Employed,2.6,639,0,0.0,4716000.0,84,3,378962.0,MEDIUM,0
28,429000.0,Business,10.0,623,2,6214.0,741000.0,48,2,185902.0,MEDIUM,0
55,680000.0,Salaried,8.2,800,1,7754.0,1942000.0,24,0,273393.0,MEDIUM,1
34,588000.0,Business,16.0,561,1,6515.0,1891000.0,24,3,199240.0,MEDIUM,0
37,150000.0,Salaried,19.0,695,0,0.0,513000.0,84,3,26536.0,MEDIUM,1
56,857000.0,Salaried,9.7,669,3,7127.0,2861000.0,84,2,32071.0,LOW,1
60,615000.0,Freelance,24.5,652,0,0.0,2087000.0,24,2,333414.0,MEDIUM,0
24,733000.0,Freelance,0.8,708,1,5582.0,2031000.0,24,1,431871.0,HIGH,0
22,5000000.0,Salaried,0.7,695,0,0.0,8971000.0,36,2,1056016.0,MEDIUM,1
26,155000.0,Salaried,8.0,716,0,0.0,429000.0,36,3,153057.0,MEDIUM,0
62,1521000.0,Salaried,26.1,691,2,26420.0,5165000.0,48,2,377378.0,MEDIUM,0
24,455000.0,Self-Employed,2.2,713,2,4662.0,727000.0,48,0,415062.0,MEDIUM,1
49,642000.0,Business,7.3,687,2,13387.0,897000.0,48,1,157231.0,LOW,0
38,526000.0,Freelance,2.7,627,2,10459.0,827000.0,24,2,164119.0,MEDIUM,0
46,419000.0,Self-Employed,13.3,680,4,4428.0,980000.0,24,2,137457.0,MEDIUM,0
64,384000.0,Salaried,26.7,622,1,883.0,190000.0,36,2,99347.0,LOW,1
54,658000.0,Self-Employed,14.0,617,1,5903.0,2094000.0,36,1,630816.0,MEDIUM,1
30,217000.0,Salaried,12.0,653,0,0.0,177000.0,12,1,66733.0,MEDIUM,1
56,848000.0,Freelance,9.8,670,0,0.0,671000.0,12,2,467325.0,MEDIUM,1
34,421000.0,Business,10.2,682,1,3960.0,434000.0,84,1,350342.0,LOW,0
51,274000.0,Self-Employed,26.9,753,1,2928.0,667000.0,24,1,116397.0,LOW,1
35,413000.0,Salaried,12.8,640,1,1234.0,560000.0,84,3,19268.0,LOW,1
28,1149000.0,Salaried,10.0,695,0,0.0,1910000.0,36,2,1009218.0,LOW,0
34,392000.0,Salaried,7.1,689,3,12186.0,1469000.0,24,2,136477.0,MEDIUM,0
43,670000.0,Business,25.0,631,5,36548.0,2301000.0,84,1,605059.0,MEDIUM,1
60,349000.0,Self-Employed,17.2,685,1,1254.0,1205000.0,84,2,199277.0,MEDIUM,0
41,851000.0,Salaried,22.8,760,3,3324.0,2074000.0,60,0,680243.0,LOW,1
36,815000.0,Self-Employed,2.7,694,3,7116.0,2857000.0,12,4,884667.0,MEDIUM,0
65,1638000.0,Business,14.8,698,5,96796.0,5210000.0,48,0,1641898.0,HIGH,0
38,486000.0,Salaried,20.0,623,1,2810.0,1860000.0,24,2,394507.0,MEDIUM,1
44,807000.0,Business,26.0,837,2,8445.0,434000.0,120,2,612773.0,LOW,1
46,573000.0,Business,1.4,628,0,0.0,233000.0,60,0,115578.0,LOW,1
45,1176000.0,Freelance,9.1,546,2,1500.0,1114000.0,48,5,876363.0,MEDIUM,1
65,351000.0,Salaried,13.3,748,2,5868.0,1312000.0,84,0,53773.0,MEDIUM,1
61,845000.0,Salaried,5.2,670,2,12460.0,2147000.0,60,1,826497.0,MEDIUM,1
49,481000.0,Salaried,21.9,655,0,0.0,903000.0,120,1,398845.0,LOW,1
35,520000.0,Salaried,5.5,636,3,2151.0,1142000.0,36,3,437209.0,MEDIUM,0
65,571000.0,Salaried,10.4,829,1,2513.0,1924000.0,36,0,312616.0,MEDIUM,0
21,629000.0,Self-Employed,0.3,708,0,0.0,2351000.0,36,2,84537.0,HIGH,0
45,504000.0,Self-Employed,14.5,723,1,1102.0,1512000.0,84,1,441550.0,LOW,1
27,615000.0,Business,9.0,693,3,20357.0,1914000.0,48,2,684881.0,MEDIUM,0
29,1393000.0,Salaried,11.0,701,4,8461.0,2069000.0,48,2,1384791.0,LOW,0
44,976000.0,Self-Employed,3.5,791,2,4127.0,1979000.0,36,0,1081905.0,MEDIUM,1
21,910000.0,Business,2.0,659,0,0.0,3254000.0,84,0,632450.0,HIGH,0
64,411000.0,Business,6.9,563,0,0.0,1318000.0,48,0,54518.0,HIGH,0
28,317000.0,Business,10.0,749,0,0.0,898000.0,36,3,339959.0,MEDIUM,1
44,959000.0,Business,1.0,719,0,0.0,519000.0,24,4,281381.0,LOW,1
31,914000.0,Freelance,4.1,688,1,6726.0,408000.0,36,1,298234.0,LOW,0
37,1307000.0,Salaried,9.6,717,1,2444.0,1023000.0,84,3,1178031.0,LOW,0
28,376000.0,Self-Employed,10.0,650,0,0.0,922000.0,12,2,290174.0,LOW,1
55,471000.0,Salaried,27.0,681,3,16429.0,1076000.0,24,1,54428.0,MEDIUM,1
55,202000.0,Salaried,22.3,669,2,933.0,765000.0,84,2,61288.0,MEDIUM,1
53,427000.0,Salaried,29.2,632,2,7419.0,1226000.0,120,3,362651.0,LOW,1
25,983000.0,Salaried,7.0,775,1,11854.0,1364000.0,36,1,1198087.0,MEDIUM,0
62,408000.0,Salaried,7.3,567,1,609.0,366000.0,12,1,108816.0,MEDIUM,0
59,794000.0,Salaried,9.8,868,1,3962.0,2734000.0,36,3,881260.0,LOW,1
61,482000.0,Salaried,9.6,750,1,1349.0,964000.0,24,4,311428.0,MEDIUM,0
48,656000.0,Freelance,9.8,537,2,3634.0,1783000.0,36,0,227322.0,MEDIUM,1
27,271000.0,Salaried,9.0,662,1,403.0,648000.0,48,2,264710.0,MEDIUM,0
29,569000.0,Business,11.0,666,3,13860.0,397000.0,36,0,349502.0,LOW,1
28,150000.0,Salaried,10.0,711,3,4198.0,77000.0,24,1,123128.0,MEDIUM,0
32,483000.0,Freelance,4.5,600,1,4086.0,819000.0,60,0,285395.0,MEDIUM,1
54,203000.0,Business,0.7,682,0,0.0,332000.0,36,2,148826.0,MEDIUM,0
53,1114000.0,Self-Employed,6.6,670,4,8114.0,3111000.0,48,1,652110.0,HIGH,0
43,862000.0,Self-Employed,3.2,620,2,6893.0,2275000.0,120,0,477965.0,MEDIUM,0
44,715000.0,Salaried,23.6,609,2,6159.0,2778000.0,24,0,607156.0,MEDIUM,0
57,1346000.0,Freelance,3.4,753,2,7810.0,4677000.0,12,1,545152.0,MEDIUM,1
55,306000.0,Business,21.7,544,0,0.0,654000.0,60,1,199974.0,MEDIUM,1
64,1542000.0,Business,11.6,718,0,0.0,3315000.0,120,0,533729.0,MEDIUM,1
60,945000.0,Self-Employed,2.2,743,0,0.0,2641000.0,84,3,117761.0,MEDIUM,1
42,469000.0,Salaried,24.0,662,0,0.0,339000.0,36,1,460629.0,LOW,1
47,1068000.0,Business,17.4,684,1,1727.0,4272000.0,24,3,515634.0,MEDIUM,0
55,278000.0,Salaried,7.1,773,0,0.0,617000.0,48,1,246429.0,LOW,0
21,329000.0,Self-Employed,3.0,623,3,10173.0,1206000.0,48,0,255843.0,MEDIUM,0
55,375000.0,Salaried,1.4,631,2,3647.0,1455000.0,24,1,310233.0,HIGH,0
57,393000.0,Freelance,6.1,640,1,541.0,964000.0,120,3,103539.0,MEDIUM,0
34,287000.0,Salaried,16.0,773,0,0.0,196000.0,48,0,244654.0,LOW,1
23,1126000.0,Salaried,0.6,783,2,18455.0,2726000.0,84,3,1120435.0,LOW,1
21,463000.0,Self-Employed,2.6,568,0,0.0,1163000.0,120,2,63453.0,MEDIUM,0
25,668000.0,Business,1.9,760,2,8077.0,2151000.0,60,5,142457.0,MEDIUM,1
46,384000.0,Self-Employed,25.7,745,3,5691.0,184000.0,12,4,181707.0,LOW,1
34,181000.0,Salaried,9.4,804,1,559.0,367000.0,120,3,78342.0,LOW,1
59,635000.0,Salaried,5.9,710,0,0.0,2359000.0,48,0,596050.0,MEDIUM,0
47,172000.0,Business,15.5,676,2,1089.0,682000.0,48,1,124753.0,MEDIUM,0
29,519000.0,Freelance,11.0,771,1,154.0,523000.0,12,1,340395.0,LOW,1
35,238000.0,Business,1.3,735,0,0.0,838000.0,60,2,39261.0,HIGH,0
35,1780000.0,Self-Employed,17.0,859,1,8389.0,1497000.0,60,2,361382.0,LOW,0
46,934000.0,Freelance,17.2,756,4,12207.0,3187000.0,60,0,621416.0,LOW,1
62,576000.0,Salaried,12.8,692,1,4569.0,764000.0,84,2,580253.0,LOW,0
33,1153000.0,Self-Employed,15.0,586,3,15750.0,4440000.0,120,0,857640.0,MEDIUM,0
52,325000.0,Self-Employed,29.0,633,0,0.0,934000.0,48,2,297218.0,LOW,0
59,749000.0,Salaried,6.9,565,0,0.0,1331000.0,120,2,396706.0,MEDIUM,0
52,609000.0,Business,4.3,662,2,8969.0,816000.0,48,3,163202.0,MEDIUM,1
24,633000.0,Self-Employed,0.9,754,0,0.0,741000.0,60,2,50481.0,MEDIUM,1
50,1159000.0,Salaried,20.1,679,1,3097.0,3267000.0,48,4,1215764.0,LOW,1
57,839000.0,Salaried,13.1,761,0,0.0,3033000.0,120,5,519531.0,MEDIUM,1
43,643000.0,Salaried,17.2,707,1,2518.0,1989000.0,36,2,645479.0,MEDIUM,1
59,200000.0,Self-Employed,22.4,647,1,408.0,678000.0,120,0,156871.0,LOW,1
65,304000.0,Salaried,23.2,687,2,4388.0,970000.0,48,0,287087.0,MEDIUM,1
35,502000.0,Salaried,17.0,717,2,2697.0,1969000.0,84,3,140339.0,MEDIUM,0
63,572000.0,Self-Employed,12.8,691,4,7750.0,1775000.0,60,2,447749.0,MEDIUM,0
49,274000.0,Self-Employed,8.8,692,2,4256.0,295000.0,120,1,227826.0,LOW,1
56,2297000.0,Business,19.2,618,2,42487.0,7417000.0,24,1,1312090.0,MEDIUM,0
33,1342000.0,Self-Employed,12.5,645,2,24816.0,2002000.0,60,1,1188893.0,LOW,0
52,776000.0,Business,17.8,860,3,14033.0,3092000.0,24,0,1097030.0,MEDIUM,1
27,564000.0,Freelance,9.0,778,1,3203.0,955000.0,48,1,31577.0,LOW,1
42,476000.0,Business,4.6,562,1,4686.0,658000.0,48,2,204617.0,MEDIUM,1
48,305000.0,Self-Employed,14.1,490,2,1472.0,361000.0,84,1,181885.0,LOW,1
22,566000.0,Salaried,0.1,686,0,0.0,1549000.0,24,4,468092.0,HIGH,1
62,631000.0,Freelance,24.0,751,3,15728.0,444000.0,120,2,379711.0,LOW,1
65,257000.0,Salaried,14.8,638,1,1316.0,984000.0,60,3,226824.0,MEDIUM,0
26,660000.0,Salaried,5.0,761,1,5857.0,917000.0,12,0,568904.0,MEDIUM,1
48,492000.0,Salaried,12.4,684,2,3156.0,685000.0,120,2,311018.0,LOW,1
48,172000.0,Salaried,23.6,666,1,698.0,81000.0,12,0,55730.0,LOW,1
64,322000.0,Freelance,12.4,740,4,14437.0,390000.0,60,3,152592.0,MEDIUM,1
64,422000.0,Self-Employed,20.9,637,5,11121.0,781000.0,48,0,434132.0,MEDIUM,0
40,1677000.0,Self-Employed,15.2,657,2,24776.0,2796000.0,24,3,1638793.0,MEDIUM,1
50,755000.0,Self-Employed,7.2,733,0,0.0,989000.0,120,4,643578.0,LOW,1
31,242000.0,Self-Employed,13.0,677,1,541.0,109000.0,24,1,231931.0,MEDIUM,0
48,723000.0,Salaried,2.5,832,1,324.0,1021000.0,60,1,164527.0,MEDIUM,0
45,214000.0,Self-Employed,15.7,735,3,3406.0,680000.0,60,2,75686.0,MEDIUM,1
59,1035000.0,Business,6.3,730,0,0.0,1991000.0,36,2,1106419.0,LOW,1
53,407000.0,Salaried,2.0,676,0,0.0,560000.0,84,2,220292.0,LOW,1
21,511000.0,Business,2.4,749,0,0.0,730000.0,24,0,381771.0,MEDIUM,0
47,1197000.0,Salaried,15.0,654,1,12884.0,2815000.0,84,3,1136225.0,MEDIUM,0
33,250000.0,Salaried,15.0,702,3,5570.0,355000.0,36,0,122235.0,MEDIUM,0
61,234000.0,Salaried,22.3,606,0,0.0,616000.0,48,1,115092.0,MEDIUM,0
23,381000.0,Salaried,1.8,763,0,0.0,1509000.0,24,1,68072.0,HIGH,0
59,1008000.0,Business,12.3,703,2,16457.0,456000.0,84,4,1154826.0,LOW,1
26,217000.0,Business,8.0,838,3,1571.0,201000.0,60,2,294184.0,LOW,1
28,150000.0,Salaried,10.0,871,3,2348.0,144000.0,60,2,69561.0,LOW,1
47,412000.0,Self-Employed,12.6,741,2,8506.0,805000.0,48,0,431579.0,MEDIUM,1
29,752000.0,Business,11.0,685,0,0.0,341000.0,84,3,630273.0,LOW,1
57,1110000.0,Salaried,28.4,604,1,1790.0,2294000.0,84,1,190791.0,MEDIUM,1
53,409000.0,Salaried,5.8,752,5,5736.0,1528000.0,12,1,28642.0,MEDIUM,0
62,422000.0,Freelance,27.2,696,5,14557.0,145000.0,36,5,22641.0,MEDIUM,0
64,1080000.0,Self-Employed,1.6,723,2,6797.0,1782000.0,60,0,124517.0,MEDIUM,1
44,176000.0,Freelance,9.3,818,2,2214.0,548000.0,84,2,152751.0,LOW,1
35,428000.0,Salaried,8.6,614,4,6462.0,373000.0,120,1,217785.0,LOW,1
52,606000.0,Business,18.8,606,1,3835.0,356000.0,24,1,595340.0,MEDIUM,0
52,708000.0,Salaried,3.9,661,0,0.0,1865000.0,84,1,237667.0,MEDIUM,1
44,398000.0,Salaried,26.0,745,2,9751.0,134000.0,24,4,359370.0,LOW,1
61,552000.0,Self-Employed,24.9,724,4,13599.0,1803000.0,120,0,268149.0,MEDIUM,1
32,150000.0,Salaried,14.0,608,2,2789.0,82000.0,24,1,19045.0,LOW,1
59,364000.0,Salaried,13.8,740,3,9562.0,815000.0,48,3,391341.0,LOW,1
22,709000.0,Salaried,3.1,583,1,4348.0,2154000.0,120,4,281478.0,HIGH,0
23,300000.0,Salaried,3.0,612,0,0.0,359000.0,12,1,274803.0,MEDIUM,1
57,560000.0,Business,15.0,670,0,0.0,383000.0,36,1,577128.0,LOW,1
37,707000.0,Self-Employed,19.0,635,5,30090.0,672000.0,24,2,605254.0,MEDIUM,1
22,440000.0,Salaried,0.9,751,1,2530.0,1523000.0,24,2,32765.0,MEDIUM,1
22,599000.0,Salaried,3.3,702,0,0.0,1744000.0,60,0,668255.0,LOW,1
48,303000.0,Salaried,9.9,821,4,272.0,313000.0,12,3,63277.0,LOW,1
43,477000.0,Self-Employed,13.9,660,1,1955.0,1407000.0,60,2,480953.0,MEDIUM,1
57,779000.0,Salaried,2.3,670,3,4388.0,2276000.0,48,0,529779.0,MEDIUM,0
52,594000.0,Business,10.7,776,1,6728.0,2371000.0,48,2,303478.0,MEDIUM,1
53,380000.0,Salaried,20.9,672,0,0.0,665000.0,36,2,305670.0,MEDIUM,1
21,618000.0,Salaried,0.1,799,2,6092.0,2163000.0,120,2,427937.0,LOW,1
39,830000.0,Business,21.0,723,5,36939.0,1620000.0,48,3,791641.0,MEDIUM,1
22,158000.0,Business,2.4,491,0,0.0,572000.0,120,0,65671.0,MEDIUM,0
64,1083000.0,Salaried,18.2,774,3,19401.0,692000.0,36,2,540347.0,LOW,0
46,442000.0,Business,5.6,753,0,0.0,419000.0,60,3,209912.0,LOW,1
52,698000.0,Self-Employed,20.9,756,1,2364.0,2404000.0,24,2,327220.0,MEDIUM,0
26,1108000.0,Business,2.1,527,1,5803.0,3691000.0,24,2,460428.0,HIGH,0
52,237000.0,Self-Employed,8.5,626,3,3240.0,339000.0,120,3,33809.0,MEDIUM,0
24,353000.0,Self-Employed,1.4,632,1,1539.0,885000.0,12,0,244927.0,MEDIUM,0
31,454000.0,Freelance,9.3,612,1,748.0,779000.0,48,1,164291.0,MEDIUM,1
37,338000.0,Salaried,1.5,819,3,11576.0,114000.0,12,3,264507.0,MEDIUM,0
58,1530000.0,Self-Employed,25.0,679,0,0.0,607000.0,12,2,923685.0,LOW,1
44,323000.0,Self-Employed,9.3,677,0,0.0,162000.0,24,3,308944.0,LOW,1
25,387000.0,Salaried,1.9,724,0,0.0,967000.0,48,1,399628.0,MEDIUM,0
54,611000.0,Salaried,2.2,725,2,10077.0,815000.0,24,1,721754.0,MEDIUM,1
26,263000.0,Salaried,7.6,413,1,1168.0,219000.0,120,3,45461.0,MEDIUM,0
42,426000.0,Self-Employed,5.3,628,3,2334.0,1611000.0,84,0,29071.0,HIGH,0
31,654000.0,Self-Employed,13.0,566,1,7880.0,490000.0,12,3,265884.0,MEDIUM,0
36,443000.0,Self-Employed,9.7,712,0,0.0,1238000.0,48,1,466920.0,MEDIUM,0
53,511000.0,Salaried,24.1,656,3,13057.0,1844000.0,84,5,336426.0,MEDIUM,1
29,393000.0,Self-Employed,5.2,681,1,4324.0,356000.0,84,3,173099.0,MEDIUM,0
26,218000.0,Freelance,8.0,513,4,274.0,239000.0,84,2,139850.0,LOW,1
36,655000.0,Salaried,18.0,655,1,5937.0,1587000.0,120,2,506558.0,LOW,1
49,1549000.0,Self-Employed,19.6,769,0,0.0,3379000.0,24,2,1423369.0,LOW,1
23,546000.0,Business,4.0,792,1,4366.0,1216000.0,36,3,379924.0,LOW,1
40,619000.0,Business,22.0,737,0,0.0,1456000.0,84,2,410653.0,LOW,1
56,819000.0,Self-Employed,6.9,573,0,0.0,3124000.0,36,5,433579.0,MEDIUM,0
39,252000.0,Business,14.8,780,1,1746.0,126000.0,60,0,184495.0,LOW,1
46,1501000.0,Salaried,26.5,737,0,0.0,4674000.0,60,2,424422.0,MEDIUM,1
23,610000.0,Business,2.8,670,0,0.0,708000.0,48,1,181378.0,LOW,1
39,1439000.0,Salaried,1.7,517,1,689.0,2421000.0,60,0,471504.0,LOW,1
40,348000.0,Salaried,7.0,756,1,927.0,219000.0,120,1,373626.0,LOW,1
52,1609000.0,Salaried,19.0,632,1,1584.0,3136000.0,48,1,796781.0,MEDIUM,0
27,860000.0,Business,7.8,707,0,0.0,2817000.0,12,0,928343.0,MEDIUM,0
61,753000.0,Salaried,5.7,685,2,290.0,501000.0,36,1,677177.0,LOW,1
53,622000.0,Salaried,13.8,803,2,6549.0,821000.0,48,4,716641.0,LOW,1
60,466000.0,Salaried,18.4,669,2,2081.0,783000.0,120,2,83236.0,LOW,1
59,1110000.0,Freelance,7.5,678,1,11873.0,760000.0,120,1,218574.0,LOW,1
38,588000.0,Business,9.0,806,0,0.0,1835000.0,12,4,205798.0,MEDIUM,0
60,166000.0,Self-Employed,18.4,627,1,1189.0,533000.0,36,2,114351.0,LOW,1
21,276000.0,Self-Employed,2.1,745,3,5061.0,936000.0,24,1,167446.0,MEDIUM,0
31,483000.0,Self-Employed,13.0,664,1,1545.0,1188000.0,12,3,103684.0,MEDIUM,1
48,651000.0,Salaried,23.5,599,0,0.0,1417000.0,24,1,477886.0,MEDIUM,1
45,522000.0,Freelance,11.0,680,0,0.0,664000.0,60,1,310548.0,LOW,1
43,1123000.0,Salaried,8.2,735,4,43922.0,3059000.0,120,1,1006523.0,LOW,1
51,168000.0,Salaried,13.6,788,2,343.0,327000.0,48,1,199901.0,LOW,1
50,589000.0,Salaried,24.2,797,1,5216.0,2292000.0,36,2,713272.0,MEDIUM,1
62,182000.0,Self-Employed,13.7,656,1,1690.0,707000.0,120,2,63353.0,MEDIUM,0
55,852000.0,Self-Employed,25.4,601,3,17859.0,3109000.0,60,2,155273.0,MEDIUM,0
27,511000.0,Self-Employed,9.0,654,0,0.0,834000.0,12,2,247406.0,MEDIUM,0
36,695000.0,Salaried,2.2,585,1,4684.0,1155000.0,120,0,75445.0,MEDIUM,0
46,322000.0,Self-Employed,1.4,662,2,4047.0,1112000.0,60,0,26459.0,HIGH,0
22,1164000.0,Salaried,1.2,652,1,6922.0,3489000.0,24,1,1214573.0,MEDIUM,0
21,1010000.0,Salaried,3.0,738,0,0.0,2935000.0,120,2,1195200.0,LOW,1
32,767000.0,Salaried,3.9,503,0,0.0,1024000.0,24,3,230614.0,MEDIUM,1
25,500000.0,Business,7.0,621,3,3429.0,1692000.0,84,1,418109.0,MEDIUM,0
57,765000.0,Salaried,0.7,621,1,931.0,1870000.0,48,4,192964.0,MEDIUM,0
52,354000.0,Self-Employed,9.5,774,3,3219.0,692000.0,60,0,197807.0,MEDIUM,0
29,903000.0,Business,5.5,590,2,5948.0,3162000.0,84,4,635989.0,MEDIUM,0
61,1454000.0,Self-Employed,27.9,698,4,17817.0,2557000.0,36,3,942736.0,MEDIUM,1
55,1027000.0,Self-Employed,20.1,669,3,8123.0,2793000.0,24,1,930743.0,LOW,0
39,349000.0,Salaried,21.0,763,1,3208.0,706000.0,12,1,431341.0,LOW,1
36,671000.0,Salaried,18.0,727,1,6866.0,1673000.0,60,1,33781.0,MEDIUM,1
23,249000.0,Self-Employed,0.0,689,2,2036.0,112000.0,36,1,261013.0,MEDIUM,1
40,762000.0,Self-Employed,7.0,635,2,5813.0,1529000.0,36,2,341906.0,MEDIUM,1
44,708000.0,Business,5.8,531,1,7470.0,1670000.0,120,2,258667.0,MEDIUM,0
53,176000.0,Business,6.7,699,3,4118.0,374000.0,36,3,6865.0,MEDIUM,1
44,269000.0,Salaried,21.3,722,0,0.0,924000.0,36,2,268512.0,MEDIUM,0
31,456000.0,Salaried,1.2,554,1,4068.0,662000.0,84,1,312862.0,LOW,1
28,451000.0,Self-Employed,1.5,581,2,3885.0,1611000.0,24,4,381213.0,HIGH,0
56,262000.0,Salaried,18.2,700,0,0.0,470000.0,48,0,58788.0,LOW,1
58,682000.0,Salaried,19.3,707,1,8462.0,1957000.0,60,3,191248.0,MEDIUM,1
60,628000.0,Business,20.0,600,4,9470.0,390000.0,24,1,200067.0,MEDIUM,0
40,481000.0,Salaried,11.2,634,2,11190.0,501000.0,120,0,271620.0,MEDIUM,1
55,343000.0,Freelance,24.2,533,4,5499.0,1069000.0,48,0,107958.0,MEDIUM,1
45,1014000.0,Business,16.0,790,2,13696.0,350000.0,36,1,428326.0,LOW,1
55,1459000.0,Business,3.2,576,2,16778.0,5666000.0,12,0,285777.0,HIGH,0
45,404000.0,Salaried,23.9,723,2,7910.0,406000.0,36,2,90030.0,LOW,0
49,374000.0,Salaried,28.6,677,0,0.0,1359000.0,48,1,203584.0,MEDIUM,0
38,726000.0,Self-Employed,1.8,783,1,5691.0,1604000.0,48,1,436671.0,MEDIUM,1
38,436000.0,Salaried,11.7,616,1,4146.0,1042000.0,12,0,346476.0,MEDIUM,1
22,497000.0,Salaried,1.7,684,5,14666.0,304000.0,84,2,462669.0,MEDIUM,1
55,842000.0,Salaried,4.4,544,1,1108.0,1390000.0,24,2,524726.0,HIGH,0
36,172000.0,Salaried,18.0,524,0,0.0,151000.0,84,5,121193.0,LOW,1
61,1192000.0,Salaried,8.5,727,2,20254.0,2677000.0,12,0,197738.0,MEDIUM,0
56,564000.0,Business,23.5,537,1,6313.0,1318000.0,36,3,232073.0,MEDIUM,0
53,422000.0,Salaried,20.1,661,0,0.0,1235000.0,60,0,141623.0,MEDIUM,0
24,512000.0,Salaried,0.5,760,0,0.0,1817000.0,24,0,177820.0,MEDIUM,0
53,528000.0,Self-Employed,5.8,739,3,4522.0,1073000.0,60,2,464591.0,LOW,1
34,191000.0,Freelance,6.6,626,1,984.0,222000.0,120,1,163116.0,LOW,1
41,1325000.0,Salaried,1.4,552,0,0.0,2033000.0,60,1,170293.0,MEDIUM,1
40,554000.0,Salaried,7.2,720,1,4540.0,1903000.0,24,0,100637.0,MEDIUM,1
28,705000.0,Self-Employed,10.0,787,1,8678.0,592000.0,36,2,598063.0,LOW,1
27,956000.0,Freelance,9.0,627,0,0.0,2506000.0,84,1,168894.0,MEDIUM,0
23,293000.0,Business,2.2,615,4,2815.0,102000.0,120,0,227683.0,LOW,1
37,718000.0,Self-Employed,19.0,638,1,5185.0,868000.0,48,5,623966.0,LOW,1
53,460000.0,Salaried,13.2,725,0,0.0,1145000.0,36,1,295841.0,MEDIUM,0
32,898000.0,Self-Employed,14.0,778,5,13858.0,1786000.0,84,1,1052984.0,LOW,1
42,151000.0,Salaried,24.0,580,2,650.0,321000.0,48,2,7524.0,MEDIUM,0
42,509000.0,Self-Employed,7.2,560,1,2135.0,1397000.0,48,1,116173.0,MEDIUM,1
50,376000.0,Business,25.9,867,1,3190.0,439000.0,24,1,423259.0,LOW,1
58,700000.0,Freelance,18.7,665,3,13109.0,937000.0,24,4,730667.0,LOW,0
58,716000.0,Salaried,24.5,700,1,8350.0,2028000.0,12,1,792023.0,LOW,1
65,353000.0,Salaried,19.5,624,2,1878.0,809000.0,84,2,12105.0,LOW,1
28,352000.0,Self-Employed,10.0,719,1,1603.0,125000.0,120,0,268285.0,LOW,0
47,506000.0,Business,6.8,756,1,2086.0,1407000.0,60,0,37732.0,MEDIUM,1
47,316000.0,Business,2.1,703,2,1864.0,820000.0,60,0,259307.0,LOW,1
54,896000.0,Salaried,16.1,819,1,11124.0,529000.0,60,2,944110.0,LOW,1
41,433000.0,Salaried,23.0,653,0,0.0,1328000.0,60,2,398722.0,LOW,1
50,150000.0,Self-Employed,22.1,658,3,5290.0,335000.0,12,1,88025.0,MEDIUM,0
53,432000.0,Salaried,9.8,698,0,0.0,457000.0,48,2,423525.0,LOW,1
48,290000.0,Business,24.8,717,1,740.0,687000.0,12,2,316941.0,MEDIUM,0
53,203000.0,Self-Employed,23.1,698,2,605.0,508000.0,84,2,127725.0,LOW,1
25,257000.0,Business,7.0,577,2,5497.0,952000.0,120,1,129719.0,MEDIUM,0
39,577000.0,Self-Employed,0.4,705,1,232.0,1758000.0,24,1,349228.0,HIGH,0
24,1199000.0,Business,1.5,650,2,28908.0,1699000.0,36,3,663911.0,MEDIUM,0
55,652000.0,Salaried,26.3,633,0,0.0,481000.0,48,2,526596.0,LOW,0
37,376000.0,Business,19.0,682,2,2325.0,1300000.0,48,1,41391.0,MEDIUM,1
64,710000.0,Salaried,8.9,603,3,16440.0,2436000.0,12,2,327625.0,HIGH,0
48,410000.0,Self-Employed,8.6,589,3,2044.0,389000.0,24,1,211546.0,MEDIUM,0
50,356000.0,Salaried,23.8,470,2,642.0,189000.0,24,0,64037.0,MEDIUM,0
49,270000.0,Self-Employed,28.1,819,1,2794.0,792000.0,84,1,204108.0,MEDIUM,1
26,189000.0,Salaried,8.0,724,0,0.0,562000.0,120,2,106742.0,MEDIUM,1
55,428000.0,Salaried,18.2,670,1,2773.0,409000.0,48,2,350573.0,LOW,1
61,594000.0,Freelance,7.3,626,1,1312.0,1647000.0,12,0,227226.0,HIGH,0
57,510000.0,Salaried,15.8,449,0,0.0,679000.0,60,4,344883.0,LOW,1
44,421000.0,Business,7.0,621,4,7742.0,532000.0,48,2,184551.0,HIGH,0
49,306000.0,Freelance,24.2,737,3,5808.0,459000.0,60,3,239085.0,MEDIUM,0
51,778000.0,Salaried,11.6,755,0,0.0,1731000.0,36,1,240092.0,MEDIUM,0
55,245000.0,Self-Employed,25.0,731,2,3069.0,803000.0,24,4,206244.0,MEDIUM,1
53,861000.0,Salaried,11.4,692,2,16843.0,1847000.0,48,3,518448.0,LOW,0
41,296000.0,Salaried,23.0,784,0,0.0,415000.0,36,2,139806.0,LOW,1
52,344000.0,Salaried,10.0,653,1,275.0,1228000.0,60,4,135773.0,MEDIUM,1
43,224000.0,Freelance,13.2,766,1,445.0,113000.0,48,2,112332.0,LOW,1
53,400000.0,Salaried,18.5,649,0,0.0,1300000.0,36,1,193568.0,MEDIUM,0
23,970000.0,Self-Employed,3.1,609,2,18414.0,3106000.0,48,5,262098.0,HIGH,0
38,736000.0,Self-Employed,20.0,599,5,6503.0,911000.0,36,1,215959.0,LOW,1
45,972000.0,Business,17.2,594,1,377.0,1005000.0,36,1,899761.0,LOW,1
62,739000.0,Salaried,15.2,732,2,12661.0,2613000.0,60,3,289253.0,MEDIUM,0
51,279000.0,Self-Employed,25.2,620,1,2983.0,661000.0,24,2,180161.0,MEDIUM,1
23,443000.0,Self-Employed,3.3,597,3,12528.0,208000.0,12,1,157733.0,MEDIUM,0
60,338000.0,Self-Employed,15.7,737,3,2570.0,1215000.0,36,1,335508.0,MEDIUM,0
44,1201000.0,Freelance,26.0,706,0,0.0,1911000.0,24,0,984108.0,MEDIUM,0
52,264000.0,Business,1.9,757,3,7498.0,413000.0,84,1,115681.0,LOW,1
42,924000.0,Salaried,3.4,721,0,0.0,2476000.0,12,0,796177.0,MEDIUM,0
43,923000.0,Self-Employed,17.9,619,0,0.0,2535000.0,60,0,711783.0,LOW,1
22,1620000.0,Salaried,2.5,686,2,12736.0,2604000.0,48,3,304521.0,MEDIUM,0
47,423000.0,Salaried,13.9,690,1,1193.0,351000.0,24,0,283696.0,LOW,1
62,829000.0,Self-Employed,9.8,606,1,10047.0,1943000.0,120,1,665158.0,MEDIUM,0
22,2124000.0,Salaried,0.0,591,2,48458.0,5550000.0,48,1,167079.0,HIGH,1
46,373000.0,Salaried,24.7,625,0,0.0,1299000.0,48,4,199220.0,MEDIUM,0
37,215000.0,Freelance,17.8,842,1,368.0,450000.0,12,2,254125.0,LOW,1
60,175000.0,Salaried,29.9,646,1,1592.0,471000.0,84,0,176278.0,LOW,1
53,829000.0,Freelance,23.6,778,1,2650.0,416000.0,24,0,711844.0,LOW,1
29,175000.0,Self-Employed,8.2,642,0,0.0,632000.0,36,2,64260.0,MEDIUM,1
63,432000.0,Self-Employed,7.9,751,0,0.0,653000.0,84,0,330859.0,LOW,1
59,702000.0,Business,10.1,752,3,13948.0,1853000.0,12,4,52083.0,HIGH,0
49,604000.0,Salaried,25.3,756,3,2207.0,2228000.0,24,2,357297.0,LOW,1
62,698000.0,Salaried,0.8,711,0,0.0,2303000.0,36,1,601016.0,MEDIUM,1
46,617000.0,Salaried,6.9,790,0,0.0,1641000.0,120,2,55127.0,MEDIUM,1
55,1164000.0,Salaried,27.1,710,2,25953.0,3379000.0,120,0,837749.0,MEDIUM,0
45,305000.0,Freelance,19.2,817,4,14041.0,1131000.0,48,1,248764.0,MEDIUM,1
44,360000.0,Business,6.8,550,1,3299.0,1190000.0,60,0,69230.0,HIGH,0
33,340000.0,Salaried,6.6,707,3,5949.0,869000.0,60,3,230611.0,MEDIUM,1
27,889000.0,Salaried,9.0,702,1,2833.0,2433000.0,12,1,440062.0,MEDIUM,0
56,927000.0,Salaried,26.8,605,4,34490.0,783000.0,84,3,452504.0,MEDIUM,1
65,708000.0,Salaried,7.7,726,0,0.0,1444000.0,120,4,294461.0,LOW,1
40,1099000.0,Self-Employed,12.6,560,5,10889.0,1554000.0,36,2,812252.0,LOW,1
21,267000.0,Salaried,3.0,627,1,1555.0,507000.0,36,1,105573.0,MEDIUM,0
28,1469000.0,Self-Employed,10.0,520,4,23156.0,4040000.0,60,2,978573.0,MEDIUM,0
36,1348000.0,Salaried,18.0,804,1,6011.0,1148000.0,36,1,192758.0,LOW,1
34,840000.0,Salaried,15.6,661,1,4260.0,306000.0,24,2,274987.0,MEDIUM,1
32,1574000.0,Self-Employed,14.0,853,3,56180.0,2784000.0,24,1,943006.0,LOW,1
43,200000.0,Self-Employed,9.8,744,2,1293.0,298000.0,60,0,104154.0,LOW,1
35,394000.0,Freelance,4.7,715,2,4853.0,731000.0,48,3,213146.0,MEDIUM,0
48,348000.0,Business,21.3,633,1,4139.0,1303000.0,48,2,238631.0,MEDIUM,0
54,833000.0,Salaried,16.2,596,2,9914.0,2429000.0,48,0,474334.0,MEDIUM,1
22,288000.0,Salaried,2.5,721,4,12436.0,435000.0,60,3,183542.0,MEDIUM,0
52,851000.0,Business,2.4,674,0,0.0,820000.0,12,3,792439.0,MEDIUM,0
43,1230000.0,Freelance,25.0,572,2,29306.0,3184000.0,120,2,253949.0,MEDIUM,0
42,820000.0,Business,8.8,558,3,5767.0,2241000.0,120,5,639358.0,MEDIUM,1
45,641000.0,Salaried,19.6,603,2,15703.0,1339000.0,36,4,513804.0,MEDIUM,0
42,299000.0,Freelance,1.2,825,3,1969.0,325000.0,24,3,91061.0,MEDIUM,1
42,325000.0,Salaried,18.3,857,3,5416.0,132000.0,84,0,294771.0,LOW,1
62,1144000.0,Business,21.5,696,2,8826.0,1468000.0,120,1,325811.0,LOW,1
26,863000.0,Freelance,8.0,691,2,9347.0,1719000.0,24,1,924753.0,LOW,1
35,528000.0,Salaried,6.5,653,4,6614.0,1698000.0,84,3,287440.0,MEDIUM,1
63,421000.0,Freelance,16.1,605,3,15240.0,1456000.0,12,3,95366.0,HIGH,0
57,160000.0,Salaried,25.0,790,3,1834.0,292000.0,36,3,135612.0,LOW,1
53,284000.0,Freelance,9.7,829,0,0.0,922000.0,48,2,280129.0,MEDIUM,0
28,1701000.0,Salaried,7.6,608,0,0.0,6762000.0,84,0,1039886.0,MEDIUM,0
64,251000.0,Freelance,8.4,673,2,5173.0,741000.0,24,0,73893.0,MEDIUM,0
64,605000.0,Salaried,28.5,644,2,8205.0,1812000.0,120,2,473552.0,MEDIUM,1
25,989000.0,Business,7.0,646,1,12108.0,3625000.0,120,5,972812.0,LOW,1
59,254000.0,Self-Employed,0.1,774,0,0.0,394000.0,48,1,309956.0,LOW,1
24,604000.0,Self-Employed,0.1,575,1,1476.0,206000.0,48,2,388200.0,LOW,1
26,949000.0,Salaried,8.0,717,2,8209.0,3750000.0,60,3,946686.0,MEDIUM,1
65,544000.0,Business,3.9,738,3,15034.0,1150000.0,60,0,648106.0,LOW,0
52,3021000.0,Salaried,29.5,668,3,74669.0,9688000.0,36,3,248759.0,MEDIUM,1
50,199000.0,Self-Employed,18.2,751,1,1936.0,658000.0,24,2,121930.0,MEDIUM,1
55,1020000.0,Salaried,15.0,691,1,937.0,1806000.0,60,2,364467.0,MEDIUM,1
60,487000.0,Freelance,11.5,777,1,3533.0,1121000.0,36,3,308015.0,MEDIUM,0
36,859000.0,Salaried,18.0,558,1,10009.0,1974000.0,12,1,712195.0,MEDIUM,0
33,704000.0,Salaried,7.3,652,2,1899.0,785000.0,48,2,738412.0,LOW,1
62,348000.0,Salaried,8.6,674,1,410.0,256000.0,24,1,349040.0,LOW,1
50,620000.0,Salaried,3.7,466,0,0.0,1433000.0,24,0,102786.0,HIGH,0
39,177000.0,Salaried,21.0,593,1,697.0,132000.0,36,2,137933.0,LOW,1
37,776000.0,Self-Employed,17.9,614,0,0.0,1226000.0,60,1,638899.0,LOW,1
39,646000.0,Business,18.3,755,0,0.0,639000.0,48,2,477733.0,LOW,0
48,793000.0,Business,6.6,623,1,9774.0,2312000.0,48,2,583206.0,LOW,1
46,1020000.0,Self-Employed,19.5,614,0,0.0,3597000.0,24,2,926219.0,MEDIUM,0
57,674000.0,Salaried,23.0,745,1,5713.0,1643000.0,24,3,823506.0,LOW,1
46,591000.0,Self-Employed,10.7,550,1,1933.0,1074000.0,48,0,37800.0,MEDIUM,0
43,318000.0,Salaried,24.0,514,2,2082.0,1268000.0,12,0,73918.0,MEDIUM,1
29,352000.0,Business,10.5,651,5,19409.0,133000.0,36,1,350924.0,MEDIUM,1
32,1101000.0,Salaried,14.0,564,1,8056.0,1570000.0,12,2,352956.0,MEDIUM,0
21,1279000.0,Salaried,1.1,567,2,25237.0,1702000.0,60,3,159870.0,MEDIUM,1
21,468000.0,Salaried,1.9,725,3,7895.0,757000.0,12,0,187803.0,MEDIUM,1
54,555000.0,Business,29.1,750,1,715.0,640000.0,12,3,367133.0,LOW,1
52,314000.0,Salaried,29.4,743,0,0.0,401000.0,60,0,156413.0,LOW,1
45,1092000.0,Self-Employed,8.5,768,1,2200.0,1369000.0,84,2,1102168.0,LOW,1
60,806000.0,Salaried,13.2,779,1,7877.0,1750000.0,120,1,647919.0,LOW,0
65,1732000.0,Business,1.9,509,2,30332.0,3026000.0,120,0,641081.0,MEDIUM,1
21,319000.0,Freelance,2.9,716,0,0.0,850000.0,84,0,374787.0,MEDIUM,0
36,431000.0,Salaried,17.1,637,3,10043.0,950000.0,36,1,398722.0,LOW,1
59,621000.0,Self-Employed,11.6,620,0,0.0,608000.0,120,4,543696.0,MEDIUM,1
25,796000.0,Freelance,3.4,724,3,20816.0,2625000.0,48,0,551915.0,MEDIUM,0
42,475000.0,Self-Employed,24.0,541,4,12139.0,972000.0,12,1,325990.0,MEDIUM,1
49,320000.0,Self-Employed,15.9,539,5,6237.0,277000.0,36,5,99473.0,MEDIUM,0
23,917000.0,Self-Employed,0.0,730,3,30505.0,841000.0,60,2,388356.0,HIGH,1
32,833000.0,Self-Employed,10.5,719,0,0.0,2706000.0,120,1,882796.0,MEDIUM,1
46,312000.0,Salaried,8.1,690,2,6672.0,905000.0,84,2,215634.0,MEDIUM,0
36,1219000.0,Business,18.0,609,0,0.0,2650000.0,36,1,441384.0,MEDIUM,0
57,1090000.0,Salaried,27.9,739,3,33363.0,1561000.0,84,3,1129344.0,MEDIUM,0
42,586000.0,Salaried,24.0,734,1,7250.0,1174000.0,12,0,326838.0,MEDIUM,1
49,567000.0,Business,13.8,686,1,5307.0,1505000.0,48,5,268012.0,MEDIUM,0
34,753000.0,Salaried,16.0,585,3,961.0,2676000.0,60,0,41887.0,MEDIUM,1
48,322000.0,Salaried,12.7,645,0,0.0,759000.0,60,2,234021.0,LOW,1
25,550000.0,Self-Employed,7.0,747,0,0.0,728000.0,12,2,371550.0,MEDIUM,1
50,150000.0,Business,29.5,786,1,356.0,69000.0,84,2,65305.0,LOW,0
25,914000.0,Business,7.0,653,2,1404.0,868000.0,36,1,163947.0,MEDIUM,0
32,212000.0,Freelance,9.7,660,2,2659.0,574000.0,48,3,48006.0,MEDIUM,0
36,1332000.0,Business,18.0,667,2,939.0,1190000.0,60,1,364738.0,LOW,1
46,443000.0,Salaried,4.0,701,3,7851.0,922000.0,12,1,443741.0,MEDIUM,0
46,476000.0,Salaried,22.8,633,0,0.0,1374000.0,12,3,244786.0,MEDIUM,1
41,371000.0,Business,23.0,448,1,3472.0,534000.0,24,0,185613.0,MEDIUM,0
59,455000.0,Salaried,15.4,775,2,10737.0,1263000.0,84,1,279402.0,MEDIUM,1
56,1266000.0,Self-Employed,0.1,823,2,7173.0,3102000.0,24,1,849119.0,MEDIUM,0
53,150000.0,Self-Employed,11.3,631,1,996.0,289000.0,36,1,127845.0,MEDIUM,0
50,1163000.0,Salaried,3.3,594,0,0.0,4210000.0,120,0,873573.0,MEDIUM,0
57,662000.0,Freelance,12.5,669,0,0.0,1894000.0,12,5,186956.0,MEDIUM,0
43,262000.0,Self-Employed,23.7,664,0,0.0,428000.0,84,2,181754.0,MEDIUM,1
30,283000.0,Self-Employed,12.0,759,1,128.0,927000.0,36,5,245023.0,MEDIUM,1
25,1477000.0,Freelance,7.0,684,0,0.0,4477000.0,36,3,703716.0,HIGH,0
56,306000.0,Self-Employed,16.7,616,1,2696.0,988000.0,48,0,30504.0,MEDIUM,0
54,270000.0,Salaried,17.5,574,0,0.0,721000.0,24,1,98468.0,MEDIUM,1
51,1069000.0,Self-Employed,25.7,749,2,15219.0,1821000.0,36,0,501583.0,MEDIUM,0
30,662000.0,Business,9.3,727,3,6723.0,1052000.0,48,3,555552.0,LOW,1
39,308000.0,Business,21.0,764,1,1560.0,838000.0,48,2,317124.0,MEDIUM,0
52,615000.0,Business,17.0,602,1,738.0,482000.0,84,1,250429.0,LOW,1
21,292000.0,Business,1.3,827,4,13916.0,973000.0,24,5,263469.0,MEDIUM,1
25,1046000.0,Salaried,7.0,540,1,11358.0,1747000.0,24,2,595827.0,MEDIUM,1
65,1022000.0,Business,10.8,736,5,4190.0,2690000.0,12,2,818048.0,MEDIUM,0
24,744000.0,Business,3.8,527,0,0.0,1597000.0,36,1,358776.0,MEDIUM,1
36,671000.0,Salaried,6.9,616,3,14622.0,1491000.0,48,1,431789.0,MEDIUM,0
44,1555000.0,Salaried,26.0,804,1,4518.0,4713000.0,12,2,1806341.0,MEDIUM,0
36,540000.0,Freelance,17.2,746,0,0.0,1414000.0,84,2,614259.0,LOW,0
22,266000.0,Business,1.9,636,5,12562.0,326000.0,36,2,33705.0,HIGH,0
48,708000.0,Business,1.4,638,4,9675.0,407000.0,36,3,32957.0,MEDIUM,0
52,1889000.0,Business,10.3,688,1,144.0,6439000.0,12,0,1140882.0,MEDIUM,0
47,294000.0,Self-Employed,0.7,721,4,11752.0,1051000.0,48,0,150861.0,MEDIUM,1
40,435000.0,Self-Employed,8.2,780,0,0.0,395000.0,12,2,263440.0,LOW,1
44,694000.0,Self-Employed,25.9,643,2,11145.0,1003000.0,36,2,347348.0,MEDIUM,1
32,523000.0,Salaried,1.1,551,0,0.0,703000.0,12,1,417957.0,MEDIUM,0
55,300000.0,Business,13.1,692,0,0.0,1131000.0,12,4,221090.0,MEDIUM,0
53,1059000.0,Self-Employed,3.5,643,2,17879.0,1120000.0,84,2,512652.0,MEDIUM,1
53,2174000.0,Self-Employed,12.5,575,1,12238.0,1992000.0,36,2,957518.0,MEDIUM,0
63,608000.0,Self-Employed,25.2,703,0,0.0,591000.0,24,1,596813.0,LOW,1
57,314000.0,Self-Employed,18.7,662,1,540.0,942000.0,84,1,82726.0,MEDIUM,1
32,213000.0,Salaried,14.0,704,0,0.0,764000.0,120,5,11728.0,MEDIUM,0
23,631000.0,Salaried,0.6,608,2,11446.0,1108000.0,48,2,309260.0,MEDIUM,0
21,1048000.0,Salaried,3.0,718,0,0.0,842000.0,36,3,1190898.0,LOW,1
53,719000.0,Salaried,21.3,574,3,19821.0,1774000.0,84,1,548389.0,MEDIUM,0
60,540000.0,Freelance,12.7,613,1,1236.0,581000.0,120,0,230662.0,LOW,1
30,379000.0,Salaried,12.0,660,1,1603.0,204000.0,84,1,82927.0,LOW,1
63,281000.0,Salaried,27.6,819,1,2616.0,1006000.0,24,1,223071.0,LOW,1
64,892000.0,Self-Employed,17.3,742,2,14721.0,3142000.0,12,2,964452.0,MEDIUM,1
49,935000.0,Self-Employed,21.2,766,0,0.0,3657000.0,24,0,859860.0,MEDIUM,0
33,214000.0,Salaried,12.5,793,1,327.0,440000.0,36,1,156063.0,LOW,1
32,1403000.0,Business,6.7,900,1,745.0,1947000.0,84,0,1565146.0,LOW,1
51,763000.0,Business,21.7,683,3,23975.0,2402000.0,84,2,825546.0,MEDIUM,0
22,1251000.0,Salaried,3.5,793,0,0.0,1211000.0,36,4,932147.0,LOW,1
55,242000.0,Salaried,15.0,761,3,1042.0,290000.0,120,1,173408.0,LOW,0
43,238000.0,Freelance,18.7,759,0,0.0,297000.0,12,0,147939.0,MEDIUM,0
37,494000.0,Business,6.2,821,0,0.0,1888000.0,120,2,390881.0,LOW,1
46,731000.0,Self-Employed,23.8,646,0,0.0,2193000.0,84,2,499456.0,LOW,1
28,1588000.0,Salaried,10.0,640,0,0.0,1262000.0,36,2,383009.0,LOW,1
49,825000.0,Salaried,26.7,705,1,5605.0,531000.0,120,1,556783.0,LOW,0
46,467000.0,Self-Employed,9.6,665,5,2638.0,1596000.0,60,3,23562.0,MEDIUM,0
30,292000.0,Salaried,12.0,705,0,0.0,954000.0,24,4,318053.0,MEDIUM,0
46,1130000.0,Salaried,24.3,805,1,2509.0,3144000.0,60,2,105366.0,LOW,1
54,303000.0,Self-Employed,17.9,641,1,800.0,311000.0,60,2,304335.0,LOW,0
61,1436000.0,Salaried,16.4,655,1,6585.0,2983000.0,24,0,1492206.0,LOW,1
27,456000.0,Business,9.0,693,1,4340.0,1154000.0,36,1,281490.0,MEDIUM,1
24,1403000.0,Business,2.3,661,3,39143.0,5260000.0,24,1,538282.0,HIGH,0
65,812000.0,Salaried,15.4,526,0,0.0,753000.0,12,0,145629.0,MEDIUM,0
31,498000.0,Business,1.3,633,2,1477.0,1099000.0,60,3,97771.0,MEDIUM,0
49,396000.0,Salaried,2.1,734,1,1389.0,350000.0,84,3,126128.0,LOW,1
56,440000.0,Business,0.2,795,1,2779.0,855000.0,60,4,285907.0,LOW,1
45,699000.0,Salaried,27.0,587,1,7596.0,727000.0,120,2,500194.0,LOW,1
41,566000.0,Salaried,12.3,587,1,6850.0,1921000.0,36,2,225707.0,MEDIUM,1
56,378000.0,Self-Employed,14.1,682,0,0.0,470000.0,24,2,333293.0,LOW,1
30,489000.0,Self-Employed,12.0,513,0,0.0,901000.0,84,3,232986.0,MEDIUM,0
57,566000.0,Freelance,18.3,644,1,4906.0,1024000.0,120,2,30943.0,MEDIUM,0
29,151000.0,Salaried,11.0,541,3,1904.0,529000.0,48,0,21158.0,HIGH,0
44,711000.0,Salaried,8.9,789,0,0.0,2207000.0,84,2,544507.0,LOW,1
55,300000.0,Self-Employed,25.0,618,2,1828.0,154000.0,36,1,57107.0,LOW,1
55,270000.0,Self-Employed,5.0,812,1,901.0,148000.0,36,2,225818.0,LOW,1
56,196000.0,Salaried,1.6,769,3,553.0,459000.0,36,1,115510.0,MEDIUM,1
38,184000.0,Self-Employed,5.7,628,1,966.0,346000.0,120,2,131969.0,MEDIUM,0
59,240000.0,Business,8.0,594,0,0.0,317000.0,24,0,72929.0,MEDIUM,1
52,353000.0,Business,8.5,664,5,17403.0,1141000.0,36,0,317548.0,HIGH,0
44,1744000.0,Freelance,20.1,671,0,0.0,1353000.0,120,1,784579.0,LOW,1
43,394000.0,Salaried,6.5,707,2,9776.0,1538000.0,12,1,367910.0,MEDIUM,1
52,601000.0,Business,20.3,617,2,1319.0,234000.0,12,1,31436.0,LOW,1
57,687000.0,Salaried,2.7,739,1,4235.0,507000.0,60,4,345919.0,LOW,0
32,585000.0,Self-Employed,4.4,701,4,15250.0,849000.0,60,3,165871.0,MEDIUM,1
33,516000.0,Self-Employed,15.0,652,3,15568.0,1127000.0,24,0,254249.0,MEDIUM,1
43,264000.0,Freelance,25.0,623,3,2637.0,290000.0,48,0,254245.0,LOW,1
45,1291000.0,Business,25.8,665,5,5597.0,3904000.0,60,3,262832.0,MEDIUM,0
55,1598000.0,Freelance,29.1,614,1,6267.0,2593000.0,60,5,189103.0,MEDIUM,0
61,197000.0,Business,19.5,684,0,0.0,87000.0,60,2,19866.0,LOW,1
50,292000.0,Freelance,20.3,686,2,6566.0,1036000.0,84,1,50145.0,MEDIUM,0
37,457000.0,Business,18.8,700,1,2258.0,1733000.0,120,1,48995.0,MEDIUM,1
40,303000.0,Self-Employed,18.7,821,0,0.0,784000.0,60,2,286866.0,LOW,1
45,732000.0,Salaried,4.4,669,1,300.0,2404000.0,36,2,117764.0,HIGH,0
42,349000.0,Salaried,16.3,760,4,5483.0,261000.0,60,0,98195.0,LOW,1
33,1981000.0,Salaried,11.6,698,0,0.0,2565000.0,84,2,1492976.0,LOW,0
39,1104000.0,Self-Employed,13.3,660,3,9168.0,1660000.0,24,1,553975.0,MEDIUM,1
56,614000.0,Self-Employed,15.7,670,1,1523.0,2367000.0,84,3,58071.0,HIGH,0
32,1001000.0,Self-Employed,3.9,675,0,0.0,2197000.0,36,3,1075965.0,MEDIUM,1
61,1049000.0,Freelance,10.8,702,3,24230.0,343000.0,84,2,742066.0,LOW,0
39,385000.0,Freelance,1.9,603,4,19039.0,657000.0,36,1,236501.0,HIGH,0
32,331000.0,Salaried,14.0,562,1,557.0,109000.0,24,0,257861.0,LOW,1
29,566000.0,Salaried,3.6,732,1,2520.0,668000.0,48,3,622612.0,LOW,1
27,906000.0,Salaried,7.8,751,1,3524.0,1796000.0,60,1,99388.0,MEDIUM,1
48,587000.0,Salaried,26.7,739,3,19374.0,878000.0,12,2,71083.0,MEDIUM,1
34,210000.0,Business,14.5,692,0,0.0,88000.0,48,2,187031.0,LOW,1
51,334000.0,Self-Employed,4.1,741,0,0.0,244000.0,60,4,288083.0,LOW,1
39,517000.0,Self-Employed,11.5,737,2,1846.0,1209000.0,12,0,152559.0,MEDIUM,1
36,516000.0,Business,3.5,743,1,5001.0,1483000.0,36,3,217394.0,MEDIUM,0
25,1765000.0,Business,6.0,611,1,5244.0,3171000.0,84,2,1095038.0,MEDIUM,0
55,235000.0,Salaried,1.6,592,3,602.0,707000.0,36,0,179770.0,MEDIUM,1
32,732000.0,Business,13.1,648,3,11944.0,662000.0,36,3,477814.0,MEDIUM,1
45,1320000.0,Salaried,24.2,678,4,25836.0,992000.0,60,3,1172134.0,LOW,1
41,2111000.0,Salaried,17.6,660,1,4687.0,7190000.0,24,0,579844.0,MEDIUM,1
56,424000.0,Salaried,18.2,529,3,2124.0,659000.0,36,2,127482.0,MEDIUM,0
43,726000.0,Self-Employed,6.0,817,2,16273.0,1379000.0,120,0,129405.0,LOW,1
36,761000.0,Salaried,10.3,658,0,0.0,2896000.0,36,2,807191.0,MEDIUM,0
59,608000.0,Salaried,25.4,693,2,1510.0,1136000.0,36,2,564025.0,LOW,1
65,509000.0,Self-Employed,2.6,779,0,0.0,159000.0,84,2,475568.0,LOW,1
62,702000.0,Business,25.7,492,2,16722.0,2647000.0,60,0,122301.0,HIGH,0
59,150000.0,Salaried,14.5,639,2,320.0,53000.0,12,2,110907.0,MEDIUM,1
34,814000.0,Salaried,16.0,649,2,16606.0,2239000.0,48,0,748611.0,MEDIUM,1
51,583000.0,Business,9.5,653,0,0.0,871000.0,36,2,508376.0,LOW,1
25,473000.0,Salaried,7.0,666,2,4468.0,965000.0,48,0,393489.0,LOW,1
55,1845000.0,Freelance,22.5,795,0,0.0,4290000.0,24,3,989813.0,MEDIUM,0
43,360000.0,Self-Employed,23.5,733,4,12193.0,652000.0,24,3,336846.0,MEDIUM,1
49,424000.0,Salaried,6.9,756,2,7448.0,1342000.0,120,1,265504.0,LOW,1
63,1785000.0,Salaried,29.2,683,0,0.0,6682000.0,24,3,848599.0,LOW,1
31,328000.0,Salaried,2.5,568,0,0.0,203000.0,36,1,291170.0,LOW,1
38,388000.0,Salaried,2.1,513,2,2603.0,1265000.0,48,3,55901.0,HIGH,0
32,495000.0,Salaried,14.0,557,1,4251.0,384000.0,12,2,387134.0,MEDIUM,1
29,895000.0,Self-Employed,11.0,708,2,3019.0,534000.0,60,1,359098.0,LOW,1
30,612000.0,Salaried,12.0,682,1,3907.0,2348000.0,48,0,364530.0,MEDIUM,0
64,249000.0,Self-Employed,12.1,663,2,3815.0,525000.0,60,4,103814.0,MEDIUM,1
37,393000.0,Self-Employed,0.8,650,0,0.0,340000.0,120,3,217031.0,LOW,1
58,375000.0,Salaried,18.1,840,1,359.0,903000.0,48,2,431293.0,MEDIUM,0
27,516000.0,Salaried,8.7,614,4,5024.0,657000.0,36,1,108433.0,LOW,0
33,698000.0,Salaried,13.0,754,2,7339.0,1409000.0,12,2,662759.0,MEDIUM,1
60,694000.0,Salaried,14.7,680,0,0.0,1812000.0,36,2,359326.0,MEDIUM,1
62,186000.0,Business,1.9,675,5,6184.0,654000.0,24,0,192824.0,MEDIUM,0
29,1023000.0,Salaried,11.0,774,0,0.0,319000.0,12,5,735733.0,LOW,1
47,629000.0,Business,12.8,797,2,2738.0,687000.0,84,0,60873.0,LOW,1
22,1240000.0,Salaried,3.4,660,1,1643.0,814000.0,84,2,1222956.0,LOW,1
25,705000.0,Self-Employed,7.0,743,1,2112.0,465000.0,48,2,800752.0,LOW,1
49,1046000.0,Self-Employed,5.6,709,0,0.0,3974000.0,120,3,252724.0,MEDIUM,0
57,715000.0,Business,6.2,680,0,0.0,2691000.0,36,1,776157.0,MEDIUM,1
58,1212000.0,Salaried,7.5,696,3,40053.0,3724000.0,60,1,643165.0,MEDIUM,0
39,739000.0,Salaried,5.4,624,3,11808.0,1980000.0,36,2,689388.0,MEDIUM,0
28,510000.0,Self-Employed,10.0,655,1,3307.0,1753000.0,36,0,210490.0,MEDIUM,1
65,2113000.0,Salaried,29.8,633,0,0.0,1091000.0,48,3,120590.0,LOW,1
21,921000.0,Salaried,2.9,752,3,1151.0,683000.0,48,5,916487.0,LOW,1
42,762000.0,Self-Employed,18.2,672,1,798.0,1123000.0,24,1,746355.0,MEDIUM,0
37,251000.0,Self-Employed,12.3,576,1,2193.0,848000.0,120,1,44662.0,MEDIUM,0
27,249000.0,Self-Employed,9.0,622,1,1513.0,510000.0,12,2,143555.0,MEDIUM,1
45,644000.0,Self-Employed,27.0,424,1,1553.0,1393000.0,36,2,359606.0,MEDIUM,0
65,590000.0,Business,29.1,640,1,4370.0,677000.0,60,3,295632.0,LOW,1
24,374000.0,Business,2.4,683,2,5092.0,1009000.0,84,1,333260.0,MEDIUM,0
56,588000.0,Self-Employed,8.7,669,1,653.0,2108000.0,84,3,418897.0,MEDIUM,0
26,1402000.0,Self-Employed,8.0,838,3,33670.0,2130000.0,48,1,1424221.0,LOW,1
51,820000.0,Business,4.0,725,1,7863.0,2125000.0,48,2,902055.0,MEDIUM,1
39,273000.0,Salaried,21.0,722,2,1956.0,417000.0,24,2,141550.0,MEDIUM,0
64,505000.0,Salaried,24.6,548,1,4340.0,1633000.0,12,2,347587.0,MEDIUM,0
59,333000.0,Business,3.7,650,2,1663.0,685000.0,84,1,255545.0,MEDIUM,0
47,428000.0,Self-Employed,29.0,641,0,0.0,666000.0,24,1,205049.0,MEDIUM,1
30,422000.0,Salaried,12.0,617,0,0.0,782000.0,48,2,170366.0,MEDIUM,0
46,406000.0,Business,28.0,616,3,6727.0,259000.0,120,3,360514.0,LOW,1
39,254000.0,Salaried,14.9,535,0,0.0,890000.0,60,2,50587.0,HIGH,0
59,501000.0,Business,7.4,577,2,5000.0,1926000.0,24,2,159798.0,HIGH,0
23,386000.0,Business,2.6,749,5,6033.0,798000.0,120,2,465233.0,LOW,1
65,150000.0,Freelance,12.6,668,1,2.0,168000.0,36,2,49469.0,LOW,1
33,1852000.0,Salaried,6.2,639,0,0.0,5110000.0,48,1,1693924.0,MEDIUM,0
48,1038000.0,Self-Employed,12.7,679,1,552.0,2049000.0,48,1,453416.0,LOW,1
40,431000.0,Salaried,19.9,773,3,3400.0,532000.0,24,2,311792.0,LOW,0
48,547000.0,Salaried,2.1,680,1,4940.0,242000.0,60,0,255183.0,MEDIUM,1
28,268000.0,Salaried,10.0,723,2,4460.0,963000.0,24,2,78872.0,MEDIUM,1
61,1495000.0,Self-Employed,0.5,612,2,2741.0,4856000.0,120,2,1044402.0,MEDIUM,1
59,1687000.0,Self-Employed,22.5,630,1,13919.0,5681000.0,60,0,1677444.0,MEDIUM,0
21,594000.0,Salaried,1.7,708,2,13819.0,1145000.0,48,0,619774.0,MEDIUM,0
23,999000.0,Self-Employed,1.2,831,1,930.0,3084000.0,120,4,1358260.0,MEDIUM,0
33,600000.0,Business,15.0,794,1,3118.0,1470000.0,24,4,553212.0,MEDIUM,0
48,242000.0,Business,0.7,726,2,4413.0,408000.0,12,1,19286.0,HIGH,0
45,422000.0,Freelance,17.7,692,0,0.0,1442000.0,84,2,272742.0,LOW,1
53,585000.0,Salaried,23.3,792,1,1656.0,2337000.0,24,0,487079.0,MEDIUM,0
58,411000.0,Freelance,23.6,743,2,1676.0,1491000.0,24,1,75271.0,MEDIUM,0
26,474000.0,Business,1.0,496,2,9293.0,1503000.0,120,3,313540.0,MEDIUM,1
64,512000.0,Salaried,27.2,595,1,6120.0,1570000.0,12,3,365637.0,MEDIUM,1
65,515000.0,Salaried,27.6,707,2,9883.0,1394000.0,12,1,279416.0,MEDIUM,0
52,558000.0,Salaried,16.8,537,1,6718.0,1930000.0,36,1,152284.0,MEDIUM,1
65,286000.0,Salaried,14.5,608,3,6489.0,608000.0,12,2,70076.0,HIGH,0
41,351000.0,Self-Employed,1.3,624,2,8153.0,341000.0,60,2,344699.0,MEDIUM,0
36,250000.0,Self-Employed,16.9,659,1,2158.0,785000.0,84,5,217988.0,MEDIUM,0
41,972000.0,Business,12.3,657,1,11043.0,3599000.0,84,2,735026.0,LOW,0
31,153000.0,Self-Employed,13.0,656,2,618.0,239000.0,36,1,155977.0,MEDIUM,1
57,1080000.0,Salaried,12.1,746,3,33030.0,3453000.0,60,0,305729.0,MEDIUM,0
56,1241000.0,Business,20.5,658,0,0.0,1629000.0,120,1,1152051.0,LOW,1
55,451000.0,Salaried,3.0,649,1,155.0,1708000.0,36,1,285762.0,MEDIUM,0
39,150000.0,Freelance,4.0,572,0,0.0,424000.0,120,0,129911.0,MEDIUM,0
40,435000.0,Salaried,4.2,761,1,1730.0,1047000.0,36,1,367331.0,LOW,1
38,520000.0,Freelance,1.4,626,2,566.0,1656000.0,84,1,398074.0,MEDIUM,0
61,295000.0,Salaried,16.2,593,0,0.0,976000.0,120,4,70486.0,MEDIUM,0
34,397000.0,Salaried,16.0,697,2,6615.0,1430000.0,60,1,166711.0,HIGH,1
35,1353000.0,Salaried,17.0,618,3,45756.0,4917000.0,48,3,443349.0,HIGH,0
51,805000.0,Business,17.2,637,4,40213.0,398000.0,84,1,589533.0,MEDIUM,0
21,310000.0,Business,2.1,700,0,0.0,234000.0,48,3,153581.0,LOW,1
23,207000.0,Salaried,1.3,653,2,1318.0,695000.0,24,2,191108.0,MEDIUM,0
36,444000.0,Freelance,10.9,864,4,4082.0,1687000.0,120,0,152379.0,LOW,1
43,475000.0,Self-Employed,9.4,674,0,0.0,683000.0,48,2,421010.0,MEDIUM,0
31,728000.0,Self-Employed,13.0,729,1,5515.0,242000.0,84,1,716335.0,LOW,1
32,392000.0,Business,4.8,524,3,6945.0,586000.0,24,1,211334.0,MEDIUM,0
30,734000.0,Salaried,0.4,611,0,0.0,1260000.0,48,2,128952.0,HIGH,0
52,1726000.0,Salaried,17.9,593,4,14522.0,5378000.0,24,2,580204.0,MEDIUM,1
36,881000.0,Freelance,18.0,603,1,4866.0,419000.0,84,3,360827.0,LOW,1
28,525000.0,Freelance,10.0,713,0,0.0,571000.0,24,4,297545.0,MEDIUM,0
58,484000.0,Freelance,23.5,762,1,5234.0,1746000.0,84,2,454119.0,LOW,1
32,436000.0,Freelance,14.0,707,1,256.0,381000.0,12,3,182643.0,LOW,1
44,1097000.0,Salaried,14.9,661,1,5220.0,3411000.0,84,0,60454.0,MEDIUM,0
48,371000.0,Business,21.6,629,1,464.0,607000.0,24,0,331288.0,MEDIUM,1
28,555000.0,Salaried,10.0,769,1,5376.0,1527000.0,120,1,318251.0,LOW,1
48,557000.0,Freelance,6.7,845,1,2177.0,319000.0,84,1,239876.0,LOW,1
56,400000.0,Self-Employed,10.1,690,0,0.0,544000.0,84,2,373821.0,LOW,1
46,237000.0,Self-Employed,6.7,755,3,4724.0,444000.0,120,3,260770.0,LOW,1
28,656000.0,Self-Employed,10.0,707,1,7513.0,2277000.0,60,1,564206.0,MEDIUM,0
48,521000.0,Salaried,26.6,740,3,17753.0,1243000.0,60,1,238891.0,MEDIUM,1
48,730000.0,Salaried,10.4,586,3,6834.0,341000.0,24,0,178125.0,MEDIUM,0
57,392000.0,Business,11.2,640,1,3526.0,1281000.0,60,1,295913.0,MEDIUM,0
61,1124000.0,Business,25.8,711,0,0.0,564000.0,48,1,116806.0,LOW,1
56,319000.0,Salaried,15.5,776,3,1577.0,1199000.0,60,1,168357.0,MEDIUM,1
47,1509000.0,Business,16.1,614,2,18843.0,1635000.0,12,1,1156591.0,MEDIUM,0
37,189000.0,Self-Employed,19.0,517,0,0.0,398000.0,60,3,93922.0,MEDIUM,0
29,701000.0,Salaried,11.0,640,2,13990.0,398000.0,48,0,544079.0,MEDIUM,1
53,719000.0,Salaried,20.4,760,0,0.0,1710000.0,84,1,529814.0,LOW,1
40,335000.0,Business,2.6,553,0,0.0,717000.0,48,4,79263.0,MEDIUM,1
33,697000.0,Business,5.4,585,1,2029.0,1267000.0,24,2,330931.0,MEDIUM,1
48,1164000.0,Self-Employed,12.1,692,0,0.0,502000.0,36,3,1032226.0,LOW,1
49,150000.0,Self-Employed,14.8,670,4,4223.0,533000.0,48,3,42151.0,MEDIUM,1
33,731000.0,Salaried,15.0,727,3,25107.0,2390000.0,24,1,843905.0,MEDIUM,0
55,150000.0,Self-Employed,29.1,581,2,3345.0,396000.0,24,0,32410.0,HIGH,0
26,303000.0,Salaried,8.0,654,0,0.0,732000.0,60,1,15252.0,MEDIUM,0
38,1436000.0,Salaried,9.5,775,1,4620.0,4123000.0,60,2,1445164.0,LOW,0
25,381000.0,Self-Employed,7.0,584,1,3730.0,317000.0,24,1,335835.0,LOW,1
45,267000.0,Freelance,20.7,798,1,676.0,1001000.0,84,1,95886.0,MEDIUM,0
22,480000.0,Salaried,1.1,594,0,0.0,650000.0,12,3,84824.0,HIGH,0
30,1869000.0,Salaried,12.0,747,2,273.0,5101000.0,84,0,575303.0,LOW,1
50,180000.0,Self-Employed,0.5,650,1,1282.0,458000.0,24,1,122451.0,MEDIUM,1
65,288000.0,Business,4.4,588,4,1273.0,765000.0,60,2,162943.0,MEDIUM,0
25,1327000.0,Business,7.0,640,4,27044.0,4714000.0,48,1,879134.0,HIGH,0
53,1647000.0,Business,19.4,723,2,26143.0,2297000.0,12,1,80001.0,LOW,0
21,508000.0,Self-Employed,2.3,679,2,8758.0,1560000.0,36,1,104673.0,HIGH,0
38,257000.0,Business,15.0,769,0,0.0,646000.0,84,4,87676.0,MEDIUM,1
52,1900000.0,Salaried,27.2,794,0,0.0,1105000.0,48,2,1766224.0,LOW,1
31,1407000.0,Salaried,13.0,585,3,13260.0,2578000.0,60,2,830021.0,MEDIUM,0
41,812000.0,Salaried,11.9,579,2,18052.0,2761000.0,48,1,484876.0,MEDIUM,0
46,332000.0,Self-Employed,3.6,575,0,0.0,487000.0,48,0,180875.0,LOW,1
45,525000.0,Freelance,8.8,608,2,2101.0,1094000.0,60,1,390992.0,LOW,1
42,491000.0,Business,24.0,768,4,20291.0,1035000.0,48,0,587961.0,MEDIUM,0
47,659000.0,Salaried,13.1,724,1,8012.0,1705000.0,24,3,537653.0,MEDIUM,1
33,1291000.0,Salaried,14.2,636,0,0.0,4610000.0,84,1,1009685.0,MEDIUM,1
53,916000.0,Salaried,15.0,679,4,12907.0,863000.0,12,4,633508.0,MEDIUM,1
54,283000.0,Salaried,26.5,792,1,2146.0,613000.0,84,3,298436.0,LOW,1
61,1234000.0,Self-Employed,18.1,832,1,5284.0,2307000.0,120,2,1610231.0,LOW,0
55,652000.0,Freelance,20.8,700,1,5509.0,909000.0,60,3,463576.0,LOW,1
21,816000.0,Freelance,1.9,467,3,16671.0,3021000.0,12,3,126166.0,HIGH,0
41,1303000.0,Self-Employed,0.9,703,3,45417.0,430000.0,24,3,1171002.0,LOW,1
26,277000.0,Business,8.0,754,1,2140.0,208000.0,60,2,228372.0,LOW,1
48,529000.0,Self-Employed,28.5,697,0,0.0,1594000.0,24,4,566706.0,MEDIUM,0
37,393000.0,Salaried,19.0,738,1,3562.0,501000.0,36,3,141702.0,MEDIUM,1
25,211000.0,Self-Employed,7.0,708,0,0.0,628000.0,36,0,238490.0,MEDIUM,1
51,665000.0,Self-Employed,24.5,581,0,0.0,2247000.0,36,1,354945.0,MEDIUM,0
25,2439000.0,Business,7.0,609,1,11944.0,3029000.0,12,2,2332342.0,MEDIUM,1
58,179000.0,Salaried,25.3,654,0,0.0,181000.0,120,2,151475.0,LOW,1
23,530000.0,Salaried,2.7,765,4,25682.0,444000.0,84,1,583002.0,MEDIUM,1
43,794000.0,Salaried,4.0,618,0,0.0,826000.0,84,2,276814.0,MEDIUM,0
57,582000.0,Freelance,11.7,716,1,5627.0,750000.0,36,0,168282.0,MEDIUM,0
57,505000.0,Salaried,29.1,704,0,0.0,1775000.0,36,2,371964.0,MEDIUM,0
30,248000.0,Business,10.5,806,2,4629.0,781000.0,24,2,130887.0,MEDIUM,0
30,621000.0,Business,12.0,676,0,0.0,191000.0,120,3,678686.0,LOW,1
39,343000.0,Salaried,2.8,539,1,1819.0,1212000.0,48,2,152572.0,HIGH,0
37,150000.0,Self-Employed,10.0,731,2,3640.0,89000.0,120,0,25312.0,LOW,1
41,1107000.0,Business,10.5,851,4,27334.0,3016000.0,120,1,807068.0,MEDIUM,1
34,960000.0,Self-Employed,1.5,736,2,15779.0,826000.0,48,2,641140.0,MEDIUM,1
29,557000.0,Freelance,3.6,616,0,0.0,295000.0,84,1,21176.0,MEDIUM,0
21,620000.0,Salaried,1.0,593,0,0.0,1929000.0,84,2,161546.0,LOW,1
65,1030000.0,Salaried,25.1,603,2,22884.0,2090000.0,36,4,34963.0,MEDIUM,0
33,618000.0,Business,1.9,840,0,0.0,1555000.0,84,0,496260.0,LOW,1
24,930000.0,Business,3.3,653,1,6240.0,1743000.0,48,0,313522.0,LOW,1
21,452000.0,Freelance,0.8,626,5,25430.0,248000.0,120,2,92607.0,MEDIUM,1
60,1187000.0,Self-Employed,20.9,667,3,21643.0,3604000.0,36,2,1094200.0,MEDIUM,1
52,655000.0,Freelance,18.6,654,3,13915.0,2185000.0,36,1,43678.0,MEDIUM,0
54,607000.0,Business,19.3,805,3,8699.0,275000.0,12,0,568318.0,LOW,1
48,252000.0,Business,11.2,598,2,3906.0,426000.0,60,1,143765.0,MEDIUM,1
51,642000.0,Self-Employed,6.2,774,2,5120.0,1516000.0,48,2,640038.0,MEDIUM,1
28,328000.0,Salaried,10.0,689,1,1581.0,833000.0,36,3,59782.0,MEDIUM,0
59,368000.0,Freelance,24.3,776,5,22226.0,898000.0,48,5,413532.0,MEDIUM,1
46,331000.0,Salaried,4.2,806,1,461.0,948000.0,12,3,152173.0,MEDIUM,1
54,285000.0,Self-Employed,14.6,686,2,750.0,1105000.0,120,2,13343.0,LOW,1
23,1934000.0,Salaried,1.0,654,1,1047.0,3375000.0,12,1,1381950.0,MEDIUM,0
32,1201000.0,Self-Employed,5.0,685,0,0.0,2834000.0,36,4,1166129.0,LOW,1
21,1710000.0,Self-Employed,1.2,672,2,17024.0,4936000.0,48,2,706459.0,MEDIUM,0
64,259000.0,Salaried,16.1,547,1,306.0,645000.0,48,2,124150.0,MEDIUM,1
25,564000.0,Business,6.5,804,2,7743.0,976000.0,48,2,324481.0,MEDIUM,0
50,249000.0,Salaried,9.3,699,2,3631.0,650000.0,12,1,21267.0,HIGH,0
50,356000.0,Self-Employed,29.0,586,1,3342.0,963000.0,24,2,257627.0,MEDIUM,0
37,311000.0,Salaried,19.0,514,0,0.0,766000.0,24,3,241912.0,MEDIUM,1
43,1137000.0,Salaried,25.0,493,1,8803.0,1204000.0,48,1,393566.0,MEDIUM,0
35,426000.0,Salaried,13.8,741,3,1784.0,925000.0,48,2,90017.0,MEDIUM,1
57,1026000.0,Business,18.7,630,1,1135.0,3665000.0,60,0,549849.0,LOW,1
41,776000.0,Salaried,11.3,643,1,7542.0,2727000.0,36,4,739957.0,MEDIUM,1
34,2153000.0,Freelance,2.3,719,1,17502.0,6627000.0,12,4,1576820.0,MEDIUM,0
22,222000.0,Salaried,2.7,638,3,1348.0,639000.0,60,1,55170.0,MEDIUM,0
31,1150000.0,Salaried,13.0,723,2,7284.0,997000.0,48,2,777610.0,LOW,1
59,1075000.0,Salaried,8.6,687,0,0.0,2150000.0,84,0,423283.0,MEDIUM,1
58,301000.0,Salaried,25.4,673,3,6390.0,214000.0,24,0,18624.0,MEDIUM,1
54,989000.0,Business,4.5,554,3,21696.0,3287000.0,24,2,810810.0,HIGH,0
58,661000.0,Business,11.0,614,2,3470.0,910000.0,60,2,529399.0,MEDIUM,0
54,471000.0,Self-Employed,3.7,728,1,3704.0,1478000.0,24,1,523282.0,MEDIUM,0
38,330000.0,Salaried,12.1,625,2,6358.0,1094000.0,24,1,233103.0,MEDIUM,0
50,351000.0,Salaried,1.2,776,1,3884.0,1264000.0,84,2,210792.0,MEDIUM,0
35,1849000.0,Self-Employed,8.2,867,2,34055.0,5712000.0,36,4,1360246.0,MEDIUM,0
47,541000.0,Freelance,12.0,732,3,11693.0,1293000.0,48,0,150802.0,HIGH,0
54,864000.0,Salaried,14.3,799,3,21814.0,2171000.0,120,2,465039.0,LOW,0
58,336000.0,Business,16.3,737,1,2037.0,499000.0,60,0,78253.0,MEDIUM,1
53,338000.0,Salaried,8.2,637,3,2876.0,323000.0,84,2,172559.0,LOW,1
44,1034000.0,Salaried,15.7,696,0,0.0,810000.0,12,1,777336.0,LOW,1
35,240000.0,Self-Employed,15.3,841,0,0.0,234000.0,12,0,94323.0,MEDIUM,1
50,421000.0,Salaried,9.5,638,1,3128.0,1581000.0,84,0,414637.0,MEDIUM,0
62,552000.0,Business,24.9,596,2,13664.0,501000.0,48,2,351923.0,MEDIUM,0
37,578000.0,Salaried,16.4,589,0,0.0,1721000.0,12,0,135852.0,MEDIUM,1
25,485000.0,Business,7.0,662,1,3555.0,477000.0,84,1,102350.0,MEDIUM,0
49,685000.0,Salaried,28.4,599,0,0.0,2677000.0,24,0,131761.0,MEDIUM,1
24,819000.0,Freelance,2.1,813,2,8111.0,1357000.0,36,1,1075911.0,LOW,1
30,840000.0,Salaried,12.0,697,3,29525.0,1533000.0,60,2,252003.0,MEDIUM,1
37,299000.0,Business,19.0,757,2,2155.0,537000.0,60,2,73276.0,MEDIUM,0
30,456000.0,Business,11.3,656,1,5696.0,1514000.0,24,3,93873.0,MEDIUM,1
37,1107000.0,Freelance,8.4,588,5,5834.0,1226000.0,120,1,386685.0,MEDIUM,1
40,924000.0,Self-Employed,19.9,575,2,13123.0,3118000.0,48,4,540497.0,MEDIUM,0
44,237000.0,Business,26.0,607,3,4581.0,647000.0,36,1,25685.0,HIGH,0
25,667000.0,Salaried,7.0,707,2,4258.0,744000.0,12,0,145318.0,MEDIUM,0
54,165000.0,Salaried,26.4,721,5,9783.0,89000.0,120,4,191357.0,MEDIUM,1
26,556000.0,Salaried,8.0,728,3,12910.0,1761000.0,60,2,420340.0,MEDIUM,0
22,1687000.0,Salaried,1.6,560,1,4855.0,1873000.0,60,1,257042.0,MEDIUM,0
33,306000.0,Freelance,15.0,679,1,1469.0,1098000.0,48,3,192502.0,MEDIUM,1
63,328000.0,Salaried,22.7,597,2,5914.0,256000.0,36,3,84685.0,MEDIUM,1
63,855000.0,Self-Employed,29.4,712,2,6363.0,2206000.0,84,3,975670.0,LOW,1
31,214000.0,Self-Employed,13.0,718,2,4706.0,612000.0,12,1,103459.0,MEDIUM,1
43,370000.0,Self-Employed,13.5,586,1,766.0,1011000.0,60,3,60125.0,MEDIUM,1
36,773000.0,Self-Employed,15.9,757,1,2556.0,1136000.0,60,2,604623.0,LOW,1
51,369000.0,Salaried,27.0,867,2,1337.0,1306000.0,12,2,88377.0,LOW,0
31,469000.0,Self-Employed,13.0,746,3,1832.0,1477000.0,120,1,308251.0,MEDIUM,0
36,845000.0,Salaried,7.7,666,2,6344.0,1849000.0,36,1,789848.0,MEDIUM,1
28,696000.0,Freelance,10.0,654,0,0.0,1762000.0,36,1,273586.0,MEDIUM,0
24,634000.0,Business,3.4,663,0,0.0,1519000.0,36,2,340514.0,MEDIUM,0
60,441000.0,Freelance,2.9,619,0,0.0,1677000.0,60,2,61382.0,HIGH,0
24,675000.0,Salaried,3.5,700,0,0.0,2441000.0,84,2,510873.0,LOW,1
45,502000.0,Salaried,3.3,588,0,0.0,588000.0,24,2,67869.0,MEDIUM,1
23,711000.0,Salaried,3.0,528,2,13249.0,905000.0,120,2,210911.0,MEDIUM,0
52,401000.0,Salaried,24.1,697,3,11307.0,1576000.0,60,2,388571.0,MEDIUM,1
23,484000.0,Salaried,3.0,681,1,52.0,569000.0,48,1,96348.0,LOW,1
47,298000.0,Self-Employed,25.3,634,2,4856.0,1141000.0,120,1,260651.0,MEDIUM,0
49,529000.0,Salaried,10.3,577,2,8341.0,1430000.0,48,3,317896.0,MEDIUM,0
52,332000.0,Self-Employed,28.7,703,4,8593.0,161000.0,84,3,65078.0,LOW,1
39,277000.0,Business,6.3,600,3,3939.0,427000.0,120,2,52991.0,MEDIUM,0
41,631000.0,Self-Employed,1.1,668,0,0.0,1301000.0,60,5,465575.0,MEDIUM,1
25,614000.0,Salaried,7.0,821,0,0.0,2077000.0,60,0,617219.0,LOW,0
38,864000.0,Salaried,20.0,732,0,0.0,1310000.0,12,1,695221.0,LOW,1
48,417000.0,Self-Employed,7.0,570,2,3233.0,604000.0,36,2,278350.0,LOW,1
62,690000.0,Salaried,29.5,578,2,7584.0,2556000.0,84,2,247401.0,MEDIUM,0
42,752000.0,Self-Employed,15.1,692,1,2012.0,446000.0,12,1,29661.0,LOW,0
41,706000.0,Salaried,23.0,569,3,16085.0,1652000.0,84,1,354019.0,MEDIUM,0
26,329000.0,Business,8.0,519,1,3636.0,713000.0,48,2,166686.0,LOW,1
21,591000.0,Business,3.0,722,5,21995.0,303000.0,48,1,490324.0,MEDIUM,0
25,672000.0,Self-Employed,7.0,705,0,0.0,420000.0,24,0,200071.0,LOW,1
61,543000.0,Salaried,10.0,716,0,0.0,930000.0,36,4,126582.0,LOW,1
32,155000.0,Salaried,14.0,701,1,1449.0,123000.0,36,3,149237.0,LOW,1
46,595000.0,Business,13.6,674,0,0.0,1231000.0,84,3,556358.0,LOW,1
54,2038000.0,Self-Employed,1.1,627,2,30782.0,5203000.0,48,1,2058394.0,HIGH,0
34,435000.0,Salaried,7.8,721,0,0.0,1243000.0,12,1,186758.0,MEDIUM,1
46,349000.0,Salaried,6.4,802,2,2142.0,810000.0,60,4,41906.0,LOW,1
65,676000.0,Salaried,26.0,639,0,0.0,1152000.0,36,5,347932.0,LOW,1
47,652000.0,Business,18.0,598,1,862.0,509000.0,60,4,314864.0,LOW,1
29,1105000.0,Salaried,11.0,589,3,40927.0,1343000.0,48,2,72497.0,HIGH,0
46,254000.0,Self-Employed,28.0,610,4,1091.0,470000.0,24,1,148541.0,MEDIUM,0
42,838000.0,Self-Employed,19.3,696,1,1766.0,3117000.0,48,2,273422.0,HIGH,0
50,770000.0,Self-Employed,29.5,508,4,18474.0,808000.0,60,2,93069.0,MEDIUM,0
63,496000.0,Business,9.4,715,2,10729.0,907000.0,48,4,360589.0,MEDIUM,0
37,662000.0,Business,5.6,731,1,2945.0,1992000.0,36,1,244161.0,MEDIUM,1
46,1002000.0,Self-Employed,12.1,536,3,28880.0,2915000.0,84,1,498245.0,MEDIUM,0
56,912000.0,Salaried,14.1,601,1,7707.0,3532000.0,84,1,42791.0,MEDIUM,1
21,272000.0,Salaried,1.8,686,1,2171.0,274000.0,60,1,118580.0,LOW,1
28,884000.0,Self-Employed,10.0,668,2,18675.0,319000.0,60,2,841286.0,LOW,1
55,520000.0,Self-Employed,8.8,721,1,92.0,776000.0,24,3,408391.0,LOW,1
35,565000.0,Self-Employed,17.0,668,0,0.0,482000.0,120,1,538946.0,LOW,1
42,565000.0,Salaried,15.2,781,0,0.0,1316000.0,36,0,546741.0,LOW,1
34,494000.0,Self-Employed,4.9,654,2,11583.0,1791000.0,12,1,385186.0,MEDIUM,1
46,1105000.0,Salaried,17.3,601,2,21923.0,3145000.0,120,2,943700.0,LOW,1
48,514000.0,Business,27.3,594,1,5645.0,412000.0,24,2,25891.0,MEDIUM,1
43,276000.0,Salaried,25.0,738,3,2102.0,201000.0,36,2,147507.0,LOW,1
34,427000.0,Business,16.0,682,1,1704.0,1568000.0,84,1,459323.0,LOW,1
44,602000.0,Salaried,11.3,730,2,4744.0,1267000.0,12,4,148103.0,LOW,1
22,1130000.0,Salaried,1.2,729,3,4626.0,4201000.0,120,1,902670.0,MEDIUM,0
65,776000.0,Business,14.1,518,3,21231.0,2347000.0,84,2,514380.0,MEDIUM,0
46,324000.0,Salaried,22.6,588,1,551.0,1288000.0,60,4,289258.0,MEDIUM,0
34,2400000.0,Business,10.8,598,2,3151.0,8457000.0,84,3,2042647.0,MEDIUM,0
27,633000.0,Self-Employed,7.1,614,1,6136.0,1160000.0,120,3,434883.0,MEDIUM,1
23,1162000.0,Self-Employed,2.5,646,2,26280.0,3609000.0,24,0,884040.0,MEDIUM,0
43,493000.0,Salaried,24.6,759,1,4709.0,1007000.0,60,3,225476.0,LOW,1
63,744000.0,Self-Employed,19.1,775,1,7676.0,865000.0,60,2,238126.0,LOW,1
65,894000.0,Self-Employed,4.1,656,0,0.0,1065000.0,120,1,920893.0,LOW,1
38,1122000.0,Self-Employed,4.3,659,0,0.0,1986000.0,60,5,1181222.0,LOW,0
58,1019000.0,Self-Employed,3.1,623,2,12654.0,726000.0,36,0,459111.0,MEDIUM,0
55,912000.0,Salaried,18.5,687,3,33801.0,873000.0,12,4,442539.0,MEDIUM,0
35,447000.0,Salaried,3.5,696,0,0.0,962000.0,36,0,240130.0,MEDIUM,1
45,383000.0,Salaried,25.3,744,0,0.0,1467000.0,60,1,225274.0,MEDIUM,0
57,660000.0,Salaried,29.8,743,1,5291.0,1609000.0,120,0,685285.0,MEDIUM,1
48,946000.0,Salaried,11.0,495,2,13732.0,1714000.0,24,4,336589.0,MEDIUM,0
30,473000.0,Business,12.0,667,0,0.0,567000.0,84,0,457879.0,LOW,1
59,1024000.0,Business,21.4,790,0,0.0,1049000.0,120,2,944373.0,LOW,1
37,1292000.0,Salaried,19.0,644,1,13936.0,3535000.0,60,2,1313712.0,MEDIUM,0
59,312000.0,Freelance,26.8,771,3,2052.0,1073000.0,12,3,272495.0,LOW,1
42,327000.0,Self-Employed,1.7,655,0,0.0,581000.0,36,2,151249.0,MEDIUM,1
46,497000.0,Freelance,5.1,693,1,100.0,1162000.0,12,0,520628.0,MEDIUM,0
64,650000.0,Business,22.6,589,2,2142.0,1895000.0,36,1,158706.0,MEDIUM,0
45,394000.0,Business,20.7,592,0,0.0,203000.0,84,1,365807.0,LOW,1
37,1216000.0,Salaried,4.0,738,0,0.0,1944000.0,120,5,111410.0,LOW,1
33,697000.0,Salaried,15.0,750,1,4145.0,2091000.0,12,3,563159.0,LOW,1
40,553000.0,Salaried,22.0,682,4,20956.0,1567000.0,12,2,31529.0,MEDIUM,0
45,228000.0,Business,6.6,581,1,1387.0,113000.0,36,1,49494.0,LOW,1
24,245000.0,Salaried,3.8,683,1,1702.0,289000.0,120,3,132247.0,LOW,1
30,640000.0,Business,1.6,780,1,889.0,1802000.0,36,0,153835.0,MEDIUM,1
23,150000.0,Salaried,1.8,819,3,4368.0,196000.0,36,1,201536.0,LOW,0
61,992000.0,Business,18.5,654,0,0.0,3287000.0,48,2,828150.0,MEDIUM,0
65,491000.0,Salaried,9.5,547,2,3775.0,201000.0,84,2,370731.0,LOW,1
38,3782000.0,Salaried,20.0,747,3,46601.0,3798000.0,12,2,4566081.0,LOW,1
56,2158000.0,Salaried,23.5,657,5,29630.0,2894000.0,48,1,1590142.0,MEDIUM,1
42,485000.0,Salaried,24.0,755,2,9868.0,1806000.0,48,0,175917.0,MEDIUM,1
54,507000.0,Salaried,11.0,702,1,4734.0,1646000.0,60,0,447423.0,MEDIUM,1
28,982000.0,Business,10.0,609,1,7477.0,3507000.0,120,1,581967.0,MEDIUM,1
60,1501000.0,Salaried,18.1,684,1,4481.0,2897000.0,48,2,491622.0,LOW,1
64,202000.0,Salaried,15.8,784,2,868.0,675000.0,48,3,101752.0,MEDIUM,1
39,185000.0,Business,21.0,668,2,232.0,640000.0,36,1,125672.0,MEDIUM,0
62,372000.0,Salaried,0.1,597,3,636.0,662000.0,36,3,149929.0,LOW,1
61,767000.0,Freelance,8.5,552,1,1794.0,3052000.0,24,0,178112.0,HIGH,0
57,728000.0,Freelance,16.1,618,2,1830.0,2511000.0,84,1,328942.0,MEDIUM,1
26,1027000.0,Salaried,5.3,647,3,21417.0,4010000.0,120,0,281381.0,MEDIUM,1
46,263000.0,Salaried,27.2,745,4,4709.0,922000.0,12,2,284147.0,MEDIUM,1
54,150000.0,Salaried,19.4,590,2,1669.0,476000.0,84,0,101151.0,MEDIUM,0
65,904000.0,Business,14.3,804,2,13426.0,3428000.0,48,3,478424.0,LOW,1
26,329000.0,Self-Employed,8.0,573,1,2711.0,610000.0,48,0,289132.0,MEDIUM,0
57,161000.0,Self-Employed,13.5,866,0,0.0,515000.0,12,2,94929.0,MEDIUM,1
53,590000.0,Business,16.8,818,0,0.0,642000.0,84,1,471120.0,LOW,1
42,870000.0,Salaried,0.1,691,1,8805.0,2620000.0,36,1,521170.0,MEDIUM,0
41,502000.0,Business,11.0,548,0,0.0,1609000.0,36,2,67091.0,MEDIUM,1
26,411000.0,Business,4.2,675,2,3246.0,1213000.0,12,1,201418.0,MEDIUM,0
26,491000.0,Self-Employed,8.0,649,2,209.0,1691000.0,120,0,56403.0,MEDIUM,1
24,433000.0,Business,2.9,578,1,4867.0,792000.0,12,3,80371.0,HIGH,0
50,241000.0,Business,9.1,703,0,0.0,558000.0,36,2,221232.0,LOW,1
31,352000.0,Salaried,13.0,614,0,0.0,119000.0,120,0,114662.0,MEDIUM,0
50,739000.0,Salaried,6.3,622,0,0.0,621000.0,12,2,89371.0,MEDIUM,1
51,655000.0,Self-Employed,27.8,663,0,0.0,1758000.0,120,1,517723.0,LOW,1
44,598000.0,Salaried,1.6,634,5,11267.0,1424000.0,84,4,500462.0,MEDIUM,0
29,297000.0,Freelance,11.0,846,1,3395.0,306000.0,36,2,247180.0,LOW,1
23,485000.0,Salaried,2.3,637,1,1314.0,582000.0,12,2,463142.0,MEDIUM,1
51,150000.0,Self-Employed,18.6,715,0,0.0,236000.0,36,0,150759.0,LOW,0
60,601000.0,Self-Employed,9.1,691,2,1031.0,1773000.0,24,4,386939.0,MEDIUM,0
57,1274000.0,Salaried,29.0,708,2,8301.0,3256000.0,36,0,1105939.0,MEDIUM,0
56,223000.0,Freelance,8.5,714,0,0.0,124000.0,36,2,92089.0,LOW,1
44,380000.0,Business,17.7,750,3,3295.0,1182000.0,48,2,304914.0,LOW,1
51,658000.0,Self-Employed,29.8,701,3,3282.0,837000.0,84,2,740949.0,LOW,1
26,1146000.0,Salaried,8.0,697,0,0.0,3192000.0,120,3,1058091.0,LOW,1
22,413000.0,Salaried,1.2,684,1,608.0,312000.0,36,3,183216.0,MEDIUM,1
40,357000.0,Salaried,22.0,668,1,435.0,1425000.0,12,0,365023.0,MEDIUM,0
48,166000.0,Salaried,21.0,607,1,671.0,99000.0,60,2,136182.0,LOW,1
31,575000.0,Self-Employed,6.3,675,3,13699.0,1751000.0,12,0,44090.0,MEDIUM,0
24,1840000.0,Freelance,2.3,699,0,0.0,4237000.0,48,2,1594032.0,MEDIUM,1
35,638000.0,Self-Employed,10.0,712,1,7028.0,394000.0,12,2,730054.0,MEDIUM,0
26,533000.0,Business,8.0,694,1,3604.0,213000.0,24,1,206773.0,LOW,1
50,656000.0,Self-Employed,22.8,661,1,3226.0,1077000.0,60,3,212528.0,LOW,1
58,537000.0,Self-Employed,17.5,675,3,7226.0,1755000.0,60,2,387363.0,LOW,1
22,332000.0,Business,2.3,635,0,0.0,150000.0,120,2,48091.0,LOW,1
35,886000.0,Self-Employed,17.0,705,0,0.0,2575000.0,84,2,704089.0,LOW,1
31,619000.0,Business,8.9,662,2,14012.0,1687000.0,48,0,169255.0,MEDIUM,1
28,546000.0,Salaried,10.0,694,0,0.0,700000.0,84,2,292302.0,LOW,1
46,301000.0,Salaried,28.0,760,0,0.0,177000.0,60,0,338306.0,LOW,1
65,1181000.0,Business,28.2,623,1,7819.0,4354000.0,36,2,963478.0,MEDIUM,1
64,805000.0,Self-Employed,24.3,727,0,0.0,1136000.0,48,2,132738.0,LOW,1
25,388000.0,Business,6.6,682,1,795.0,276000.0,84,1,333876.0,LOW,1
26,986000.0,Freelance,8.0,841,1,658.0,2782000.0,24,1,594013.0,MEDIUM,0
46,401000.0,Salaried,6.7,662,0,0.0,442000.0,60,2,432149.0,LOW,1
24,338000.0,Self-Employed,0.7,735,2,4525.0,696000.0,60,2,132269.0,MEDIUM,1
39,343000.0,Salaried,18.3,681,0,0.0,167000.0,48,3,187020.0,LOW,1
40,187000.0,Self-Employed,1.2,568,4,5188.0,743000.0,60,1,62406.0,HIGH,0
53,717000.0,Business,29.1,638,1,6766.0,1403000.0,120,1,448043.0,LOW,1
40,180000.0,Salaried,22.0,750,2,655.0,719000.0,60,1,64675.0,LOW,1
32,259000.0,Self-Employed,11.4,645,3,5964.0,447000.0,24,1,249875.0,MEDIUM,1
21,156000.0,Business,3.0,502,1,915.0,248000.0,24,2,78937.0,MEDIUM,1
46,513000.0,Salaried,14.0,677,2,11503.0,1890000.0,48,2,537774.0,MEDIUM,1
34,494000.0,Business,16.0,592,3,9626.0,750000.0,60,1,328121.0,MEDIUM,0
58,444000.0,Self-Employed,20.7,690,0,0.0,843000.0,84,2,107089.0,LOW,1
57,289000.0,Freelance,8.3,804,5,6381.0,170000.0,120,2,18569.0,LOW,1
31,267000.0,Salaried,13.0,741,0,0.0,1024000.0,12,2,139396.0,MEDIUM,1
56,714000.0,Salaried,12.9,802,0,0.0,439000.0,48,2,942599.0,LOW,1
33,388000.0,Self-Employed,15.0,635,2,5667.0,1224000.0,84,0,354231.0,MEDIUM,1
63,653000.0,Salaried,5.3,668,0,0.0,1497000.0,24,2,608588.0,MEDIUM,0
23,318000.0,Freelance,0.3,596,2,2989.0,168000.0,12,2,179480.0,MEDIUM,1
53,602000.0,Salaried,26.4,625,3,17445.0,184000.0,84,1,76668.0,MEDIUM,1
26,1181000.0,Business,8.0,605,4,34286.0,4442000.0,84,3,55770.0,HIGH,0
30,768000.0,Self-Employed,12.0,575,1,3855.0,2339000.0,60,2,603630.0,MEDIUM,0
25,422000.0,Salaried,7.0,789,5,16776.0,1198000.0,120,1,112857.0,MEDIUM,0
43,631000.0,Salaried,19.8,512,1,5783.0,1213000.0,48,0,55677.0,MEDIUM,0
30,468000.0,Self-Employed,12.0,789,0,0.0,554000.0,48,1,439638.0,LOW,1
64,543000.0,Self-Employed,2.1,779,1,610.0,1529000.0,24,3,24111.0,MEDIUM,1
22,444000.0,Salaried,2.1,719,2,1049.0,1133000.0,36,1,393737.0,MEDIUM,0
33,490000.0,Freelance,0.4,590,1,1421.0,1464000.0,36,2,102868.0,HIGH,0
60,614000.0,Salaried,9.7,553,2,6554.0,1015000.0,36,2,188571.0,MEDIUM,1
22,298000.0,Salaried,0.7,636,1,2994.0,1178000.0,48,2,61651.0,MEDIUM,0
40,294000.0,Self-Employed,9.1,730,1,1290.0,161000.0,120,3,277375.0,LOW,1
21,235000.0,Salaried,0.3,680,4,205.0,140000.0,120,3,131523.0,MEDIUM,0
57,207000.0,Freelance,7.5,596,1,1251.0,764000.0,24,2,38800.0,HIGH,0
29,260000.0,Salaried,9.4,771,1,3239.0,701000.0,24,0,23384.0,MEDIUM,0
37,595000.0,Salaried,18.9,814,2,5192.0,897000.0,36,0,792637.0,LOW,1
29,316000.0,Salaried,11.0,661,1,3797.0,986000.0,12,4,247449.0,MEDIUM,1
31,735000.0,Self-Employed,13.0,688,3,2793.0,1452000.0,36,0,573087.0,LOW,1
35,552000.0,Self-Employed,17.0,559,0,0.0,209000.0,48,3,258961.0,LOW,1
44,166000.0,Self-Employed,1.2,646,1,1503.0,450000.0,12,2,79515.0,MEDIUM,1
58,800000.0,Salaried,27.7,720,0,0.0,960000.0,24,0,761022.0,LOW,1
55,879000.0,Salaried,5.9,708,0,0.0,639000.0,60,4,851662.0,LOW,1
50,298000.0,Business,26.5,639,2,6434.0,338000.0,84,4,28725.0,LOW,1
51,695000.0,Salaried,12.0,658,1,2181.0,1433000.0,12,2,646496.0,MEDIUM,0
25,323000.0,Business,7.0,644,3,8271.0,156000.0,120,1,261473.0,MEDIUM,0
64,573000.0,Salaried,20.1,657,1,4352.0,2044000.0,24,2,309972.0,HIGH,0
34,253000.0,Business,5.3,713,1,2725.0,600000.0,12,2,146507.0,MEDIUM,1
31,184000.0,Salaried,13.0,522,2,1978.0,255000.0,36,2,129645.0,MEDIUM,1
29,429000.0,Self-Employed,7.4,674,2,556.0,1219000.0,12,2,379274.0,MEDIUM,1
54,502000.0,Salaried,7.3,707,2,7206.0,1644000.0,12,0,97730.0,MEDIUM,1
32,426000.0,Salaried,14.0,634,2,10212.0,1095000.0,12,0,248651.0,MEDIUM,1
55,266000.0,Salaried,3.2,641,0,0.0,279000.0,48,1,270188.0,LOW,1
55,425000.0,Salaried,6.7,643,2,2553.0,301000.0,84,1,332214.0,LOW,1
21,635000.0,Salaried,0.3,641,1,2509.0,2211000.0,48,2,647324.0,MEDIUM,1
60,526000.0,Self-Employed,24.9,680,1,5035.0,615000.0,84,0,459494.0,MEDIUM,1
42,603000.0,Self-Employed,4.4,690,4,9747.0,226000.0,36,2,369110.0,MEDIUM,1
49,361000.0,Business,16.4,511,1,1079.0,967000.0,60,0,182795.0,MEDIUM,0
28,1091000.0,Self-Employed,10.0,732,2,17689.0,944000.0,48,1,946152.0,MEDIUM,1
31,267000.0,Self-Employed,13.0,656,1,155.0,1059000.0,60,4,211392.0,MEDIUM,1
61,724000.0,Salaried,28.1,834,0,0.0,2547000.0,48,3,757771.0,LOW,1
57,1098000.0,Self-Employed,23.5,584,1,5600.0,2801000.0,24,4,969706.0,MEDIUM,0
34,721000.0,Salaried,16.0,610,2,6410.0,2441000.0,24,2,237715.0,MEDIUM,0
50,479000.0,Business,13.0,663,1,2079.0,978000.0,12,2,434144.0,MEDIUM,1
55,394000.0,Salaried,3.4,713,1,535.0,1268000.0,60,3,269857.0,HIGH,0
41,1006000.0,Salaried,21.3,523,3,13613.0,2708000.0,12,0,751593.0,MEDIUM,0
57,230000.0,Self-Employed,29.8,613,0,0.0,93000.0,84,5,147647.0,LOW,1
25,302000.0,Salaried,7.0,727,1,1562.0,1151000.0,12,2,338903.0,MEDIUM,1
39,426000.0,Business,0.5,604,3,9364.0,1485000.0,48,2,185418.0,HIGH,0
34,1136000.0,Business,14.9,789,4,9291.0,4348000.0,48,2,191819.0,MEDIUM,1
46,679000.0,Salaried,18.4,643,1,592.0,2041000.0,12,2,468307.0,MEDIUM,1
24,302000.0,Salaried,1.1,608,3,9966.0,551000.0,84,3,233597.0,MEDIUM,1
45,449000.0,Self-Employed,21.6,728,0,0.0,479000.0,48,1,377772.0,LOW,1
65,374000.0,Self-Employed,16.7,808,0,0.0,361000.0,84,2,367651.0,LOW,1
62,353000.0,Salaried,6.7,713,3,11618.0,295000.0,24,1,25357.0,HIGH,0
45,972000.0,Business,27.0,780,3,25798.0,1085000.0,24,2,1211365.0,LOW,1
38,237000.0,Self-Employed,20.0,814,0,0.0,554000.0,60,1,92338.0,LOW,1
60,1419000.0,Salaried,7.1,606,0,0.0,4016000.0,24,3,606077.0,MEDIUM,0
28,888000.0,Salaried,9.7,755,0,0.0,1298000.0,84,2,484510.0,LOW,1
59,1040000.0,Business,27.7,558,1,12454.0,2424000.0,12,2,853052.0,MEDIUM,0
60,409000.0,Salaried,26.6,713,2,9296.0,639000.0,36,2,360863.0,LOW,1
34,494000.0,Business,12.2,674,1,1459.0,1421000.0,48,2,345306.0,MEDIUM,0
52,229000.0,Salaried,1.1,779,1,2301.0,906000.0,12,2,44047.0,MEDIUM,0
58,394000.0,Self-Employed,1.5,773,2,4033.0,1123000.0,48,4,174179.0,MEDIUM,1
53,727000.0,Business,8.5,725,3,18641.0,377000.0,60,0,441489.0,LOW,1
43,1176000.0,Business,18.9,703,0,0.0,2429000.0,12,0,196184.0,LOW,1
35,278000.0,Salaried,17.0,720,2,3743.0,876000.0,12,2,192913.0,MEDIUM,0
53,434000.0,Salaried,19.0,684,4,2748.0,1001000.0,12,3,117125.0,MEDIUM,0
45,493000.0,Business,21.5,675,0,0.0,1883000.0,60,2,452852.0,LOW,1
37,234000.0,Salaried,0.6,795,3,2138.0,118000.0,12,4,257071.0,LOW,1
53,771000.0,Salaried,3.2,805,2,8721.0,1062000.0,48,0,629656.0,LOW,1
22,350000.0,Freelance,1.5,668,0,0.0,391000.0,36,2,145828.0,LOW,1
34,481000.0,Salaried,4.6,699,0,0.0,1510000.0,12,3,42198.0,HIGH,0
60,412000.0,Salaried,2.3,686,2,1702.0,922000.0,60,4,297400.0,MEDIUM,0
60,337000.0,Salaried,19.2,551,1,3763.0,274000.0,60,2,237274.0,LOW,1
59,538000.0,Self-Employed,24.5,653,1,2623.0,730000.0,12,1,458058.0,MEDIUM,0
26,475000.0,Self-Employed,8.0,807,0,0.0,1061000.0,60,4,318647.0,MEDIUM,1
26,432000.0,Salaried,8.0,620,2,5536.0,1722000.0,120,3,73771.0,MEDIUM,0
23,349000.0,Salaried,0.6,849,1,3761.0,575000.0,24,2,47259.0,MEDIUM,1
27,655000.0,Salaried,9.0,773,1,5427.0,577000.0,84,2,72985.0,LOW,1
28,1457000.0,Self-Employed,8.2,712,1,9265.0,3117000.0,60,1,468329.0,LOW,0
62,588000.0,Salaried,29.8,724,2,4594.0,851000.0,120,2,119224.0,LOW,1
35,982000.0,Freelance,5.5,606,0,0.0,2351000.0,120,2,190234.0,MEDIUM,0
49,235000.0,Salaried,6.4,658,0,0.0,476000.0,36,0,179368.0,LOW,1
53,594000.0,Freelance,8.7,795,0,0.0,1694000.0,24,3,161732.0,MEDIUM,1
50,280000.0,Salaried,29.3,630,0,0.0,1031000.0,48,2,202135.0,MEDIUM,0
59,223000.0,Business,29.6,764,0,0.0,232000.0,24,2,105035.0,MEDIUM,0
47,347000.0,Salaried,23.8,569,2,8588.0,1158000.0,36,1,249941.0,MEDIUM,1
56,1105000.0,Salaried,18.9,584,2,7707.0,4213000.0,84,0,195773.0,HIGH,0
49,956000.0,Business,15.6,832,2,21889.0,1608000.0,24,1,73828.0,MEDIUM,1
58,625000.0,Business,29.1,679,1,979.0,450000.0,12,2,83201.0,MEDIUM,1
53,215000.0,Salaried,20.9,636,0,0.0,718000.0,60,0,215867.0,MEDIUM,0
57,480000.0,Business,28.3,789,4,17888.0,1389000.0,12,1,346819.0,MEDIUM,1
47,648000.0,Self-Employed,9.5,779,0,0.0,704000.0,120,5,517676.0,LOW,1
53,600000.0,Business,10.0,753,2,4569.0,1168000.0,12,1,721868.0,LOW,1
24,179000.0,Salaried,2.2,634,3,4319.0,437000.0,120,4,145080.0,MEDIUM,0
42,317000.0,Self-Employed,4.5,657,2,4704.0,294000.0,12,0,48457.0,MEDIUM,0
22,520000.0,Self-Employed,2.3,704,0,0.0,1531000.0,120,3,265351.0,LOW,1
30,745000.0,Salaried,12.0,735,1,7136.0,2125000.0,24,1,746582.0,LOW,1
25,150000.0,Business,7.0,639,0,0.0,537000.0,48,0,105811.0,MEDIUM,0
30,490000.0,Salaried,10.1,693,2,11363.0,1175000.0,120,3,134851.0,MEDIUM,1
53,589000.0,Salaried,21.5,701,2,8728.0,1428000.0,84,0,550970.0,LOW,1
58,900000.0,Self-Employed,14.5,782,2,19118.0,2333000.0,60,1,667687.0,LOW,1
33,819000.0,Self-Employed,15.0,740,0,0.0,1075000.0,24,2,794721.0,LOW,1
51,766000.0,Salaried,15.1,559,3,26404.0,2380000.0,84,1,442059.0,MEDIUM,1
56,334000.0,Salaried,29.0,662,2,564.0,919000.0,12,1,173988.0,MEDIUM,1
65,172000.0,Freelance,20.8,605,0,0.0,586000.0,36,0,124799.0,MEDIUM,0
44,427000.0,Salaried,7.5,725,1,2500.0,1342000.0,36,3,443530.0,MEDIUM,1
35,986000.0,Self-Employed,17.0,753,2,12092.0,2625000.0,120,1,592310.0,MEDIUM,0
49,1247000.0,Business,8.8,688,1,7169.0,1116000.0,12,0,87468.0,MEDIUM,1
28,828000.0,Salaried,10.0,658,0,0.0,3064000.0,120,0,540852.0,MEDIUM,1
25,699000.0,Freelance,3.1,685,0,0.0,1159000.0,48,1,94778.0,MEDIUM,0
49,679000.0,Business,27.0,696,2,7855.0,2626000.0,84,1,269337.0,MEDIUM,0
24,387000.0,Self-Employed,0.7,628,0,0.0,692000.0,60,2,223819.0,LOW,1
32,500000.0,Self-Employed,7.8,582,0,0.0,420000.0,120,4,173178.0,LOW,1
65,1471000.0,Self-Employed,27.6,515,3,36430.0,5257000.0,84,0,370580.0,MEDIUM,1
22,307000.0,Self-Employed,3.5,781,2,897.0,995000.0,24,2,20929.0,HIGH,0
47,1424000.0,Business,4.2,719,2,6686.0,4570000.0,48,2,494748.0,MEDIUM,0
51,445000.0,Salaried,23.1,709,1,2937.0,281000.0,36,0,210256.0,LOW,1
56,1197000.0,Salaried,27.4,781,2,1310.0,4253000.0,12,0,485378.0,LOW,0
56,232000.0,Salaried,2.4,579,2,736.0,582000.0,24,0,139487.0,MEDIUM,1
46,768000.0,Salaried,24.8,541,4,33153.0,1567000.0,48,3,453221.0,HIGH,0
63,347000.0,Salaried,16.4,710,0,0.0,1277000.0,84,2,318929.0,LOW,1
47,231000.0,Business,20.1,703,0,0.0,639000.0,48,1,56853.0,MEDIUM,0
25,616000.0,Self-Employed,7.0,541,0,0.0,488000.0,48,4,339184.0,LOW,1
40,990000.0,Self-Employed,20.9,708,2,23179.0,2200000.0,84,4,517476.0,LOW,0
31,325000.0,Self-Employed,1.0,647,1,105.0,863000.0,24,1,118700.0,HIGH,0
30,220000.0,Business,12.0,615,0,0.0,797000.0,120,2,110141.0,MEDIUM,1
60,511000.0,Self-Employed,1.0,653,1,3816.0,682000.0,60,1,272038.0,MEDIUM,1
58,513000.0,Business,13.7,484,0,0.0,1661000.0,84,1,257974.0,MEDIUM,1
26,751000.0,Salaried,4.5,632,1,8935.0,2448000.0,24,3,444368.0,HIGH,0
28,955000.0,Freelance,10.0,623,4,16991.0,739000.0,84,2,623978.0,LOW,1
43,521000.0,Self-Employed,9.4,724,2,5703.0,190000.0,12,1,609322.0,LOW,1
46,1645000.0,Salaried,13.6,667,0,0.0,4032000.0,24,0,1467556.0,MEDIUM,0
63,618000.0,Self-Employed,12.9,731,1,7472.0,1991000.0,48,3,234920.0,MEDIUM,1
32,439000.0,Self-Employed,14.0,476,0,0.0,1032000.0,60,2,182699.0,MEDIUM,1
46,205000.0,Salaried,14.4,612,2,3419.0,678000.0,60,0,52076.0,LOW,1
33,462000.0,Self-Employed,15.0,724,1,4948.0,1202000.0,12,0,294585.0,MEDIUM,0
60,442000.0,Salaried,2.2,655,5,2354.0,1201000.0,12,2,341710.0,HIGH,0
38,961000.0,Salaried,5.7,747,2,9060.0,388000.0,36,2,114762.0,MEDIUM,0
45,713000.0,Freelance,16.5,535,1,117.0,448000.0,36,1,102044.0,LOW,1
53,266000.0,Self-Employed,28.4,738,3,1770.0,793000.0,36,0,13073.0,MEDIUM,0
60,599000.0,Business,2.2,628,2,9442.0,1870000.0,24,3,244969.0,MEDIUM,0
63,808000.0,Self-Employed,1.3,621,0,0.0,1863000.0,60,0,633616.0,MEDIUM,1
32,1352000.0,Salaried,4.7,759,1,10694.0,3358000.0,12,0,792748.0,MEDIUM,0
64,920000.0,Self-Employed,19.2,772,2,15275.0,2367000.0,120,2,686849.0,LOW,1
56,853000.0,Self-Employed,12.0,762,1,1107.0,587000.0,36,1,647902.0,LOW,1
24,560000.0,Freelance,1.6,843,0,0.0,1552000.0,12,2,94010.0,MEDIUM,0
25,682000.0,Salaried,2.2,781,0,0.0,1412000.0,36,2,177935.0,MEDIUM,0
57,1144000.0,Business,5.9,616,1,9316.0,2894000.0,24,1,1053389.0,MEDIUM,1
28,243000.0,Freelance,9.0,691,0,0.0,579000.0,84,0,131404.0,LOW,1
62,438000.0,Self-Employed,18.8,651,3,9551.0,1368000.0,24,0,204166.0,MEDIUM,0
48,340000.0,Freelance,20.6,842,2,3605.0,503000.0,48,2,361033.0,LOW,1
51,678000.0,Salaried,3.7,768,2,9469.0,1140000.0,12,3,66267.0,MEDIUM,0
29,1130000.0,Freelance,11.0,664,2,4155.0,1976000.0,120,2,1039259.0,LOW,1
49,378000.0,Business,10.2,750,2,3741.0,1180000.0,84,2,318752.0,LOW,1
34,150000.0,Salaried,16.0,581,5,3509.0,284000.0,84,1,24499.0,MEDIUM,1
60,422000.0,Freelance,15.7,700,1,3884.0,403000.0,48,3,46634.0,LOW,1
61,935000.0,Self-Employed,6.7,604,2,16512.0,3681000.0,84,2,33169.0,HIGH,0
42,746000.0,Self-Employed,24.0,544,1,8475.0,1586000.0,24,2,207840.0,MEDIUM,0
31,699000.0,Self-Employed,13.0,742,3,16568.0,492000.0,84,1,297026.0,LOW,1
43,457000.0,Salaried,11.9,752,3,5391.0,1270000.0,120,1,115836.0,MEDIUM,0
21,251000.0,Self-Employed,3.0,716,3,7372.0,762000.0,24,4,91913.0,HIGH,0
57,736000.0,Business,7.7,665,0,0.0,1583000.0,84,2,462070.0,LOW,1
41,328000.0,Salaried,20.7,578,1,793.0,883000.0,84,2,43751.0,MEDIUM,0
46,2004000.0,Salaried,9.3,587,0,0.0,1882000.0,12,0,434651.0,MEDIUM,1
56,761000.0,Salaried,25.3,602,1,1261.0,1264000.0,120,1,429352.0,LOW,1
43,381000.0,Salaried,6.5,661,1,848.0,342000.0,48,3,294406.0,MEDIUM,0
21,374000.0,Business,1.7,766,1,3547.0,648000.0,84,4,441852.0,LOW,1
60,511000.0,Business,8.1,764,2,9839.0,1217000.0,120,2,339768.0,LOW,1
35,468000.0,Freelance,5.7,548,1,4626.0,907000.0,84,2,59071.0,MEDIUM,1
41,1056000.0,Self-Employed,15.2,624,3,11616.0,2635000.0,48,4,649896.0,MEDIUM,0
29,604000.0,Salaried,6.1,622,0,0.0,1303000.0,48,3,609410.0,LOW,1
29,348000.0,Freelance,11.0,477,1,3144.0,514000.0,12,3,234507.0,MEDIUM,0
30,1680000.0,Business,7.2,725,2,35027.0,1395000.0,12,3,1579312.0,MEDIUM,0
46,557000.0,Self-Employed,21.2,660,2,9867.0,688000.0,12,2,447225.0,LOW,1
61,857000.0,Self-Employed,17.4,670,0,0.0,894000.0,60,2,718307.0,LOW,1
55,375000.0,Freelance,29.6,787,3,1538.0,1094000.0,84,1,59099.0,LOW,0
45,672000.0,Business,27.0,687,2,11944.0,2240000.0,120,2,406158.0,MEDIUM,0
46,651000.0,Salaried,26.1,645,3,16856.0,1931000.0,24,2,480144.0,HIGH,0
31,174000.0,Business,13.0,725,3,2039.0,467000.0,60,0,21526.0,LOW,1
58,1811000.0,Salaried,11.6,764,1,16657.0,2606000.0,60,0,2097156.0,LOW,1
22,1172000.0,Salaried,0.6,703,3,24192.0,3435000.0,24,0,212252.0,HIGH,0
27,426000.0,Salaried,9.0,735,3,8937.0,1082000.0,84,2,61191.0,LOW,0
38,279000.0,Salaried,0.7,668,4,5128.0,132000.0,36,0,46596.0,LOW,1
47,666000.0,Salaried,16.1,673,3,2917.0,2436000.0,36,2,324957.0,MEDIUM,0
54,569000.0,Salaried,6.5,689,3,4629.0,339000.0,36,3,359275.0,LOW,1
47,669000.0,Self-Employed,16.7,619,1,6429.0,1445000.0,120,4,84257.0,MEDIUM,0
37,606000.0,Business,14.0,634,0,0.0,1332000.0,12,1,497211.0,MEDIUM,0
63,732000.0,Freelance,17.3,790,3,62.0,2487000.0,12,2,217089.0,MEDIUM,1
64,1288000.0,Salaried,16.5,840,2,32104.0,4738000.0,48,3,1033345.0,MEDIUM,0
44,760000.0,Self-Employed,26.0,807,1,2001.0,2870000.0,120,4,516372.0,LOW,1
45,288000.0,Freelance,16.6,574,1,2359.0,693000.0,120,1,243277.0,MEDIUM,1
27,1224000.0,Salaried,9.0,566,2,28364.0,3442000.0,48,1,1004996.0,MEDIUM,0
26,1446000.0,Business,8.0,584,1,10840.0,907000.0,60,2,361235.0,MEDIUM,1
44,3581000.0,Business,13.1,690,0,0.0,7539000.0,48,1,2245971.0,MEDIUM,1
53,275000.0,Salaried,14.1,455,0,0.0,996000.0,12,3,195544.0,MEDIUM,0
49,625000.0,Business,8.4,632,2,13443.0,1241000.0,60,1,228185.0,MEDIUM,0
63,155000.0,Business,11.4,792,1,1081.0,86000.0,48,1,21244.0,LOW,1
42,753000.0,Salaried,18.0,758,1,3423.0,785000.0,48,1,685516.0,LOW,1
46,389000.0,Salaried,17.4,639,2,4692.0,735000.0,120,0,210929.0,LOW,1
48,1714000.0,Salaried,19.1,645,2,36072.0,2021000.0,36,2,1700731.0,MEDIUM,1
41,340000.0,Salaried,10.6,725,0,0.0,596000.0,12,2,239206.0,LOW,1
27,196000.0,Self-Employed,9.0,754,0,0.0,300000.0,60,1,128737.0,LOW,1
37,407000.0,Self-Employed,18.3,637,2,6077.0,602000.0,24,0,388344.0,LOW,1
40,165000.0,Salaried,4.0,661,2,1967.0,105000.0,84,4,71581.0,MEDIUM,0
61,848000.0,Freelance,7.6,634,0,0.0,3024000.0,48,1,535885.0,MEDIUM,0
40,157000.0,Salaried,1.3,573,1,7.0,449000.0,12,2,123932.0,MEDIUM,0
42,550000.0,Salaried,2.2,662,3,15768.0,1434000.0,60,0,364111.0,MEDIUM,1
48,155000.0,Salaried,7.3,656,4,2147.0,394000.0,84,1,53421.0,MEDIUM,0
60,446000.0,Self-Employed,0.6,579,1,1838.0,788000.0,120,1,239796.0,MEDIUM,0
27,1448000.0,Salaried,7.4,731,0,0.0,4845000.0,12,2,786360.0,MEDIUM,0
21,671000.0,Salaried,0.3,718,1,438.0,2510000.0,12,3,781072.0,HIGH,0
52,322000.0,Salaried,1.8,735,0,0.0,103000.0,60,1,32207.0,LOW,1
33,530000.0,Business,13.1,618,0,0.0,314000.0,36,3,413795.0,LOW,1
50,546000.0,Freelance,27.4,521,1,6410.0,1527000.0,84,2,25835.0,MEDIUM,0
43,718000.0,Salaried,23.7,717,2,8163.0,843000.0,36,1,522736.0,LOW,1
39,238000.0,Salaried,9.2,626,0,0.0,874000.0,48,1,109273.0,HIGH,0
52,771000.0,Self-Employed,27.7,608,3,19492.0,2135000.0,36,3,696507.0,HIGH,0
50,150000.0,Business,9.9,579,2,3359.0,249000.0,48,1,78066.0,MEDIUM,0
49,370000.0,Salaried,2.2,657,2,4052.0,680000.0,48,3,331284.0,MEDIUM,0
65,403000.0,Freelance,29.8,806,5,17414.0,1151000.0,60,0,367633.0,MEDIUM,1
49,790000.0,Self-Employed,26.1,639,2,19342.0,649000.0,12,4,383642.0,MEDIUM,1
50,548000.0,Self-Employed,14.0,592,4,6595.0,1956000.0,24,2,189474.0,MEDIUM,0
36,233000.0,Self-Employed,18.0,732,1,2390.0,74000.0,120,5,41157.0,LOW,1
60,299000.0,Freelance,20.1,693,0,0.0,1173000.0,24,2,15785.0,MEDIUM,0
39,609000.0,Business,5.8,510,1,3245.0,560000.0,36,0,17267.0,MEDIUM,1
38,515000.0,Salaried,6.0,732,1,1814.0,1569000.0,60,0,156333.0,MEDIUM,1
21,382000.0,Salaried,1.6,850,0,0.0,171000.0,24,0,310556.0,LOW,1
34,405000.0,Self-Employed,16.0,471,2,52.0,768000.0,120,1,296258.0,MEDIUM,1
22,821000.0,Salaried,3.9,581,0,0.0,2161000.0,12,2,552864.0,HIGH,0
48,396000.0,Business,23.5,452,2,4408.0,222000.0,48,0,28824.0,MEDIUM,1
50,513000.0,Business,1.7,673,1,4054.0,995000.0,48,1,371691.0,MEDIUM,1
58,1987000.0,Business,14.3,759,2,31661.0,2825000.0,60,2,1251692.0,LOW,0
24,230000.0,Freelance,3.4,688,1,1678.0,493000.0,36,1,168347.0,MEDIUM,1
21,178000.0,Salaried,2.6,791,5,3260.0,386000.0,12,1,148160.0,MEDIUM,0
28,865000.0,Business,1.8,746,1,10244.0,2773000.0,120,1,183585.0,MEDIUM,0
49,360000.0,Business,12.6,816,5,8819.0,273000.0,36,4,449158.0,LOW,1
59,446000.0,Salaried,17.5,772,0,0.0,270000.0,120,0,324038.0,LOW,1
23,338000.0,Business,3.1,647,2,4686.0,604000.0,36,4,253982.0,MEDIUM,1
52,462000.0,Salaried,4.1,685,1,4325.0,1656000.0,60,1,211568.0,HIGH,0
30,1410000.0,Business,12.0,610,3,647.0,4885000.0,48,1,212081.0,MEDIUM,0
30,874000.0,Self-Employed,12.0,661,2,6038.0,2073000.0,36,3,662979.0,MEDIUM,0
39,906000.0,Salaried,4.9,684,3,28029.0,3251000.0,120,1,960019.0,MEDIUM,1
54,231000.0,Self-Employed,16.1,673,0,0.0,758000.0,36,5,151592.0,MEDIUM,1
53,271000.0,Self-Employed,27.4,787,3,4151.0,360000.0,12,2,79531.0,LOW,1
43,150000.0,Salaried,0.5,653,0,0.0,139000.0,84,2,101833.0,MEDIUM,0
48,332000.0,Salaried,19.3,605,0,0.0,470000.0,48,5,146308.0,MEDIUM,0
52,959000.0,Salaried,2.2,610,0,0.0,1094000.0,36,1,398874.0,LOW,1
27,737000.0,Self-Employed,0.2,732,1,3152.0,1919000.0,84,4,814506.0,MEDIUM,1
49,473000.0,Business,4.5,567,2,837.0,1166000.0,24,2,323592.0,MEDIUM,0
28,533000.0,Freelance,10.0,663,0,0.0,1340000.0,120,3,303766.0,LOW,0
21,357000.0,Self-Employed,1.4,786,0,0.0,357000.0,84,2,202852.0,LOW,1
23,611000.0,Business,1.2,703,2,432.0,1973000.0,24,2,189285.0,MEDIUM,1
44,856000.0,Salaried,18.8,674,5,31685.0,1630000.0,120,0,345419.0,LOW,1
43,205000.0,Business,12.3,677,2,4904.0,420000.0,48,0,126473.0,MEDIUM,0
28,647000.0,Salaried,7.0,597,2,12861.0,2581000.0,48,1,50234.0,MEDIUM,0
57,945000.0,Salaried,15.4,611,2,8165.0,1270000.0,60,1,356034.0,LOW,1
23,421000.0,Self-Employed,1.5,664,2,1455.0,740000.0,84,2,233825.0,MEDIUM,0
53,823000.0,Salaried,25.0,701,5,23922.0,2307000.0,120,2,588973.0,MEDIUM,1
48,2925000.0,Business,25.4,755,1,14367.0,10406000.0,36,2,2740027.0,LOW,1
28,508000.0,Business,10.0,687,1,6171.0,391000.0,24,1,26745.0,MEDIUM,0
54,684000.0,Salaried,23.8,788,3,25390.0,2065000.0,84,2,283912.0,LOW,1
55,347000.0,Salaried,6.4,808,4,7124.0,1283000.0,24,2,132695.0,MEDIUM,0
52,602000.0,Business,22.2,743,0,0.0,1123000.0,120,3,396266.0,LOW,1
44,712000.0,Business,26.0,777,2,16209.0,969000.0,48,3,442564.0,MEDIUM,1
34,607000.0,Salaried,0.4,600,2,12042.0,1704000.0,120,0,65439.0,HIGH,0
52,293000.0,Salaried,13.2,588,1,1873.0,355000.0,48,1,215038.0,LOW,1
63,612000.0,Self-Employed,19.4,721,1,2795.0,1054000.0,12,1,506730.0,MEDIUM,1
36,1299000.0,Self-Employed,18.0,572,2,14554.0,4701000.0,12,3,994904.0,MEDIUM,1
24,707000.0,Salaried,1.9,656,1,7970.0,1756000.0,120,2,106711.0,MEDIUM,1
57,962000.0,Salaried,29.2,741,1,2220.0,627000.0,48,2,614331.0,LOW,1
41,469000.0,Business,18.5,793,5,23649.0,713000.0,12,2,379832.0,MEDIUM,0
34,847000.0,Self-Employed,4.9,659,2,385.0,2220000.0,48,0,73648.0,MEDIUM,0
51,639000.0,Freelance,0.6,628,3,22059.0,1330000.0,84,2,628665.0,MEDIUM,0
38,305000.0,Business,20.0,705,3,5722.0,837000.0,48,2,283190.0,MEDIUM,0
27,654000.0,Freelance,2.4,594,2,3707.0,2039000.0,60,3,169594.0,MEDIUM,0
30,298000.0,Salaried,4.2,666,3,32.0,619000.0,12,2,208346.0,MEDIUM,0
27,370000.0,Business,9.0,679,1,2588.0,1462000.0,36,4,70819.0,MEDIUM,1
53,605000.0,Salaried,18.1,677,2,3698.0,2229000.0,36,0,589110.0,MEDIUM,1
43,646000.0,Self-Employed,20.6,687,2,10195.0,337000.0,84,3,93499.0,MEDIUM,0
41,265000.0,Self-Employed,11.8,613,2,1863.0,341000.0,60,3,239891.0,MEDIUM,1
39,1017000.0,Salaried,21.0,621,0,0.0,1436000.0,120,1,857729.0,LOW,1
39,762000.0,Business,21.0,620,1,4811.0,748000.0,36,2,381438.0,LOW,0
56,354000.0,Business,8.1,550,1,2498.0,515000.0,36,2,208669.0,MEDIUM,0
49,215000.0,Salaried,21.1,707,2,2433.0,402000.0,84,1,67706.0,LOW,1
38,495000.0,Self-Employed,20.0,751,5,14170.0,243000.0,84,2,248360.0,LOW,1
22,414000.0,Salaried,2.3,743,4,12206.0,319000.0,60,4,123531.0,LOW,1
21,578000.0,Salaried,1.2,659,0,0.0,379000.0,24,1,338640.0,LOW,1
25,435000.0,Business,6.7,615,1,721.0,205000.0,60,5,148690.0,LOW,0
40,162000.0,Salaried,16.1,739,0,0.0,337000.0,60,1,73646.0,MEDIUM,0
31,428000.0,Freelance,13.0,731,1,759.0,657000.0,12,0,237783.0,MEDIUM,1
62,450000.0,Salaried,21.0,697,3,11699.0,1693000.0,36,0,451693.0,MEDIUM,1
22,790000.0,Self-Employed,1.0,819,3,15660.0,537000.0,120,1,604823.0,LOW,1
23,355000.0,Self-Employed,0.8,677,0,0.0,1323000.0,36,1,320307.0,MEDIUM,1
43,1479000.0,Salaried,2.0,659,1,14759.0,917000.0,24,2,1361264.0,LOW,1
32,172000.0,Salaried,2.3,648,0,0.0,446000.0,120,0,49286.0,LOW,1
40,1187000.0,Business,22.0,555,1,8429.0,1444000.0,60,2,835228.0,LOW,1
25,472000.0,Business,4.1,732,3,1317.0,1586000.0,48,2,375906.0,MEDIUM,0
57,905000.0,Salaried,18.7,671,2,16842.0,477000.0,24,1,521112.0,LOW,1
58,567000.0,Self-Employed,9.7,720,2,9854.0,2168000.0,24,0,79986.0,MEDIUM,1
50,1071000.0,Salaried,13.7,827,2,21484.0,509000.0,36,1,862105.0,LOW,1
29,428000.0,Salaried,6.5,648,1,4732.0,510000.0,36,1,83188.0,MEDIUM,0
54,280000.0,Self-Employed,26.0,492,0,0.0,565000.0,36,2,180989.0,LOW,1
64,1267000.0,Salaried,17.6,718,0,0.0,3924000.0,36,1,1402354.0,MEDIUM,1
55,505000.0,Business,28.3,693,2,4364.0,1929000.0,24,1,284699.0,MEDIUM,0
42,617000.0,Business,17.2,621,3,7944.0,1162000.0,84,0,286641.0,LOW,1
64,1134000.0,Freelance,3.7,711,2,26771.0,3518000.0,60,2,670685.0,MEDIUM,0
44,291000.0,Self-Employed,5.1,742,0,0.0,870000.0,84,2,34990.0,MEDIUM,1
37,772000.0,Freelance,19.0,604,2,10586.0,1863000.0,84,1,198938.0,MEDIUM,0
30,379000.0,Self-Employed,12.0,655,0,0.0,1083000.0,36,2,382695.0,MEDIUM,1
50,499000.0,Self-Employed,1.5,798,0,0.0,220000.0,12,2,241948.0,MEDIUM,0
43,564000.0,Freelance,21.1,622,1,2280.0,1091000.0,24,1,345815.0,MEDIUM,1
52,220000.0,Self-Employed,12.4,685,1,422.0,706000.0,120,2,163375.0,MEDIUM,0
37,339000.0,Salaried,9.2,470,3,8130.0,697000.0,120,1,223311.0,HIGH,0
37,1215000.0,Business,4.6,561,2,1295.0,4291000.0,48,1,290378.0,MEDIUM,0
34,920000.0,Freelance,16.0,692,0,0.0,3114000.0,48,2,934120.0,MEDIUM,0
29,520000.0,Business,1.9,778,0,0.0,1817000.0,60,2,275576.0,MEDIUM,1
60,625000.0,Self-Employed,8.7,571,1,2306.0,488000.0,24,3,533976.0,LOW,0
22,453000.0,Self-Employed,0.6,685,0,0.0,545000.0,24,2,219374.0,MEDIUM,0
65,1219000.0,Freelance,4.8,649,1,14564.0,499000.0,24,1,173047.0,LOW,1
45,479000.0,Salaried,15.2,756,2,9769.0,1886000.0,84,3,50046.0,MEDIUM,1
59,621000.0,Self-Employed,0.4,582,0,0.0,729000.0,12,0,567386.0,HIGH,0
29,1075000.0,Salaried,9.0,714,3,21396.0,1783000.0,120,4,190177.0,MEDIUM,1
42,339000.0,Self-Employed,24.0,627,1,2412.0,447000.0,120,1,192846.0,LOW,1
63,1377000.0,Self-Employed,9.3,697,1,14393.0,616000.0,12,0,855543.0,MEDIUM,0
24,216000.0,Salaried,0.2,685,1,1331.0,274000.0,84,0,102265.0,MEDIUM,0
46,1437000.0,Salaried,14.2,659,2,14611.0,953000.0,36,1,677774.0,LOW,1
49,432000.0,Self-Employed,16.9,718,1,3320.0,760000.0,84,0,251729.0,LOW,0
65,467000.0,Salaried,24.3,683,0,0.0,1811000.0,48,1,67775.0,MEDIUM,1
54,174000.0,Salaried,5.7,669,4,6533.0,502000.0,120,1,152124.0,MEDIUM,0
43,411000.0,Business,25.0,651,0,0.0,1198000.0,84,0,174013.0,MEDIUM,0
57,290000.0,Salaried,22.7,686,4,10813.0,573000.0,12,1,88036.0,MEDIUM,0
31,375000.0,Self-Employed,13.0,697,0,0.0,1238000.0,48,1,146381.0,MEDIUM,1
26,498000.0,Freelance,2.6,600,2,5982.0,1823000.0,84,1,303375.0,HIGH,0
38,960000.0,Salaried,0.6,652,1,1619.0,3703000.0,24,3,800883.0,MEDIUM,0
41,612000.0,Salaried,17.8,595,1,6009.0,408000.0,12,2,107411.0,MEDIUM,1
62,650000.0,Self-Employed,25.9,676,0,0.0,2311000.0,48,3,436549.0,MEDIUM,1
56,280000.0,Business,17.5,632,0,0.0,317000.0,12,1,127500.0,MEDIUM,0
61,319000.0,Freelance,6.4,741,2,6607.0,565000.0,24,0,337737.0,MEDIUM,1
58,1590000.0,Freelance,2.7,733,3,40003.0,2509000.0,24,4,1826206.0,MEDIUM,1
54,348000.0,Business,21.0,606,1,4205.0,974000.0,24,1,236384.0,MEDIUM,0
37,1460000.0,Salaried,19.0,679,1,11178.0,3668000.0,36,2,980860.0,MEDIUM,1
57,467000.0,Salaried,5.2,731,0,0.0,329000.0,84,2,442978.0,LOW,1
45,541000.0,Salaried,0.8,665,2,7566.0,1729000.0,48,2,301936.0,MEDIUM,0
58,1027000.0,Salaried,12.2,621,1,3559.0,1979000.0,120,3,90253.0,MEDIUM,0
32,1159000.0,Business,14.0,592,0,0.0,357000.0,36,3,791977.0,LOW,1
43,506000.0,Self-Employed,21.2,748,2,5814.0,928000.0,120,5,371128.0,LOW,1
62,428000.0,Salaried,24.3,752,1,4144.0,946000.0,60,2,95460.0,LOW,1
42,523000.0,Business,18.3,663,0,0.0,290000.0,60,4,135767.0,LOW,1
41,662000.0,Salaried,3.3,741,0,0.0,569000.0,120,2,207312.0,LOW,1
47,922000.0,Salaried,20.5,442,2,6960.0,3666000.0,120,0,477429.0,MEDIUM,1
51,542000.0,Self-Employed,29.5,786,0,0.0,1910000.0,120,0,376702.0,LOW,0
26,783000.0,Salaried,8.0,667,3,7293.0,621000.0,12,1,68103.0,MEDIUM,1
47,1444000.0,Salaried,26.2,691,1,4711.0,3534000.0,12,2,1381313.0,MEDIUM,0
60,679000.0,Salaried,9.1,654,0,0.0,1156000.0,12,0,476963.0,MEDIUM,1
54,651000.0,Salaried,22.5,791,2,5575.0,1505000.0,120,1,632461.0,LOW,1
32,217000.0,Business,14.0,595,1,139.0,443000.0,36,5,196996.0,MEDIUM,0
65,150000.0,Freelance,20.3,797,1,644.0,72000.0,84,3,56385.0,LOW,1
27,682000.0,Salaried,7.5,711,1,5444.0,1001000.0,24,2,481079.0,LOW,1
30,510000.0,Salaried,12.0,729,0,0.0,390000.0,12,0,470398.0,LOW,1
65,397000.0,Business,13.5,653,2,9547.0,837000.0,12,0,224255.0,MEDIUM,0
37,625000.0,Freelance,3.9,575,1,5830.0,2286000.0,84,0,292879.0,MEDIUM,1
46,521000.0,Salaried,3.3,754,2,5586.0,2075000.0,60,1,603711.0,MEDIUM,0
41,1063000.0,Salaried,19.4,704,2,7949.0,4033000.0,120,2,330615.0,MEDIUM,0
48,569000.0,Business,13.1,788,2,1844.0,2246000.0,24,0,493010.0,MEDIUM,0
22,345000.0,Self-Employed,0.2,664,2,5414.0,123000.0,36,0,364244.0,MEDIUM,0
63,979000.0,Salaried,22.2,646,2,12479.0,2936000.0,84,0,254187.0,MEDIUM,0
21,474000.0,Self-Employed,1.1,791,1,4015.0,621000.0,24,1,298086.0,MEDIUM,1
56,741000.0,Salaried,21.8,832,1,2196.0,2596000.0,60,3,999023.0,LOW,1
46,406000.0,Self-Employed,6.1,680,0,0.0,1344000.0,36,3,30779.0,MEDIUM,1
49,366000.0,Self-Employed,20.7,619,2,2673.0,684000.0,120,1,236982.0,MEDIUM,0
41,568000.0,Business,0.3,744,2,11327.0,1165000.0,48,2,295773.0,MEDIUM,1
31,545000.0,Self-Employed,9.2,659,0,0.0,698000.0,120,1,457613.0,LOW,1
60,721000.0,Salaried,12.0,727,3,16452.0,987000.0,120,5,298500.0,MEDIUM,1
31,460000.0,Salaried,13.0,659,2,591.0,1808000.0,12,1,195317.0,MEDIUM,1
56,180000.0,Business,11.7,805,1,1236.0,646000.0,36,1,127668.0,MEDIUM,0
59,417000.0,Salaried,0.3,624,0,0.0,421000.0,60,2,155932.0,MEDIUM,1
60,870000.0,Salaried,10.6,718,1,1913.0,1148000.0,24,0,292187.0,MEDIUM,0
55,452000.0,Salaried,15.0,640,2,1277.0,317000.0,36,1,177988.0,LOW,1
54,466000.0,Business,28.5,657,0,0.0,1845000.0,60,3,456269.0,MEDIUM,0
44,977000.0,Self-Employed,26.0,647,1,4198.0,3573000.0,84,2,376593.0,MEDIUM,0
42,353000.0,Salaried,5.4,739,5,18233.0,827000.0,120,4,388236.0,MEDIUM,0
25,214000.0,Salaried,5.6,753,2,1207.0,613000.0,36,1,61572.0,MEDIUM,0
53,491000.0,Business,4.9,724,1,530.0,1506000.0,12,0,399804.0,HIGH,0
56,404000.0,Self-Employed,23.7,671,1,3048.0,426000.0,84,3,334611.0,LOW,1
40,303000.0,Business,0.2,691,0,0.0,1139000.0,24,0,48454.0,HIGH,0
39,486000.0,Business,3.8,751,4,7164.0,1093000.0,84,0,336784.0,MEDIUM,1
55,726000.0,Freelance,16.1,754,4,21882.0,466000.0,24,2,41547.0,MEDIUM,1
63,537000.0,Salaried,7.4,464,2,10419.0,950000.0,36,3,368310.0,MEDIUM,1
37,650000.0,Freelance,2.8,658,0,0.0,1642000.0,84,2,377935.0,MEDIUM,1
65,1604000.0,Salaried,10.8,662,0,0.0,2575000.0,60,5,119698.0,LOW,1
63,440000.0,Salaried,8.2,733,0,0.0,1270000.0,12,2,368683.0,MEDIUM,0
54,639000.0,Business,15.3,674,1,189.0,2277000.0,120,2,627800.0,LOW,1
29,398000.0,Salaried,11.0,737,0,0.0,1256000.0,12,5,360800.0,MEDIUM,0
46,325000.0,Salaried,3.7,593,2,2435.0,870000.0,36,2,50882.0,MEDIUM,1
22,380000.0,Salaried,3.1,700,1,1325.0,834000.0,48,2,242633.0,MEDIUM,1
29,405000.0,Self-Employed,11.0,752,0,0.0,503000.0,84,1,372931.0,LOW,1
29,670000.0,Salaried,11.0,562,2,12198.0,1329000.0,36,2,491349.0,MEDIUM,0
60,2212000.0,Business,11.8,881,0,0.0,3061000.0,84,4,158336.0,LOW,1
37,352000.0,Business,19.0,775,3,9231.0,1322000.0,12,3,138734.0,MEDIUM,0
21,421000.0,Self-Employed,3.0,680,1,3736.0,1540000.0,120,1,417070.0,MEDIUM,1
45,520000.0,Salaried,21.4,613,1,4962.0,456000.0,84,1,146907.0,MEDIUM,0
63,685000.0,Freelance,29.2,665,0,0.0,2290000.0,120,3,365524.0,MEDIUM,1
60,633000.0,Salaried,16.1,686,5,16333.0,1836000.0,24,1,503537.0,MEDIUM,1
62,1168000.0,Salaried,15.0,715,2,8618.0,4565000.0,36,3,1354734.0,LOW,1
45,150000.0,Salaried,5.6,800,1,132.0,302000.0,120,3,88443.0,LOW,1
59,150000.0,Self-Employed,19.0,641,0,0.0,446000.0,120,0,81681.0,LOW,1
55,401000.0,Salaried,17.7,725,2,6177.0,889000.0,36,2,274455.0,MEDIUM,0
23,1044000.0,Salaried,3.2,576,1,2329.0,581000.0,24,3,252955.0,LOW,1
57,211000.0,Salaried,0.8,646,5,4023.0,100000.0,84,0,86795.0,LOW,1
64,150000.0,Salaried,16.5,710,4,4794.0,113000.0,120,2,79387.0,LOW,0
64,761000.0,Self-Employed,17.8,735,2,11022.0,1062000.0,36,3,47943.0,LOW,1
50,625000.0,Business,6.2,619,5,33937.0,787000.0,60,0,25644.0,MEDIUM,1
58,281000.0,Business,6.2,644,0,0.0,842000.0,24,1,73952.0,MEDIUM,1
54,299000.0,Salaried,8.3,796,1,3609.0,882000.0,24,2,208265.0,MEDIUM,1
32,302000.0,Salaried,14.0,772,1,2254.0,1176000.0,84,0,368847.0,LOW,1
39,577000.0,Freelance,18.2,696,0,0.0,836000.0,24,1,642046.0,LOW,1
57,371000.0,Salaried,25.4,501,5,19953.0,1400000.0,12,2,196003.0,MEDIUM,1
64,727000.0,Business,8.9,880,0,0.0,1867000.0,36,1,886952.0,LOW,0
37,150000.0,Salaried,19.0,678,3,4043.0,320000.0,48,1,150721.0,MEDIUM,0
30,323000.0,Freelance,12.0,654,2,4040.0,895000.0,36,0,291731.0,MEDIUM,1
32,275000.0,Salaried,11.9,638,1,939.0,798000.0,36,4,160081.0,MEDIUM,0
36,463000.0,Salaried,2.9,710,0,0.0,433000.0,12,3,385973.0,MEDIUM,0
44,391000.0,Business,7.7,710,0,0.0,1205000.0,60,1,16823.0,MEDIUM,1
39,872000.0,Self-Employed,21.0,756,0,0.0,2601000.0,120,0,718034.0,MEDIUM,1
28,177000.0,Salaried,9.3,605,1,311.0,706000.0,60,0,77485.0,MEDIUM,0
51,555000.0,Self-Employed,9.9,655,1,2184.0,2039000.0,12,0,390351.0,MEDIUM,0
41,755000.0,Business,5.7,842,2,8020.0,2139000.0,12,2,743958.0,LOW,1
37,1646000.0,Salaried,19.0,697,2,34498.0,4832000.0,12,2,241121.0,MEDIUM,0
43,405000.0,Salaried,8.3,666,1,4520.0,1539000.0,36,0,388090.0,MEDIUM,1
57,656000.0,Self-Employed,9.9,604,0,0.0,2544000.0,12,0,130905.0,HIGH,0
36,183000.0,Salaried,12.4,720,3,4711.0,615000.0,48,2,9421.0,HIGH,0
26,150000.0,Self-Employed,8.0,762,1,146.0,471000.0,120,2,84707.0,LOW,1
28,897000.0,Salaried,10.0,749,1,4592.0,639000.0,24,1,133028.0,LOW,1
45,539000.0,Salaried,15.1,659,2,6558.0,1818000.0,60,2,556445.0,MEDIUM,0
38,1096000.0,Salaried,20.0,708,4,41957.0,1356000.0,84,2,392527.0,LOW,1
45,237000.0,Self-Employed,24.6,813,3,7927.0,565000.0,48,2,79688.0,LOW,1
32,738000.0,Salaried,14.0,765,0,0.0,1328000.0,84,0,267288.0,MEDIUM,1
35,1658000.0,Salaried,3.0,617,1,10937.0,2618000.0,60,1,511831.0,LOW,1
46,695000.0,Salaried,24.0,476,0,0.0,1006000.0,120,0,49426.0,MEDIUM,0
61,638000.0,Freelance,3.6,703,4,10485.0,2211000.0,36,4,409313.0,MEDIUM,0
65,543000.0,Salaried,3.7,743,0,0.0,1708000.0,36,1,33757.0,MEDIUM,1
46,211000.0,Business,28.0,592,0,0.0,472000.0,12,0,153135.0,MEDIUM,1
52,1219000.0,Salaried,24.6,679,3,13549.0,3363000.0,60,0,1052356.0,MEDIUM,0
30,375000.0,Salaried,12.0,658,4,9524.0,1479000.0,36,0,169431.0,MEDIUM,1
36,731000.0,Self-Employed,18.0,688,2,4219.0,1295000.0,36,3,802019.0,LOW,1
27,212000.0,Self-Employed,9.0,636,0,0.0,496000.0,84,0,173639.0,MEDIUM,0
37,266000.0,Freelance,18.3,783,1,2272.0,605000.0,84,2,52472.0,MEDIUM,1
43,1278000.0,Freelance,18.4,691,3,4099.0,4809000.0,60,2,1421334.0,MEDIUM,0
46,439000.0,Business,22.6,609,2,9550.0,703000.0,36,1,369822.0,MEDIUM,1
41,1292000.0,Self-Employed,7.0,753,0,0.0,5102000.0,120,3,1146193.0,LOW,1
42,516000.0,Self-Employed,5.0,578,0,0.0,737000.0,12,1,321351.0,MEDIUM,1
27,179000.0,Salaried,9.0,782,3,172.0,126000.0,36,0,143072.0,LOW,1
34,923000.0,Freelance,10.3,759,1,9593.0,930000.0,48,0,1145821.0,LOW,0
35,379000.0,Self-Employed,4.1,791,2,7504.0,711000.0,48,1,246057.0,LOW,1
27,822000.0,Self-Employed,9.0,667,1,1365.0,2223000.0,12,2,173850.0,MEDIUM,0
29,549000.0,Salaried,10.8,640,1,2301.0,1215000.0,48,2,182425.0,LOW,1
28,214000.0,Salaried,10.0,686,5,11834.0,362000.0,84,2,95390.0,MEDIUM,0
43,596000.0,Freelance,20.9,673,1,3862.0,1418000.0,36,0,222946.0,MEDIUM,1
49,2018000.0,Salaried,15.9,627,2,20245.0,6868000.0,48,2,129290.0,MEDIUM,0
38,726000.0,Salaried,20.0,635,0,0.0,2471000.0,48,0,78695.0,MEDIUM,0
51,522000.0,Salaried,27.1,650,0,0.0,1559000.0,36,5,21130.0,MEDIUM,1
50,1030000.0,Business,15.4,586,2,12183.0,3939000.0,60,4,675333.0,MEDIUM,1
59,613000.0,Salaried,27.2,734,3,14996.0,1523000.0,12,0,500971.0,LOW,1
55,613000.0,Business,12.1,675,2,9326.0,201000.0,60,2,67265.0,MEDIUM,1
38,281000.0,Salaried,6.9,655,0,0.0,387000.0,60,4,101749.0,MEDIUM,1
62,622000.0,Business,7.0,591,0,0.0,942000.0,48,0,183120.0,MEDIUM,0
59,1006000.0,Business,19.9,587,3,26730.0,2339000.0,24,0,451984.0,MEDIUM,1
37,327000.0,Salaried,15.0,834,1,2391.0,1193000.0,60,1,172071.0,LOW,1
34,1270000.0,Self-Employed,16.0,629,3,32598.0,4319000.0,120,0,1076677.0,MEDIUM,1
51,511000.0,Salaried,20.6,728,1,1636.0,592000.0,36,3,543205.0,LOW,1
44,317000.0,Salaried,0.7,693,4,13201.0,704000.0,36,3,83857.0,HIGH,0
55,983000.0,Business,1.6,457,3,16577.0,2692000.0,36,4,107077.0,HIGH,0
64,455000.0,Salaried,16.0,823,0,0.0,1799000.0,24,1,524695.0,MEDIUM,0
65,852000.0,Salaried,5.7,734,2,496.0,354000.0,24,0,533912.0,LOW,1
54,454000.0,Salaried,19.0,618,0,0.0,915000.0,84,1,158514.0,LOW,1
23,521000.0,Salaried,3.0,677,0,0.0,2061000.0,12,3,47996.0,HIGH,0
57,727000.0,Business,17.6,588,1,5049.0,2847000.0,120,2,429488.0,MEDIUM,1
63,643000.0,Salaried,9.1,826,2,3910.0,980000.0,120,5,206327.0,LOW,1
60,163000.0,Freelance,19.2,607,1,1503.0,49000.0,24,4,11227.0,LOW,1
46,276000.0,Freelance,24.9,638,2,6085.0,682000.0,12,1,133182.0,MEDIUM,1
43,944000.0,Salaried,25.0,621,0,0.0,3311000.0,84,0,583147.0,MEDIUM,0
64,499000.0,Salaried,25.2,686,0,0.0,748000.0,36,0,111762.0,LOW,1
59,395000.0,Business,16.7,789,2,8644.0,1484000.0,120,2,341993.0,MEDIUM,0
35,239000.0,Salaried,5.8,823,1,1079.0,366000.0,24,4,70455.0,LOW,0
24,283000.0,Salaried,3.0,648,2,3075.0,724000.0,120,1,15998.0,MEDIUM,0
49,161000.0,Salaried,28.1,710,2,889.0,478000.0,48,3,33327.0,MEDIUM,0
42,509000.0,Self-Employed,6.4,686,3,8118.0,803000.0,84,2,344164.0,MEDIUM,0
45,377000.0,Business,7.7,601,1,1090.0,604000.0,48,0,238419.0,MEDIUM,1
33,303000.0,Salaried,4.5,873,0,0.0,618000.0,48,3,382651.0,LOW,1
38,519000.0,Salaried,20.0,789,2,6473.0,1760000.0,24,2,63462.0,MEDIUM,1
53,672000.0,Freelance,12.2,695,2,13239.0,452000.0,24,0,732045.0,LOW,1
36,1897000.0,Business,1.9,806,1,7416.0,5001000.0,24,3,1362637.0,MEDIUM,0
65,218000.0,Self-Employed,26.2,776,2,2755.0,612000.0,48,3,75723.0,MEDIUM,0
62,1083000.0,Business,16.7,686,1,3513.0,2560000.0,36,2,471194.0,LOW,0
64,969000.0,Salaried,9.9,706,0,0.0,3646000.0,60,0,98008.0,MEDIUM,0
22,339000.0,Business,3.4,800,2,4423.0,857000.0,36,1,62775.0,MEDIUM,0
55,610000.0,Salaried,8.7,604,0,0.0,1615000.0,24,1,530924.0,MEDIUM,1
62,411000.0,Salaried,13.7,813,1,1401.0,1035000.0,120,0,75174.0,LOW,1
54,604000.0,Business,10.1,661,1,626.0,1795000.0,60,0,57047.0,MEDIUM,0
50,1336000.0,Salaried,16.4,801,1,465.0,1070000.0,120,0,1084189.0,LOW,1
33,777000.0,Freelance,15.0,679,2,10216.0,2804000.0,84,1,348861.0,LOW,1
33,733000.0,Salaried,15.0,707,0,0.0,335000.0,60,3,362693.0,LOW,1
38,417000.0,Freelance,8.8,677,5,25118.0,1114000.0,36,3,69229.0,HIGH,0
52,222000.0,Freelance,15.9,637,2,951.0,572000.0,48,0,17550.0,MEDIUM,0
52,477000.0,Salaried,25.2,658,1,4734.0,510000.0,12,0,446842.0,LOW,1
55,1115000.0,Business,2.0,790,0,0.0,502000.0,48,0,597559.0,LOW,1
59,216000.0,Salaried,2.3,494,0,0.0,176000.0,48,2,23835.0,MEDIUM,0
49,287000.0,Freelance,16.7,580,2,6957.0,375000.0,120,3,61217.0,MEDIUM,0
49,583000.0,Self-Employed,19.2,621,1,5849.0,2078000.0,60,0,78339.0,MEDIUM,1
64,299000.0,Business,6.3,593,0,0.0,1036000.0,24,2,142632.0,MEDIUM,1
36,336000.0,Self-Employed,18.0,800,1,2928.0,180000.0,24,0,360636.0,LOW,1
64,419000.0,Salaried,19.4,780,2,10385.0,574000.0,60,0,223611.0,LOW,0
30,238000.0,Salaried,12.0,727,2,3530.0,855000.0,48,0,180247.0,MEDIUM,0
50,301000.0,Salaried,5.1,628,2,767.0,354000.0,36,2,211523.0,MEDIUM,0
45,824000.0,Business,22.5,786,3,2004.0,3284000.0,84,0,773353.0,LOW,1
59,247000.0,Self-Employed,2.5,552,0,0.0,309000.0,120,1,136157.0,LOW,0
40,207000.0,Self-Employed,17.0,851,2,3403.0,628000.0,12,2,166560.0,LOW,1
25,370000.0,Salaried,7.0,625,0,0.0,682000.0,48,2,186875.0,MEDIUM,0
21,838000.0,Self-Employed,0.8,659,1,1139.0,674000.0,120,0,443791.0,LOW,1
50,480000.0,Salaried,25.3,645,2,11339.0,597000.0,48,1,179644.0,LOW,1
23,409000.0,Business,2.7,594,0,0.0,1144000.0,12,2,205547.0,MEDIUM,0
65,555000.0,Freelance,15.6,834,1,4506.0,859000.0,36,1,381449.0,LOW,1
34,190000.0,Salaried,6.5,743,3,248.0,482000.0,12,2,79643.0,LOW,1
50,727000.0,Salaried,22.3,777,0,0.0,771000.0,60,1,303034.0,LOW,1
24,680000.0,Salaried,1.2,582,1,4782.0,1333000.0,12,0,298035.0,HIGH,0
38,423000.0,Self-Employed,20.0,694,4,11915.0,929000.0,12,1,390241.0,MEDIUM,1
57,988000.0,Self-Employed,25.1,721,1,11653.0,1805000.0,48,2,319839.0,LOW,1
45,275000.0,Business,25.0,701,2,6389.0,284000.0,120,3,269395.0,LOW,1
21,1063000.0,Salaried,1.9,587,3,8782.0,2134000.0,48,2,742137.0,MEDIUM,1
35,593000.0,Business,17.0,766,0,0.0,1698000.0,24,1,214998.0,HIGH,0
29,442000.0,Self-Employed,0.4,689,0,0.0,1711000.0,12,2,23339.0,HIGH,0
35,534000.0,Salaried,17.0,603,2,252.0,1720000.0,60,2,56320.0,MEDIUM,0
44,507000.0,Self-Employed,21.7,531,2,3040.0,455000.0,24,3,384066.0,HIGH,0
24,1124000.0,Salaried,2.3,728,0,0.0,1471000.0,84,0,1096150.0,MEDIUM,0
32,283000.0,Self-Employed,14.0,876,1,2062.0,167000.0,12,3,165152.0,LOW,1
57,342000.0,Business,2.8,598,1,2998.0,274000.0,48,0,30893.0,LOW,1
57,1006000.0,Salaried,15.9,693,3,7930.0,1235000.0,60,3,935609.0,LOW,1
63,378000.0,Business,8.7,768,1,3953.0,392000.0,36,1,134343.0,LOW,1
26,928000.0,Self-Employed,8.0,578,4,39241.0,1012000.0,24,2,829686.0,MEDIUM,0
59,1498000.0,Salaried,25.7,641,5,59452.0,1728000.0,48,1,844857.0,MEDIUM,0
44,425000.0,Self-Employed,22.0,611,2,9787.0,600000.0,36,1,306215.0,MEDIUM,1
31,813000.0,Self-Employed,13.0,758,2,16524.0,622000.0,12,3,488139.0,MEDIUM,0
33,270000.0,Salaried,10.4,786,1,748.0,359000.0,60,1,21102.0,LOW,0
54,850000.0,Salaried,27.0,692,0,0.0,2420000.0,48,2,91152.0,MEDIUM,0
45,609000.0,Salaried,9.8,612,2,14513.0,715000.0,48,2,592481.0,LOW,1
27,718000.0,Salaried,9.0,644,1,1235.0,672000.0,60,0,326181.0,MEDIUM,1
24,367000.0,Salaried,3.1,629,1,4490.0,202000.0,48,3,79206.0,LOW,1
28,199000.0,Salaried,0.6,601,2,124.0,428000.0,48,5,141818.0,MEDIUM,1
40,731000.0,Salaried,10.8,671,1,4771.0,2497000.0,12,0,712042.0,MEDIUM,0
49,157000.0,Freelance,0.6,725,2,3038.0,81000.0,24,3,54617.0,LOW,1
65,447000.0,Salaried,29.9,719,1,4417.0,1031000.0,36,0,309636.0,MEDIUM,0
30,950000.0,Business,3.7,679,0,0.0,2572000.0,84,4,286121.0,LOW,1
63,606000.0,Self-Employed,16.3,684,1,4010.0,1510000.0,60,1,563301.0,LOW,1
54,1739000.0,Business,23.7,673,4,56601.0,6169000.0,36,5,224828.0,MEDIUM,0
46,1000000.0,Salaried,6.0,576,3,26247.0,3506000.0,60,0,367081.0,HIGH,1
61,365000.0,Freelance,14.6,692,0,0.0,187000.0,84,3,166091.0,LOW,1
23,549000.0,Self-Employed,2.9,633,1,4088.0,898000.0,60,2,367985.0,MEDIUM,0
26,525000.0,Business,4.8,572,4,22217.0,1461000.0,48,1,99954.0,HIGH,0
25,209000.0,Salaried,7.0,709,0,0.0,799000.0,84,2,119995.0,MEDIUM,0
25,307000.0,Salaried,7.0,631,1,2008.0,1006000.0,84,2,179153.0,MEDIUM,0
43,386000.0,Self-Employed,6.3,698,1,41.0,368000.0,12,4,395868.0,MEDIUM,0
29,159000.0,Salaried,11.0,747,2,2733.0,212000.0,60,1,106277.0,LOW,1
55,556000.0,Self-Employed,12.3,603,1,1358.0,1738000.0,84,4,87671.0,MEDIUM,0
40,465000.0,Salaried,22.0,687,0,0.0,951000.0,36,2,68819.0,LOW,1
62,198000.0,Self-Employed,26.4,535,2,1041.0,460000.0,24,2,158022.0,LOW,1
55,689000.0,Freelance,14.5,802,0,0.0,1759000.0,36,0,897347.0,LOW,1
38,830000.0,Self-Employed,10.8,571,2,10027.0,566000.0,84,3,149434.0,MEDIUM,1
37,619000.0,Business,9.8,638,1,3287.0,2146000.0,12,3,489733.0,MEDIUM,0
44,445000.0,Self-Employed,8.0,787,1,2365.0,1555000.0,24,3,159763.0,MEDIUM,0
23,771000.0,Self-Employed,2.8,661,0,0.0,1567000.0,120,2,699321.0,LOW,1
52,813000.0,Freelance,24.1,584,2,19252.0,2130000.0,48,4,97564.0,HIGH,0
55,650000.0,Business,9.3,737,1,28.0,1782000.0,120,3,359960.0,LOW,1
58,329000.0,Business,5.7,735,1,3666.0,330000.0,120,4,242900.0,LOW,1
33,638000.0,Salaried,14.3,629,2,11754.0,457000.0,36,2,561119.0,LOW,1
45,1107000.0,Self-Employed,2.1,638,2,4762.0,417000.0,36,3,993261.0,LOW,1
29,378000.0,Salaried,11.0,645,0,0.0,1390000.0,84,1,84238.0,MEDIUM,1
24,1903000.0,Salaried,2.8,663,0,0.0,3005000.0,60,2,1999587.0,LOW,1
34,394000.0,Self-Employed,14.9,528,0,0.0,243000.0,60,1,217630.0,LOW,1
57,551000.0,Business,9.0,665,2,1755.0,1115000.0,24,0,402022.0,MEDIUM,0
54,361000.0,Business,27.1,822,2,4130.0,209000.0,48,2,439405.0,LOW,1
31,618000.0,Salaried,2.7,608,2,7234.0,380000.0,60,3,209614.0,MEDIUM,0
61,190000.0,Salaried,26.1,633,2,3811.0,401000.0,84,0,85300.0,MEDIUM,1
23,389000.0,Business,1.6,585,3,13365.0,849000.0,36,0,363708.0,MEDIUM,0
48,281000.0,Salaried,26.4,728,1,289.0,687000.0,24,0,16617.0,MEDIUM,0
49,586000.0,Self-Employed,21.9,776,1,2300.0,1599000.0,60,2,655292.0,LOW,1
29,981000.0,Salaried,3.1,774,3,10979.0,2720000.0,60,0,1064094.0,MEDIUM,0
23,796000.0,Salaried,3.1,580,0,0.0,1514000.0,12,0,214744.0,MEDIUM,0
45,150000.0,Freelance,20.5,719,1,1049.0,402000.0,24,1,146895.0,LOW,0
54,1840000.0,Salaried,1.0,794,0,0.0,2627000.0,24,1,852750.0,MEDIUM,0
32,645000.0,Salaried,4.0,720,3,10305.0,1247000.0,84,2,490196.0,MEDIUM,0
62,339000.0,Salaried,19.1,718,1,3063.0,595000.0,48,0,186372.0,LOW,1
29,594000.0,Freelance,11.0,642,0,0.0,902000.0,60,2,81765.0,LOW,1
35,601000.0,Business,17.0,697,2,13700.0,711000.0,24,1,618402.0,LOW,1
60,362000.0,Salaried,21.6,778,0,0.0,214000.0,84,0,260994.0,LOW,1
45,608000.0,Salaried,19.8,706,4,24433.0,1320000.0,48,2,352146.0,MEDIUM,1
25,375000.0,Self-Employed,7.0,580,1,1199.0,858000.0,60,1,311439.0,LOW,1
31,424000.0,Salaried,13.0,643,2,7352.0,655000.0,120,3,156044.0,LOW,1
54,358000.0,Self-Employed,7.8,776,1,1813.0,1400000.0,36,5,268544.0,MEDIUM,0
44,229000.0,Salaried,26.0,705,3,270.0,541000.0,12,3,235156.0,LOW,1
35,590000.0,Salaried,0.5,689,3,9138.0,2118000.0,48,2,243364.0,HIGH,0
58,768000.0,Self-Employed,11.0,635,2,10560.0,1850000.0,12,1,637004.0,MEDIUM,0
28,736000.0,Salaried,10.0,775,3,4189.0,738000.0,36,2,500316.0,LOW,1
25,884000.0,Business,7.0,812,0,0.0,3453000.0,24,0,221126.0,MEDIUM,0
46,656000.0,Salaried,0.7,781,4,15247.0,2346000.0,60,2,61497.0,MEDIUM,1
38,393000.0,Salaried,2.0,795,2,3367.0,803000.0,120,2,380637.0,MEDIUM,1
26,894000.0,Freelance,8.0,651,3,14776.0,1072000.0,24,1,272568.0,MEDIUM,0
57,239000.0,Salaried,28.9,639,2,2753.0,269000.0,12,2,204923.0,MEDIUM,0
33,315000.0,Business,15.0,667,0,0.0,1034000.0,120,2,74304.0,LOW,1
48,303000.0,Salaried,15.2,683,2,1373.0,168000.0,24,1,197640.0,LOW,1
25,1033000.0,Self-Employed,7.0,794,0,0.0,2749000.0,24,2,167952.0,MEDIUM,1
33,951000.0,Business,7.7,773,2,3869.0,2538000.0,48,3,904764.0,MEDIUM,0
37,724000.0,Salaried,0.6,723,1,6027.0,706000.0,120,1,666568.0,LOW,1
60,1028000.0,Business,8.2,565,0,0.0,2990000.0,84,1,863557.0,LOW,1
65,319000.0,Self-Employed,13.5,544,5,19304.0,928000.0,48,1,161138.0,HIGH,0
52,666000.0,Salaried,5.9,699,3,1651.0,1062000.0,36,1,104177.0,MEDIUM,0
49,501000.0,Self-Employed,2.6,750,3,15601.0,1046000.0,48,3,516764.0,MEDIUM,1
23,898000.0,Self-Employed,1.7,673,2,11033.0,3036000.0,48,2,333487.0,HIGH,0
60,504000.0,Salaried,26.8,833,2,67.0,1127000.0,48,1,629265.0,LOW,1
54,429000.0,Salaried,28.1,593,2,2828.0,1110000.0,120,0,404170.0,LOW,1
60,748000.0,Salaried,18.5,583,0,0.0,1367000.0,48,1,114121.0,MEDIUM,0
47,914000.0,Salaried,1.6,626,3,10769.0,780000.0,84,3,105891.0,MEDIUM,0
33,362000.0,Business,15.0,623,3,4920.0,1445000.0,120,2,331142.0,MEDIUM,0
65,521000.0,Self-Employed,3.3,722,2,11940.0,1181000.0,36,0,558679.0,MEDIUM,0
53,286000.0,Freelance,20.1,646,4,5161.0,442000.0,48,3,180829.0,LOW,1
26,150000.0,Salaried,8.0,556,2,1571.0,441000.0,48,0,120132.0,MEDIUM,1
44,609000.0,Salaried,21.8,751,1,5794.0,1582000.0,12,5,704015.0,LOW,1
39,779000.0,Business,21.0,539,4,30920.0,905000.0,48,3,385671.0,MEDIUM,1
36,632000.0,Self-Employed,18.0,594,1,664.0,2240000.0,36,4,424852.0,MEDIUM,1
60,168000.0,Self-Employed,20.8,550,2,2957.0,94000.0,84,3,93404.0,LOW,1
48,438000.0,Salaried,7.9,696,1,2642.0,1113000.0,36,2,101184.0,MEDIUM,0
53,150000.0,Salaried,27.7,694,2,502.0,310000.0,24,1,77776.0,MEDIUM,0
61,1229000.0,Salaried,5.4,833,2,8133.0,1816000.0,48,2,1175993.0,LOW,1
33,282000.0,Freelance,15.0,753,2,318.0,947000.0,60,2,218425.0,MEDIUM,1
63,1148000.0,Salaried,9.4,795,1,5169.0,3132000.0,24,1,364559.0,MEDIUM,0
65,953000.0,Business,3.9,703,1,3043.0,2964000.0,36,1,1004914.0,MEDIUM,0
45,315000.0,Self-Employed,24.8,601,2,3009.0,578000.0,24,4,243454.0,MEDIUM,0
62,274000.0,Salaried,0.1,690,3,5963.0,1038000.0,60,1,30878.0,HIGH,0
56,667000.0,Self-Employed,25.0,727,0,0.0,1051000.0,12,1,292229.0,MEDIUM,0
47,326000.0,Business,7.9,736,0,0.0,738000.0,60,0,393732.0,MEDIUM,0
58,575000.0,Business,26.5,642,0,0.0,2159000.0,84,1,247274.0,LOW,1
27,404000.0,Salaried,9.0,719,4,17486.0,246000.0,84,2,322504.0,LOW,1
25,186000.0,Salaried,7.0,605,2,4063.0,131000.0,24,0,23907.0,MEDIUM,0
63,150000.0,Salaried,11.0,596,4,6455.0,597000.0,48,2,48481.0,HIGH,0
65,619000.0,Salaried,1.8,590,2,2370.0,2410000.0,12,2,525117.0,HIGH,1
51,386000.0,Self-Employed,24.9,681,1,1211.0,1218000.0,84,3,227109.0,MEDIUM,1
43,388000.0,Business,5.1,585,2,4873.0,812000.0,60,5,305882.0,MEDIUM,0
62,820000.0,Salaried,11.2,646,0,0.0,1781000.0,48,1,35259.0,MEDIUM,0
30,1093000.0,Business,12.0,752,1,1799.0,1368000.0,60,0,918657.0,LOW,1
52,459000.0,Self-Employed,14.5,597,1,1651.0,873000.0,36,3,143890.0,MEDIUM,0
63,440000.0,Salaried,6.0,639,1,5365.0,834000.0,48,0,397253.0,LOW,1
50,729000.0,Salaried,4.2,685,1,3161.0,316000.0,36,3,774904.0,LOW,1
59,239000.0,Business,3.7,699,0,0.0,472000.0,12,5,191562.0,MEDIUM,0
51,618000.0,Business,25.9,640,0,0.0,1282000.0,12,4,112722.0,MEDIUM,0
38,752000.0,Self-Employed,0.9,742,1,6762.0,2078000.0,12,4,447005.0,MEDIUM,1
56,813000.0,Salaried,29.3,727,2,8405.0,1797000.0,120,0,469498.0,LOW,1
22,169000.0,Salaried,3.3,771,0,0.0,590000.0,12,0,180021.0,MEDIUM,0
34,342000.0,Salaried,3.3,673,1,4141.0,568000.0,36,1,180498.0,MEDIUM,0
33,319000.0,Self-Employed,15.0,638,0,0.0,579000.0,36,3,117905.0,LOW,1
49,574000.0,Business,2.4,625,2,10420.0,1386000.0,84,0,365071.0,MEDIUM,0
32,721000.0,Salaried,14.0,704,2,17266.0,757000.0,24,2,549607.0,LOW,1
59,1326000.0,Business,25.5,649,3,20262.0,2328000.0,24,0,1148147.0,LOW,1
22,402000.0,Self-Employed,0.4,634,3,10832.0,1141000.0,36,2,375846.0,HIGH,0
52,401000.0,Self-Employed,24.0,644,1,1034.0,731000.0,12,1,376977.0,LOW,1
33,1077000.0,Freelance,11.8,625,0,0.0,3936000.0,24,1,701290.0,MEDIUM,0
47,646000.0,Salaried,4.8,695,0,0.0,1664000.0,48,5,398215.0,LOW,1
61,1156000.0,Freelance,5.3,566,4,7300.0,1004000.0,36,2,854959.0,LOW,1
37,643000.0,Salaried,19.0,704,2,6836.0,1353000.0,48,0,245427.0,LOW,1
60,270000.0,Salaried,3.3,734,0,0.0,845000.0,12,3,250149.0,MEDIUM,0
51,243000.0,Business,26.0,633,0,0.0,651000.0,84,1,131142.0,MEDIUM,0
54,213000.0,Freelance,16.3,833,1,1392.0,762000.0,36,2,45022.0,MEDIUM,0
44,804000.0,Self-Employed,1.2,681,0,0.0,2472000.0,24,2,683371.0,MEDIUM,0
65,1103000.0,Self-Employed,13.9,555,3,4152.0,582000.0,84,3,652638.0,LOW,1
55,1639000.0,Business,24.5,657,2,7417.0,1174000.0,120,1,199068.0,LOW,0
26,896000.0,Business,8.0,685,2,13738.0,2423000.0,24,3,471914.0,MEDIUM,1
39,1086000.0,Salaried,14.7,715,1,8935.0,1284000.0,48,0,643317.0,LOW,1
50,382000.0,Business,25.8,659,1,124.0,945000.0,120,2,273933.0,LOW,1
27,270000.0,Self-Employed,3.6,599,2,3647.0,872000.0,36,0,181108.0,MEDIUM,1
30,900000.0,Self-Employed,12.0,592,2,17662.0,2191000.0,84,1,188123.0,MEDIUM,0
61,694000.0,Salaried,25.4,627,1,599.0,1275000.0,12,1,46759.0,MEDIUM,0
52,576000.0,Self-Employed,21.2,635,1,2975.0,1550000.0,60,5,478063.0,MEDIUM,0
54,682000.0,Freelance,24.5,589,3,8351.0,567000.0,60,1,640224.0,LOW,1
48,656000.0,Self-Employed,16.3,621,0,0.0,1952000.0,120,4,625654.0,MEDIUM,1
35,1167000.0,Freelance,17.0,732,1,2710.0,3360000.0,84,1,728246.0,LOW,1
50,1175000.0,Salaried,16.8,811,1,4676.0,2589000.0,12,2,860248.0,MEDIUM,1
57,749000.0,Business,10.7,740,2,16823.0,997000.0,24,1,852456.0,MEDIUM,0
49,898000.0,Business,17.1,784,0,0.0,2919000.0,60,2,651468.0,LOW,1
42,736000.0,Self-Employed,7.7,757,2,9777.0,1611000.0,12,2,277548.0,MEDIUM,1
24,410000.0,Self-Employed,3.8,746,0,0.0,213000.0,84,3,347270.0,LOW,1
40,851000.0,Self-Employed,8.4,652,0,0.0,3148000.0,84,2,448707.0,MEDIUM,0
52,234000.0,Business,3.7,691,2,4826.0,735000.0,84,1,210253.0,MEDIUM,0
56,1017000.0,Business,9.7,646,2,16130.0,2506000.0,48,1,848589.0,MEDIUM,0
24,264000.0,Salaried,3.3,662,3,601.0,506000.0,24,1,268336.0,MEDIUM,0
47,641000.0,Business,11.4,685,1,600.0,2469000.0,12,0,119977.0,HIGH,0
37,325000.0,Salaried,19.0,737,1,2214.0,1029000.0,84,4,212117.0,MEDIUM,1
32,753000.0,Salaried,5.3,713,2,5366.0,1716000.0,48,0,700282.0,MEDIUM,0
42,529000.0,Business,12.7,667,1,4118.0,1437000.0,36,0,262136.0,MEDIUM,1
37,208000.0,Salaried,3.4,684,0,0.0,278000.0,60,2,149202.0,MEDIUM,1
30,696000.0,Business,4.2,714,0,0.0,713000.0,120,0,672870.0,LOW,1
21,382000.0,Salaried,3.0,733,0,0.0,501000.0,60,3,226492.0,LOW,1
42,917000.0,Salaried,18.2,558,1,6624.0,1270000.0,60,3,353822.0,MEDIUM,0
46,541000.0,Self-Employed,6.4,593,4,21028.0,1643000.0,120,1,108270.0,MEDIUM,0
38,685000.0,Salaried,14.2,768,3,12607.0,560000.0,12,5,721836.0,LOW,1
34,304000.0,Business,16.0,675,4,12626.0,966000.0,36,1,269910.0,MEDIUM,1
49,379000.0,Salaried,5.2,646,5,3110.0,848000.0,12,1,300711.0,MEDIUM,0
32,410000.0,Salaried,0.6,658,1,3761.0,706000.0,84,5,182522.0,MEDIUM,1
56,903000.0,Salaried,19.6,658,0,0.0,1275000.0,12,1,580413.0,MEDIUM,0
55,1478000.0,Salaried,1.6,724,2,12263.0,3250000.0,36,1,269882.0,MEDIUM,0
32,333000.0,Business,14.0,591,3,4575.0,491000.0,84,2,109310.0,LOW,1
27,1031000.0,Salaried,9.0,681,1,1077.0,1948000.0,84,1,523116.0,LOW,1
49,150000.0,Self-Employed,14.1,699,1,1203.0,455000.0,48,1,12990.0,MEDIUM,0
31,264000.0,Freelance,12.9,711,0,0.0,691000.0,84,2,41199.0,MEDIUM,0
53,304000.0,Self-Employed,17.2,697,1,153.0,933000.0,24,2,290723.0,LOW,1
26,240000.0,Business,2.7,721,1,2257.0,705000.0,60,3,276892.0,MEDIUM,0
35,209000.0,Salaried,17.0,634,1,2167.0,693000.0,36,2,74504.0,MEDIUM,0
52,692000.0,Salaried,18.8,604,3,23540.0,724000.0,48,1,92769.0,LOW,1
31,475000.0,Business,5.5,876,0,0.0,1891000.0,84,1,649297.0,LOW,1
43,679000.0,Business,16.9,655,5,19206.0,1399000.0,36,4,667128.0,MEDIUM,1
46,818000.0,Self-Employed,4.0,665,0,0.0,2419000.0,120,2,593289.0,LOW,1
54,634000.0,Self-Employed,0.5,734,4,12639.0,1780000.0,24,0,276545.0,MEDIUM,1
54,802000.0,Salaried,18.9,807,1,6571.0,1921000.0,36,3,152454.0,MEDIUM,1
49,518000.0,Salaried,19.5,636,2,7969.0,2064000.0,120,1,506235.0,LOW,1
24,265000.0,Business,0.2,600,0,0.0,293000.0,36,0,238489.0,MEDIUM,1
37,1019000.0,Self-Employed,5.5,580,2,2214.0,1896000.0,48,2,720083.0,MEDIUM,0
55,379000.0,Self-Employed,18.1,807,3,304.0,293000.0,120,3,474427.0,LOW,1
33,308000.0,Business,1.7,596,0,0.0,300000.0,60,1,50218.0,MEDIUM,0
61,486000.0,Salaried,18.3,677,0,0.0,1428000.0,60,5,74937.0,LOW,1
59,312000.0,Salaried,16.6,601,1,3208.0,99000.0,48,0,66731.0,LOW,1
35,421000.0,Business,17.0,564,0,0.0,1512000.0,48,1,92779.0,MEDIUM,0
49,664000.0,Business,26.9,656,0,0.0,1755000.0,12,0,593439.0,MEDIUM,0
49,666000.0,Self-Employed,25.5,604,2,7694.0,1286000.0,120,0,604532.0,LOW,1
31,315000.0,Salaried,13.0,624,0,0.0,481000.0,12,1,77442.0,MEDIUM,0
52,403000.0,Salaried,29.3,840,2,920.0,309000.0,24,2,270189.0,LOW,1
22,1030000.0,Self-Employed,3.1,713,3,4366.0,3821000.0,120,1,570952.0,MEDIUM,1
34,728000.0,Salaried,16.0,754,2,5809.0,2137000.0,12,0,185978.0,MEDIUM,0
40,1877000.0,Business,22.0,745,0,0.0,2899000.0,12,1,1979404.0,MEDIUM,1
42,1097000.0,Freelance,21.8,671,2,6039.0,617000.0,36,0,649256.0,LOW,1
31,1074000.0,Business,2.3,644,1,10572.0,1616000.0,36,2,656100.0,MEDIUM,1
47,235000.0,Salaried,1.5,699,1,689.0,231000.0,120,4,76404.0,LOW,0
23,855000.0,Business,2.2,693,1,1183.0,2744000.0,48,3,558231.0,MEDIUM,1
37,523000.0,Salaried,14.7,634,4,24818.0,1549000.0,84,1,432540.0,MEDIUM,0
64,388000.0,Salaried,24.4,690,2,6038.0,832000.0,60,4,144171.0,LOW,1
48,598000.0,Salaried,9.4,623,0,0.0,2139000.0,24,3,86728.0,MEDIUM,1
49,953000.0,Salaried,11.9,666,1,741.0,923000.0,12,0,621371.0,MEDIUM,1
41,730000.0,Freelance,21.0,653,1,5586.0,1440000.0,36,2,505065.0,MEDIUM,0
36,319000.0,Salaried,18.0,578,5,10769.0,934000.0,60,4,68311.0,HIGH,0
57,844000.0,Salaried,2.6,491,5,3607.0,465000.0,120,0,180940.0,MEDIUM,1
40,369000.0,Freelance,22.0,604,1,1035.0,620000.0,12,1,65695.0,MEDIUM,0
26,615000.0,Salaried,8.0,824,1,7142.0,1485000.0,84,1,776813.0,LOW,1
39,450000.0,Business,9.5,655,2,6435.0,746000.0,60,0,115331.0,MEDIUM,0
25,474000.0,Salaried,7.0,742,1,2609.0,984000.0,36,1,25295.0,HIGH,0
23,856000.0,Salaried,1.3,510,0,0.0,2183000.0,48,2,591651.0,MEDIUM,0
21,289000.0,Freelance,0.2,599,2,966.0,481000.0,84,2,227768.0,MEDIUM,0
58,1736000.0,Salaried,14.3,571,1,8737.0,1202000.0,84,1,761576.0,MEDIUM,0
35,181000.0,Self-Employed,2.9,663,2,4174.0,148000.0,12,1,157915.0,MEDIUM,0
54,378000.0,Salaried,5.8,873,1,230.0,850000.0,12,3,256977.0,MEDIUM,0
55,675000.0,Salaried,25.4,716,2,16723.0,639000.0,24,5,199077.0,MEDIUM,1
45,767000.0,Salaried,17.1,815,2,3985.0,2755000.0,12,2,461395.0,LOW,1
44,509000.0,Salaried,19.0,659,1,2601.0,1724000.0,36,3,276598.0,MEDIUM,0
32,522000.0,Salaried,5.6,789,2,588.0,831000.0,120,1,28652.0,LOW,1
38,691000.0,Business,20.0,845,1,5051.0,2332000.0,60,3,138597.0,LOW,1
35,470000.0,Self-Employed,17.0,671,0,0.0,1068000.0,84,1,454102.0,LOW,0
64,1247000.0,Salaried,15.7,636,0,0.0,1108000.0,60,4,534165.0,LOW,1
36,894000.0,Salaried,18.0,574,0,0.0,2300000.0,48,2,293958.0,MEDIUM,1
47,912000.0,Freelance,25.3,655,0,0.0,2566000.0,84,2,871542.0,LOW,1
28,303000.0,Freelance,10.0,686,2,5589.0,185000.0,84,1,62323.0,LOW,1
45,515000.0,Business,22.0,842,1,161.0,754000.0,48,3,175078.0,LOW,1
37,451000.0,Business,3.2,576,0,0.0,144000.0,36,0,350801.0,LOW,1
49,296000.0,Salaried,8.1,684,3,1264.0,435000.0,60,2,100851.0,MEDIUM,1
28,671000.0,Salaried,2.0,534,2,7314.0,1034000.0,84,2,372251.0,MEDIUM,1
35,391000.0,Self-Employed,0.3,645,1,3867.0,1029000.0,48,3,308292.0,HIGH,0
47,801000.0,Self-Employed,4.7,704,0,0.0,830000.0,84,2,230419.0,MEDIUM,0
27,284000.0,Self-Employed,9.0,721,0,0.0,117000.0,48,1,93795.0,LOW,0
23,1516000.0,Salaried,3.3,727,1,16837.0,2225000.0,24,3,966356.0,MEDIUM,0
49,316000.0,Freelance,29.1,711,3,4917.0,1060000.0,24,3,295269.0,MEDIUM,1
64,616000.0,Business,17.9,726,0,0.0,1095000.0,120,0,419198.0,LOW,1
44,869000.0,Salaried,7.1,683,2,17157.0,1595000.0,36,3,95817.0,MEDIUM,0
23,384000.0,Business,2.0,596,4,16913.0,782000.0,36,4,138454.0,HIGH,0
40,901000.0,Salaried,6.6,531,2,3936.0,2777000.0,36,2,271658.0,MEDIUM,1
35,258000.0,Salaried,17.0,636,1,2955.0,536000.0,36,0,217997.0,MEDIUM,0
45,1291000.0,Salaried,25.4,669,2,29502.0,823000.0,60,4,443257.0,LOW,1
50,545000.0,Salaried,0.8,780,3,9632.0,580000.0,12,0,635916.0,MEDIUM,0
34,378000.0,Salaried,16.0,671,2,7541.0,376000.0,36,2,148402.0,MEDIUM,0
27,452000.0,Business,9.0,664,3,7542.0,985000.0,24,1,108568.0,MEDIUM,0
37,878000.0,Salaried,2.5,710,1,6190.0,361000.0,84,5,569193.0,LOW,1
64,381000.0,Self-Employed,20.1,658,3,4570.0,514000.0,12,4,166864.0,LOW,1
40,345000.0,Salaried,19.4,744,4,2751.0,879000.0,12,3,279107.0,LOW,1
56,473000.0,Salaried,6.6,838,1,4414.0,763000.0,60,0,604553.0,LOW,1
29,267000.0,Business,11.0,855,2,9.0,779000.0,48,2,357749.0,LOW,1
58,1611000.0,Self-Employed,2.6,687,2,23341.0,2815000.0,120,2,459664.0,MEDIUM,0
42,385000.0,Freelance,14.7,706,2,8323.0,1510000.0,84,0,84978.0,MEDIUM,0
22,890000.0,Freelance,0.0,806,3,7385.0,3446000.0,84,3,1119607.0,LOW,1
44,613000.0,Salaried,26.0,668,0,0.0,1998000.0,12,0,549025.0,LOW,0
28,299000.0,Salaried,10.0,734,2,4391.0,1146000.0,60,2,103533.0,MEDIUM,0
31,538000.0,Business,4.8,589,2,3320.0,569000.0,60,1,417245.0,MEDIUM,0
33,865000.0,Freelance,10.3,655,2,18327.0,2663000.0,60,3,694683.0,MEDIUM,1
37,483000.0,Self-Employed,4.8,772,2,4427.0,720000.0,36,1,171607.0,MEDIUM,0
28,1106000.0,Business,10.0,622,0,0.0,3300000.0,84,2,1018842.0,LOW,0
41,997000.0,Business,1.8,669,1,2818.0,1678000.0,48,2,376256.0,LOW,1
38,938000.0,Salaried,20.0,554,3,1456.0,1286000.0,36,2,417428.0,LOW,1
50,410000.0,Self-Employed,28.3,840,4,3561.0,1577000.0,24,1,355917.0,MEDIUM,1
38,283000.0,Business,20.0,781,0,0.0,305000.0,48,1,79774.0,LOW,1
51,374000.0,Self-Employed,6.4,695,2,4381.0,1162000.0,36,2,266445.0,MEDIUM,1
58,608000.0,Salaried,10.8,720,3,13375.0,1700000.0,48,0,515909.0,MEDIUM,1
52,750000.0,Salaried,14.3,711,2,838.0,1067000.0,24,0,115313.0,LOW,1
31,150000.0,Salaried,13.0,790,2,339.0,299000.0,36,4,78457.0,MEDIUM,1
65,538000.0,Salaried,20.1,638,0,0.0,446000.0,48,1,350199.0,LOW,1
45,594000.0,Freelance,16.6,738,2,11868.0,2203000.0,24,1,671062.0,LOW,1
53,457000.0,Salaried,10.5,766,2,7175.0,1774000.0,120,2,517387.0,LOW,1
58,1173000.0,Salaried,26.7,777,2,3071.0,3531000.0,84,1,297401.0,MEDIUM,0
61,696000.0,Salaried,2.4,499,2,15443.0,2396000.0,60,2,346400.0,MEDIUM,0
28,1186000.0,Self-Employed,10.0,632,1,13601.0,718000.0,48,0,156617.0,MEDIUM,0
31,475000.0,Self-Employed,13.0,598,5,9647.0,817000.0,24,2,146476.0,MEDIUM,1
42,948000.0,Salaried,1.8,691,2,14600.0,1445000.0,84,0,656661.0,LOW,0
44,1441000.0,Salaried,21.2,518,2,17736.0,3444000.0,120,2,134181.0,MEDIUM,0
61,1187000.0,Salaried,24.6,516,4,55909.0,1161000.0,60,2,877247.0,MEDIUM,1
37,281000.0,Self-Employed,19.0,853,3,5361.0,670000.0,120,3,332530.0,LOW,1
32,464000.0,Salaried,0.4,729,3,16703.0,1263000.0,24,0,273528.0,MEDIUM,0
52,439000.0,Freelance,5.4,689,2,2188.0,347000.0,84,1,252516.0,LOW,1
35,725000.0,Self-Employed,10.3,709,1,3131.0,571000.0,84,3,748243.0,LOW,1
36,816000.0,Salaried,7.0,691,1,7970.0,352000.0,84,3,75978.0,LOW,1
42,327000.0,Business,24.0,759,1,3203.0,1019000.0,120,4,70659.0,MEDIUM,0
48,563000.0,Salaried,19.5,629,1,5153.0,858000.0,12,1,191193.0,HIGH,0
40,161000.0,Self-Employed,8.9,694,2,3460.0,183000.0,24,2,70737.0,MEDIUM,1
53,1284000.0,Salaried,27.9,698,0,0.0,4082000.0,36,0,1454242.0,MEDIUM,0
30,397000.0,Self-Employed,12.0,596,4,12626.0,330000.0,36,4,67590.0,MEDIUM,1
60,559000.0,Business,8.5,782,2,6413.0,1051000.0,36,0,235961.0,MEDIUM,1
52,449000.0,Freelance,11.4,644,1,2622.0,1372000.0,36,4,393789.0,MEDIUM,0
53,1075000.0,Salaried,6.0,761,1,5458.0,2605000.0,120,2,1069379.0,LOW,1
22,150000.0,Salaried,2.7,689,0,0.0,352000.0,84,4,113017.0,MEDIUM,0
53,535000.0,Self-Employed,15.5,810,3,8159.0,472000.0,84,1,252053.0,LOW,1
53,507000.0,Freelance,26.9,596,1,935.0,492000.0,12,1,72235.0,MEDIUM,1
61,412000.0,Freelance,10.4,593,2,1097.0,1012000.0,12,0,390344.0,MEDIUM,1
33,1522000.0,Salaried,15.0,607,2,35176.0,589000.0,12,1,415285.0,MEDIUM,0
50,317000.0,Salaried,1.6,690,2,196.0,1114000.0,60,4,305086.0,MEDIUM,1
53,859000.0,Self-Employed,29.5,803,1,1132.0,1372000.0,48,2,1026711.0,LOW,0
33,669000.0,Salaried,15.0,807,0,0.0,1232000.0,120,1,411111.0,LOW,1
46,1152000.0,Salaried,10.9,495,1,3786.0,1447000.0,36,1,780082.0,LOW,1
42,362000.0,Salaried,23.2,699,1,1836.0,1283000.0,120,2,125976.0,MEDIUM,0
59,348000.0,Self-Employed,22.6,422,2,1022.0,932000.0,48,2,206326.0,MEDIUM,0
22,1043000.0,Freelance,3.7,743,1,1707.0,2049000.0,36,1,828231.0,LOW,1
58,697000.0,Freelance,9.2,769,0,0.0,1719000.0,120,1,195943.0,LOW,0
59,214000.0,Salaried,14.0,676,0,0.0,365000.0,36,2,188187.0,MEDIUM,0
46,391000.0,Self-Employed,25.9,686,2,1019.0,791000.0,36,1,403355.0,LOW,1
35,681000.0,Business,17.0,685,1,5685.0,1105000.0,120,5,447493.0,MEDIUM,1
54,893000.0,Salaried,11.8,617,0,0.0,1625000.0,12,1,689405.0,MEDIUM,1
62,359000.0,Self-Employed,25.4,714,2,6402.0,526000.0,84,1,338007.0,LOW,1
64,150000.0,Salaried,1.4,661,0,0.0,88000.0,60,3,128916.0,LOW,1
60,740000.0,Salaried,23.5,754,1,2497.0,324000.0,36,1,435238.0,LOW,1
31,260000.0,Salaried,6.2,670,1,2157.0,245000.0,36,0,213616.0,LOW,1
23,161000.0,Salaried,1.0,611,4,2989.0,198000.0,36,3,90215.0,MEDIUM,0
26,150000.0,Self-Employed,8.0,557,0,0.0,539000.0,24,2,58597.0,HIGH,0
29,881000.0,Salaried,11.0,530,1,4500.0,2257000.0,120,1,145418.0,MEDIUM,1
26,584000.0,Salaried,8.0,785,4,22287.0,2246000.0,36,1,691778.0,MEDIUM,1
29,472000.0,Salaried,11.0,643,1,2807.0,735000.0,12,1,215347.0,MEDIUM,1
59,1243000.0,Business,9.9,707,2,9318.0,2221000.0,12,2,382714.0,MEDIUM,1
51,792000.0,Self-Employed,5.3,822,1,8235.0,2347000.0,48,2,288928.0,MEDIUM,0
52,1425000.0,Self-Employed,23.1,634,0,0.0,3474000.0,120,1,394120.0,LOW,1
61,234000.0,Self-Employed,12.0,629,2,2535.0,527000.0,84,3,8575.0,MEDIUM,0
32,529000.0,Salaried,14.0,669,3,7433.0,1285000.0,84,0,264869.0,MEDIUM,0
28,205000.0,Salaried,10.0,682,1,1570.0,505000.0,12,2,205063.0,MEDIUM,0
28,471000.0,Business,10.0,831,2,683.0,1476000.0,48,1,37445.0,MEDIUM,0
48,465000.0,Salaried,21.2,805,2,8037.0,1289000.0,60,1,594173.0,LOW,1
40,787000.0,Salaried,1.4,729,1,7696.0,3024000.0,24,4,195127.0,HIGH,0
27,555000.0,Business,9.0,795,2,5515.0,2113000.0,12,3,531997.0,MEDIUM,0
31,785000.0,Salaried,13.0,665,1,1713.0,1461000.0,120,1,677311.0,LOW,0
40,824000.0,Salaried,14.2,703,1,297.0,356000.0,36,2,708181.0,LOW,1
36,1969000.0,Self-Employed,18.0,655,1,15684.0,671000.0,120,3,761883.0,LOW,1
24,447000.0,Salaried,3.4,576,3,4509.0,338000.0,120,5,297643.0,LOW,1
26,307000.0,Business,8.0,776,1,1780.0,177000.0,60,2,193215.0,LOW,1
42,626000.0,Self-Employed,9.9,722,2,6046.0,1053000.0,36,2,134260.0,MEDIUM,0
46,334000.0,Self-Employed,19.7,681,0,0.0,166000.0,48,2,84881.0,LOW,1
23,1315000.0,Business,3.3,679,1,8356.0,3435000.0,120,0,85633.0,MEDIUM,1
61,456000.0,Salaried,3.1,559,2,5239.0,458000.0,120,2,145904.0,MEDIUM,1
62,385000.0,Salaried,0.8,601,2,6007.0,848000.0,48,3,277169.0,MEDIUM,1
34,407000.0,Salaried,8.8,706,1,1281.0,277000.0,120,1,458192.0,LOW,1
31,832000.0,Salaried,11.9,637,1,2232.0,2798000.0,24,2,140522.0,MEDIUM,1
38,492000.0,Freelance,16.6,662,3,15025.0,1567000.0,120,4,199819.0,MEDIUM,0
32,368000.0,Business,8.8,671,0,0.0,637000.0,60,0,84457.0,LOW,1
43,1468000.0,Salaried,25.0,625,2,28340.0,5386000.0,48,1,1149846.0,MEDIUM,0
32,323000.0,Salaried,8.8,602,2,996.0,319000.0,36,0,291487.0,MEDIUM,0
33,552000.0,Salaried,13.2,551,2,3092.0,1828000.0,84,2,70456.0,MEDIUM,0
45,799000.0,Salaried,3.1,668,4,22992.0,1853000.0,120,3,792640.0,MEDIUM,1
65,203000.0,Salaried,7.8,729,2,4350.0,308000.0,12,1,72096.0,MEDIUM,0
39,721000.0,Self-Employed,1.4,548,1,8040.0,441000.0,12,0,158679.0,MEDIUM,0
56,287000.0,Business,16.8,678,1,2984.0,268000.0,84,1,28098.0,LOW,1
65,885000.0,Business,22.5,702,1,480.0,3091000.0,60,3,113436.0,MEDIUM,0
28,303000.0,Salaried,5.9,600,0,0.0,771000.0,60,2,29617.0,MEDIUM,0
49,819000.0,Salaried,11.0,793,3,27613.0,964000.0,48,4,499796.0,LOW,1
52,1049000.0,Self-Employed,0.5,649,0,0.0,2239000.0,12,3,745552.0,MEDIUM,1
64,906000.0,Business,25.2,671,2,9429.0,633000.0,84,1,210743.0,LOW,1
38,628000.0,Business,20.0,667,2,8425.0,418000.0,24,2,167174.0,MEDIUM,1
26,470000.0,Freelance,1.9,538,3,4102.0,1720000.0,84,2,81641.0,MEDIUM,0
38,382000.0,Self-Employed,10.9,760,2,4934.0,762000.0,24,2,389763.0,LOW,1
39,1306000.0,Self-Employed,21.0,603,2,28926.0,2139000.0,84,1,212438.0,MEDIUM,1
42,355000.0,Salaried,11.8,661,1,3847.0,1353000.0,84,1,40050.0,MEDIUM,0
57,290000.0,Self-Employed,15.8,727,2,6814.0,515000.0,84,2,23897.0,MEDIUM,1
52,806000.0,Salaried,10.7,796,1,4877.0,1245000.0,84,3,76641.0,LOW,1
61,335000.0,Salaried,17.9,593,3,5158.0,439000.0,84,1,181187.0,LOW,1
23,306000.0,Self-Employed,0.9,644,0,0.0,732000.0,120,1,39977.0,MEDIUM,0
48,227000.0,Salaried,29.9,790,1,1183.0,537000.0,84,3,73710.0,LOW,1
30,404000.0,Salaried,12.0,717,1,212.0,145000.0,120,2,399528.0,LOW,1
55,514000.0,Salaried,12.1,733,2,9251.0,1398000.0,24,1,601645.0,MEDIUM,1
49,625000.0,Salaried,14.8,595,2,4390.0,2010000.0,24,2,522678.0,MEDIUM,1
35,956000.0,Salaried,10.7,649,0,0.0,2466000.0,48,4,974476.0,LOW,1
53,741000.0,Salaried,29.6,666,0,0.0,2607000.0,84,2,550642.0,LOW,1
27,482000.0,Salaried,9.0,611,1,5611.0,638000.0,36,1,473306.0,LOW,1
32,480000.0,Salaried,13.5,546,1,1512.0,485000.0,120,1,216870.0,LOW,1
50,734000.0,Freelance,0.4,639,1,4109.0,2114000.0,24,1,613770.0,MEDIUM,0
41,1160000.0,Salaried,15.6,788,1,13783.0,1157000.0,48,3,1471205.0,LOW,1
51,583000.0,Salaried,29.5,684,2,6814.0,371000.0,24,2,470305.0,LOW,0
44,408000.0,Self-Employed,15.7,789,1,401.0,268000.0,120,4,510457.0,LOW,1
40,298000.0,Business,5.5,694,4,8224.0,937000.0,24,0,94578.0,MEDIUM,1
57,227000.0,Self-Employed,0.7,618,1,250.0,92000.0,84,0,73935.0,MEDIUM,0
24,806000.0,Salaried,1.6,782,2,1916.0,1105000.0,120,2,435094.0,LOW,1
48,764000.0,Self-Employed,27.5,696,2,16263.0,594000.0,36,1,421286.0,LOW,1
64,764000.0,Business,29.9,756,1,2764.0,2363000.0,120,2,858911.0,LOW,1
40,500000.0,Business,22.0,594,1,4242.0,1081000.0,24,2,429974.0,LOW,1
44,1257000.0,Self-Employed,21.9,763,1,7996.0,1333000.0,48,1,1060358.0,LOW,1
52,404000.0,Business,16.7,765,0,0.0,1243000.0,120,4,131668.0,LOW,1
61,959000.0,Business,17.7,703,1,6207.0,2950000.0,84,3,294363.0,MEDIUM,0
56,528000.0,Self-Employed,16.2,615,1,455.0,1180000.0,48,1,340467.0,LOW,1
54,375000.0,Salaried,21.2,676,0,0.0,495000.0,12,1,216036.0,MEDIUM,0
56,771000.0,Self-Employed,12.6,728,1,5039.0,1904000.0,60,2,261843.0,LOW,1
22,691000.0,Business,2.3,698,1,1973.0,2594000.0,24,1,155248.0,HIGH,0
35,669000.0,Salaried,3.6,728,0,0.0,329000.0,84,1,587057.0,LOW,1
54,567000.0,Freelance,8.0,760,0,0.0,730000.0,120,2,583114.0,LOW,1
56,528000.0,Salaried,25.1,628,2,6399.0,715000.0,24,0,154593.0,MEDIUM,0
26,2265000.0,Self-Employed,8.0,587,2,40487.0,5974000.0,48,5,957838.0,HIGH,0
59,1100000.0,Business,16.2,676,4,23647.0,2980000.0,24,1,881246.0,MEDIUM,1
62,834000.0,Salaried,0.9,653,0,0.0,887000.0,120,1,433599.0,LOW,0
32,578000.0,Self-Employed,14.0,742,0,0.0,636000.0,84,1,680698.0,LOW,1
23,989000.0,Salaried,0.2,594,0,0.0,3693000.0,48,2,151299.0,HIGH,0
65,737000.0,Salaried,12.4,761,1,2617.0,2283000.0,12,0,795815.0,LOW,0
38,549000.0,Salaried,18.0,788,2,12885.0,2062000.0,84,4,235676.0,MEDIUM,1
60,450000.0,Salaried,12.9,680,1,3413.0,1516000.0,120,1,349960.0,LOW,0
41,515000.0,Salaried,14.0,684,2,9594.0,921000.0,24,4,160967.0,LOW,1
35,150000.0,Freelance,17.0,618,2,3383.0,113000.0,84,1,146081.0,LOW,1
53,613000.0,Freelance,4.8,636,5,21118.0,1612000.0,84,2,52047.0,MEDIUM,0
55,403000.0,Salaried,3.1,647,0,0.0,646000.0,12,2,225727.0,MEDIUM,0
46,1405000.0,Business,0.1,795,0,0.0,2633000.0,120,2,1689357.0,LOW,0
28,547000.0,Salaried,9.4,674,1,4097.0,1026000.0,12,2,294536.0,MEDIUM,0
56,265000.0,Salaried,4.4,574,0,0.0,998000.0,60,3,208303.0,MEDIUM,1
50,524000.0,Salaried,6.6,700,4,3816.0,291000.0,120,2,573375.0,LOW,1
43,288000.0,Freelance,0.3,746,1,1993.0,292000.0,48,1,35051.0,LOW,1
62,718000.0,Freelance,6.8,677,2,17545.0,1830000.0,120,2,403059.0,MEDIUM,1
64,643000.0,Salaried,10.0,797,1,6327.0,2295000.0,12,4,591368.0,MEDIUM,0
34,960000.0,Salaried,0.9,742,0,0.0,3549000.0,48,2,984013.0,MEDIUM,0
34,336000.0,Salaried,16.0,596,0,0.0,795000.0,60,1,62139.0,MEDIUM,0
22,552000.0,Self-Employed,0.0,635,1,2401.0,236000.0,48,3,332467.0,MEDIUM,0
57,238000.0,Self-Employed,2.9,698,2,1009.0,391000.0,84,3,52070.0,LOW,1
25,823000.0,Salaried,7.0,546,5,11550.0,3045000.0,120,1,553308.0,MEDIUM,0
58,738000.0,Business,30.0,706,2,117.0,1587000.0,60,1,264200.0,LOW,1
65,728000.0,Salaried,28.3,539,1,6129.0,2176000.0,24,0,185322.0,HIGH,0
61,541000.0,Freelance,0.1,761,0,0.0,701000.0,60,0,528607.0,MEDIUM,0
34,693000.0,Self-Employed,16.0,752,3,6988.0,272000.0,60,3,728667.0,LOW,1
59,1415000.0,Salaried,10.6,720,0,0.0,3453000.0,120,1,612400.0,LOW,1
45,455000.0,Business,1.9,625,3,5728.0,1542000.0,60,1,239985.0,HIGH,0
40,587000.0,Business,8.9,693,1,2143.0,2327000.0,36,1,469958.0,MEDIUM,0
22,282000.0,Salaried,0.3,638,0,0.0,968000.0,12,0,221354.0,MEDIUM,1
59,321000.0,Salaried,15.7,597,1,1060.0,754000.0,48,5,242115.0,MEDIUM,0
26,573000.0,Freelance,8.0,652,5,12167.0,1462000.0,84,1,250868.0,MEDIUM,1
37,1048000.0,Salaried,19.0,735,1,11889.0,3510000.0,48,0,700446.0,MEDIUM,1
45,463000.0,Salaried,7.4,683,1,1938.0,173000.0,120,3,72215.0,MEDIUM,0
48,469000.0,Self-Employed,9.7,796,0,0.0,1792000.0,36,2,587400.0,MEDIUM,0
22,423000.0,Business,0.1,741,2,6618.0,958000.0,24,2,367636.0,MEDIUM,0
55,392000.0,Business,10.9,732,0,0.0,1498000.0,120,1,187384.0,LOW,0
57,645000.0,Freelance,30.0,551,2,13187.0,2018000.0,84,1,235138.0,MEDIUM,0
25,220000.0,Self-Employed,7.0,657,3,4909.0,190000.0,120,3,28563.0,MEDIUM,0
21,1165000.0,Salaried,0.5,594,4,502.0,1062000.0,120,2,533759.0,LOW,0
60,362000.0,Self-Employed,20.8,665,0,0.0,582000.0,120,1,269553.0,LOW,1
32,833000.0,Business,12.2,624,2,15674.0,1064000.0,120,0,808307.0,LOW,1
56,252000.0,Salaried,11.7,649,0,0.0,485000.0,12,4,176246.0,MEDIUM,1
65,807000.0,Salaried,14.7,764,2,8181.0,2045000.0,12,4,674564.0,MEDIUM,1
43,809000.0,Salaried,12.5,718,3,4424.0,1550000.0,12,2,758486.0,MEDIUM,1
51,680000.0,Self-Employed,24.8,760,1,1337.0,346000.0,120,2,449012.0,LOW,1
31,298000.0,Business,13.0,551,3,8915.0,1165000.0,12,2,17066.0,HIGH,0
30,628000.0,Self-Employed,8.9,684,3,19523.0,1176000.0,36,5,629595.0,MEDIUM,0
23,266000.0,Freelance,2.5,757,1,1862.0,917000.0,48,2,140416.0,MEDIUM,0
34,464000.0,Salaried,16.0,800,2,3423.0,266000.0,120,0,605686.0,LOW,1
36,1002000.0,Freelance,12.6,556,0,0.0,3304000.0,24,0,383462.0,MEDIUM,1
30,872000.0,Business,12.0,651,1,6801.0,821000.0,84,4,630492.0,LOW,1
49,545000.0,Salaried,1.8,762,0,0.0,1534000.0,84,4,327768.0,MEDIUM,1
30,301000.0,Freelance,12.0,664,4,49.0,827000.0,120,2,84416.0,LOW,1
32,796000.0,Salaried,1.3,607,1,4481.0,2918000.0,24,1,733261.0,MEDIUM,0
50,547000.0,Business,0.9,556,2,11910.0,813000.0,24,2,314184.0,MEDIUM,1
61,150000.0,Business,18.4,604,2,1268.0,105000.0,36,3,69060.0,MEDIUM,0
21,864000.0,Business,3.0,544,2,15694.0,3023000.0,36,0,130856.0,HIGH,0
25,533000.0,Self-Employed,7.0,684,2,8764.0,814000.0,60,3,597510.0,MEDIUM,1
40,1112000.0,Salaried,22.0,751,1,2116.0,1290000.0,36,2,1238368.0,LOW,1
28,280000.0,Self-Employed,4.2,579,2,5424.0,588000.0,12,2,116125.0,MEDIUM,1
63,150000.0,Salaried,21.7,700,1,211.0,126000.0,120,1,34341.0,LOW,1
32,639000.0,Business,14.0,747,2,11628.0,894000.0,48,2,48843.0,LOW,1
21,644000.0,Business,1.1,679,0,0.0,1111000.0,24,1,129125.0,MEDIUM,0
40,196000.0,Freelance,19.5,551,1,2347.0,260000.0,36,2,95852.0,MEDIUM,1
48,300000.0,Salaried,18.3,710,4,12004.0,590000.0,48,0,287882.0,MEDIUM,1
63,2822000.0,Business,15.5,675,1,18855.0,4863000.0,12,3,1201088.0,MEDIUM,1
57,450000.0,Freelance,27.8,667,1,3796.0,1425000.0,36,3,222581.0,MEDIUM,1
57,838000.0,Business,15.6,636,0,0.0,3099000.0,36,1,426945.0,MEDIUM,0
32,366000.0,Salaried,14.0,686,0,0.0,246000.0,48,0,20730.0,LOW,1
57,154000.0,Salaried,15.3,720,0,0.0,515000.0,84,2,37314.0,LOW,1
64,488000.0,Salaried,3.5,871,2,7284.0,1829000.0,120,2,366026.0,MEDIUM,1
48,461000.0,Self-Employed,14.1,688,3,113.0,1309000.0,84,4,157917.0,MEDIUM,0
35,425000.0,Self-Employed,5.5,800,1,4829.0,1694000.0,12,1,303644.0,MEDIUM,0
26,504000.0,Freelance,8.0,708,1,3085.0,776000.0,36,3,80859.0,MEDIUM,0
64,633000.0,Salaried,20.8,672,2,4079.0,2135000.0,48,0,564089.0,MEDIUM,1
40,494000.0,Salaried,14.1,691,1,2432.0,1380000.0,12,3,443186.0,LOW,0
34,253000.0,Self-Employed,2.9,582,3,8072.0,379000.0,36,2,162526.0,HIGH,0
22,723000.0,Business,2.1,704,1,8380.0,2102000.0,84,2,457620.0,MEDIUM,1
29,168000.0,Freelance,2.4,520,1,244.0,367000.0,36,4,57546.0,HIGH,0
57,158000.0,Business,20.5,610,1,1536.0,158000.0,24,4,108709.0,LOW,1
40,842000.0,Salaried,22.0,688,2,12172.0,794000.0,60,4,750125.0,LOW,1
46,732000.0,Self-Employed,28.0,775,2,10715.0,2152000.0,12,2,764342.0,LOW,1
49,522000.0,Business,4.5,794,0,0.0,1532000.0,48,2,253421.0,LOW,1
21,234000.0,Self-Employed,2.0,661,0,0.0,530000.0,24,1,55895.0,MEDIUM,0
55,353000.0,Salaried,17.0,692,4,9373.0,761000.0,36,0,145875.0,MEDIUM,0
26,462000.0,Salaried,8.0,758,3,5533.0,446000.0,48,2,23591.0,LOW,1
57,207000.0,Salaried,18.8,573,0,0.0,391000.0,24,0,84971.0,MEDIUM,0
25,347000.0,Business,4.4,712,3,1367.0,1223000.0,24,0,120966.0,MEDIUM,0
53,799000.0,Salaried,13.1,613,2,2726.0,2767000.0,84,1,635401.0,MEDIUM,0
34,1272000.0,Salaried,16.0,666,1,9777.0,3492000.0,84,0,951079.0,MEDIUM,0
32,420000.0,Salaried,14.0,643,0,0.0,1676000.0,60,2,25783.0,HIGH,0
62,851000.0,Self-Employed,25.9,714,2,12129.0,3068000.0,84,2,172724.0,MEDIUM,1
40,171000.0,Salaried,5.4,724,0,0.0,143000.0,24,2,113626.0,LOW,1
44,803000.0,Self-Employed,26.0,751,2,18146.0,1427000.0,12,2,627748.0,MEDIUM,1
63,334000.0,Salaried,1.8,707,0,0.0,263000.0,60,2,301463.0,LOW,1
54,650000.0,Salaried,29.5,693,2,16016.0,1316000.0,60,2,716865.0,LOW,0
45,466000.0,Self-Employed,25.7,828,0,0.0,1478000.0,36,1,455790.0,LOW,1
49,1193000.0,Salaried,19.8,558,0,0.0,1046000.0,36,2,602346.0,LOW,1
59,320000.0,Salaried,22.0,815,1,106.0,1138000.0,12,2,187638.0,MEDIUM,0
51,787000.0,Salaried,2.2,656,0,0.0,1893000.0,48,1,630737.0,MEDIUM,0
63,457000.0,Business,1.2,725,1,2204.0,1403000.0,84,2,511134.0,LOW,0
43,491000.0,Self-Employed,3.1,653,1,3752.0,229000.0,84,3,231802.0,LOW,1
64,484000.0,Salaried,2.6,623,5,9364.0,313000.0,12,2,294081.0,MEDIUM,1
58,325000.0,Salaried,16.4,718,2,1293.0,844000.0,60,0,89648.0,MEDIUM,1
40,536000.0,Freelance,6.5,763,2,9695.0,1823000.0,36,1,582423.0,MEDIUM,1
43,520000.0,Self-Employed,25.0,717,0,0.0,1837000.0,12,0,443585.0,MEDIUM,1
65,625000.0,Salaried,13.4,636,1,1434.0,1779000.0,36,1,244071.0,MEDIUM,1
36,568000.0,Business,18.0,900,0,0.0,593000.0,12,1,748266.0,LOW,1
62,872000.0,Business,19.6,775,2,3056.0,891000.0,84,2,1085765.0,LOW,1
28,940000.0,Business,9.6,754,1,8644.0,3347000.0,12,1,365263.0,MEDIUM,0
41,288000.0,Self-Employed,7.3,651,2,6908.0,207000.0,24,2,65513.0,MEDIUM,1
21,910000.0,Salaried,3.0,629,1,1676.0,2583000.0,12,1,781746.0,MEDIUM,1
28,265000.0,Salaried,10.0,657,5,7206.0,603000.0,36,0,169846.0,MEDIUM,0
49,769000.0,Freelance,17.6,766,0,0.0,1430000.0,12,1,864391.0,LOW,1
52,784000.0,Self-Employed,7.6,600,0,0.0,1513000.0,48,2,282268.0,MEDIUM,0
58,172000.0,Salaried,24.5,594,2,3239.0,653000.0,84,1,98742.0,MEDIUM,1
25,571000.0,Freelance,1.6,723,4,18877.0,1991000.0,84,0,401870.0,MEDIUM,1
42,408000.0,Freelance,21.0,705,2,9881.0,1428000.0,24,1,101783.0,MEDIUM,0
54,343000.0,Freelance,13.2,618,0,0.0,619000.0,12,1,342537.0,LOW,1
21,1215000.0,Business,1.8,592,1,8251.0,845000.0,48,2,788441.0,LOW,1
46,365000.0,Freelance,27.8,795,3,6147.0,1457000.0,36,2,324455.0,LOW,1
63,333000.0,Salaried,22.5,708,0,0.0,279000.0,120,2,124155.0,LOW,1
30,565000.0,Business,12.0,570,0,0.0,1247000.0,120,3,345062.0,MEDIUM,1
50,815000.0,Business,4.5,576,3,30232.0,1042000.0,48,3,637624.0,MEDIUM,1
38,496000.0,Salaried,20.0,651,3,8923.0,1086000.0,84,0,432703.0,LOW,1
37,1088000.0,Salaried,13.8,738,2,17015.0,1554000.0,24,2,1220846.0,LOW,1
46,743000.0,Freelance,2.3,727,5,16720.0,2689000.0,36,0,157501.0,HIGH,0
28,150000.0,Salaried,10.0,770,0,0.0,582000.0,120,1,40096.0,LOW,1
60,393000.0,Business,8.8,560,1,2761.0,714000.0,12,2,256018.0,HIGH,0
32,386000.0,Salaried,1.5,697,2,6396.0,216000.0,12,2,359750.0,LOW,1
47,720000.0,Salaried,27.1,794,2,11680.0,1983000.0,48,0,648469.0,MEDIUM,0
28,150000.0,Self-Employed,10.0,786,2,1365.0,254000.0,12,3,33442.0,MEDIUM,0
45,2494000.0,Salaried,8.4,708,3,7107.0,9847000.0,120,3,1766340.0,LOW,1
24,743000.0,Self-Employed,2.5,867,1,7502.0,469000.0,36,0,810947.0,LOW,0
53,591000.0,Self-Employed,26.6,728,0,0.0,438000.0,120,2,117450.0,LOW,1
21,1098000.0,Salaried,0.7,763,1,11652.0,3171000.0,84,4,120811.0,MEDIUM,0
39,2205000.0,Salaried,20.6,683,2,33551.0,6851000.0,36,0,690748.0,MEDIUM,0
51,911000.0,Salaried,23.0,617,0,0.0,1861000.0,12,0,110810.0,MEDIUM,1
36,955000.0,Salaried,6.3,609,3,21281.0,1266000.0,48,3,167397.0,MEDIUM,1
34,584000.0,Business,14.7,694,0,0.0,845000.0,12,1,153010.0,MEDIUM,0
25,496000.0,Salaried,2.7,663,0,0.0,769000.0,84,4,294084.0,LOW,1
61,406000.0,Salaried,22.4,538,1,4173.0,460000.0,60,2,64730.0,LOW,1
46,329000.0,Self-Employed,25.4,597,2,1314.0,1134000.0,12,2,197127.0,MEDIUM,0
48,358000.0,Salaried,3.2,654,1,4225.0,194000.0,24,1,120341.0,MEDIUM,1
22,240000.0,Salaried,0.1,738,2,2465.0,434000.0,12,1,97379.0,MEDIUM,1
26,516000.0,Salaried,8.0,678,1,5550.0,1582000.0,84,2,555459.0,MEDIUM,0
29,197000.0,Business,10.4,674,0,0.0,62000.0,60,2,176604.0,LOW,1
53,606000.0,Freelance,20.7,601,0,0.0,2151000.0,24,1,262416.0,MEDIUM,0
61,529000.0,Business,0.0,681,2,7582.0,1541000.0,48,4,275219.0,MEDIUM,1
45,590000.0,Salaried,27.0,785,1,2394.0,337000.0,24,3,110571.0,LOW,1
33,395000.0,Salaried,15.0,692,3,14582.0,1427000.0,36,1,381288.0,MEDIUM,0
29,3423000.0,Self-Employed,11.0,559,1,4469.0,7199000.0,84,4,114983.0,MEDIUM,0
33,1222000.0,Business,15.0,579,1,723.0,3316000.0,60,3,198349.0,MEDIUM,0
51,256000.0,Freelance,16.8,727,1,144.0,912000.0,36,3,168449.0,MEDIUM,0
61,621000.0,Salaried,25.7,662,0,0.0,2211000.0,36,0,144987.0,MEDIUM,1
31,375000.0,Salaried,13.0,674,2,5430.0,680000.0,120,0,267160.0,LOW,1
24,294000.0,Self-Employed,3.9,630,2,3716.0,347000.0,24,2,11133.0,MEDIUM,1
54,242000.0,Business,17.5,720,2,2118.0,303000.0,24,1,36840.0,LOW,1
58,700000.0,Business,5.1,655,0,0.0,2194000.0,36,3,579299.0,MEDIUM,0
24,359000.0,Self-Employed,0.7,665,1,1049.0,1342000.0,84,0,230857.0,MEDIUM,0
58,966000.0,Freelance,20.4,611,0,0.0,548000.0,48,0,50080.0,LOW,1
39,981000.0,Self-Employed,21.0,753,1,9144.0,349000.0,12,2,283190.0,LOW,1
26,1232000.0,Freelance,8.0,662,1,12011.0,4121000.0,12,0,352848.0,MEDIUM,1
54,324000.0,Freelance,2.3,728,4,12588.0,561000.0,60,0,331794.0,MEDIUM,0
38,719000.0,Business,12.9,584,2,17419.0,951000.0,24,0,406121.0,MEDIUM,1
33,790000.0,Salaried,7.2,818,2,17464.0,788000.0,12,0,596591.0,MEDIUM,0
61,407000.0,Salaried,18.9,782,1,2533.0,644000.0,48,1,61671.0,LOW,1
43,340000.0,Self-Employed,24.2,527,0,0.0,1324000.0,60,3,192537.0,HIGH,0
39,1419000.0,Self-Employed,21.0,615,1,16243.0,5556000.0,84,3,261459.0,MEDIUM,0
65,619000.0,Business,13.6,718,1,4729.0,945000.0,24,2,393234.0,MEDIUM,0
31,791000.0,Salaried,13.0,574,2,5822.0,3058000.0,12,1,445710.0,MEDIUM,1
21,330000.0,Salaried,3.0,669,1,2328.0,465000.0,36,2,306326.0,MEDIUM,0
44,260000.0,Business,20.5,714,3,9673.0,900000.0,48,3,248235.0,MEDIUM,1
27,384000.0,Salaried,7.3,665,5,20387.0,416000.0,120,2,90766.0,MEDIUM,0
45,502000.0,Salaried,18.2,723,1,1765.0,1686000.0,48,0,549099.0,MEDIUM,0
41,285000.0,Salaried,23.0,624,2,6790.0,459000.0,24,4,10433.0,MEDIUM,1
35,537000.0,Self-Employed,17.0,500,2,13176.0,550000.0,84,3,151415.0,MEDIUM,1
21,196000.0,Salaried,0.7,758,0,0.0,737000.0,48,0,23913.0,HIGH,0
32,276000.0,Business,14.0,758,3,9269.0,302000.0,24,2,252244.0,MEDIUM,1
27,808000.0,Salaried,6.0,880,0,0.0,3208000.0,48,2,611846.0,MEDIUM,1
35,776000.0,Freelance,7.4,503,2,771.0,545000.0,120,0,126503.0,MEDIUM,1
41,427000.0,Self-Employed,23.0,740,1,3574.0,144000.0,12,1,60234.0,LOW,1
39,293000.0,Salaried,4.1,522,1,1118.0,1032000.0,120,2,61882.0,MEDIUM,0
49,292000.0,Salaried,5.7,820,1,2462.0,721000.0,84,3,366698.0,LOW,0
45,432000.0,Salaried,12.6,719,3,14800.0,804000.0,120,5,351885.0,LOW,1
53,795000.0,Self-Employed,17.7,603,0,0.0,480000.0,24,0,208462.0,LOW,1
52,943000.0,Salaried,18.1,742,0,0.0,2289000.0,48,2,1035254.0,MEDIUM,0
55,401000.0,Salaried,8.8,635,1,4619.0,704000.0,12,3,68679.0,MEDIUM,1
64,270000.0,Self-Employed,27.6,704,0,0.0,564000.0,84,2,218307.0,LOW,1
58,635000.0,Salaried,27.5,696,2,988.0,1672000.0,12,2,322270.0,MEDIUM,0
46,330000.0,Salaried,11.8,819,2,7613.0,880000.0,12,1,131197.0,MEDIUM,0
31,396000.0,Business,13.0,825,3,1229.0,1526000.0,120,3,155505.0,MEDIUM,1
55,1197000.0,Freelance,21.1,632,2,10093.0,3260000.0,84,2,638580.0,LOW,1
28,888000.0,Salaried,10.0,764,3,25394.0,1382000.0,120,0,1046443.0,LOW,1
34,594000.0,Salaried,11.5,708,2,11539.0,903000.0,24,4,519194.0,MEDIUM,0
30,252000.0,Freelance,12.0,566,4,9145.0,521000.0,24,5,155353.0,HIGH,0
22,613000.0,Salaried,0.4,624,0,0.0,772000.0,48,2,548405.0,MEDIUM,0
29,1022000.0,Freelance,7.1,866,1,1699.0,1730000.0,84,3,860728.0,LOW,1
23,431000.0,Salaried,1.3,708,5,25219.0,1472000.0,120,2,109804.0,MEDIUM,1
41,1216000.0,Business,20.6,759,2,2476.0,4233000.0,120,1,1490315.0,LOW,1
46,1174000.0,Salaried,22.3,663,3,3458.0,3079000.0,84,1,701068.0,LOW,1
28,1466000.0,Freelance,10.0,636,0,0.0,3601000.0,120,4,514515.0,LOW,0
22,649000.0,Salaried,0.5,682,3,15607.0,1220000.0,84,1,570247.0,LOW,1
26,769000.0,Self-Employed,8.0,658,2,6761.0,2040000.0,36,2,398899.0,MEDIUM,0
48,1262000.0,Salaried,0.2,560,0,0.0,4142000.0,36,1,51829.0,MEDIUM,0
49,707000.0,Salaried,14.3,599,0,0.0,2142000.0,60,1,235749.0,MEDIUM,0
46,400000.0,Business,23.8,736,1,4943.0,172000.0,36,1,230609.0,LOW,1
45,413000.0,Self-Employed,18.9,649,3,774.0,1241000.0,84,4,172403.0,MEDIUM,0
32,624000.0,Freelance,14.0,682,2,8644.0,1849000.0,120,1,395516.0,LOW,1
25,249000.0,Salaried,7.0,698,3,2440.0,166000.0,36,2,60116.0,MEDIUM,1
54,496000.0,Business,27.2,705,1,5161.0,425000.0,48,2,337193.0,LOW,0
57,1043000.0,Salaried,17.0,771,4,18048.0,3354000.0,24,2,1311729.0,MEDIUM,1
35,150000.0,Freelance,17.0,592,1,1340.0,355000.0,36,3,109845.0,LOW,1
64,1357000.0,Freelance,29.4,725,0,0.0,4532000.0,60,4,1125948.0,MEDIUM,0
56,1060000.0,Salaried,21.2,740,0,0.0,1043000.0,48,1,293888.0,LOW,1
35,410000.0,Business,17.0,758,5,21986.0,169000.0,12,3,305670.0,MEDIUM,0
63,749000.0,Business,1.1,566,1,4404.0,673000.0,12,2,566181.0,MEDIUM,1
43,541000.0,Salaried,11.2,700,0,0.0,1068000.0,60,4,165461.0,LOW,1
26,1130000.0,Self-Employed,8.0,817,0,0.0,2527000.0,24,4,179457.0,MEDIUM,0
64,974000.0,Salaried,23.9,672,1,2128.0,3383000.0,84,1,721750.0,LOW,0
63,233000.0,Business,13.1,718,3,3980.0,687000.0,12,2,188427.0,MEDIUM,0
65,769000.0,Salaried,28.8,742,1,4790.0,3049000.0,24,3,762962.0,MEDIUM,0
41,478000.0,Salaried,8.2,597,2,5717.0,283000.0,36,1,297552.0,MEDIUM,1
43,568000.0,Salaried,22.3,826,4,22957.0,444000.0,36,0,664117.0,LOW,1
63,349000.0,Self-Employed,12.6,719,1,2463.0,214000.0,36,1,119988.0,LOW,0
36,1542000.0,Business,14.6,721,3,51374.0,3535000.0,12,1,123413.0,MEDIUM,1
35,1009000.0,Freelance,17.0,547,1,6485.0,1299000.0,12,3,660252.0,MEDIUM,0
45,347000.0,Salaried,8.9,743,5,4874.0,982000.0,24,1,172789.0,MEDIUM,1
56,243000.0,Salaried,2.9,720,0,0.0,192000.0,24,3,67950.0,LOW,1
31,429000.0,Business,13.0,809,2,9313.0,292000.0,84,2,47884.0,LOW,1
35,701000.0,Self-Employed,15.9,655,2,984.0,1404000.0,60,2,573370.0,MEDIUM,0
24,624000.0,Salaried,2.6,600,0,0.0,1055000.0,84,3,506257.0,MEDIUM,0
41,1146000.0,Salaried,23.0,625,1,912.0,3860000.0,120,0,477956.0,LOW,1
33,868000.0,Self-Employed,1.7,639,1,4598.0,2950000.0,36,0,804956.0,MEDIUM,0
42,967000.0,Salaried,17.8,590,0,0.0,710000.0,48,0,402803.0,LOW,1
39,657000.0,Business,20.4,783,2,326.0,2172000.0,48,0,811122.0,LOW,1
54,235000.0,Self-Employed,29.6,786,5,7573.0,561000.0,36,2,300657.0,LOW,1
34,480000.0,Business,16.0,664,2,4725.0,1038000.0,60,1,429777.0,LOW,1
24,1021000.0,Self-Employed,3.3,648,1,9874.0,664000.0,84,3,303855.0,LOW,0
47,524000.0,Salaried,15.7,534,0,0.0,1591000.0,24,3,174498.0,MEDIUM,0
49,731000.0,Business,4.8,735,0,0.0,381000.0,12,1,485419.0,LOW,1
48,446000.0,Self-Employed,11.5,812,1,2640.0,592000.0,60,0,210746.0,LOW,1
55,291000.0,Salaried,17.6,629,5,3931.0,190000.0,120,2,246247.0,LOW,1
28,502000.0,Self-Employed,10.0,670,3,15947.0,1136000.0,60,3,512359.0,MEDIUM,0
36,650000.0,Salaried,18.0,714,1,2776.0,1747000.0,120,2,752937.0,LOW,1
62,365000.0,Business,21.4,817,1,1626.0,1313000.0,36,0,177233.0,MEDIUM,1
56,469000.0,Self-Employed,12.9,695,2,10740.0,1414000.0,24,0,157667.0,MEDIUM,0
50,308000.0,Business,21.8,695,2,7512.0,1188000.0,48,0,66446.0,HIGH,1
38,1058000.0,Salaried,4.3,694,2,23756.0,3296000.0,120,1,95499.0,MEDIUM,0
22,453000.0,Salaried,2.3,565,2,11305.0,636000.0,48,2,84627.0,MEDIUM,0
33,1292000.0,Freelance,4.9,564,0,0.0,3005000.0,84,3,363339.0,MEDIUM,1
24,1352000.0,Business,2.1,615,4,47615.0,2696000.0,120,0,556854.0,MEDIUM,1
46,515000.0,Salaried,2.3,761,0,0.0,1233000.0,84,0,90215.0,MEDIUM,1
45,295000.0,Salaried,24.0,653,1,3514.0,713000.0,48,3,260250.0,LOW,1
50,155000.0,Salaried,7.0,637,3,5095.0,449000.0,60,4,101812.0,MEDIUM,0
31,223000.0,Self-Employed,13.0,636,1,671.0,135000.0,84,2,133610.0,MEDIUM,1
27,237000.0,Business,9.0,668,0,0.0,726000.0,12,3,145308.0,MEDIUM,0
51,1236000.0,Business,17.6,816,0,0.0,1028000.0,24,1,524481.0,LOW,1
64,579000.0,Self-Employed,6.3,667,2,13799.0,230000.0,12,4,594231.0,MEDIUM,0
30,683000.0,Business,8.5,617,0,0.0,1516000.0,48,4,176600.0,MEDIUM,1
59,150000.0,Salaried,27.6,682,1,460.0,368000.0,12,3,114040.0,MEDIUM,0
33,263000.0,Salaried,12.8,820,1,961.0,113000.0,60,0,99436.0,LOW,1
51,920000.0,Self-Employed,17.6,639,3,33833.0,2030000.0,36,2,950159.0,MEDIUM,0
27,642000.0,Freelance,9.0,585,0,0.0,1462000.0,12,0,557085.0,MEDIUM,1
62,495000.0,Business,11.4,639,2,5206.0,245000.0,84,2,149279.0,LOW,1
62,758000.0,Self-Employed,6.7,690,1,4736.0,2223000.0,12,0,848038.0,MEDIUM,1
56,1442000.0,Self-Employed,20.6,735,2,3553.0,1555000.0,12,2,1115092.0,MEDIUM,1
40,473000.0,Freelance,21.5,760,0,0.0,1532000.0,84,0,437852.0,LOW,1
24,563000.0,Salaried,2.2,596,2,8342.0,816000.0,48,3,167211.0,MEDIUM,0
27,607000.0,Salaried,9.0,603,2,7770.0,1255000.0,12,2,144054.0,MEDIUM,0
21,2270000.0,Freelance,3.0,654,0,0.0,8172000.0,24,0,2094676.0,MEDIUM,0
64,153000.0,Business,27.6,734,3,3248.0,502000.0,60,3,55396.0,MEDIUM,1
65,814000.0,Salaried,4.8,579,3,2218.0,2599000.0,24,0,702849.0,HIGH,0
62,504000.0,Self-Employed,9.1,631,0,0.0,450000.0,24,0,201146.0,LOW,1
33,759000.0,Salaried,15.0,632,2,5573.0,363000.0,48,2,33004.0,LOW,1
42,364000.0,Salaried,6.0,755,2,653.0,925000.0,12,2,274793.0,MEDIUM,0
41,525000.0,Freelance,0.1,722,0,0.0,955000.0,60,0,234093.0,MEDIUM,0
42,828000.0,Salaried,24.0,752,1,988.0,3033000.0,60,1,1003683.0,MEDIUM,1
48,3498000.0,Business,9.8,787,4,31238.0,5574000.0,60,1,1854722.0,MEDIUM,0
29,877000.0,Salaried,11.0,655,2,9137.0,1595000.0,12,4,316907.0,MEDIUM,0
46,325000.0,Self-Employed,13.4,585,4,11993.0,730000.0,60,1,179101.0,HIGH,0
29,419000.0,Salaried,11.0,585,2,2853.0,1360000.0,120,1,293729.0,MEDIUM,1
35,412000.0,Business,10.1,532,0,0.0,533000.0,60,2,341257.0,LOW,1
30,184000.0,Self-Employed,12.0,643,0,0.0,696000.0,120,2,19446.0,MEDIUM,0
44,443000.0,Self-Employed,18.5,649,2,3276.0,1018000.0,36,0,206225.0,MEDIUM,0
62,839000.0,Salaried,15.8,743,2,16669.0,2862000.0,36,0,693775.0,MEDIUM,1
28,252000.0,Salaried,9.8,681,0,0.0,566000.0,60,1,10732.0,MEDIUM,0
44,1014000.0,Salaried,7.3,640,2,4520.0,3201000.0,84,2,536242.0,MEDIUM,0
36,724000.0,Salaried,18.0,670,3,12385.0,355000.0,24,0,645986.0,LOW,1
46,348000.0,Self-Employed,13.4,596,2,2037.0,1133000.0,84,1,27794.0,MEDIUM,0
47,496000.0,Self-Employed,27.3,762,0,0.0,1110000.0,12,0,226296.0,LOW,0
57,1410000.0,Self-Employed,14.7,617,1,895.0,2768000.0,24,2,596271.0,MEDIUM,1
24,839000.0,Self-Employed,3.8,588,4,25056.0,598000.0,24,1,580888.0,MEDIUM,0
44,543000.0,Salaried,12.5,745,3,12304.0,1653000.0,12,3,212970.0,MEDIUM,0
39,469000.0,Salaried,21.0,725,1,387.0,368000.0,12,2,151944.0,LOW,1
56,566000.0,Salaried,12.7,542,3,15549.0,573000.0,48,2,71682.0,MEDIUM,0
59,397000.0,Business,8.1,748,0,0.0,305000.0,48,2,487947.0,LOW,0
30,153000.0,Self-Employed,12.0,620,0,0.0,50000.0,120,2,75608.0,LOW,1
45,1840000.0,Salaried,17.9,650,0,0.0,5058000.0,48,0,156279.0,MEDIUM,0
38,593000.0,Salaried,17.7,694,0,0.0,772000.0,60,3,72515.0,LOW,0
39,686000.0,Business,18.3,726,3,12463.0,585000.0,84,4,128776.0,MEDIUM,1
56,522000.0,Business,21.6,715,2,3403.0,775000.0,60,2,146145.0,MEDIUM,0
30,348000.0,Self-Employed,9.4,676,1,877.0,747000.0,60,0,288832.0,MEDIUM,1
53,483000.0,Salaried,1.0,646,3,11.0,1045000.0,84,2,292322.0,MEDIUM,0
25,207000.0,Salaried,7.0,712,3,7480.0,343000.0,48,1,190064.0,MEDIUM,1
55,2119000.0,Freelance,3.9,670,0,0.0,4516000.0,84,0,122073.0,LOW,1
64,258000.0,Business,21.7,824,2,84.0,485000.0,12,3,102142.0,MEDIUM,1
54,291000.0,Salaried,2.5,726,2,65.0,973000.0,60,2,147972.0,MEDIUM,1
53,415000.0,Business,11.3,606,2,2992.0,170000.0,12,3,183243.0,MEDIUM,0
41,1170000.0,Business,1.9,641,2,408.0,4109000.0,84,3,104232.0,MEDIUM,0
37,545000.0,Salaried,15.7,683,0,0.0,655000.0,120,1,322243.0,LOW,0
42,257000.0,Salaried,19.6,783,1,202.0,763000.0,48,2,103327.0,MEDIUM,0
57,1147000.0,Salaried,5.1,792,3,1688.0,2063000.0,12,1,328448.0,MEDIUM,1
35,838000.0,Salaried,11.1,648,3,21035.0,1164000.0,60,3,605344.0,MEDIUM,0
55,746000.0,Business,27.9,605,1,8456.0,1922000.0,12,2,83947.0,MEDIUM,0
48,830000.0,Salaried,13.3,595,0,0.0,2610000.0,120,2,698885.0,MEDIUM,0
27,2273000.0,Business,9.0,700,3,71324.0,4466000.0,48,1,2360827.0,LOW,1
52,2005000.0,Freelance,27.8,864,1,733.0,4063000.0,60,2,1002706.0,LOW,1
31,358000.0,Salaried,13.0,723,1,3480.0,185000.0,120,2,420713.0,LOW,1
30,1432000.0,Self-Employed,12.0,552,1,1124.0,5325000.0,60,3,537445.0,MEDIUM,0
29,680000.0,Business,9.5,621,1,7127.0,2335000.0,48,0,662928.0,MEDIUM,0
34,729000.0,Business,16.0,630,1,8041.0,1292000.0,24,2,739546.0,MEDIUM,1
33,196000.0,Business,15.0,614,2,3851.0,614000.0,36,3,163124.0,MEDIUM,0
45,488000.0,Salaried,25.1,648,0,0.0,712000.0,48,0,79588.0,MEDIUM,1
22,332000.0,Self-Employed,2.1,709,5,11651.0,997000.0,84,4,231549.0,MEDIUM,0
55,888000.0,Self-Employed,28.6,734,4,11761.0,1964000.0,12,1,795706.0,MEDIUM,1
27,1028000.0,Freelance,9.0,767,4,33062.0,2061000.0,24,4,140976.0,MEDIUM,0
41,156000.0,Salaried,23.0,721,3,2571.0,79000.0,48,3,166099.0,LOW,1
38,533000.0,Freelance,2.4,523,2,71.0,2064000.0,36,3,383696.0,HIGH,0
23,1059000.0,Salaried,0.6,595,0,0.0,3599000.0,60,1,957833.0,HIGH,0
62,483000.0,Freelance,28.9,667,0,0.0,1563000.0,84,1,279862.0,MEDIUM,0
59,837000.0,Self-Employed,15.0,691,0,0.0,1195000.0,36,1,329267.0,MEDIUM,1
61,667000.0,Self-Employed,11.9,748,1,5181.0,915000.0,120,3,430305.0,LOW,1
31,663000.0,Self-Employed,13.0,683,1,5408.0,1605000.0,36,0,548411.0,MEDIUM,0
59,459000.0,Salaried,2.6,684,5,4536.0,1575000.0,84,2,224367.0,MEDIUM,1
44,260000.0,Salaried,12.5,699,1,1401.0,977000.0,120,3,111468.0,MEDIUM,0
39,276000.0,Salaried,11.3,659,1,3327.0,357000.0,48,2,32087.0,LOW,1
24,827000.0,Salaried,4.0,686,2,18281.0,2107000.0,60,3,433433.0,MEDIUM,1
46,547000.0,Salaried,9.2,770,0,0.0,1629000.0,60,2,287560.0,LOW,1
58,497000.0,Business,6.3,673,4,8694.0,565000.0,36,2,369680.0,MEDIUM,0
62,419000.0,Self-Employed,5.2,677,1,650.0,757000.0,48,2,212709.0,MEDIUM,0
52,450000.0,Salaried,19.2,677,1,198.0,447000.0,120,3,18596.0,LOW,1
59,1013000.0,Business,27.6,783,4,15066.0,2923000.0,60,0,658067.0,LOW,0
65,442000.0,Self-Employed,15.3,591,2,10390.0,1545000.0,60,1,331244.0,MEDIUM,0
56,242000.0,Freelance,8.9,822,1,2900.0,858000.0,120,4,312521.0,LOW,1
60,844000.0,Self-Employed,4.8,585,2,17144.0,2346000.0,12,0,176050.0,MEDIUM,0
57,478000.0,Salaried,24.9,627,2,4192.0,757000.0,36,1,215872.0,LOW,1
53,551000.0,Self-Employed,29.1,739,0,0.0,1513000.0,24,2,572276.0,MEDIUM,0
56,1418000.0,Self-Employed,10.5,762,3,31667.0,4960000.0,36,3,133398.0,MEDIUM,0
23,534000.0,Salaried,2.9,567,4,17262.0,1397000.0,48,0,181997.0,MEDIUM,1
29,643000.0,Salaried,11.0,592,2,6825.0,1175000.0,120,0,373665.0,LOW,1
28,266000.0,Salaried,10.0,702,2,4599.0,985000.0,84,2,111819.0,MEDIUM,0
53,474000.0,Salaried,13.7,867,3,13272.0,1607000.0,120,2,346193.0,MEDIUM,0
26,779000.0,Salaried,8.0,779,1,7625.0,2777000.0,120,1,944475.0,MEDIUM,1
61,213000.0,Self-Employed,21.5,660,5,6687.0,776000.0,84,4,12989.0,MEDIUM,0
59,610000.0,Salaried,28.8,486,2,12073.0,1072000.0,60,2,51398.0,HIGH,1
24,574000.0,Self-Employed,2.4,686,1,183.0,1998000.0,60,2,144538.0,MEDIUM,1
33,554000.0,Self-Employed,15.0,708,2,9424.0,1335000.0,12,1,261426.0,MEDIUM,1
22,1007000.0,Salaried,1.3,649,1,2966.0,444000.0,60,4,521729.0,LOW,1
25,660000.0,Salaried,7.0,611,0,0.0,1751000.0,60,1,45135.0,MEDIUM,0
64,1312000.0,Salaried,17.2,692,2,2995.0,2678000.0,84,2,1321238.0,LOW,1
47,298000.0,Salaried,14.6,604,2,1433.0,393000.0,24,0,224346.0,LOW,1
52,586000.0,Salaried,20.9,829,2,14533.0,2280000.0,36,2,235738.0,MEDIUM,1
41,568000.0,Salaried,11.9,801,0,0.0,286000.0,60,2,212169.0,LOW,0
28,284000.0,Self-Employed,3.8,732,1,3294.0,1079000.0,48,0,19888.0,HIGH,1
58,959000.0,Self-Employed,14.7,687,2,3906.0,853000.0,24,1,453127.0,LOW,1
28,2180000.0,Salaried,10.0,627,5,27803.0,3695000.0,24,0,622490.0,MEDIUM,0
23,535000.0,Salaried,3.6,678,3,11191.0,986000.0,12,3,375309.0,MEDIUM,1
64,732000.0,Self-Employed,28.1,811,3,9595.0,2199000.0,48,2,553941.0,MEDIUM,0
23,568000.0,Business,2.7,749,0,0.0,624000.0,24,1,672820.0,MEDIUM,0
42,352000.0,Business,12.3,696,3,5571.0,1390000.0,36,2,322701.0,MEDIUM,1
26,181000.0,Self-Employed,4.6,753,0,0.0,556000.0,48,1,25081.0,MEDIUM,1
22,354000.0,Salaried,1.1,723,0,0.0,1141000.0,36,1,300904.0,MEDIUM,1
43,234000.0,Salaried,9.2,711,0,0.0,162000.0,12,2,37450.0,LOW,1
64,1502000.0,Business,14.7,758,3,18084.0,3098000.0,12,1,649739.0,LOW,1
22,504000.0,Salaried,0.0,721,0,0.0,1915000.0,60,0,340840.0,MEDIUM,1
58,439000.0,Freelance,1.6,748,0,0.0,570000.0,36,4,277649.0,MEDIUM,0
37,921000.0,Self-Employed,19.0,692,0,0.0,772000.0,84,1,736101.0,LOW,1
55,276000.0,Self-Employed,19.2,659,2,1905.0,578000.0,36,2,242947.0,LOW,1
54,341000.0,Salaried,10.2,636,3,7853.0,1276000.0,12,3,295581.0,MEDIUM,1
43,563000.0,Self-Employed,1.4,626,1,6637.0,1183000.0,84,2,51549.0,MEDIUM,1
50,1002000.0,Self-Employed,26.0,551,1,1661.0,1801000.0,36,2,582377.0,LOW,1
28,730000.0,Salaried,5.1,607,0,0.0,1975000.0,48,0,693786.0,MEDIUM,0
42,627000.0,Salaried,24.0,604,1,4256.0,2362000.0,60,1,469905.0,MEDIUM,1
64,566000.0,Business,14.4,639,0,0.0,273000.0,60,2,316442.0,LOW,1
56,687000.0,Self-Employed,10.2,804,1,8258.0,596000.0,48,1,913792.0,LOW,1
25,610000.0,Salaried,7.0,667,2,9240.0,483000.0,24,2,50536.0,MEDIUM,0
33,291000.0,Salaried,15.0,699,1,3021.0,179000.0,120,2,39612.0,LOW,0
49,556000.0,Business,11.1,701,3,10727.0,788000.0,84,3,496847.0,LOW,1
51,284000.0,Business,12.2,807,5,4435.0,326000.0,84,1,214483.0,LOW,1
36,567000.0,Self-Employed,13.0,633,0,0.0,1321000.0,36,5,89949.0,MEDIUM,0
62,405000.0,Self-Employed,27.7,662,0,0.0,612000.0,120,4,173831.0,LOW,1
50,2480000.0,Salaried,20.8,671,2,52156.0,4462000.0,120,0,260289.0,LOW,1
36,528000.0,Self-Employed,7.4,770,0,0.0,1998000.0,24,1,364298.0,MEDIUM,1
32,233000.0,Salaried,5.5,787,1,923.0,204000.0,24,0,40639.0,LOW,1
37,499000.0,Freelance,6.9,717,1,3224.0,867000.0,36,1,23549.0,MEDIUM,0
36,738000.0,Self-Employed,7.9,778,3,15819.0,923000.0,120,2,327565.0,LOW,1
32,1475000.0,Salaried,6.9,694,2,7147.0,3440000.0,84,2,435999.0,MEDIUM,0
28,379000.0,Salaried,10.0,666,0,0.0,1146000.0,120,0,158443.0,LOW,1
40,209000.0,Business,3.5,774,0,0.0,694000.0,12,2,99507.0,MEDIUM,1
23,882000.0,Salaried,2.1,719,0,0.0,1946000.0,36,3,670369.0,MEDIUM,0
36,236000.0,Salaried,18.0,621,1,2476.0,817000.0,12,2,164916.0,MEDIUM,0
50,416000.0,Self-Employed,8.7,759,1,4851.0,1333000.0,48,1,81564.0,MEDIUM,0
65,463000.0,Salaried,2.0,663,3,5352.0,408000.0,12,0,254103.0,MEDIUM,1
43,518000.0,Business,2.5,653,1,5566.0,626000.0,24,2,493828.0,MEDIUM,0
48,817000.0,Salaried,3.8,751,1,6802.0,2276000.0,24,2,179001.0,MEDIUM,0
60,359000.0,Business,25.1,672,1,4298.0,1403000.0,24,2,382602.0,MEDIUM,1
25,459000.0,Salaried,7.0,711,0,0.0,776000.0,120,0,27926.0,LOW,1
40,536000.0,Salaried,1.9,732,4,7227.0,617000.0,84,2,83857.0,MEDIUM,1
60,591000.0,Business,11.7,617,0,0.0,2078000.0,120,1,121726.0,MEDIUM,1
64,573000.0,Self-Employed,8.4,710,1,6650.0,595000.0,84,3,326104.0,MEDIUM,1
21,702000.0,Salaried,3.0,787,0,0.0,2022000.0,12,2,294836.0,MEDIUM,1
50,897000.0,Salaried,15.7,603,1,8152.0,383000.0,24,4,384743.0,LOW,1
41,684000.0,Self-Employed,14.4,715,4,13246.0,253000.0,60,3,758522.0,LOW,0
40,709000.0,Self-Employed,9.4,613,0,0.0,1397000.0,36,2,257025.0,MEDIUM,1
26,209000.0,Freelance,4.1,761,1,2093.0,570000.0,24,5,224097.0,LOW,1
42,557000.0,Freelance,22.3,760,0,0.0,461000.0,84,0,72499.0,LOW,1
38,721000.0,Self-Employed,20.0,651,2,12200.0,2254000.0,12,0,627835.0,LOW,1
28,837000.0,Salaried,10.0,856,2,986.0,650000.0,24,0,1077711.0,LOW,1
59,357000.0,Self-Employed,1.8,768,2,5888.0,812000.0,120,1,139911.0,MEDIUM,0
52,364000.0,Self-Employed,22.2,736,1,2176.0,524000.0,12,3,248227.0,MEDIUM,0
53,383000.0,Salaried,21.8,732,3,13811.0,1181000.0,120,1,98964.0,MEDIUM,0
36,746000.0,Salaried,18.0,758,1,5662.0,2443000.0,36,3,113118.0,MEDIUM,0
32,1005000.0,Salaried,7.6,600,1,7641.0,547000.0,12,2,762396.0,MEDIUM,1
58,423000.0,Salaried,22.3,695,2,10512.0,428000.0,36,3,310006.0,LOW,1
54,932000.0,Salaried,1.6,710,1,1090.0,3358000.0,24,0,827510.0,MEDIUM,1
34,582000.0,Self-Employed,16.0,647,0,0.0,1070000.0,120,2,282040.0,LOW,1
56,502000.0,Business,10.5,717,1,4117.0,1036000.0,84,2,162639.0,MEDIUM,1
53,476000.0,Self-Employed,23.1,778,0,0.0,439000.0,60,1,273091.0,LOW,1
43,846000.0,Salaried,25.0,646,1,3661.0,3368000.0,24,3,85691.0,MEDIUM,0
65,657000.0,Salaried,10.9,675,2,14662.0,2441000.0,36,3,223427.0,HIGH,0
22,2117000.0,Self-Employed,2.1,614,0,0.0,651000.0,84,0,679087.0,LOW,1
61,324000.0,Salaried,3.5,537,2,833.0,757000.0,48,1,202861.0,MEDIUM,0
41,737000.0,Self-Employed,12.5,742,3,8591.0,2600000.0,48,1,76373.0,MEDIUM,0
22,393000.0,Freelance,2.4,677,1,374.0,744000.0,48,3,117943.0,MEDIUM,0
47,321000.0,Salaried,5.5,683,0,0.0,615000.0,120,0,108140.0,LOW,1
29,537000.0,Salaried,11.0,601,3,3489.0,915000.0,24,2,297041.0,MEDIUM,0
21,587000.0,Self-Employed,3.0,665,2,12578.0,239000.0,12,0,172474.0,MEDIUM,0
31,3112000.0,Freelance,13.0,767,0,0.0,10033000.0,60,2,636306.0,MEDIUM,1
23,484000.0,Business,0.9,680,1,359.0,963000.0,84,0,152570.0,MEDIUM,0
43,274000.0,Business,25.0,682,2,2061.0,621000.0,60,2,135200.0,MEDIUM,1
46,637000.0,Salaried,23.8,696,2,9815.0,794000.0,84,1,394111.0,LOW,1
24,156000.0,Freelance,3.8,581,2,1308.0,499000.0,120,2,10091.0,MEDIUM,0
38,511000.0,Salaried,20.0,729,2,6556.0,1654000.0,24,1,204211.0,MEDIUM,1
26,546000.0,Salaried,8.0,579,2,12413.0,1281000.0,36,3,395499.0,HIGH,1
55,870000.0,Business,27.7,604,1,3807.0,3173000.0,24,3,522027.0,HIGH,0
42,969000.0,Freelance,21.3,596,2,8137.0,706000.0,48,3,444769.0,LOW,1
63,399000.0,Salaried,23.6,665,5,20443.0,1281000.0,36,1,204697.0,MEDIUM,0
35,494000.0,Salaried,2.6,651,1,1968.0,1169000.0,60,0,205005.0,MEDIUM,0
42,341000.0,Salaried,17.5,679,2,665.0,394000.0,24,2,138172.0,MEDIUM,0
57,275000.0,Salaried,24.6,607,0,0.0,217000.0,12,3,114194.0,MEDIUM,1
62,651000.0,Salaried,25.8,760,1,7721.0,920000.0,12,0,713709.0,LOW,1
32,252000.0,Freelance,0.9,746,4,11759.0,874000.0,120,1,150868.0,HIGH,0
62,421000.0,Self-Employed,28.2,666,0,0.0,1353000.0,60,2,312324.0,MEDIUM,0
58,297000.0,Business,1.3,641,0,0.0,798000.0,36,2,253139.0,MEDIUM,1
38,751000.0,Business,18.4,633,1,1290.0,476000.0,48,2,349717.0,LOW,1
65,1593000.0,Self-Employed,20.8,655,1,13435.0,6106000.0,12,2,1441185.0,MEDIUM,1
55,247000.0,Business,3.2,567,2,1144.0,353000.0,12,1,224958.0,MEDIUM,1
50,178000.0,Self-Employed,1.4,603,0,0.0,453000.0,24,2,90852.0,HIGH,0
44,501000.0,Salaried,23.5,748,0,0.0,1639000.0,84,3,261300.0,MEDIUM,0
62,545000.0,Self-Employed,11.5,704,1,2217.0,431000.0,120,4,512189.0,LOW,1
50,616000.0,Self-Employed,3.2,810,1,836.0,1671000.0,60,0,546522.0,LOW,1
34,413000.0,Business,16.0,656,2,8610.0,173000.0,12,2,277451.0,MEDIUM,0
26,479000.0,Freelance,8.0,651,2,9130.0,324000.0,24,0,453660.0,MEDIUM,0
23,674000.0,Salaried,1.6,647,1,5761.0,2006000.0,36,4,471119.0,MEDIUM,0
36,1009000.0,Business,4.8,654,0,0.0,882000.0,84,1,705235.0,LOW,1
27,167000.0,Salaried,0.5,627,2,2043.0,324000.0,12,4,39835.0,MEDIUM,1
34,433000.0,Business,16.0,701,0,0.0,528000.0,120,0,348407.0,LOW,1
29,614000.0,Salaried,11.0,682,0,0.0,1141000.0,60,0,629001.0,LOW,1
35,312000.0,Salaried,17.0,639,2,2484.0,183000.0,24,4,192192.0,LOW,1
41,1527000.0,Salaried,23.0,780,1,1657.0,4723000.0,36,4,1785836.0,LOW,1
55,369000.0,Self-Employed,13.0,831,1,2470.0,219000.0,24,3,184026.0,LOW,1
22,527000.0,Salaried,1.7,773,1,96.0,1792000.0,48,1,50163.0,MEDIUM,1
47,754000.0,Freelance,28.2,724,1,4182.0,2075000.0,60,0,416691.0,LOW,1
22,379000.0,Salaried,3.4,740,1,845.0,698000.0,60,2,17181.0,MEDIUM,1
55,178000.0,Freelance,18.5,828,5,4097.0,624000.0,84,2,44754.0,MEDIUM,1
38,418000.0,Business,20.0,740,1,3527.0,413000.0,12,3,110953.0,MEDIUM,1
34,1002000.0,Salaried,16.0,633,2,8792.0,1281000.0,84,1,568501.0,MEDIUM,1
40,441000.0,Salaried,17.2,711,3,5645.0,356000.0,24,1,490682.0,MEDIUM,0
38,325000.0,Business,8.9,730,2,8050.0,556000.0,36,2,20514.0,MEDIUM,0
30,942000.0,Self-Employed,12.0,600,2,16928.0,3722000.0,12,1,240756.0,MEDIUM,1
45,443000.0,Self-Employed,20.4,657,2,5691.0,397000.0,60,2,462056.0,LOW,1
22,398000.0,Salaried,0.9,768,1,2882.0,1343000.0,24,2,447282.0,MEDIUM,0
45,591000.0,Self-Employed,16.8,534,3,13745.0,1603000.0,36,2,426870.0,MEDIUM,0
53,858000.0,Freelance,12.5,579,0,0.0,308000.0,84,1,98271.0,LOW,1
56,2256000.0,Salaried,26.6,665,3,6790.0,8564000.0,60,3,1611186.0,MEDIUM,0
51,888000.0,Salaried,14.5,708,2,14412.0,3457000.0,120,1,237423.0,LOW,0
34,1084000.0,Salaried,16.0,571,3,14816.0,4035000.0,36,0,663907.0,MEDIUM,1
21,399000.0,Business,2.0,669,0,0.0,860000.0,84,0,195261.0,LOW,1
36,292000.0,Business,18.0,772,3,3258.0,326000.0,24,5,241370.0,LOW,1
23,561000.0,Salaried,0.9,685,0,0.0,980000.0,36,2,282366.0,MEDIUM,1
55,576000.0,Salaried,25.6,755,2,13195.0,1482000.0,12,2,653795.0,LOW,1
61,283000.0,Salaried,11.6,632,1,718.0,482000.0,12,3,16864.0,MEDIUM,0
26,486000.0,Salaried,3.4,615,2,1746.0,1419000.0,120,2,106330.0,MEDIUM,0
45,687000.0,Salaried,25.3,747,2,10754.0,2228000.0,24,0,709891.0,LOW,1
33,671000.0,Freelance,14.9,709,0,0.0,721000.0,84,0,583162.0,LOW,1
54,731000.0,Self-Employed,3.8,585,1,5263.0,1315000.0,60,5,148012.0,MEDIUM,0
28,643000.0,Salaried,3.5,615,1,3504.0,2471000.0,48,2,97035.0,HIGH,1
41,399000.0,Business,4.8,805,2,4660.0,488000.0,48,2,177860.0,MEDIUM,1
54,397000.0,Self-Employed,22.5,606,2,7730.0,628000.0,48,4,195285.0,MEDIUM,1
24,263000.0,Self-Employed,3.3,754,0,0.0,114000.0,60,1,25761.0,LOW,0
45,1577000.0,Salaried,6.1,641,1,7817.0,2412000.0,120,2,1404331.0,LOW,1
35,545000.0,Salaried,17.0,679,2,13050.0,911000.0,12,2,325761.0,MEDIUM,0
24,472000.0,Freelance,1.7,703,1,1121.0,316000.0,12,2,502837.0,LOW,1
65,310000.0,Self-Employed,23.8,511,4,4553.0,95000.0,84,2,88427.0,LOW,1
32,3145000.0,Salaried,14.0,562,1,7531.0,7639000.0,84,0,230109.0,MEDIUM,1
52,284000.0,Self-Employed,21.9,686,0,0.0,402000.0,12,3,279894.0,MEDIUM,0
52,418000.0,Freelance,11.4,622,0,0.0,153000.0,84,4,75393.0,LOW,1
48,693000.0,Salaried,10.4,759,1,403.0,2413000.0,24,1,310739.0,MEDIUM,0
33,775000.0,Self-Employed,15.0,551,1,1499.0,1908000.0,84,2,332314.0,MEDIUM,0
51,960000.0,Freelance,1.1,725,0,0.0,896000.0,12,1,583178.0,LOW,1
34,1598000.0,Salaried,16.0,569,0,0.0,5595000.0,84,3,82443.0,MEDIUM,1
40,732000.0,Business,19.4,651,2,13779.0,906000.0,12,2,422638.0,MEDIUM,0
38,287000.0,Self-Employed,13.0,594,2,5708.0,328000.0,12,2,29840.0,MEDIUM,0
49,463000.0,Self-Employed,18.8,832,0,0.0,1671000.0,120,2,223330.0,LOW,1
26,650000.0,Salaried,3.7,572,2,16001.0,627000.0,120,1,587629.0,MEDIUM,0
52,1869000.0,Salaried,15.4,670,4,63452.0,6639000.0,48,0,624308.0,HIGH,0
49,234000.0,Self-Employed,29.6,541,5,10877.0,765000.0,36,1,167090.0,MEDIUM,0
63,1112000.0,Salaried,7.1,807,3,8019.0,1608000.0,12,2,783127.0,LOW,1
22,602000.0,Salaried,2.0,712,3,18905.0,257000.0,36,1,161432.0,MEDIUM,1
43,893000.0,Salaried,13.0,690,0,0.0,541000.0,84,1,739484.0,LOW,1
39,508000.0,Salaried,19.6,797,0,0.0,358000.0,120,0,382125.0,LOW,1
51,326000.0,Freelance,6.1,691,1,2797.0,1172000.0,12,0,202853.0,MEDIUM,1
25,848000.0,Salaried,7.0,697,2,15835.0,1522000.0,48,0,60418.0,MEDIUM,0
39,800000.0,Freelance,21.0,690,3,9155.0,336000.0,48,4,322582.0,LOW,1
54,968000.0,Salaried,5.9,725,0,0.0,2284000.0,84,3,859209.0,MEDIUM,0
30,536000.0,Self-Employed,12.0,640,1,654.0,573000.0,84,0,449711.0,LOW,1
45,377000.0,Salaried,17.3,662,2,1631.0,441000.0,84,2,335353.0,LOW,0
22,212000.0,Business,3.2,744,1,163.0,190000.0,36,2,18073.0,MEDIUM,1
31,883000.0,Business,13.0,702,1,6183.0,2755000.0,120,4,194155.0,LOW,1
51,697000.0,Salaried,15.1,670,0,0.0,211000.0,120,1,754292.0,LOW,1
35,303000.0,Freelance,0.5,567,5,17349.0,583000.0,48,1,51027.0,HIGH,0
29,391000.0,Salaried,11.0,799,1,2650.0,243000.0,120,2,123785.0,LOW,1
43,408000.0,Self-Employed,24.8,627,1,1329.0,956000.0,24,3,337501.0,MEDIUM,1
39,222000.0,Freelance,5.2,758,0,0.0,351000.0,60,1,114927.0,LOW,1
29,331000.0,Business,11.0,694,1,3661.0,134000.0,120,0,54982.0,LOW,1
55,274000.0,Freelance,23.1,576,1,1640.0,550000.0,60,1,39435.0,MEDIUM,0
41,422000.0,Salaried,23.0,780,0,0.0,1018000.0,84,1,62232.0,LOW,1
29,347000.0,Salaried,11.0,700,1,64.0,422000.0,12,1,82994.0,MEDIUM,0
48,204000.0,Salaried,27.0,786,0,0.0,639000.0,48,3,136299.0,MEDIUM,1
27,1819000.0,Self-Employed,4.8,665,2,14812.0,3043000.0,60,4,94872.0,MEDIUM,1
36,1146000.0,Business,18.0,736,1,434.0,3521000.0,36,1,203733.0,MEDIUM,1
36,339000.0,Salaried,18.0,538,3,9861.0,828000.0,36,3,267371.0,HIGH,0
53,636000.0,Self-Employed,11.3,639,0,0.0,2236000.0,84,0,584348.0,LOW,1
24,694000.0,Salaried,2.8,578,0,0.0,1613000.0,36,2,545061.0,MEDIUM,1
24,1104000.0,Salaried,3.2,650,3,33360.0,1089000.0,12,3,839953.0,MEDIUM,1
59,331000.0,Self-Employed,19.7,717,0,0.0,1107000.0,60,1,262728.0,MEDIUM,0
60,1041000.0,Self-Employed,7.8,631,0,0.0,3328000.0,60,0,321076.0,MEDIUM,0
37,389000.0,Business,0.7,749,0,0.0,1516000.0,60,1,171690.0,MEDIUM,0
57,242000.0,Salaried,4.2,611,3,2320.0,156000.0,36,2,62865.0,MEDIUM,1
59,834000.0,Business,13.2,750,3,25976.0,2075000.0,84,3,1012434.0,LOW,1
49,1172000.0,Salaried,8.5,784,1,11960.0,2484000.0,36,2,982726.0,LOW,1
56,2553000.0,Salaried,22.9,761,2,10364.0,7103000.0,12,0,3102309.0,LOW,1
58,263000.0,Self-Employed,3.2,652,1,1558.0,1033000.0,84,2,83003.0,MEDIUM,1
59,822000.0,Business,27.5,509,3,1239.0,1865000.0,24,3,425016.0,LOW,1
57,423000.0,Salaried,26.9,726,0,0.0,1200000.0,60,2,387862.0,LOW,1
55,865000.0,Salaried,27.3,669,3,23711.0,1371000.0,12,0,118397.0,HIGH,0
27,224000.0,Self-Employed,9.0,601,0,0.0,315000.0,36,3,148355.0,MEDIUM,1
47,253000.0,Salaried,3.2,635,1,370.0,390000.0,24,4,51587.0,MEDIUM,0
48,339000.0,Business,13.1,794,0,0.0,150000.0,48,1,156179.0,LOW,0
42,567000.0,Business,3.9,589,2,7612.0,767000.0,24,1,393218.0,HIGH,0
34,368000.0,Salaried,16.0,717,2,6218.0,346000.0,120,2,199156.0,LOW,1
27,802000.0,Self-Employed,9.0,697,1,7610.0,1598000.0,12,5,848122.0,MEDIUM,1
57,1001000.0,Business,17.6,651,2,17413.0,2007000.0,24,3,283901.0,MEDIUM,0
42,774000.0,Salaried,23.4,731,2,16359.0,2424000.0,36,3,169630.0,MEDIUM,0
25,1427000.0,Self-Employed,7.0,810,2,7952.0,3080000.0,24,0,688263.0,MEDIUM,1
22,693000.0,Salaried,0.8,656,0,0.0,1395000.0,36,3,637151.0,LOW,1
47,260000.0,Self-Employed,20.2,660,1,1170.0,301000.0,24,2,239385.0,LOW,0
41,1224000.0,Salaried,14.0,729,0,0.0,4228000.0,12,4,573673.0,MEDIUM,0
58,376000.0,Business,18.2,753,1,2069.0,239000.0,48,2,381380.0,LOW,1
35,933000.0,Salaried,2.8,669,2,22385.0,3671000.0,60,3,110953.0,MEDIUM,1
41,1389000.0,Salaried,23.0,655,2,26706.0,2863000.0,24,0,60533.0,MEDIUM,0
30,711000.0,Business,12.0,502,2,12771.0,703000.0,48,2,496628.0,MEDIUM,1
43,220000.0,Salaried,1.2,617,1,1352.0,354000.0,24,1,194137.0,MEDIUM,0
59,311000.0,Salaried,27.6,588,2,3447.0,111000.0,84,0,51017.0,LOW,1
25,1195000.0,Salaried,7.0,734,1,7865.0,1095000.0,48,2,464137.0,LOW,0
21,488000.0,Salaried,2.7,660,4,7165.0,752000.0,36,2,450923.0,MEDIUM,0
33,567000.0,Freelance,15.0,657,1,6411.0,1333000.0,48,2,69657.0,MEDIUM,0
41,852000.0,Business,23.0,679,2,16919.0,664000.0,60,0,822963.0,LOW,1
46,821000.0,Salaried,1.8,610,2,16449.0,2300000.0,48,1,479828.0,MEDIUM,0
65,639000.0,Business,7.4,804,3,10379.0,2188000.0,120,1,569164.0,LOW,1
41,477000.0,Self-Employed,23.0,783,1,424.0,1153000.0,60,1,375844.0,LOW,1
38,448000.0,Freelance,20.0,809,1,3825.0,627000.0,60,2,358260.0,LOW,1
57,904000.0,Salaried,13.7,734,1,4231.0,677000.0,48,1,232045.0,LOW,1
65,753000.0,Self-Employed,13.2,677,1,8193.0,269000.0,120,4,218539.0,LOW,1
52,463000.0,Self-Employed,5.3,809,2,9032.0,1393000.0,60,0,368768.0,MEDIUM,0
56,1034000.0,Self-Employed,29.1,625,4,7513.0,2715000.0,60,1,443854.0,LOW,1
37,500000.0,Self-Employed,6.4,610,0,0.0,1031000.0,84,2,276203.0,MEDIUM,1
55,324000.0,Salaried,5.7,631,2,5607.0,219000.0,36,3,92791.0,MEDIUM,0
31,343000.0,Business,13.0,721,3,7308.0,366000.0,120,0,196077.0,LOW,1
41,300000.0,Self-Employed,7.3,619,0,0.0,995000.0,12,3,52013.0,HIGH,0
46,459000.0,Freelance,28.0,667,1,1307.0,953000.0,36,2,35319.0,MEDIUM,0
24,1133000.0,Salaried,0.9,551,3,10023.0,4376000.0,12,3,959911.0,MEDIUM,0
54,333000.0,Self-Employed,0.2,718,3,9591.0,1332000.0,12,4,288110.0,HIGH,0
38,605000.0,Freelance,15.1,558,1,141.0,1974000.0,36,1,280773.0,MEDIUM,0
60,364000.0,Self-Employed,14.6,605,0,0.0,457000.0,60,2,202668.0,LOW,1
55,462000.0,Business,4.9,777,0,0.0,534000.0,84,3,313081.0,MEDIUM,1
61,218000.0,Business,14.8,774,2,5102.0,270000.0,120,3,251647.0,LOW,1
49,473000.0,Salaried,12.3,709,0,0.0,1869000.0,36,2,430745.0,MEDIUM,1
49,481000.0,Self-Employed,26.7,702,0,0.0,741000.0,60,4,192881.0,LOW,0
58,747000.0,Salaried,0.3,637,2,7699.0,2177000.0,36,2,189705.0,HIGH,0
62,618000.0,Self-Employed,29.3,618,2,7340.0,2378000.0,36,2,60737.0,MEDIUM,1
41,263000.0,Salaried,18.7,651,3,2014.0,876000.0,84,0,49317.0,MEDIUM,0
62,1036000.0,Business,4.6,558,0,0.0,2602000.0,24,2,473570.0,HIGH,0
33,613000.0,Self-Employed,1.4,700,0,0.0,567000.0,48,1,161540.0,LOW,1
61,609000.0,Salaried,16.1,683,3,18395.0,577000.0,36,1,228762.0,MEDIUM,0
37,537000.0,Salaried,7.0,605,2,3514.0,1139000.0,48,4,85696.0,MEDIUM,0
29,396000.0,Freelance,9.0,805,3,6232.0,1514000.0,60,4,488757.0,MEDIUM,0
61,616000.0,Salaried,7.4,728,5,21359.0,2246000.0,24,1,48698.0,MEDIUM,0
21,719000.0,Salaried,1.2,735,3,24479.0,658000.0,84,1,325205.0,LOW,1
22,189000.0,Salaried,2.0,641,1,328.0,258000.0,24,3,55964.0,MEDIUM,0
49,391000.0,Freelance,2.3,679,1,1158.0,969000.0,12,3,18003.0,MEDIUM,0
53,464000.0,Freelance,15.8,730,2,10655.0,959000.0,120,0,519449.0,LOW,1
30,630000.0,Self-Employed,12.0,692,2,623.0,467000.0,120,2,240817.0,LOW,1
60,1106000.0,Business,2.4,808,1,9071.0,1843000.0,84,4,768406.0,LOW,1
41,340000.0,Salaried,23.0,663,2,5436.0,1303000.0,120,2,220107.0,MEDIUM,1
48,401000.0,Freelance,17.3,639,0,0.0,1532000.0,84,2,260822.0,LOW,1
31,397000.0,Salaried,13.0,730,2,4647.0,941000.0,48,2,228314.0,MEDIUM,0
54,334000.0,Salaried,4.4,578,0,0.0,885000.0,24,2,189979.0,MEDIUM,1
28,439000.0,Salaried,10.0,753,1,905.0,492000.0,60,4,414651.0,LOW,1
42,858000.0,Self-Employed,19.3,575,3,7451.0,2613000.0,12,4,762007.0,MEDIUM,1
28,287000.0,Business,10.0,731,0,0.0,142000.0,24,1,231036.0,LOW,1
35,698000.0,Salaried,15.5,628,1,3575.0,779000.0,60,0,343192.0,LOW,1
37,195000.0,Freelance,0.7,718,0,0.0,63000.0,48,1,106699.0,LOW,1
43,386000.0,Salaried,25.0,752,3,13329.0,667000.0,60,1,344673.0,LOW,1
44,443000.0,Salaried,19.3,692,3,15235.0,1527000.0,60,0,321811.0,MEDIUM,0
65,1476000.0,Self-Employed,2.7,584,4,16975.0,5808000.0,120,3,614610.0,HIGH,0
39,458000.0,Self-Employed,0.6,608,3,5189.0,1269000.0,120,2,162171.0,MEDIUM,0
25,150000.0,Business,1.5,621,2,608.0,458000.0,60,0,150757.0,MEDIUM,0
52,163000.0,Self-Employed,18.3,528,0,0.0,207000.0,36,4,107190.0,LOW,1
64,552000.0,Self-Employed,18.4,770,1,2745.0,1228000.0,84,4,163816.0,LOW,1
21,781000.0,Salaried,3.0,688,1,4390.0,2363000.0,24,4,278426.0,MEDIUM,0
43,677000.0,Self-Employed,9.2,589,2,13585.0,1449000.0,60,3,580548.0,LOW,0
57,598000.0,Freelance,16.0,796,2,7669.0,375000.0,12,0,529753.0,MEDIUM,0
28,1085000.0,Salaried,10.0,623,0,0.0,3300000.0,36,2,367617.0,MEDIUM,1
33,391000.0,Business,0.6,700,0,0.0,435000.0,60,0,173297.0,LOW,1
28,924000.0,Self-Employed,8.5,613,1,7283.0,611000.0,60,2,368410.0,LOW,1
43,203000.0,Salaried,1.6,518,0,0.0,420000.0,84,0,36024.0,MEDIUM,1
63,314000.0,Freelance,27.0,570,2,5066.0,181000.0,24,4,152788.0,MEDIUM,1
21,183000.0,Self-Employed,1.6,644,2,545.0,481000.0,120,4,148889.0,MEDIUM,0
65,458000.0,Salaried,29.9,751,2,3485.0,1223000.0,120,2,328395.0,LOW,1
44,526000.0,Salaried,9.1,707,0,0.0,657000.0,36,3,408017.0,LOW,0
55,579000.0,Salaried,26.4,691,4,25482.0,2240000.0,60,3,399866.0,MEDIUM,1
44,561000.0,Business,18.1,519,0,0.0,1880000.0,60,1,42195.0,MEDIUM,0
37,310000.0,Self-Employed,13.6,781,1,164.0,219000.0,48,2,86145.0,LOW,0
25,482000.0,Freelance,6.7,697,2,7753.0,1479000.0,12,0,205260.0,HIGH,0
40,220000.0,Salaried,22.0,670,0,0.0,353000.0,12,5,215597.0,MEDIUM,1
41,1224000.0,Salaried,23.0,770,0,0.0,3765000.0,24,4,576917.0,MEDIUM,1
60,450000.0,Salaried,7.1,779,0,0.0,1468000.0,120,2,202636.0,LOW,0
51,403000.0,Self-Employed,5.3,772,2,9818.0,347000.0,36,2,57200.0,MEDIUM,1
56,1402000.0,Freelance,20.9,660,3,33170.0,3854000.0,84,1,1473293.0,MEDIUM,0
31,256000.0,Self-Employed,13.0,599,2,2875.0,894000.0,84,0,195816.0,MEDIUM,1
35,275000.0,Salaried,17.0,759,2,5689.0,412000.0,60,1,266661.0,LOW,1
39,280000.0,Business,8.5,570,1,745.0,167000.0,120,0,104417.0,LOW,1
27,519000.0,Business,9.0,835,0,0.0,208000.0,120,1,78487.0,LOW,1
48,700000.0,Salaried,11.5,682,0,0.0,495000.0,84,1,225544.0,LOW,1
63,842000.0,Business,25.6,595,3,15931.0,266000.0,36,3,697894.0,MEDIUM,1
25,2529000.0,Salaried,7.0,581,0,0.0,3818000.0,24,2,494489.0,LOW,0
25,150000.0,Salaried,7.0,577,5,2744.0,211000.0,120,3,125879.0,LOW,1
50,779000.0,Salaried,8.2,691,0,0.0,552000.0,48,2,487056.0,LOW,1
52,387000.0,Self-Employed,28.1,679,2,8866.0,1048000.0,24,2,311942.0,MEDIUM,1
28,380000.0,Salaried,10.0,581,4,4124.0,1509000.0,12,3,168860.0,HIGH,0
30,373000.0,Salaried,12.0,651,1,1767.0,1355000.0,120,3,370990.0,LOW,1
58,313000.0,Salaried,17.4,570,2,4154.0,387000.0,48,0,76518.0,MEDIUM,0
52,1485000.0,Business,24.6,727,1,18115.0,4676000.0,60,2,1043078.0,MEDIUM,0
48,896000.0,Freelance,24.4,675,1,5995.0,3375000.0,24,1,99264.0,MEDIUM,1
37,548000.0,Business,10.1,649,0,0.0,2002000.0,36,2,289335.0,MEDIUM,1
51,1215000.0,Salaried,28.9,576,3,26592.0,4341000.0,36,3,1103695.0,MEDIUM,0
28,218000.0,Salaried,0.7,655,1,2645.0,700000.0,12,0,27680.0,HIGH,0
60,243000.0,Salaried,23.1,646,1,2485.0,336000.0,12,0,134185.0,MEDIUM,1
45,150000.0,Salaried,27.0,705,5,1584.0,91000.0,84,0,106993.0,LOW,1
29,355000.0,Self-Employed,10.2,693,1,3564.0,747000.0,12,3,377252.0,MEDIUM,0
22,595000.0,Self-Employed,1.5,743,1,6256.0,299000.0,120,1,233895.0,LOW,1
35,575000.0,Business,16.9,641,5,24822.0,2297000.0,120,1,312683.0,MEDIUM,1
23,591000.0,Self-Employed,1.3,531,1,4855.0,961000.0,120,1,498613.0,LOW,1
56,232000.0,Salaried,26.0,759,1,1279.0,892000.0,120,1,225834.0,LOW,1
24,875000.0,Salaried,1.6,605,3,21056.0,2765000.0,12,0,703029.0,MEDIUM,1
34,624000.0,Self-Employed,16.0,591,1,5753.0,1137000.0,60,4,471572.0,MEDIUM,0
61,839000.0,Salaried,9.4,676,0,0.0,619000.0,48,1,493982.0,MEDIUM,0
61,174000.0,Salaried,6.9,704,1,560.0,205000.0,84,3,91239.0,LOW,1
45,651000.0,Salaried,12.9,637,2,3159.0,1816000.0,12,4,189291.0,MEDIUM,0
30,265000.0,Salaried,12.0,636,0,0.0,893000.0,24,2,133070.0,MEDIUM,1
41,426000.0,Salaried,5.6,648,1,3621.0,1672000.0,60,1,23979.0,HIGH,0
56,745000.0,Business,20.4,793,1,4198.0,588000.0,48,3,124409.0,LOW,1
32,571000.0,Business,11.8,679,0,0.0,501000.0,60,0,197702.0,MEDIUM,0
47,324000.0,Salaried,23.9,602,2,5806.0,148000.0,36,4,112814.0,MEDIUM,1
60,542000.0,Salaried,1.1,603,1,6190.0,685000.0,60,1,381081.0,MEDIUM,0
22,216000.0,Business,3.5,659,2,415.0,721000.0,84,1,46398.0,MEDIUM,0
33,1078000.0,Salaried,15.0,699,1,6861.0,1114000.0,120,0,993445.0,LOW,0
52,478000.0,Salaried,28.2,718,0,0.0,1112000.0,60,4,456008.0,LOW,1
51,1057000.0,Salaried,21.4,689,1,2742.0,2063000.0,36,3,718081.0,LOW,1
36,394000.0,Salaried,18.0,612,0,0.0,593000.0,36,2,199527.0,LOW,1
52,395000.0,Business,27.1,646,0,0.0,1022000.0,36,4,202271.0,MEDIUM,1
52,342000.0,Business,20.3,738,2,6791.0,738000.0,84,4,182998.0,LOW,1
54,914000.0,Salaried,8.7,588,2,11278.0,1406000.0,84,1,103724.0,MEDIUM,0
31,353000.0,Salaried,13.0,642,0,0.0,1006000.0,60,3,246844.0,MEDIUM,0
30,796000.0,Salaried,12.0,727,2,8575.0,1063000.0,36,3,563598.0,MEDIUM,1
35,430000.0,Salaried,12.7,750,5,6143.0,1152000.0,12,2,25848.0,MEDIUM,0
37,165000.0,Freelance,19.0,664,0,0.0,634000.0,24,0,41121.0,MEDIUM,1
60,384000.0,Self-Employed,26.0,647,1,1525.0,1151000.0,120,4,184769.0,MEDIUM,0
38,266000.0,Self-Employed,20.0,574,2,3774.0,492000.0,24,1,223659.0,MEDIUM,0
29,551000.0,Business,11.0,722,0,0.0,1689000.0,120,2,648710.0,LOW,1
45,265000.0,Business,9.8,785,2,2877.0,873000.0,36,0,261436.0,MEDIUM,0
60,942000.0,Business,12.7,885,5,53211.0,1418000.0,48,1,1051890.0,MEDIUM,0
34,512000.0,Salaried,3.3,710,0,0.0,1489000.0,120,2,259885.0,LOW,1
45,486000.0,Salaried,7.4,675,3,6593.0,927000.0,60,1,314653.0,MEDIUM,1
42,801000.0,Self-Employed,24.0,606,1,1542.0,2666000.0,24,2,203969.0,MEDIUM,0
50,964000.0,Salaried,10.8,529,0,0.0,1343000.0,84,0,612534.0,MEDIUM,0
40,534000.0,Freelance,18.6,694,1,2184.0,2013000.0,84,1,55449.0,MEDIUM,1
41,340000.0,Self-Employed,20.0,868,0,0.0,825000.0,120,2,214388.0,LOW,1
64,186000.0,Freelance,23.5,781,1,1154.0,299000.0,12,4,201098.0,LOW,1
52,358000.0,Salaried,5.5,769,0,0.0,663000.0,48,2,446071.0,LOW,1
41,373000.0,Business,9.1,699,2,6540.0,592000.0,48,2,302666.0,MEDIUM,0
55,576000.0,Salaried,13.5,708,1,1809.0,484000.0,12,5,150200.0,MEDIUM,0
52,439000.0,Freelance,10.9,486,1,4304.0,243000.0,60,3,199286.0,LOW,1
50,816000.0,Salaried,29.5,741,0,0.0,1216000.0,60,0,573407.0,LOW,1
59,374000.0,Self-Employed,25.0,633,1,2797.0,747000.0,36,4,373466.0,MEDIUM,1
32,522000.0,Business,14.0,623,0,0.0,855000.0,120,3,448089.0,LOW,1
61,1100000.0,Salaried,26.4,654,2,21531.0,387000.0,12,1,94953.0,LOW,1
38,663000.0,Self-Employed,10.4,651,0,0.0,1619000.0,12,0,173641.0,MEDIUM,1
41,521000.0,Freelance,23.0,622,2,11803.0,435000.0,84,3,447346.0,LOW,1
33,377000.0,Salaried,6.7,681,1,2829.0,407000.0,120,2,409811.0,LOW,1
41,370000.0,Self-Employed,23.0,635,2,4821.0,276000.0,12,1,121995.0,MEDIUM,0
28,324000.0,Salaried,10.0,688,1,1443.0,721000.0,36,2,256437.0,MEDIUM,0
60,391000.0,Business,3.2,561,1,4315.0,255000.0,24,2,117308.0,MEDIUM,1
27,850000.0,Self-Employed,8.2,662,2,2608.0,1061000.0,60,1,67287.0,LOW,1
43,473000.0,Salaried,12.1,592,1,2800.0,932000.0,120,2,379626.0,LOW,1
64,240000.0,Salaried,22.5,628,3,4837.0,221000.0,36,2,183719.0,LOW,1
52,1561000.0,Self-Employed,2.2,691,2,21649.0,3046000.0,120,2,150250.0,MEDIUM,1
31,655000.0,Salaried,13.0,551,1,5337.0,1027000.0,120,2,101317.0,MEDIUM,1
42,232000.0,Salaried,21.5,614,3,4400.0,808000.0,120,0,231779.0,MEDIUM,1
42,415000.0,Self-Employed,19.6,725,3,3997.0,1345000.0,36,1,328158.0,MEDIUM,0
63,578000.0,Salaried,22.8,566,1,6191.0,2297000.0,84,1,427075.0,MEDIUM,1
45,1503000.0,Salaried,5.3,822,0,0.0,3392000.0,36,0,838189.0,LOW,1
42,278000.0,Self-Employed,17.6,776,2,5964.0,675000.0,84,2,190573.0,LOW,1
48,971000.0,Salaried,28.2,640,1,3350.0,3692000.0,84,3,641848.0,MEDIUM,0
49,1251000.0,Salaried,18.3,617,1,9962.0,2225000.0,120,3,1021249.0,LOW,1
33,371000.0,Salaried,15.0,696,2,6624.0,874000.0,12,2,153059.0,LOW,1
38,457000.0,Self-Employed,20.0,564,2,4380.0,778000.0,36,2,284742.0,MEDIUM,0
22,290000.0,Self-Employed,0.6,519,2,5889.0,673000.0,24,0,189239.0,HIGH,0
49,478000.0,Business,21.0,643,2,30.0,286000.0,120,0,407453.0,LOW,1
41,529000.0,Salaried,23.0,669,0,0.0,1693000.0,48,0,299062.0,MEDIUM,0
35,803000.0,Salaried,0.3,687,0,0.0,3168000.0,36,4,444370.0,MEDIUM,0
47,1039000.0,Salaried,26.1,630,2,13867.0,564000.0,120,2,143462.0,LOW,1
51,345000.0,Salaried,6.6,781,1,2717.0,1126000.0,84,0,229274.0,LOW,1
35,166000.0,Freelance,13.7,560,2,694.0,198000.0,24,2,106944.0,MEDIUM,1
43,534000.0,Salaried,25.0,588,0,0.0,551000.0,84,2,470329.0,LOW,1
44,644000.0,Salaried,24.7,718,0,0.0,1845000.0,12,1,117450.0,MEDIUM,0
64,628000.0,Salaried,26.8,587,2,7097.0,291000.0,48,4,580026.0,LOW,1
33,444000.0,Self-Employed,15.0,583,1,1849.0,894000.0,60,2,108953.0,MEDIUM,1
42,582000.0,Self-Employed,13.4,689,1,3448.0,178000.0,60,2,133815.0,MEDIUM,0
63,1341000.0,Self-Employed,19.7,595,1,10419.0,3153000.0,12,0,186630.0,MEDIUM,0
57,679000.0,Business,11.7,669,0,0.0,1365000.0,120,0,736920.0,LOW,1
53,432000.0,Self-Employed,10.5,624,0,0.0,1593000.0,12,2,252909.0,MEDIUM,0
23,400000.0,Salaried,0.4,611,0,0.0,1186000.0,60,0,117287.0,MEDIUM,0
39,488000.0,Salaried,21.0,511,2,5953.0,374000.0,12,2,136043.0,MEDIUM,0
43,1443000.0,Self-Employed,15.0,691,3,37273.0,2326000.0,120,2,1558044.0,LOW,1
49,484000.0,Self-Employed,24.4,580,1,2098.0,1813000.0,60,1,410967.0,MEDIUM,0
50,534000.0,Self-Employed,22.4,666,0,0.0,1593000.0,12,0,216422.0,HIGH,0
59,405000.0,Self-Employed,0.6,639,2,5699.0,1012000.0,60,2,40054.0,MEDIUM,0
64,1045000.0,Self-Employed,18.9,663,3,11521.0,2475000.0,24,3,951580.0,LOW,0
45,1751000.0,Business,13.1,668,0,0.0,3104000.0,12,0,1757126.0,LOW,0
57,708000.0,Self-Employed,13.7,695,1,1242.0,1745000.0,60,3,681107.0,LOW,1
28,568000.0,Business,10.0,621,0,0.0,1792000.0,12,3,526332.0,LOW,1
62,552000.0,Salaried,16.4,779,0,0.0,426000.0,120,2,419585.0,LOW,0
36,150000.0,Self-Employed,18.0,532,2,2188.0,583000.0,60,2,108498.0,MEDIUM,0
28,845000.0,Freelance,10.0,661,4,7432.0,1002000.0,60,2,864519.0,LOW,1
21,586000.0,Salaried,2.9,746,2,5529.0,1147000.0,84,2,644331.0,LOW,1
64,699000.0,Business,22.6,718,5,11762.0,268000.0,84,3,496295.0,LOW,1
25,353000.0,Business,1.2,602,1,2782.0,825000.0,120,2,260778.0,MEDIUM,0
23,429000.0,Salaried,3.6,615,3,13680.0,735000.0,48,2,313816.0,MEDIUM,1
21,422000.0,Self-Employed,3.0,599,0,0.0,517000.0,120,0,332484.0,LOW,1
24,997000.0,Salaried,3.1,727,0,0.0,3935000.0,12,0,303851.0,MEDIUM,0
60,431000.0,Freelance,7.1,620,2,7209.0,812000.0,24,4,15427.0,HIGH,0
55,1885000.0,Business,29.5,700,1,707.0,3455000.0,36,0,1140749.0,LOW,1
52,700000.0,Salaried,16.3,701,1,1075.0,1409000.0,36,4,623507.0,LOW,1
62,251000.0,Salaried,19.9,869,2,596.0,183000.0,84,2,55987.0,LOW,1
54,500000.0,Self-Employed,8.4,705,1,614.0,877000.0,12,4,317707.0,LOW,1
63,365000.0,Salaried,9.7,615,2,2377.0,564000.0,84,3,123255.0,MEDIUM,0
45,150000.0,Salaried,10.1,563,1,998.0,303000.0,60,3,115187.0,MEDIUM,1
30,1411000.0,Self-Employed,12.0,657,2,4045.0,4895000.0,60,2,197514.0,MEDIUM,0
41,824000.0,Salaried,14.2,670,1,9632.0,835000.0,24,3,771370.0,LOW,1
59,744000.0,Salaried,15.5,503,1,7945.0,1896000.0,12,2,373687.0,HIGH,1
47,597000.0,Business,17.8,622,0,0.0,262000.0,36,0,557943.0,LOW,1
47,236000.0,Freelance,23.1,703,2,251.0,347000.0,24,2,255673.0,LOW,0
22,404000.0,Business,0.4,637,2,8599.0,828000.0,120,2,342452.0,MEDIUM,0
61,895000.0,Business,23.3,757,0,0.0,514000.0,12,0,610462.0,LOW,0
33,288000.0,Salaried,15.0,555,0,0.0,666000.0,12,3,44175.0,MEDIUM,1
29,150000.0,Salaried,11.0,734,1,990.0,217000.0,84,0,45582.0,MEDIUM,1
56,472000.0,Salaried,9.8,753,2,9297.0,1875000.0,84,1,256429.0,MEDIUM,1
42,496000.0,Business,12.3,756,1,318.0,1307000.0,12,2,456861.0,MEDIUM,0
62,586000.0,Freelance,6.9,554,1,556.0,705000.0,48,0,293553.0,MEDIUM,0
46,837000.0,Business,28.0,705,2,2480.0,569000.0,24,0,443257.0,LOW,1
32,792000.0,Business,14.0,626,3,27169.0,357000.0,12,2,400036.0,MEDIUM,0
37,631000.0,Self-Employed,19.0,567,0,0.0,401000.0,120,1,434149.0,LOW,1
34,1107000.0,Salaried,14.7,646,1,1386.0,3118000.0,84,3,77753.0,LOW,1
34,217000.0,Salaried,6.6,607,2,5047.0,752000.0,120,1,98806.0,MEDIUM,0
54,731000.0,Salaried,15.2,753,2,1963.0,643000.0,24,0,533212.0,LOW,1
40,787000.0,Salaried,1.2,721,0,0.0,1407000.0,36,0,562646.0,LOW,1
31,257000.0,Self-Employed,13.0,587,0,0.0,414000.0,12,2,154521.0,MEDIUM,0
36,219000.0,Salaried,18.0,622,0,0.0,588000.0,60,4,18867.0,MEDIUM,0
51,345000.0,Self-Employed,21.8,649,2,188.0,337000.0,12,3,209578.0,MEDIUM,0
26,363000.0,Self-Employed,8.0,674,2,4850.0,1389000.0,12,0,226740.0,MEDIUM,1
39,849000.0,Salaried,17.4,760,0,0.0,2543000.0,24,0,915998.0,LOW,1
57,374000.0,Self-Employed,29.9,735,1,4109.0,1434000.0,120,0,347944.0,MEDIUM,1
24,323000.0,Self-Employed,0.5,684,1,1252.0,428000.0,24,2,23020.0,MEDIUM,1
24,374000.0,Salaried,2.0,659,3,5418.0,925000.0,84,2,230151.0,MEDIUM,1
40,1057000.0,Business,17.4,538,0,0.0,3181000.0,48,0,642265.0,MEDIUM,1
30,545000.0,Self-Employed,12.0,783,1,5002.0,1597000.0,12,0,419409.0,MEDIUM,0
44,485000.0,Self-Employed,24.8,644,2,4136.0,184000.0,84,5,350601.0,LOW,0
55,506000.0,Business,30.0,804,3,2804.0,2021000.0,36,4,98471.0,MEDIUM,0
46,1173000.0,Business,17.6,695,2,21909.0,4380000.0,24,0,263633.0,MEDIUM,0
57,345000.0,Business,6.1,842,1,1975.0,256000.0,48,0,287871.0,LOW,1
58,1190000.0,Salaried,15.1,728,3,3426.0,2750000.0,120,4,1151906.0,LOW,1
41,613000.0,Salaried,21.3,565,2,12108.0,897000.0,60,2,32743.0,MEDIUM,0
60,491000.0,Salaried,23.2,630,2,7185.0,1744000.0,60,4,229565.0,HIGH,0
59,2423000.0,Salaried,0.0,666,0,0.0,6980000.0,48,2,2621985.0,LOW,1
41,287000.0,Freelance,15.2,610,0,0.0,323000.0,84,2,220345.0,LOW,1
30,437000.0,Self-Employed,7.1,649,2,5521.0,186000.0,120,1,217178.0,LOW,1
58,258000.0,Salaried,26.2,570,4,8365.0,356000.0,60,3,30490.0,MEDIUM,1
24,957000.0,Salaried,2.3,680,2,20755.0,422000.0,12,3,406060.0,MEDIUM,0
65,1489000.0,Salaried,20.0,698,3,34257.0,1225000.0,24,1,311748.0,MEDIUM,1
40,1472000.0,Self-Employed,8.0,599,1,12137.0,3906000.0,36,2,1322913.0,HIGH,0
37,1126000.0,Business,10.7,835,1,8640.0,3442000.0,60,1,1086590.0,LOW,1
27,480000.0,Business,9.0,685,2,6374.0,975000.0,12,2,464158.0,MEDIUM,0
24,434000.0,Freelance,3.8,614,2,1866.0,1094000.0,120,3,390787.0,MEDIUM,0
49,198000.0,Salaried,2.9,549,2,1662.0,174000.0,84,1,108734.0,LOW,1
34,1833000.0,Salaried,2.1,684,4,63523.0,2698000.0,24,3,81672.0,HIGH,0
23,716000.0,Salaried,1.9,659,1,3808.0,2103000.0,12,4,440727.0,MEDIUM,1
44,402000.0,Salaried,19.3,742,0,0.0,663000.0,12,1,397943.0,LOW,1
57,1199000.0,Freelance,9.8,668,3,34139.0,1907000.0,84,3,442491.0,LOW,0
36,301000.0,Self-Employed,18.0,584,0,0.0,306000.0,24,1,265139.0,LOW,1
24,690000.0,Business,3.5,813,2,11713.0,1726000.0,60,0,927088.0,MEDIUM,0
44,487000.0,Self-Employed,25.7,714,3,8934.0,1605000.0,120,0,322762.0,MEDIUM,1
54,793000.0,Salaried,24.5,659,1,3735.0,1615000.0,120,2,467599.0,LOW,1
50,520000.0,Salaried,29.6,693,3,6640.0,378000.0,60,0,394430.0,LOW,1
38,226000.0,Self-Employed,20.0,717,1,488.0,769000.0,12,4,154853.0,LOW,1
39,565000.0,Business,10.7,565,2,4721.0,319000.0,48,3,97286.0,LOW,1
51,1014000.0,Salaried,12.0,692,0,0.0,2074000.0,60,2,340278.0,MEDIUM,0
39,531000.0,Business,21.0,643,2,5807.0,672000.0,12,2,127372.0,MEDIUM,0
39,860000.0,Business,4.0,720,2,14454.0,3237000.0,84,2,105023.0,MEDIUM,0
42,289000.0,Salaried,9.4,620,1,1639.0,875000.0,36,2,49342.0,HIGH,0
44,532000.0,Business,3.6,631,2,10591.0,1275000.0,120,2,532914.0,MEDIUM,0
65,371000.0,Salaried,13.6,813,4,11867.0,1028000.0,36,1,284916.0,MEDIUM,1
32,846000.0,Self-Employed,14.0,778,2,4010.0,1921000.0,48,4,168742.0,LOW,1
50,551000.0,Business,6.3,416,4,7636.0,466000.0,84,0,260015.0,MEDIUM,1
58,818000.0,Freelance,0.8,772,1,810.0,2392000.0,12,1,515860.0,MEDIUM,0
51,1038000.0,Salaried,21.6,674,1,12271.0,2204000.0,36,2,287209.0,MEDIUM,1
56,818000.0,Salaried,0.6,623,1,9065.0,2165000.0,120,3,785173.0,MEDIUM,0
39,637000.0,Salaried,21.0,599,5,3376.0,298000.0,84,0,155233.0,LOW,1
65,297000.0,Salaried,6.6,604,0,0.0,245000.0,60,2,37236.0,LOW,0
56,539000.0,Self-Employed,19.9,625,1,6471.0,1337000.0,12,2,127528.0,LOW,1
50,392000.0,Freelance,13.0,589,1,3661.0,784000.0,48,2,342757.0,LOW,1
53,440000.0,Salaried,1.8,571,1,2705.0,501000.0,48,1,350767.0,MEDIUM,1
38,432000.0,Salaried,14.2,596,3,3906.0,514000.0,60,2,375458.0,LOW,0
48,300000.0,Salaried,15.5,705,1,1046.0,791000.0,36,0,319458.0,LOW,0
31,167000.0,Self-Employed,13.0,684,3,4611.0,87000.0,84,3,20283.0,LOW,1
65,362000.0,Salaried,22.0,724,1,3532.0,690000.0,36,2,311095.0,LOW,1
53,607000.0,Salaried,2.4,674,3,12034.0,1357000.0,48,4,453013.0,MEDIUM,0
37,241000.0,Business,6.3,575,1,364.0,347000.0,24,0,222893.0,MEDIUM,0
26,545000.0,Salaried,8.0,719,1,6362.0,1818000.0,84,2,467006.0,LOW,1
24,1690000.0,Self-Employed,0.3,599,1,17846.0,862000.0,120,1,1314129.0,MEDIUM,1
40,998000.0,Business,13.7,731,1,1753.0,3496000.0,84,1,870718.0,MEDIUM,0
47,1449000.0,Salaried,29.0,586,1,1027.0,4312000.0,84,1,872130.0,MEDIUM,0
35,683000.0,Self-Employed,15.4,625,1,4575.0,1333000.0,48,1,395164.0,MEDIUM,0
26,1089000.0,Self-Employed,8.0,651,0,0.0,4052000.0,84,1,1124530.0,MEDIUM,0
34,350000.0,Self-Employed,16.0,733,1,1239.0,1014000.0,48,3,396700.0,LOW,1
31,367000.0,Salaried,13.0,694,2,800.0,1374000.0,12,2,190944.0,MEDIUM,0
59,150000.0,Salaried,6.5,681,1,1788.0,307000.0,60,0,51596.0,MEDIUM,1
29,1101000.0,Business,11.0,830,2,22850.0,2176000.0,12,2,796887.0,MEDIUM,0
46,1362000.0,Business,26.4,533,5,9690.0,3083000.0,48,1,881539.0,MEDIUM,1
36,388000.0,Salaried,5.1,596,1,4252.0,210000.0,12,5,158089.0,MEDIUM,1
25,464000.0,Salaried,7.0,593,1,3961.0,1699000.0,36,1,246881.0,HIGH,0
30,344000.0,Salaried,12.0,538,0,0.0,953000.0,48,0,96005.0,MEDIUM,0
23,680000.0,Salaried,2.8,622,1,7406.0,1758000.0,36,1,307912.0,HIGH,0
33,1061000.0,Self-Employed,8.5,735,2,15863.0,3955000.0,36,1,1232084.0,MEDIUM,0
63,190000.0,Salaried,16.9,632,0,0.0,756000.0,60,0,47215.0,MEDIUM,1
50,691000.0,Salaried,12.1,653,0,0.0,625000.0,36,2,729780.0,LOW,1
65,458000.0,Business,14.7,542,1,2866.0,1407000.0,12,4,96691.0,MEDIUM,0
26,578000.0,Salaried,8.0,616,3,6308.0,1414000.0,12,3,198227.0,MEDIUM,1
37,712000.0,Business,8.4,643,2,6901.0,1428000.0,84,2,87933.0,MEDIUM,0
65,483000.0,Business,20.2,731,4,13711.0,1892000.0,24,1,442265.0,MEDIUM,1
39,508000.0,Salaried,21.0,546,3,18041.0,1751000.0,60,1,22535.0,HIGH,0
62,475000.0,Business,26.2,643,0,0.0,1367000.0,84,1,396557.0,LOW,1
55,967000.0,Business,4.7,766,0,0.0,1659000.0,84,0,723509.0,MEDIUM,1
46,695000.0,Salaried,24.7,644,1,61.0,1921000.0,84,0,553576.0,LOW,1
25,617000.0,Salaried,7.0,510,1,6563.0,1399000.0,24,2,398650.0,MEDIUM,1
49,252000.0,Self-Employed,12.8,782,1,1148.0,308000.0,36,3,50058.0,LOW,1
57,431000.0,Freelance,27.0,738,0,0.0,848000.0,84,0,28319.0,LOW,1
40,927000.0,Self-Employed,13.6,749,0,0.0,1006000.0,48,1,225069.0,LOW,1
41,553000.0,Salaried,5.9,540,0,0.0,1190000.0,12,0,194656.0,MEDIUM,0
30,803000.0,Self-Employed,4.8,800,3,22526.0,2381000.0,48,1,110872.0,MEDIUM,0
25,1560000.0,Salaried,7.0,618,4,13560.0,680000.0,24,3,745578.0,LOW,1
56,1008000.0,Self-Employed,22.9,639,0,0.0,3157000.0,84,0,324859.0,LOW,1
26,571000.0,Business,8.0,623,0,0.0,214000.0,120,2,223211.0,LOW,1
46,398000.0,Self-Employed,23.6,755,0,0.0,881000.0,120,0,467415.0,LOW,1
24,150000.0,Business,1.4,665,3,5617.0,363000.0,120,1,119783.0,MEDIUM,1
59,488000.0,Business,22.4,718,4,12482.0,1521000.0,24,2,386046.0,MEDIUM,1
59,444000.0,Self-Employed,26.9,686,1,4565.0,1383000.0,12,1,332372.0,MEDIUM,0
55,683000.0,Salaried,2.3,672,1,398.0,1260000.0,120,2,428782.0,MEDIUM,1
21,493000.0,Business,3.0,604,1,1761.0,269000.0,84,5,256206.0,LOW,1
44,446000.0,Freelance,11.9,824,1,2071.0,1278000.0,24,1,540228.0,LOW,1
56,186000.0,Salaried,27.6,562,2,4536.0,407000.0,48,2,17884.0,MEDIUM,0
26,307000.0,Self-Employed,2.3,712,1,13.0,470000.0,24,1,112248.0,MEDIUM,0
61,719000.0,Salaried,21.5,710,4,11073.0,841000.0,48,5,112475.0,LOW,1
64,1513000.0,Business,22.1,772,0,0.0,1124000.0,120,4,84980.0,LOW,1
51,510000.0,Business,29.9,791,2,3910.0,710000.0,84,0,31208.0,LOW,1
40,658000.0,Salaried,22.0,669,1,1851.0,1314000.0,36,5,40768.0,MEDIUM,1
44,957000.0,Business,11.5,722,1,8734.0,1978000.0,84,2,787471.0,LOW,1
45,332000.0,Salaried,16.7,821,2,6186.0,815000.0,60,5,63757.0,MEDIUM,0
56,673000.0,Business,11.0,674,4,15889.0,1104000.0,12,3,170219.0,MEDIUM,0
41,347000.0,Self-Employed,5.9,594,2,8215.0,1285000.0,24,0,146708.0,MEDIUM,1
50,908000.0,Salaried,7.5,649,2,4601.0,1938000.0,120,3,282792.0,MEDIUM,1
44,592000.0,Salaried,6.7,575,2,13519.0,1106000.0,84,2,453614.0,MEDIUM,1
64,646000.0,Salaried,16.5,709,1,6101.0,309000.0,12,0,478960.0,LOW,1
62,338000.0,Self-Employed,27.2,765,2,3111.0,851000.0,24,3,151864.0,LOW,1
50,826000.0,Self-Employed,27.4,670,2,16663.0,2090000.0,120,2,308696.0,MEDIUM,0
42,1888000.0,Salaried,1.6,550,1,3144.0,4641000.0,36,5,1163264.0,MEDIUM,0
48,295000.0,Salaried,2.4,761,1,483.0,1057000.0,120,2,73523.0,MEDIUM,0
27,441000.0,Salaried,7.4,537,2,10253.0,1377000.0,120,1,116133.0,HIGH,0
55,621000.0,Business,7.7,556,3,2207.0,2179000.0,48,4,209114.0,HIGH,0
48,866000.0,Business,2.8,665,1,44.0,450000.0,12,2,445806.0,LOW,1
34,386000.0,Salaried,11.7,700,3,5631.0,570000.0,36,1,96555.0,MEDIUM,1
30,150000.0,Self-Employed,12.0,713,3,584.0,222000.0,36,0,32601.0,LOW,1
36,1221000.0,Salaried,17.3,674,0,0.0,3335000.0,60,3,1335506.0,MEDIUM,0
36,853000.0,Freelance,16.3,820,2,19676.0,1672000.0,36,0,1062739.0,MEDIUM,0
51,190000.0,Freelance,10.2,685,0,0.0,604000.0,60,4,115189.0,LOW,1
62,375000.0,Self-Employed,21.2,762,0,0.0,646000.0,120,4,364980.0,LOW,1
45,1385000.0,Freelance,24.8,742,2,18664.0,1551000.0,36,1,1160545.0,MEDIUM,0
33,1288000.0,Business,10.4,576,3,10925.0,1773000.0,120,0,127313.0,LOW,1
26,949000.0,Business,2.6,666,0,0.0,925000.0,48,2,552595.0,MEDIUM,1
64,486000.0,Self-Employed,8.9,849,3,1840.0,502000.0,36,1,144750.0,LOW,1
29,568000.0,Salaried,4.1,639,1,3170.0,626000.0,84,2,354309.0,MEDIUM,1
65,500000.0,Salaried,14.0,626,3,11469.0,180000.0,48,1,47486.0,LOW,0
56,1063000.0,Salaried,4.7,693,3,37081.0,3135000.0,24,3,230773.0,MEDIUM,0
63,319000.0,Self-Employed,13.9,642,3,8841.0,567000.0,36,5,263896.0,MEDIUM,1
40,333000.0,Salaried,6.6,616,2,6020.0,128000.0,120,2,283389.0,MEDIUM,1
38,991000.0,Salaried,20.0,641,3,11446.0,1654000.0,36,2,944535.0,LOW,1
63,526000.0,Self-Employed,0.8,794,0,0.0,1920000.0,24,1,622401.0,MEDIUM,0
41,1236000.0,Salaried,16.6,669,1,14630.0,2709000.0,120,3,1232629.0,LOW,1
24,361000.0,Self-Employed,1.8,573,0,0.0,1426000.0,60,0,41826.0,HIGH,0
53,523000.0,Freelance,0.0,559,2,507.0,1202000.0,48,2,316904.0,HIGH,0
47,311000.0,Business,26.1,856,0,0.0,1201000.0,24,0,314663.0,LOW,1
27,543000.0,Self-Employed,9.0,662,0,0.0,568000.0,24,0,172142.0,MEDIUM,1
26,223000.0,Self-Employed,3.0,714,3,2467.0,306000.0,84,2,260124.0,MEDIUM,0
35,403000.0,Self-Employed,17.0,618,2,9999.0,1165000.0,120,1,125594.0,MEDIUM,1
38,228000.0,Salaried,18.3,705,3,2490.0,901000.0,12,2,155626.0,MEDIUM,1
52,819000.0,Business,14.2,796,0,0.0,2747000.0,24,1,946250.0,MEDIUM,0
31,831000.0,Salaried,12.6,627,1,5029.0,1952000.0,60,2,265788.0,LOW,1
40,191000.0,Salaried,22.0,716,1,772.0,117000.0,60,1,139414.0,LOW,1
44,1203000.0,Business,7.4,567,0,0.0,1983000.0,60,3,804800.0,MEDIUM,1
35,2418000.0,Salaried,11.9,841,1,13301.0,1499000.0,120,2,2158640.0,LOW,1
27,555000.0,Salaried,9.0,701,1,2845.0,806000.0,48,0,272159.0,MEDIUM,1
41,368000.0,Salaried,23.0,646,0,0.0,463000.0,48,0,367681.0,LOW,1
62,2942000.0,Salaried,27.5,656,2,5966.0,5112000.0,120,0,1973714.0,LOW,1
46,245000.0,Salaried,25.5,639,1,2317.0,832000.0,36,1,63954.0,MEDIUM,0
64,547000.0,Salaried,23.9,643,0,0.0,468000.0,24,1,466823.0,LOW,1
34,602000.0,Self-Employed,16.0,484,2,7134.0,862000.0,84,1,310146.0,LOW,1
57,1211000.0,Business,20.9,672,2,28934.0,1533000.0,60,2,185594.0,LOW,1
41,671000.0,Salaried,22.5,668,3,14578.0,937000.0,24,3,221840.0,MEDIUM,1
38,401000.0,Business,20.0,719,1,3485.0,655000.0,120,0,88349.0,MEDIUM,1
25,305000.0,Salaried,0.2,638,4,14096.0,367000.0,36,0,32904.0,MEDIUM,0
23,440000.0,Salaried,0.7,618,3,10995.0,1667000.0,120,1,113310.0,MEDIUM,1
43,295000.0,Salaried,22.2,679,2,3185.0,547000.0,36,1,99245.0,MEDIUM,1
46,556000.0,Self-Employed,27.5,551,1,172.0,402000.0,60,1,239453.0,MEDIUM,1
57,385000.0,Salaried,26.5,691,0,0.0,782000.0,24,2,423711.0,LOW,1
44,220000.0,Self-Employed,25.3,531,2,5307.0,216000.0,36,0,177629.0,LOW,1
39,1147000.0,Business,21.0,769,2,13484.0,1261000.0,12,2,1110498.0,MEDIUM,1
45,401000.0,Self-Employed,16.1,734,4,6812.0,543000.0,48,3,319279.0,LOW,1
41,252000.0,Self-Employed,0.2,605,2,3271.0,192000.0,24,4,235269.0,LOW,1
32,488000.0,Freelance,0.3,732,5,22217.0,1448000.0,60,2,100657.0,HIGH,0
61,563000.0,Salaried,16.3,688,3,15.0,1819000.0,36,0,224156.0,MEDIUM,0
53,189000.0,Salaried,13.1,599,4,8384.0,332000.0,36,2,104520.0,HIGH,0
24,659000.0,Business,2.8,518,1,7301.0,1878000.0,36,3,449401.0,HIGH,0
62,288000.0,Self-Employed,12.0,705,0,0.0,501000.0,48,0,212355.0,LOW,1
27,1508000.0,Salaried,9.0,616,2,4614.0,1368000.0,24,2,1233070.0,MEDIUM,0
42,740000.0,Salaried,10.8,767,2,12428.0,1309000.0,36,4,170022.0,MEDIUM,1
53,425000.0,Self-Employed,25.7,681,0,0.0,1003000.0,84,2,104247.0,MEDIUM,1
37,346000.0,Salaried,19.0,624,2,4390.0,156000.0,48,1,263635.0,MEDIUM,0
44,507000.0,Salaried,15.0,823,2,1187.0,1380000.0,12,1,256134.0,LOW,0
54,780000.0,Freelance,13.4,726,0,0.0,2377000.0,24,0,424182.0,MEDIUM,1
48,532000.0,Business,22.8,387,1,2115.0,1852000.0,60,2,255872.0,MEDIUM,1
63,474000.0,Self-Employed,21.2,641,4,19694.0,322000.0,24,3,50129.0,MEDIUM,1
61,560000.0,Self-Employed,9.9,569,1,5600.0,168000.0,36,5,100914.0,MEDIUM,0
59,376000.0,Business,3.1,616,2,9386.0,215000.0,120,1,120411.0,MEDIUM,0
42,440000.0,Salaried,7.9,668,0,0.0,1636000.0,60,1,427148.0,LOW,1
37,155000.0,Salaried,3.9,708,2,239.0,486000.0,84,0,76628.0,MEDIUM,1
54,969000.0,Self-Employed,8.8,700,4,21464.0,3286000.0,24,3,308718.0,MEDIUM,1
26,646000.0,Business,7.9,766,1,673.0,1430000.0,60,2,563386.0,LOW,0
26,340000.0,Salaried,8.0,730,1,759.0,765000.0,24,1,25600.0,HIGH,0
54,1688000.0,Freelance,28.6,725,2,25206.0,2371000.0,84,2,1576985.0,LOW,1
21,569000.0,Self-Employed,1.0,696,3,12635.0,1945000.0,12,2,460436.0,MEDIUM,1
30,290000.0,Salaried,12.0,782,0,0.0,977000.0,12,3,32478.0,MEDIUM,1
41,904000.0,Salaried,23.0,654,1,5005.0,1583000.0,12,1,497686.0,MEDIUM,0
25,686000.0,Salaried,7.0,656,0,0.0,1042000.0,24,2,312106.0,HIGH,0
22,685000.0,Business,1.6,527,1,2295.0,2077000.0,60,2,108065.0,HIGH,0
42,419000.0,Freelance,9.7,764,1,4567.0,166000.0,12,0,96366.0,MEDIUM,1
22,708000.0,Salaried,3.6,673,4,5703.0,2465000.0,48,1,146930.0,HIGH,0
30,462000.0,Freelance,12.0,900,1,1466.0,901000.0,48,3,424814.0,LOW,1
54,754000.0,Business,13.6,647,2,2959.0,1457000.0,12,0,158426.0,MEDIUM,0
36,172000.0,Self-Employed,0.3,687,3,752.0,477000.0,12,1,17633.0,MEDIUM,1
59,417000.0,Self-Employed,23.8,723,1,4582.0,1121000.0,36,1,475980.0,MEDIUM,0
42,1519000.0,Salaried,8.6,591,2,10552.0,1951000.0,120,0,103745.0,LOW,1
32,341000.0,Self-Employed,0.3,708,2,6160.0,1292000.0,48,0,267963.0,MEDIUM,0
44,376000.0,Salaried,24.1,682,1,2012.0,1485000.0,120,1,394551.0,MEDIUM,0
60,413000.0,Self-Employed,15.5,655,0,0.0,928000.0,48,3,30972.0,MEDIUM,0
58,261000.0,Salaried,20.6,773,1,3028.0,620000.0,12,4,322446.0,LOW,1
30,150000.0,Business,12.0,607,1,1584.0,353000.0,84,2,76847.0,MEDIUM,1
55,471000.0,Business,16.2,701,1,406.0,988000.0,36,2,429775.0,MEDIUM,0
52,586000.0,Salaried,15.1,796,5,30956.0,2225000.0,60,3,492463.0,MEDIUM,1
27,524000.0,Salaried,8.7,623,1,2959.0,632000.0,36,2,334952.0,MEDIUM,0
41,495000.0,Self-Employed,9.2,656,3,6500.0,346000.0,36,3,422677.0,MEDIUM,1
40,555000.0,Self-Employed,22.0,867,0,0.0,2075000.0,48,3,77317.0,MEDIUM,1
46,998000.0,Salaried,13.5,717,4,47415.0,1086000.0,12,2,485843.0,MEDIUM,0
24,482000.0,Self-Employed,0.6,639,2,1134.0,1481000.0,12,2,488054.0,MEDIUM,1
42,383000.0,Salaried,2.8,744,3,11032.0,404000.0,120,1,40462.0,MEDIUM,1
35,456000.0,Salaried,14.2,634,1,1160.0,1757000.0,12,2,135561.0,MEDIUM,1
60,765000.0,Salaried,13.9,554,1,3635.0,2469000.0,36,1,467397.0,MEDIUM,1
41,1261000.0,Salaried,19.6,789,2,27547.0,4665000.0,120,1,214745.0,LOW,0
35,371000.0,Business,14.1,591,2,5062.0,1417000.0,120,3,196489.0,MEDIUM,0
42,573000.0,Freelance,4.3,876,3,1449.0,351000.0,36,5,603956.0,LOW,1
48,662000.0,Salaried,15.2,640,0,0.0,1260000.0,84,1,529570.0,MEDIUM,1
34,298000.0,Self-Employed,16.0,850,3,8824.0,804000.0,24,1,242376.0,MEDIUM,0
47,547000.0,Salaried,4.8,570,4,14465.0,1788000.0,60,0,261021.0,HIGH,0
61,224000.0,Self-Employed,20.7,762,2,935.0,267000.0,24,3,203937.0,LOW,1
60,187000.0,Salaried,17.8,719,0,0.0,689000.0,84,3,38403.0,MEDIUM,0
48,673000.0,Self-Employed,22.5,747,3,23328.0,752000.0,60,2,573188.0,LOW,1
46,429000.0,Freelance,4.5,757,1,3530.0,1504000.0,120,2,494290.0,MEDIUM,0
22,610000.0,Salaried,2.9,640,3,16696.0,1340000.0,24,2,441962.0,MEDIUM,0
45,535000.0,Business,18.6,575,3,15768.0,1181000.0,24,1,39004.0,MEDIUM,0
23,301000.0,Salaried,0.7,675,0,0.0,507000.0,24,1,173967.0,MEDIUM,0
28,526000.0,Salaried,7.4,697,2,7647.0,359000.0,24,0,442812.0,MEDIUM,1
64,258000.0,Salaried,22.2,642,1,1212.0,409000.0,36,1,20325.0,MEDIUM,0
53,1245000.0,Salaried,23.4,702,4,8663.0,2339000.0,60,2,1105982.0,LOW,1
62,240000.0,Salaried,11.9,706,1,608.0,497000.0,84,1,85102.0,LOW,0
55,480000.0,Salaried,11.5,607,0,0.0,1457000.0,24,3,285504.0,MEDIUM,1
26,289000.0,Salaried,8.0,711,3,1750.0,463000.0,24,0,326919.0,MEDIUM,1
59,761000.0,Salaried,2.8,658,0,0.0,1373000.0,84,1,815201.0,LOW,1
43,443000.0,Self-Employed,22.1,624,2,3155.0,1618000.0,12,1,291311.0,MEDIUM,1
45,396000.0,Freelance,1.3,742,1,241.0,1221000.0,36,3,246339.0,MEDIUM,1
63,902000.0,Salaried,5.7,617,2,10422.0,347000.0,48,3,185881.0,LOW,0
39,550000.0,Salaried,19.9,643,2,10532.0,1818000.0,12,5,135585.0,HIGH,1
25,737000.0,Salaried,2.9,685,1,204.0,2921000.0,84,0,371223.0,MEDIUM,0
31,300000.0,Business,13.0,789,5,2110.0,1133000.0,48,3,278991.0,MEDIUM,0
32,233000.0,Self-Employed,14.0,695,0,0.0,791000.0,24,0,206611.0,MEDIUM,0
30,576000.0,Self-Employed,12.0,722,1,4274.0,1514000.0,60,0,169669.0,LOW,0
28,446000.0,Salaried,10.0,656,1,3988.0,593000.0,120,0,263639.0,LOW,1
44,787000.0,Salaried,26.0,673,2,4527.0,2142000.0,48,2,525247.0,MEDIUM,1
48,515000.0,Salaried,7.8,676,1,5174.0,1480000.0,120,0,511642.0,MEDIUM,1
61,611000.0,Freelance,25.5,703,0,0.0,820000.0,120,1,621537.0,LOW,0
56,204000.0,Business,5.8,656,4,6225.0,254000.0,48,1,180252.0,MEDIUM,1
57,1678000.0,Salaried,12.4,787,1,1933.0,2968000.0,48,5,1164202.0,LOW,1
41,490000.0,Self-Employed,16.7,650,1,1256.0,1309000.0,120,2,50109.0,LOW,1
28,821000.0,Salaried,10.0,543,1,7937.0,1137000.0,60,1,256287.0,MEDIUM,1
29,327000.0,Salaried,0.9,899,0,0.0,770000.0,12,3,310776.0,MEDIUM,0
35,650000.0,Business,8.7,653,0,0.0,2358000.0,36,0,450907.0,MEDIUM,0
60,247000.0,Self-Employed,18.3,785,0,0.0,344000.0,60,1,273989.0,LOW,1
38,709000.0,Salaried,10.7,792,0,0.0,2747000.0,12,2,371875.0,MEDIUM,0
62,436000.0,Salaried,23.3,755,0,0.0,894000.0,24,0,510076.0,MEDIUM,1
40,550000.0,Business,19.5,664,1,4251.0,370000.0,12,0,114266.0,LOW,1
26,821000.0,Self-Employed,7.0,702,2,10267.0,413000.0,48,3,77217.0,MEDIUM,0
32,258000.0,Self-Employed,4.4,578,2,3185.0,401000.0,12,0,49322.0,MEDIUM,0
22,358000.0,Salaried,2.2,839,0,0.0,450000.0,120,4,239539.0,LOW,1
27,711000.0,Salaried,9.0,611,4,18979.0,2433000.0,12,0,585897.0,MEDIUM,1
36,1903000.0,Freelance,5.1,659,3,44052.0,5765000.0,120,3,373533.0,MEDIUM,0
23,497000.0,Self-Employed,1.2,687,4,6634.0,1776000.0,24,2,315555.0,MEDIUM,0
65,770000.0,Salaried,9.1,671,1,8384.0,1910000.0,24,2,663628.0,MEDIUM,1
23,507000.0,Self-Employed,3.2,627,2,309.0,969000.0,12,1,34742.0,HIGH,0
47,1733000.0,Business,16.4,791,0,0.0,2255000.0,60,1,166697.0,LOW,1
63,189000.0,Salaried,22.9,756,3,2721.0,464000.0,120,2,119722.0,LOW,0
60,572000.0,Salaried,17.3,705,0,0.0,1480000.0,24,1,139117.0,MEDIUM,0
58,204000.0,Self-Employed,24.8,648,1,918.0,358000.0,48,0,101296.0,MEDIUM,0
53,150000.0,Self-Employed,3.8,765,1,1346.0,565000.0,120,1,14370.0,LOW,1
48,646000.0,Business,13.1,642,2,328.0,1723000.0,60,1,662187.0,LOW,1
21,588000.0,Business,3.0,805,2,5967.0,1998000.0,84,3,522084.0,MEDIUM,1
28,455000.0,Salaried,10.0,688,0,0.0,1181000.0,12,3,358117.0,MEDIUM,1
57,507000.0,Salaried,20.9,778,1,1586.0,746000.0,84,0,343133.0,LOW,1
52,3468000.0,Freelance,21.9,670,4,9147.0,10492000.0,120,2,3161929.0,LOW,1
63,463000.0,Salaried,19.5,685,3,8621.0,533000.0,48,2,436508.0,LOW,1
57,734000.0,Self-Employed,2.8,778,2,17919.0,1840000.0,48,3,176697.0,MEDIUM,0
24,366000.0,Self-Employed,1.0,855,2,587.0,655000.0,60,1,403718.0,LOW,0
50,645000.0,Self-Employed,21.7,804,0,0.0,551000.0,12,0,499263.0,MEDIUM,1
26,468000.0,Salaried,8.0,750,0,0.0,856000.0,48,3,446122.0,LOW,1
39,422000.0,Business,20.8,727,1,1319.0,611000.0,84,3,465533.0,LOW,1
52,1609000.0,Business,20.6,639,1,8251.0,1151000.0,120,3,599692.0,LOW,1
29,1095000.0,Self-Employed,11.0,703,2,22735.0,3666000.0,84,1,740296.0,MEDIUM,1
32,587000.0,Self-Employed,14.0,606,1,1459.0,1259000.0,24,0,459648.0,MEDIUM,0
31,150000.0,Salaried,13.0,710,0,0.0,237000.0,24,0,172885.0,LOW,1
36,435000.0,Salaried,18.0,715,1,2743.0,943000.0,60,4,320044.0,MEDIUM,1
21,2735000.0,Salaried,1.3,523,0,0.0,8457000.0,120,1,1678797.0,MEDIUM,1
65,471000.0,Salaried,2.4,683,2,11457.0,173000.0,120,3,449266.0,LOW,0
41,1048000.0,Freelance,21.8,713,0,0.0,2434000.0,120,5,933546.0,LOW,0
50,1284000.0,Business,21.3,673,1,9384.0,2662000.0,24,1,1336999.0,LOW,1
33,616000.0,Self-Employed,15.0,708,2,11486.0,2220000.0,120,3,183118.0,MEDIUM,0
54,326000.0,Self-Employed,3.7,572,0,0.0,768000.0,36,0,274970.0,MEDIUM,0
24,150000.0,Salaried,3.8,617,0,0.0,121000.0,12,1,35197.0,MEDIUM,0
48,815000.0,Freelance,8.9,762,2,19655.0,1417000.0,48,2,594507.0,LOW,1
58,331000.0,Salaried,22.8,680,0,0.0,860000.0,48,1,198852.0,MEDIUM,0
51,601000.0,Salaried,7.2,707,2,24.0,282000.0,60,1,584623.0,LOW,1
47,255000.0,Self-Employed,20.5,636,2,5340.0,911000.0,60,2,110798.0,MEDIUM,0
25,461000.0,Business,7.0,681,1,3456.0,254000.0,48,2,88417.0,MEDIUM,1
45,551000.0,Business,0.3,495,1,1161.0,228000.0,24,1,312409.0,MEDIUM,1
23,635000.0,Salaried,1.5,747,4,957.0,195000.0,60,1,484937.0,LOW,1
53,277000.0,Business,3.4,824,1,1009.0,784000.0,36,0,315360.0,MEDIUM,1
24,1108000.0,Salaried,1.5,594,5,64256.0,2201000.0,60,5,819321.0,HIGH,0
45,378000.0,Salaried,27.0,604,0,0.0,257000.0,24,2,333457.0,LOW,1
40,198000.0,Business,22.0,715,2,1539.0,687000.0,12,2,196677.0,MEDIUM,0
54,506000.0,Business,7.1,797,2,10575.0,531000.0,36,1,465119.0,MEDIUM,1
46,552000.0,Self-Employed,24.3,679,3,9146.0,832000.0,60,2,297128.0,MEDIUM,1
25,595000.0,Self-Employed,7.0,581,0,0.0,570000.0,12,1,29709.0,MEDIUM,0
55,1224000.0,Business,27.0,663,1,5117.0,4564000.0,12,1,439249.0,MEDIUM,0
48,469000.0,Business,23.6,597,0,0.0,1456000.0,84,1,335017.0,MEDIUM,0
49,503000.0,Business,2.2,626,4,7389.0,1498000.0,48,1,46636.0,HIGH,0
29,279000.0,Self-Employed,11.0,655,1,213.0,129000.0,24,2,228555.0,LOW,1
58,884000.0,Freelance,10.1,605,3,4620.0,1975000.0,48,4,463084.0,MEDIUM,0
26,604000.0,Freelance,8.0,617,1,2195.0,1467000.0,84,0,529307.0,MEDIUM,0
39,420000.0,Salaried,12.3,685,0,0.0,720000.0,24,2,316769.0,MEDIUM,0
64,172000.0,Business,20.5,697,1,2076.0,256000.0,84,2,158534.0,LOW,1
31,1285000.0,Self-Employed,13.0,566,2,26589.0,4436000.0,12,4,234250.0,MEDIUM,0
22,259000.0,Salaried,1.5,711,3,2258.0,100000.0,60,1,60714.0,LOW,1
64,379000.0,Self-Employed,28.1,649,1,2092.0,991000.0,24,4,95436.0,MEDIUM,1
64,670000.0,Salaried,12.8,737,3,11050.0,1178000.0,24,3,289363.0,MEDIUM,0
29,264000.0,Self-Employed,11.0,742,0,0.0,730000.0,12,2,293163.0,LOW,1
41,221000.0,Business,23.0,636,2,248.0,228000.0,36,1,179350.0,LOW,1
44,151000.0,Salaried,26.0,729,2,2018.0,179000.0,12,2,69955.0,MEDIUM,0
54,833000.0,Salaried,2.0,613,1,758.0,2059000.0,84,1,765632.0,MEDIUM,0
42,390000.0,Freelance,9.1,785,0,0.0,1531000.0,12,1,398268.0,MEDIUM,1
23,3129000.0,Salaried,1.5,616,1,27039.0,12223000.0,24,2,2094943.0,HIGH,0
32,298000.0,Salaried,13.0,708,0,0.0,364000.0,12,2,157947.0,MEDIUM,1
48,311000.0,Salaried,5.1,664,3,7547.0,211000.0,48,0,224223.0,LOW,1
50,385000.0,Self-Employed,14.9,598,4,4486.0,956000.0,12,2,226955.0,MEDIUM,1
46,625000.0,Self-Employed,19.9,752,2,4145.0,1159000.0,60,5,612074.0,LOW,1
41,408000.0,Business,14.9,630,2,3204.0,1272000.0,120,1,105389.0,MEDIUM,1
48,780000.0,Self-Employed,20.0,543,0,0.0,1758000.0,12,2,607183.0,MEDIUM,0
46,300000.0,Business,2.0,449,0,0.0,657000.0,12,2,129102.0,MEDIUM,0
53,236000.0,Self-Employed,26.3,609,3,4981.0,635000.0,120,1,190140.0,LOW,1
41,184000.0,Salaried,23.0,790,2,922.0,141000.0,60,1,88788.0,LOW,1
55,150000.0,Self-Employed,18.5,780,2,1069.0,421000.0,36,2,79758.0,MEDIUM,0
54,396000.0,Business,26.4,622,2,2331.0,835000.0,36,1,377016.0,MEDIUM,0
61,451000.0,Self-Employed,3.9,650,1,3636.0,1504000.0,36,2,304072.0,MEDIUM,1
38,370000.0,Salaried,20.0,642,0,0.0,301000.0,48,2,132087.0,LOW,1
31,1139000.0,Salaried,3.6,573,2,20539.0,1609000.0,60,2,119146.0,MEDIUM,0
43,1129000.0,Salaried,12.2,604,1,3104.0,4308000.0,48,1,502461.0,MEDIUM,1
42,442000.0,Salaried,9.7,758,3,152.0,1037000.0,48,2,472464.0,LOW,1
37,184000.0,Self-Employed,17.6,720,1,1565.0,688000.0,84,0,60263.0,MEDIUM,1
25,385000.0,Salaried,7.0,701,0,0.0,1097000.0,48,2,383537.0,LOW,1
64,377000.0,Business,19.1,573,0,0.0,1405000.0,60,0,66312.0,MEDIUM,0
31,364000.0,Salaried,11.0,688,2,2782.0,537000.0,24,3,65315.0,MEDIUM,1
50,356000.0,Salaried,25.8,495,2,6647.0,226000.0,24,3,174317.0,LOW,1
35,365000.0,Self-Employed,17.0,747,1,2856.0,1193000.0,36,0,364832.0,MEDIUM,0
47,429000.0,Salaried,6.5,700,1,988.0,1406000.0,48,3,388456.0,MEDIUM,0
55,369000.0,Business,10.1,572,1,2758.0,956000.0,120,2,190946.0,MEDIUM,0
53,612000.0,Salaried,25.4,809,0,0.0,1496000.0,36,0,533954.0,LOW,1
40,671000.0,Salaried,11.6,536,1,3262.0,2473000.0,48,5,163835.0,HIGH,0
36,313000.0,Business,16.1,722,1,962.0,298000.0,36,2,210619.0,LOW,1
54,1159000.0,Self-Employed,19.5,724,1,9837.0,2992000.0,12,1,323432.0,MEDIUM,1
22,300000.0,Salaried,1.5,580,1,2291.0,145000.0,60,3,262471.0,MEDIUM,0
55,205000.0,Salaried,8.8,676,0,0.0,168000.0,48,0,156451.0,MEDIUM,0
60,679000.0,Business,14.3,549,1,5658.0,1302000.0,84,2,348318.0,MEDIUM,0
48,331000.0,Freelance,6.4,452,1,2021.0,1105000.0,48,0,64519.0,HIGH,0
59,655000.0,Business,8.5,594,1,6168.0,1973000.0,48,2,270817.0,MEDIUM,1
26,150000.0,Salaried,1.9,630,5,1788.0,586000.0,60,0,121380.0,HIGH,0
29,1246000.0,Freelance,9.1,731,0,0.0,581000.0,12,2,397273.0,MEDIUM,0
40,809000.0,Salaried,9.6,685,2,10989.0,1384000.0,24,2,143545.0,MEDIUM,0
21,220000.0,Salaried,0.0,687,0,0.0,195000.0,60,0,81948.0,MEDIUM,1
28,223000.0,Business,10.0,598,3,3231.0,97000.0,12,0,173602.0,MEDIUM,0
43,1474000.0,Salaried,23.6,637,3,41237.0,1884000.0,36,2,1359427.0,MEDIUM,0
23,347000.0,Salaried,2.2,605,1,2450.0,418000.0,48,1,148111.0,MEDIUM,0
24,328000.0,Salaried,3.2,582,3,8736.0,608000.0,120,2,244031.0,MEDIUM,1
45,150000.0,Salaried,24.4,632,0,0.0,123000.0,48,1,54821.0,LOW,0
58,438000.0,Business,18.7,685,0,0.0,923000.0,24,1,258487.0,MEDIUM,1
35,471000.0,Self-Employed,5.7,634,1,2717.0,1745000.0,36,3,25749.0,HIGH,0
41,830000.0,Salaried,12.1,654,1,350.0,2547000.0,12,3,640550.0,LOW,1
55,233000.0,Self-Employed,16.2,735,1,683.0,796000.0,36,4,205482.0,LOW,0
34,217000.0,Freelance,16.0,639,1,70.0,711000.0,36,3,29475.0,MEDIUM,1
56,708000.0,Business,1.8,573,1,4043.0,1233000.0,24,0,249719.0,HIGH,0
32,989000.0,Salaried,14.0,725,2,8057.0,2891000.0,12,0,591209.0,MEDIUM,0
37,211000.0,Freelance,19.0,701,0,0.0,652000.0,24,0,189953.0,LOW,1
59,1034000.0,Business,29.3,706,0,0.0,1097000.0,12,5,995348.0,LOW,1
29,553000.0,Salaried,11.0,730,1,5707.0,1926000.0,60,2,484453.0,MEDIUM,1
55,1040000.0,Salaried,8.3,716,1,6515.0,2073000.0,60,0,296461.0,MEDIUM,0
33,518000.0,Salaried,15.0,682,0,0.0,187000.0,120,2,218889.0,LOW,1
35,150000.0,Business,17.0,871,0,0.0,402000.0,48,2,59215.0,LOW,1
38,493000.0,Salaried,20.0,577,1,3455.0,1382000.0,24,0,299208.0,MEDIUM,0
53,1021000.0,Self-Employed,24.6,633,0,0.0,2391000.0,60,1,694985.0,LOW,1
26,316000.0,Salaried,8.0,757,3,2030.0,343000.0,120,0,19337.0,LOW,1
47,428000.0,Freelance,3.0,691,0,0.0,892000.0,84,5,359557.0,LOW,1
43,486000.0,Salaried,3.1,740,0,0.0,865000.0,36,1,151309.0,LOW,1
47,150000.0,Freelance,23.9,693,1,183.0,586000.0,36,2,137895.0,MEDIUM,0
54,1473000.0,Freelance,7.6,789,5,66101.0,4936000.0,60,4,1612529.0,MEDIUM,0
58,315000.0,Salaried,1.8,599,2,7257.0,982000.0,24,3,246407.0,MEDIUM,0
34,732000.0,Self-Employed,12.0,787,1,1483.0,710000.0,48,1,407840.0,LOW,1
56,513000.0,Salaried,24.6,773,0,0.0,782000.0,120,1,242546.0,LOW,1
28,1149000.0,Freelance,3.8,583,1,10611.0,1959000.0,36,3,493032.0,MEDIUM,1
55,689000.0,Self-Employed,20.2,730,0,0.0,1463000.0,48,1,449884.0,LOW,1
39,469000.0,Salaried,0.1,676,2,10796.0,193000.0,36,2,142864.0,MEDIUM,1
50,316000.0,Salaried,3.3,631,2,7019.0,788000.0,120,3,303749.0,MEDIUM,0
34,872000.0,Salaried,10.5,528,1,1131.0,1416000.0,12,3,385412.0,MEDIUM,0
40,176000.0,Freelance,2.5,599,0,0.0,419000.0,60,0,17830.0,MEDIUM,1
45,796000.0,Self-Employed,25.4,736,2,19432.0,265000.0,24,2,962937.0,LOW,1
60,279000.0,Business,25.9,745,2,6671.0,416000.0,36,1,171856.0,LOW,1
44,1146000.0,Salaried,22.7,663,3,18148.0,3603000.0,60,5,1179964.0,MEDIUM,1
34,595000.0,Salaried,7.3,745,1,376.0,1282000.0,48,2,300198.0,LOW,1
46,795000.0,Freelance,15.7,755,2,12300.0,2559000.0,24,1,248289.0,MEDIUM,1
58,568000.0,Salaried,5.5,692,0,0.0,1639000.0,24,1,481130.0,MEDIUM,0
43,189000.0,Freelance,8.4,622,1,2213.0,655000.0,60,3,86468.0,MEDIUM,1
42,322000.0,Salaried,15.5,715,2,6397.0,105000.0,60,1,335351.0,LOW,0
39,809000.0,Salaried,21.0,718,3,19707.0,1025000.0,120,3,461038.0,LOW,1
23,597000.0,Self-Employed,1.1,733,1,2123.0,1391000.0,60,3,259855.0,MEDIUM,1
62,1098000.0,Freelance,8.9,749,2,19250.0,4152000.0,12,0,1313147.0,LOW,1
39,688000.0,Freelance,21.0,571,2,4974.0,1937000.0,12,2,531617.0,MEDIUM,1
29,303000.0,Salaried,11.0,639,1,143.0,603000.0,24,1,73361.0,MEDIUM,0
48,335000.0,Salaried,28.2,528,3,6387.0,262000.0,60,1,143884.0,MEDIUM,1
40,575000.0,Self-Employed,22.0,739,1,3512.0,1222000.0,84,1,100081.0,LOW,1
65,150000.0,Self-Employed,15.8,663,2,2861.0,290000.0,84,2,22381.0,LOW,1
27,1475000.0,Business,8.6,714,1,15961.0,4691000.0,12,0,1486885.0,LOW,1
34,704000.0,Salaried,16.0,561,1,3119.0,1288000.0,24,3,596284.0,MEDIUM,0
29,1128000.0,Freelance,4.8,792,3,19013.0,1669000.0,36,2,1105466.0,LOW,1
39,209000.0,Self-Employed,7.6,584,1,1229.0,132000.0,120,1,195864.0,LOW,1
34,1140000.0,Business,16.0,741,0,0.0,538000.0,84,1,107389.0,LOW,1
58,2061000.0,Self-Employed,13.0,689,3,57455.0,3967000.0,60,2,824505.0,MEDIUM,1
56,245000.0,Salaried,6.0,664,3,4797.0,388000.0,12,3,42891.0,HIGH,0
60,858000.0,Freelance,19.5,658,1,9802.0,2020000.0,24,1,729012.0,MEDIUM,0
37,541000.0,Self-Employed,19.0,628,0,0.0,1587000.0,60,5,495298.0,LOW,1
50,214000.0,Business,3.8,783,2,1134.0,96000.0,24,2,129042.0,MEDIUM,0
29,726000.0,Freelance,8.3,681,0,0.0,1551000.0,36,5,676902.0,MEDIUM,1
53,891000.0,Self-Employed,6.6,578,1,4147.0,3109000.0,84,4,711512.0,MEDIUM,1
45,377000.0,Self-Employed,11.4,649,0,0.0,748000.0,24,2,67331.0,MEDIUM,1
34,1088000.0,Salaried,16.0,690,2,11074.0,2425000.0,120,2,490095.0,LOW,1
31,199000.0,Salaried,13.0,751,0,0.0,418000.0,120,0,53044.0,LOW,1
55,220000.0,Salaried,19.9,631,2,5380.0,383000.0,24,4,154213.0,MEDIUM,0
61,587000.0,Salaried,0.2,636,2,2138.0,415000.0,36,3,248447.0,MEDIUM,0
34,549000.0,Salaried,4.3,681,1,4479.0,421000.0,48,2,416199.0,MEDIUM,1
50,352000.0,Salaried,6.7,749,0,0.0,339000.0,120,1,382792.0,LOW,1
61,878000.0,Salaried,8.2,570,0,0.0,2838000.0,60,3,350166.0,MEDIUM,0
24,743000.0,Salaried,2.8,720,1,2872.0,980000.0,36,1,856559.0,MEDIUM,0
24,904000.0,Salaried,1.0,642,1,4317.0,3442000.0,120,2,405987.0,MEDIUM,0
48,502000.0,Salaried,2.3,654,2,6251.0,1655000.0,84,0,128823.0,MEDIUM,1
28,776000.0,Self-Employed,10.0,840,0,0.0,2198000.0,36,3,589934.0,MEDIUM,0
22,414000.0,Self-Employed,1.9,664,2,6039.0,1228000.0,84,3,188589.0,MEDIUM,1
61,1853000.0,Salaried,17.2,740,2,29218.0,882000.0,60,1,348522.0,LOW,1
42,332000.0,Self-Employed,2.7,737,1,3505.0,798000.0,84,0,22485.0,LOW,1
61,1911000.0,Business,26.7,585,1,21181.0,7227000.0,24,0,1364396.0,MEDIUM,1
36,552000.0,Salaried,18.0,532,3,15261.0,245000.0,12,2,441845.0,MEDIUM,0
49,237000.0,Self-Employed,6.1,745,2,468.0,326000.0,60,0,133704.0,LOW,1
50,1228000.0,Freelance,21.1,593,5,73779.0,602000.0,36,1,114159.0,MEDIUM,1
32,583000.0,Business,14.0,546,1,6904.0,1404000.0,24,3,384633.0,HIGH,0
55,900000.0,Salaried,16.2,762,3,24020.0,657000.0,84,0,987108.0,LOW,1
31,1126000.0,Self-Employed,9.7,598,0,0.0,2334000.0,48,2,378709.0,LOW,1
41,662000.0,Salaried,14.4,618,1,2074.0,1962000.0,24,1,165209.0,MEDIUM,1
41,379000.0,Self-Employed,15.4,837,1,3583.0,344000.0,12,0,189172.0,MEDIUM,0
25,970000.0,Freelance,7.0,547,1,10644.0,3002000.0,24,2,779936.0,MEDIUM,1
40,541000.0,Self-Employed,22.0,579,2,8997.0,283000.0,120,2,222002.0,MEDIUM,1
57,815000.0,Freelance,22.3,643,0,0.0,696000.0,12,1,569796.0,MEDIUM,0
23,150000.0,Salaried,3.2,660,3,1086.0,200000.0,48,0,17044.0,MEDIUM,0
64,707000.0,Freelance,17.6,608,2,6324.0,2295000.0,48,1,213604.0,HIGH,0
53,368000.0,Self-Employed,20.7,587,3,9979.0,1268000.0,24,1,88924.0,MEDIUM,0
29,1457000.0,Salaried,4.2,800,0,0.0,1625000.0,60,1,181219.0,LOW,1
29,785000.0,Self-Employed,10.8,701,2,12585.0,514000.0,60,0,135551.0,LOW,1
24,624000.0,Salaried,3.6,726,1,5980.0,2145000.0,60,2,325290.0,MEDIUM,0
55,723000.0,Salaried,17.0,669,1,3025.0,1954000.0,84,1,453739.0,MEDIUM,0
37,297000.0,Business,6.5,703,2,566.0,263000.0,84,2,114892.0,LOW,1
54,1431000.0,Salaried,3.7,754,0,0.0,3382000.0,48,2,781542.0,LOW,1
44,1785000.0,Business,15.5,600,0,0.0,6297000.0,120,0,1335754.0,MEDIUM,0
52,684000.0,Salaried,16.4,701,2,6341.0,381000.0,12,2,214502.0,MEDIUM,0
21,1403000.0,Salaried,3.0,735,1,12403.0,856000.0,84,2,112700.0,LOW,1
28,384000.0,Freelance,10.0,803,0,0.0,504000.0,84,0,143925.0,LOW,1
65,335000.0,Salaried,2.1,835,1,3611.0,909000.0,36,0,429110.0,MEDIUM,1
43,554000.0,Self-Employed,4.4,685,1,3673.0,531000.0,24,2,31600.0,MEDIUM,1
60,701000.0,Self-Employed,16.4,771,2,8340.0,2328000.0,84,2,141111.0,LOW,0
32,427000.0,Self-Employed,1.9,466,0,0.0,1314000.0,84,3,30432.0,MEDIUM,0
32,746000.0,Freelance,14.0,804,2,10501.0,1772000.0,12,3,395179.0,MEDIUM,0
35,649000.0,Self-Employed,4.3,621,2,9389.0,473000.0,36,3,433038.0,LOW,1
61,297000.0,Salaried,20.2,660,2,3222.0,1175000.0,48,1,292961.0,MEDIUM,0
39,738000.0,Business,11.7,715,3,10318.0,1559000.0,36,1,695266.0,LOW,1
46,907000.0,Salaried,12.0,667,1,5448.0,1789000.0,120,0,273110.0,MEDIUM,0
49,599000.0,Self-Employed,22.9,695,1,2732.0,2386000.0,48,1,442303.0,MEDIUM,0
42,1079000.0,Freelance,15.0,807,0,0.0,3773000.0,48,1,974024.0,MEDIUM,1
60,260000.0,Self-Employed,21.8,649,1,3229.0,517000.0,84,3,33324.0,LOW,1
41,716000.0,Business,15.2,593,0,0.0,1324000.0,84,2,307599.0,LOW,1
58,268000.0,Self-Employed,17.8,825,3,2577.0,176000.0,84,3,122596.0,LOW,1
40,277000.0,Business,22.0,722,3,3676.0,1033000.0,12,2,60974.0,MEDIUM,0
49,370000.0,Freelance,18.2,833,1,2732.0,1266000.0,60,2,46071.0,MEDIUM,1
24,307000.0,Salaried,1.3,749,1,3496.0,444000.0,120,1,22597.0,MEDIUM,0
27,389000.0,Salaried,9.0,574,0,0.0,1201000.0,60,2,312198.0,MEDIUM,0
48,475000.0,Self-Employed,28.5,731,3,15002.0,1483000.0,12,0,201897.0,MEDIUM,1
48,893000.0,Business,11.3,601,3,28766.0,1021000.0,24,1,444817.0,HIGH,0
24,446000.0,Salaried,3.3,680,1,5132.0,1146000.0,48,0,156768.0,MEDIUM,1
42,209000.0,Salaried,2.6,673,2,1228.0,260000.0,24,4,44634.0,MEDIUM,0
32,1071000.0,Salaried,10.8,550,1,6136.0,3451000.0,120,3,271774.0,MEDIUM,1
65,327000.0,Freelance,12.4,614,0,0.0,284000.0,48,3,64600.0,LOW,1
23,522000.0,Self-Employed,1.5,856,0,0.0,1449000.0,84,4,568951.0,MEDIUM,0
42,706000.0,Salaried,15.4,699,2,11513.0,1063000.0,48,2,738188.0,MEDIUM,0
64,609000.0,Salaried,21.9,665,0,0.0,264000.0,84,3,300594.0,LOW,1
22,1042000.0,Salaried,2.3,825,0,0.0,790000.0,60,1,1182104.0,LOW,1
44,720000.0,Salaried,13.9,648,0,0.0,1961000.0,120,1,339248.0,MEDIUM,0
54,322000.0,Salaried,27.0,672,1,1252.0,382000.0,60,2,164932.0,MEDIUM,0
47,1997000.0,Freelance,6.7,759,2,17627.0,5262000.0,48,0,1257073.0,MEDIUM,1
61,607000.0,Freelance,0.9,647,0,0.0,1114000.0,120,3,530233.0,LOW,1
21,495000.0,Salaried,0.1,620,3,11157.0,1417000.0,120,0,469177.0,MEDIUM,1
28,964000.0,Salaried,10.0,499,1,11737.0,2047000.0,84,3,579414.0,MEDIUM,0
43,628000.0,Salaried,13.6,605,1,6536.0,905000.0,60,4,551173.0,LOW,0
58,687000.0,Self-Employed,13.8,604,0,0.0,577000.0,60,2,441639.0,MEDIUM,1
26,2410000.0,Salaried,8.0,692,1,7302.0,3765000.0,84,0,2312354.0,LOW,1
42,458000.0,Salaried,7.6,631,0,0.0,1213000.0,36,1,269448.0,MEDIUM,0
45,447000.0,Salaried,22.6,852,1,4060.0,1359000.0,120,0,493881.0,LOW,1
38,580000.0,Business,4.6,595,3,10096.0,518000.0,120,0,400747.0,LOW,0
37,1028000.0,Business,11.9,792,2,5909.0,2835000.0,36,3,1021050.0,MEDIUM,0
32,219000.0,Self-Employed,14.0,697,3,4576.0,211000.0,84,1,65156.0,MEDIUM,1
26,166000.0,Salaried,8.0,744,0,0.0,186000.0,48,0,37062.0,LOW,1
46,380000.0,Freelance,23.7,739,1,4465.0,861000.0,120,0,307664.0,LOW,1
47,203000.0,Freelance,21.7,502,0,0.0,278000.0,60,3,81576.0,LOW,1
28,419000.0,Salaried,10.0,679,2,3058.0,1151000.0,120,2,360336.0,LOW,0
39,731000.0,Salaried,3.7,659,5,9856.0,2804000.0,120,3,137899.0,HIGH,0
62,317000.0,Self-Employed,6.5,589,3,8520.0,270000.0,36,1,287653.0,MEDIUM,0
21,230000.0,Salaried,0.2,716,0,0.0,555000.0,24,1,193425.0,MEDIUM,0
49,563000.0,Salaried,25.7,817,1,4202.0,2092000.0,48,2,42374.0,MEDIUM,0
65,907000.0,Self-Employed,28.5,466,0,0.0,865000.0,48,2,396700.0,MEDIUM,1
55,195000.0,Self-Employed,2.3,637,0,0.0,323000.0,120,0,68030.0,LOW,1
60,884000.0,Salaried,16.1,580,0,0.0,670000.0,24,4,248335.0,LOW,1
34,882000.0,Self-Employed,16.0,685,1,10335.0,2360000.0,48,3,897411.0,MEDIUM,1
55,958000.0,Freelance,21.3,653,1,5739.0,2659000.0,60,0,860689.0,LOW,1
65,1123000.0,Salaried,19.3,631,1,285.0,3097000.0,120,0,49203.0,MEDIUM,1
40,2025000.0,Self-Employed,22.0,735,1,8818.0,4669000.0,36,3,512506.0,LOW,1
33,436000.0,Salaried,10.8,810,2,1420.0,1335000.0,12,4,426636.0,MEDIUM,0
58,577000.0,Salaried,5.4,892,0,0.0,250000.0,120,1,731596.0,LOW,1
28,421000.0,Self-Employed,6.1,620,0,0.0,1618000.0,36,1,309135.0,MEDIUM,1
63,541000.0,Salaried,0.4,534,2,307.0,607000.0,84,2,251619.0,LOW,0
40,1356000.0,Salaried,10.5,724,2,29500.0,1017000.0,24,2,1592254.0,LOW,1
53,241000.0,Salaried,2.8,808,0,0.0,912000.0,12,2,259462.0,LOW,0
46,322000.0,Self-Employed,9.6,745,3,3567.0,1086000.0,84,3,192157.0,MEDIUM,1
59,1235000.0,Business,18.8,808,1,4804.0,3866000.0,84,0,987834.0,LOW,1
41,997000.0,Salaried,23.0,661,1,5803.0,685000.0,60,2,82676.0,LOW,1
62,435000.0,Self-Employed,25.2,631,1,1349.0,1430000.0,60,2,432461.0,MEDIUM,0
63,902000.0,Salaried,7.6,689,1,49.0,2303000.0,120,4,391636.0,LOW,1
61,663000.0,Self-Employed,4.0,653,2,440.0,1994000.0,120,4,476289.0,MEDIUM,0
29,1329000.0,Salaried,5.8,733,1,5943.0,5208000.0,36,3,1088341.0,MEDIUM,0
44,565000.0,Self-Employed,26.0,757,1,877.0,576000.0,120,3,62404.0,LOW,1
57,1000000.0,Freelance,16.5,763,3,839.0,2166000.0,48,2,365881.0,LOW,1
61,2637000.0,Freelance,5.5,720,1,28324.0,8141000.0,84,2,2086310.0,LOW,0
37,774000.0,Salaried,19.0,699,2,5305.0,1474000.0,48,1,813278.0,LOW,1
44,557000.0,Business,11.9,743,1,3503.0,280000.0,24,2,536425.0,LOW,1
41,834000.0,Salaried,23.0,522,1,1870.0,594000.0,48,4,415483.0,LOW,1
59,434000.0,Freelance,7.8,696,0,0.0,1097000.0,60,3,128018.0,LOW,0
61,2264000.0,Salaried,11.8,684,2,42159.0,3067000.0,12,2,2414589.0,MEDIUM,1
59,602000.0,Salaried,15.1,697,2,1881.0,488000.0,84,1,291882.0,MEDIUM,0
33,459000.0,Salaried,15.0,672,0,0.0,715000.0,36,2,90076.0,MEDIUM,1
31,327000.0,Salaried,13.0,714,0,0.0,341000.0,120,1,20836.0,LOW,1
39,1044000.0,Business,17.2,634,4,703.0,406000.0,36,0,1027975.0,LOW,1
31,909000.0,Freelance,6.7,770,3,14872.0,783000.0,36,1,908380.0,LOW,1
33,401000.0,Self-Employed,12.1,717,1,1448.0,1431000.0,48,1,114724.0,MEDIUM,1
65,764000.0,Business,29.3,692,1,3050.0,263000.0,12,5,147877.0,MEDIUM,0
21,219000.0,Business,2.6,624,3,32.0,693000.0,48,3,213999.0,HIGH,0
60,604000.0,Salaried,23.4,745,0,0.0,1865000.0,48,1,197489.0,LOW,1
64,709000.0,Salaried,13.5,696,2,9163.0,1693000.0,84,3,388882.0,LOW,1
39,1505000.0,Salaried,16.0,619,1,10770.0,1612000.0,60,1,946602.0,LOW,1
32,340000.0,Salaried,12.9,675,2,5662.0,1207000.0,84,2,35218.0,MEDIUM,1
28,251000.0,Salaried,10.0,730,0,0.0,517000.0,120,3,110555.0,LOW,1
28,316000.0,Salaried,10.0,724,2,4802.0,297000.0,60,2,356150.0,LOW,1
65,242000.0,Salaried,15.2,718,2,4611.0,457000.0,84,0,203101.0,LOW,1
32,1205000.0,Salaried,14.0,687,3,20277.0,1231000.0,84,3,528201.0,LOW,1
53,1368000.0,Freelance,10.2,762,2,12698.0,2314000.0,48,4,1375017.0,MEDIUM,1
65,655000.0,Salaried,5.3,779,3,20218.0,1400000.0,84,1,711001.0,MEDIUM,0
46,1124000.0,Self-Employed,28.0,738,3,36473.0,1834000.0,24,1,246195.0,MEDIUM,1
59,586000.0,Self-Employed,9.5,633,1,1009.0,1600000.0,120,4,363342.0,MEDIUM,0
48,510000.0,Self-Employed,24.0,595,0,0.0,1919000.0,120,5,191134.0,MEDIUM,0
25,442000.0,Salaried,7.0,636,2,7554.0,702000.0,24,2,240088.0,MEDIUM,0
28,449000.0,Salaried,10.0,836,3,1408.0,726000.0,24,0,303355.0,MEDIUM,1
45,213000.0,Salaried,27.0,702,0,0.0,646000.0,84,4,127851.0,LOW,0
47,633000.0,Salaried,18.7,850,2,8231.0,1433000.0,48,0,480928.0,LOW,1
43,527000.0,Salaried,25.0,670,0,0.0,994000.0,120,1,58001.0,LOW,1
50,845000.0,Self-Employed,5.0,659,0,0.0,2798000.0,12,0,186875.0,HIGH,1
65,572000.0,Self-Employed,18.8,674,2,3781.0,2057000.0,24,2,366844.0,MEDIUM,1
43,490000.0,Self-Employed,23.2,672,2,1482.0,1218000.0,60,0,506132.0,MEDIUM,1
40,320000.0,Salaried,8.1,618,2,2112.0,315000.0,36,1,243159.0,LOW,1
38,564000.0,Salaried,20.0,588,3,10414.0,1142000.0,36,2,142058.0,MEDIUM,1
38,842000.0,Business,20.0,720,0,0.0,1824000.0,48,0,382140.0,LOW,1
22,272000.0,Salaried,3.5,764,0,0.0,517000.0,36,2,122729.0,LOW,0
24,569000.0,Business,3.7,875,3,5216.0,723000.0,120,1,643992.0,LOW,1
50,621000.0,Business,20.4,645,1,346.0,1272000.0,48,1,636791.0,MEDIUM,1
53,351000.0,Salaried,9.1,651,1,2729.0,685000.0,36,4,140789.0,MEDIUM,1
56,380000.0,Salaried,22.2,618,2,3992.0,409000.0,12,2,18206.0,MEDIUM,0
38,621000.0,Self-Employed,13.9,770,3,22923.0,2262000.0,12,4,742008.0,LOW,1
57,274000.0,Salaried,17.9,745,2,5341.0,980000.0,12,2,256364.0,MEDIUM,1
39,667000.0,Salaried,12.5,609,2,13479.0,2075000.0,12,4,555016.0,MEDIUM,1
48,316000.0,Salaried,4.9,607,1,48.0,564000.0,24,3,73331.0,MEDIUM,0
60,1022000.0,Salaried,5.3,756,1,9936.0,1707000.0,120,5,838572.0,LOW,1
40,2197000.0,Self-Employed,2.3,710,3,16034.0,6483000.0,60,2,662501.0,MEDIUM,0
53,322000.0,Business,18.5,740,2,4716.0,821000.0,12,2,17506.0,MEDIUM,0
32,745000.0,Salaried,14.0,609,0,0.0,1879000.0,84,0,136671.0,MEDIUM,0
35,349000.0,Freelance,0.6,529,1,2494.0,265000.0,24,4,274756.0,LOW,0
61,1009000.0,Freelance,2.0,610,2,3366.0,2611000.0,48,1,241822.0,MEDIUM,1
59,253000.0,Freelance,13.7,735,0,0.0,920000.0,36,4,183552.0,MEDIUM,0
22,721000.0,Business,1.5,848,2,666.0,445000.0,36,0,984477.0,LOW,1
49,320000.0,Salaried,4.7,645,0,0.0,498000.0,24,2,35911.0,MEDIUM,0
61,477000.0,Salaried,8.1,862,1,3922.0,1041000.0,84,0,556828.0,LOW,1
30,291000.0,Self-Employed,7.0,746,2,6924.0,826000.0,84,1,218774.0,MEDIUM,0
22,885000.0,Self-Employed,2.3,568,0,0.0,559000.0,36,0,281369.0,MEDIUM,1
31,327000.0,Business,6.7,697,0,0.0,1154000.0,84,1,144285.0,MEDIUM,1
33,753000.0,Freelance,10.6,749,3,1578.0,339000.0,12,2,55468.0,LOW,1
30,440000.0,Self-Employed,12.0,485,2,495.0,1528000.0,120,3,95544.0,MEDIUM,1
34,504000.0,Salaried,16.0,731,1,995.0,203000.0,36,1,268645.0,LOW,1
38,590000.0,Salaried,2.4,773,0,0.0,512000.0,12,2,547575.0,LOW,1
29,342000.0,Salaried,11.0,711,1,1704.0,1115000.0,12,0,119546.0,LOW,1
59,613000.0,Self-Employed,14.3,675,2,12925.0,2135000.0,36,4,403013.0,LOW,1
48,1353000.0,Self-Employed,28.0,666,0,0.0,5323000.0,120,2,1092762.0,LOW,1
23,339000.0,Business,3.3,661,1,2566.0,247000.0,24,1,259846.0,MEDIUM,1
40,1092000.0,Self-Employed,21.8,585,1,12938.0,2455000.0,48,2,625712.0,MEDIUM,0
26,1328000.0,Freelance,8.0,624,1,3825.0,778000.0,24,2,802492.0,MEDIUM,0
47,331000.0,Self-Employed,6.6,646,0,0.0,291000.0,60,2,255217.0,LOW,1
22,226000.0,Business,2.9,689,0,0.0,214000.0,60,5,91400.0,LOW,0
49,648000.0,Salaried,14.7,635,4,17877.0,346000.0,12,0,314621.0,LOW,1
58,389000.0,Business,20.4,610,5,5992.0,1402000.0,12,0,373456.0,MEDIUM,0
23,1658000.0,Self-Employed,1.1,740,1,4330.0,1273000.0,24,2,1374766.0,LOW,1
36,552000.0,Salaried,7.7,709,2,10390.0,1451000.0,120,3,344846.0,LOW,1
50,334000.0,Salaried,17.6,636,2,107.0,873000.0,24,2,205369.0,MEDIUM,0
60,271000.0,Freelance,9.6,720,0,0.0,280000.0,12,0,43122.0,MEDIUM,0
22,1039000.0,Salaried,2.8,643,1,239.0,4150000.0,84,1,660825.0,MEDIUM,1
37,384000.0,Self-Employed,11.2,685,1,3029.0,609000.0,48,2,363318.0,LOW,1
61,555000.0,Salaried,19.2,758,2,8391.0,2025000.0,48,1,374724.0,MEDIUM,1
32,959000.0,Self-Employed,14.0,631,2,13867.0,3652000.0,60,3,201689.0,HIGH,0
55,404000.0,Business,0.1,586,4,9582.0,1540000.0,84,1,179176.0,MEDIUM,0
63,526000.0,Salaried,19.5,668,2,11209.0,1623000.0,48,1,173836.0,MEDIUM,0
21,535000.0,Salaried,1.5,570,3,13228.0,663000.0,36,4,188079.0,MEDIUM,1
65,814000.0,Freelance,10.3,657,3,23866.0,608000.0,12,2,219448.0,MEDIUM,0
35,770000.0,Business,2.8,657,3,3336.0,1855000.0,24,0,294705.0,HIGH,0
46,474000.0,Business,6.6,482,1,296.0,774000.0,12,1,301484.0,MEDIUM,0
57,561000.0,Salaried,6.7,722,0,0.0,1893000.0,36,3,510584.0,MEDIUM,0
41,432000.0,Salaried,23.0,665,2,1590.0,1320000.0,48,0,238707.0,MEDIUM,0
51,223000.0,Salaried,13.0,774,2,3719.0,295000.0,12,5,225339.0,LOW,1
45,631000.0,Business,1.3,697,1,3897.0,229000.0,36,3,705275.0,LOW,0
43,1682000.0,Salaried,4.2,738,3,47448.0,1982000.0,84,1,871538.0,LOW,1
44,318000.0,Salaried,2.4,775,4,3049.0,763000.0,48,3,399555.0,MEDIUM,0
58,340000.0,Salaried,17.7,669,2,3119.0,201000.0,120,2,100978.0,LOW,1
48,320000.0,Salaried,5.6,679,1,3554.0,875000.0,60,1,340584.0,MEDIUM,0
41,835000.0,Business,15.0,554,3,29300.0,2326000.0,84,0,649027.0,MEDIUM,0
63,707000.0,Salaried,11.1,779,0,0.0,655000.0,60,1,205681.0,LOW,1
38,491000.0,Self-Employed,20.0,668,0,0.0,1231000.0,60,2,199561.0,MEDIUM,1
56,312000.0,Freelance,9.6,599,3,8052.0,794000.0,84,1,217919.0,MEDIUM,0
55,571000.0,Salaried,13.7,739,2,13043.0,1181000.0,36,2,152040.0,MEDIUM,0
65,211000.0,Self-Employed,21.6,505,1,1884.0,807000.0,36,1,103130.0,HIGH,0
29,589000.0,Freelance,11.0,645,3,21070.0,412000.0,24,1,341557.0,MEDIUM,0
58,912000.0,Freelance,23.8,752,1,283.0,1646000.0,24,3,357056.0,LOW,1
50,255000.0,Salaried,19.9,644,2,5875.0,910000.0,60,4,86876.0,MEDIUM,0
64,215000.0,Salaried,12.3,622,2,2987.0,372000.0,12,2,116018.0,MEDIUM,0
54,1394000.0,Salaried,15.1,646,0,0.0,2608000.0,48,0,475528.0,MEDIUM,1
52,374000.0,Business,29.0,519,1,1005.0,1037000.0,24,0,64689.0,MEDIUM,1
23,1068000.0,Business,1.2,737,3,34129.0,2950000.0,48,2,1013120.0,MEDIUM,0
23,493000.0,Self-Employed,2.6,670,0,0.0,190000.0,84,2,322315.0,LOW,1
48,490000.0,Salaried,5.4,658,0,0.0,973000.0,12,2,240734.0,MEDIUM,0
64,703000.0,Salaried,14.5,658,1,1033.0,1078000.0,60,4,157818.0,LOW,1
35,318000.0,Self-Employed,17.0,681,0,0.0,834000.0,120,2,215877.0,LOW,1
61,585000.0,Self-Employed,9.7,732,3,7280.0,1378000.0,48,4,452222.0,MEDIUM,1
43,430000.0,Business,25.0,675,0,0.0,1165000.0,84,0,236463.0,LOW,1
60,245000.0,Salaried,2.9,571,2,3880.0,666000.0,60,2,89138.0,MEDIUM,1
31,662000.0,Salaried,13.0,726,1,5475.0,823000.0,120,4,689859.0,LOW,1
52,461000.0,Salaried,13.4,719,3,22.0,559000.0,48,2,389826.0,LOW,1
56,492000.0,Salaried,2.2,696,2,1094.0,822000.0,12,4,212364.0,MEDIUM,0
53,261000.0,Salaried,26.4,766,1,114.0,312000.0,24,2,200375.0,LOW,1
44,1404000.0,Salaried,7.6,682,5,75869.0,3968000.0,36,4,407156.0,HIGH,0
59,914000.0,Salaried,0.7,768,0,0.0,2313000.0,60,2,51522.0,MEDIUM,1
54,964000.0,Salaried,4.1,792,2,8846.0,1061000.0,24,2,1103578.0,MEDIUM,0
48,450000.0,Salaried,19.8,726,5,12667.0,1607000.0,48,0,443790.0,LOW,1
57,191000.0,Business,29.3,620,2,4055.0,383000.0,84,2,125666.0,LOW,1
27,1744000.0,Salaried,3.3,669,2,618.0,1343000.0,84,1,1562430.0,LOW,1
24,521000.0,Self-Employed,0.3,779,0,0.0,567000.0,24,1,528975.0,LOW,1
57,345000.0,Business,5.4,560,0,0.0,793000.0,36,0,270048.0,MEDIUM,0
21,694000.0,Self-Employed,2.2,648,0,0.0,1077000.0,60,2,658121.0,MEDIUM,0
21,1088000.0,Freelance,3.0,652,5,43709.0,3753000.0,60,1,956660.0,MEDIUM,0
40,533000.0,Salaried,7.2,610,5,8699.0,1136000.0,24,5,453191.0,MEDIUM,0
39,1164000.0,Business,5.9,749,1,7564.0,4291000.0,12,2,745538.0,MEDIUM,0
49,1035000.0,Freelance,16.6,710,1,12614.0,700000.0,48,1,867291.0,LOW,1
30,283000.0,Business,12.0,623,0,0.0,785000.0,24,1,102133.0,MEDIUM,0
38,361000.0,Salaried,15.3,728,1,1685.0,1291000.0,12,2,374735.0,MEDIUM,1
48,960000.0,Salaried,1.7,667,1,4601.0,1328000.0,60,1,905226.0,MEDIUM,0
55,150000.0,Salaried,16.9,608,2,3626.0,120000.0,48,1,14430.0,LOW,1
63,494000.0,Self-Employed,23.9,622,3,13318.0,983000.0,60,0,184640.0,MEDIUM,0
51,229000.0,Business,4.0,714,2,3934.0,883000.0,36,1,53540.0,MEDIUM,0
47,406000.0,Salaried,2.2,755,2,2355.0,1073000.0,84,0,83287.0,MEDIUM,0
31,452000.0,Self-Employed,5.6,641,2,6322.0,1213000.0,120,1,205526.0,MEDIUM,1
58,436000.0,Self-Employed,22.4,723,2,3889.0,1214000.0,12,4,331162.0,MEDIUM,0
25,388000.0,Salaried,7.0,806,1,1165.0,173000.0,36,0,189445.0,LOW,1
28,280000.0,Business,10.0,579,1,3134.0,546000.0,36,1,87283.0,MEDIUM,0
54,2137000.0,Business,7.5,708,1,10235.0,1254000.0,36,1,310044.0,LOW,1
32,1657000.0,Salaried,10.0,746,2,11714.0,2434000.0,12,1,822690.0,MEDIUM,1
58,269000.0,Self-Employed,29.0,672,4,12532.0,898000.0,48,3,144712.0,MEDIUM,0
21,1396000.0,Salaried,1.9,779,2,6887.0,3809000.0,120,1,753077.0,MEDIUM,1
51,425000.0,Self-Employed,27.0,855,3,11881.0,1693000.0,60,2,417233.0,MEDIUM,1
24,584000.0,Freelance,2.2,707,0,0.0,547000.0,48,5,211694.0,MEDIUM,0
65,520000.0,Business,3.7,661,2,11966.0,920000.0,84,2,408105.0,MEDIUM,0
25,364000.0,Salaried,7.0,758,3,11357.0,1200000.0,48,1,403922.0,MEDIUM,1
50,975000.0,Salaried,28.5,747,2,17192.0,1071000.0,48,1,726712.0,LOW,1
44,583000.0,Salaried,12.6,478,4,9170.0,506000.0,60,2,181602.0,MEDIUM,0
23,406000.0,Self-Employed,3.7,679,2,5030.0,764000.0,60,2,93576.0,MEDIUM,1
31,247000.0,Salaried,7.7,648,0,0.0,425000.0,12,1,244486.0,MEDIUM,1
65,316000.0,Self-Employed,17.1,711,0,0.0,1241000.0,84,2,280854.0,MEDIUM,0
24,202000.0,Salaried,1.8,664,2,4011.0,402000.0,24,2,59627.0,HIGH,0
46,544000.0,Salaried,27.6,673,3,5137.0,1896000.0,60,5,107350.0,HIGH,0
47,264000.0,Salaried,14.6,610,0,0.0,947000.0,60,4,21224.0,LOW,1
63,461000.0,Freelance,19.2,738,2,2676.0,408000.0,84,3,121995.0,LOW,1
47,1229000.0,Business,0.1,812,2,1836.0,3621000.0,24,0,1226277.0,LOW,1
62,1110000.0,Salaried,7.6,612,0,0.0,1473000.0,60,1,709640.0,LOW,1
26,530000.0,Salaried,8.0,568,0,0.0,345000.0,48,2,471738.0,MEDIUM,1
35,513000.0,Self-Employed,2.8,681,1,3341.0,1814000.0,84,2,197403.0,MEDIUM,1
50,1669000.0,Salaried,8.4,677,1,14919.0,2307000.0,60,3,1470095.0,LOW,1
62,739000.0,Self-Employed,9.6,773,0,0.0,1166000.0,12,4,141428.0,MEDIUM,1
57,444000.0,Business,29.1,581,0,0.0,665000.0,60,3,241333.0,LOW,0
57,230000.0,Self-Employed,20.1,636,0,0.0,239000.0,24,1,115685.0,LOW,1
62,684000.0,Self-Employed,12.8,508,2,3981.0,1305000.0,48,2,469692.0,LOW,1
57,889000.0,Self-Employed,29.6,789,2,10218.0,1675000.0,24,1,825975.0,LOW,1
55,370000.0,Freelance,4.6,700,2,5872.0,671000.0,84,3,94108.0,MEDIUM,0
43,644000.0,Freelance,14.3,642,1,7876.0,2377000.0,60,3,664715.0,MEDIUM,0
26,434000.0,Self-Employed,8.0,574,4,14814.0,676000.0,60,1,334437.0,MEDIUM,1
24,484000.0,Salaried,1.5,581,3,16292.0,200000.0,120,2,171448.0,HIGH,0
38,150000.0,Self-Employed,20.0,713,4,6346.0,144000.0,12,2,146329.0,MEDIUM,0
29,473000.0,Salaried,3.0,591,1,3441.0,1405000.0,48,0,434826.0,HIGH,0
49,967000.0,Self-Employed,4.2,688,3,32406.0,2404000.0,60,4,975952.0,MEDIUM,0
33,370000.0,Self-Employed,4.8,843,2,3491.0,1414000.0,120,3,295832.0,MEDIUM,1
37,558000.0,Salaried,19.0,652,1,2646.0,1601000.0,12,2,351688.0,MEDIUM,0
65,343000.0,Salaried,20.5,603,0,0.0,349000.0,12,3,45854.0,MEDIUM,0
52,671000.0,Self-Employed,19.7,710,2,2257.0,501000.0,24,3,150842.0,LOW,1
42,475000.0,Business,16.7,581,0,0.0,1058000.0,48,2,439811.0,LOW,1
24,308000.0,Self-Employed,0.6,817,1,2343.0,851000.0,36,1,324407.0,MEDIUM,1
25,1202000.0,Self-Employed,7.0,792,1,6311.0,1097000.0,84,3,91382.0,LOW,1
57,944000.0,Salaried,12.3,666,2,22201.0,2385000.0,120,3,579184.0,MEDIUM,1
61,376000.0,Self-Employed,4.4,608,4,18020.0,1316000.0,12,0,136519.0,HIGH,0
33,728000.0,Salaried,15.0,645,2,9147.0,2178000.0,36,4,256576.0,HIGH,0
54,746000.0,Self-Employed,3.9,656,2,10054.0,2057000.0,24,1,457369.0,MEDIUM,0
65,794000.0,Salaried,5.7,710,1,7192.0,2557000.0,12,2,317785.0,MEDIUM,0
42,196000.0,Self-Employed,24.0,763,2,2241.0,134000.0,84,2,68299.0,LOW,1
43,989000.0,Salaried,19.8,597,1,2350.0,1043000.0,48,1,901431.0,LOW,1
23,384000.0,Salaried,0.4,760,3,10756.0,169000.0,36,1,34632.0,MEDIUM,0
62,436000.0,Freelance,12.5,729,1,4021.0,365000.0,48,2,238187.0,LOW,1
54,2631000.0,Salaried,11.9,639,1,8057.0,9679000.0,36,0,1447822.0,MEDIUM,1
52,648000.0,Salaried,20.7,593,1,6747.0,727000.0,120,3,286116.0,LOW,1
65,429000.0,Self-Employed,22.2,689,3,9872.0,1180000.0,24,1,324369.0,MEDIUM,0
41,150000.0,Business,15.3,595,4,1772.0,429000.0,12,1,8429.0,MEDIUM,0
64,1244000.0,Salaried,29.1,761,1,10139.0,3344000.0,12,1,1389597.0,MEDIUM,1
41,241000.0,Business,23.0,590,1,704.0,566000.0,24,1,119272.0,MEDIUM,0
64,296000.0,Business,12.4,723,2,1963.0,621000.0,84,5,200309.0,LOW,1
31,443000.0,Salaried,13.0,673,3,14088.0,821000.0,84,1,234820.0,LOW,1
59,1264000.0,Salaried,16.3,635,1,14686.0,4667000.0,60,2,606479.0,HIGH,0
24,859000.0,Salaried,2.2,671,0,0.0,288000.0,36,2,201891.0,MEDIUM,1
21,492000.0,Business,2.5,766,1,5708.0,245000.0,84,0,324336.0,LOW,1
48,650000.0,Salaried,17.2,584,2,3880.0,1379000.0,84,3,271233.0,MEDIUM,1
44,377000.0,Salaried,26.0,647,1,553.0,574000.0,36,0,193651.0,LOW,1
55,588000.0,Self-Employed,23.4,619,0,0.0,1065000.0,60,2,27688.0,LOW,1
33,565000.0,Self-Employed,15.0,676,0,0.0,2256000.0,24,2,100078.0,MEDIUM,1
54,966000.0,Salaried,4.8,625,2,9304.0,3060000.0,48,2,758815.0,MEDIUM,1
31,965000.0,Self-Employed,10.8,538,5,55943.0,3422000.0,48,2,366634.0,HIGH,0
56,727000.0,Salaried,7.0,595,3,6602.0,1210000.0,24,4,527885.0,MEDIUM,1
37,435000.0,Salaried,9.5,811,2,3974.0,516000.0,48,4,116213.0,LOW,1
55,843000.0,Self-Employed,17.4,699,3,23209.0,2648000.0,24,2,685587.0,MEDIUM,1
38,511000.0,Freelance,10.9,696,1,1929.0,1680000.0,36,1,182703.0,HIGH,0
60,282000.0,Salaried,16.8,657,2,4825.0,658000.0,120,1,216687.0,MEDIUM,1
42,424000.0,Business,13.2,675,0,0.0,1533000.0,36,3,54984.0,HIGH,0
44,568000.0,Self-Employed,8.6,645,2,2790.0,2203000.0,120,3,212989.0,MEDIUM,1
39,933000.0,Salaried,2.9,722,4,34244.0,1906000.0,60,1,164901.0,MEDIUM,0
57,484000.0,Business,26.8,688,3,491.0,544000.0,120,0,350806.0,LOW,1
59,262000.0,Salaried,0.3,586,1,957.0,580000.0,84,3,102811.0,MEDIUM,0
41,559000.0,Freelance,0.0,700,2,4978.0,2214000.0,24,2,67586.0,HIGH,0
28,578000.0,Business,10.0,483,4,13243.0,800000.0,84,1,241369.0,MEDIUM,1
48,604000.0,Salaried,29.9,713,0,0.0,1561000.0,48,2,40659.0,MEDIUM,0
25,938000.0,Salaried,7.0,567,2,10773.0,2690000.0,24,0,709408.0,MEDIUM,0
37,996000.0,Salaried,0.5,672,1,7399.0,1087000.0,12,0,1031240.0,MEDIUM,1
57,378000.0,Salaried,6.8,584,3,8445.0,936000.0,60,2,292244.0,MEDIUM,1
56,373000.0,Salaried,29.2,680,0,0.0,546000.0,12,2,396399.0,LOW,1
39,289000.0,Salaried,21.0,726,0,0.0,1000000.0,60,1,311137.0,MEDIUM,1
47,822000.0,Self-Employed,17.0,800,2,19643.0,2420000.0,60,5,978528.0,MEDIUM,0
54,1289000.0,Salaried,7.1,556,0,0.0,4327000.0,60,1,313216.0,MEDIUM,1
31,447000.0,Business,0.4,758,0,0.0,464000.0,120,2,143657.0,LOW,1
65,467000.0,Business,0.6,690,2,5734.0,200000.0,12,1,431445.0,LOW,1
32,1303000.0,Self-Employed,14.0,643,3,9011.0,4491000.0,60,1,695649.0,MEDIUM,1
41,732000.0,Business,0.7,740,1,4421.0,1267000.0,24,3,843240.0,MEDIUM,1
31,702000.0,Salaried,13.0,661,3,4962.0,677000.0,24,3,683969.0,LOW,1
59,264000.0,Salaried,5.5,737,3,6968.0,169000.0,12,0,287579.0,MEDIUM,0
48,812000.0,Self-Employed,21.3,600,2,1633.0,1795000.0,120,1,275973.0,MEDIUM,1
25,309000.0,Self-Employed,4.7,629,2,7364.0,264000.0,120,1,51285.0,MEDIUM,1
37,274000.0,Self-Employed,16.2,755,0,0.0,657000.0,36,3,235165.0,LOW,1
40,439000.0,Business,2.4,798,1,3625.0,1313000.0,36,3,266414.0,MEDIUM,0
61,380000.0,Freelance,23.0,677,1,4356.0,866000.0,12,2,394777.0,MEDIUM,0
32,473000.0,Self-Employed,14.0,457,0,0.0,1723000.0,120,2,294380.0,MEDIUM,0
26,228000.0,Business,2.6,664,1,2663.0,200000.0,60,4,230785.0,LOW,1
37,961000.0,Salaried,19.0,682,1,4669.0,2045000.0,60,1,625870.0,LOW,1
39,1063000.0,Salaried,16.4,661,2,25526.0,961000.0,60,0,623269.0,MEDIUM,0
46,168000.0,Business,27.6,706,2,4080.0,595000.0,12,0,166145.0,LOW,1
64,972000.0,Salaried,27.5,641,3,6856.0,3644000.0,60,0,537372.0,MEDIUM,1
64,332000.0,Salaried,27.6,747,0,0.0,591000.0,24,0,369571.0,LOW,1
52,904000.0,Salaried,2.3,586,0,0.0,1294000.0,60,2,57238.0,MEDIUM,0
26,519000.0,Self-Employed,3.6,778,1,1469.0,692000.0,12,5,253832.0,MEDIUM,0
56,550000.0,Salaried,29.6,804,0,0.0,1915000.0,60,1,615632.0,LOW,1
58,484000.0,Self-Employed,14.6,606,2,1894.0,1367000.0,24,2,112704.0,MEDIUM,1
31,1118000.0,Salaried,7.1,606,1,8835.0,3978000.0,84,3,461651.0,MEDIUM,1
53,257000.0,Salaried,23.1,712,1,1443.0,189000.0,12,3,12953.0,LOW,1
44,778000.0,Salaried,7.9,585,1,7692.0,1604000.0,36,1,239887.0,HIGH,0
43,1046000.0,Salaried,21.8,640,1,4341.0,2931000.0,12,2,373119.0,MEDIUM,1
35,831000.0,Business,17.0,768,1,10062.0,3008000.0,48,1,781899.0,MEDIUM,0
47,2180000.0,Salaried,23.5,739,0,0.0,3735000.0,36,2,1827414.0,MEDIUM,0
31,393000.0,Salaried,8.2,838,0,0.0,573000.0,36,1,253447.0,LOW,1
37,960000.0,Self-Employed,12.0,693,1,8416.0,3531000.0,12,1,805585.0,MEDIUM,1
34,507000.0,Self-Employed,12.4,631,0,0.0,241000.0,48,2,233462.0,MEDIUM,1
47,1133000.0,Salaried,14.7,684,2,22533.0,2350000.0,36,1,576446.0,MEDIUM,0
38,538000.0,Salaried,5.0,667,1,3294.0,1074000.0,84,1,386290.0,LOW,1
48,428000.0,Freelance,13.6,669,0,0.0,360000.0,60,2,343351.0,LOW,1
24,1183000.0,Self-Employed,2.3,678,0,0.0,2084000.0,48,3,1120309.0,LOW,1
27,402000.0,Salaried,9.0,605,1,2560.0,1195000.0,48,1,300432.0,MEDIUM,1
65,232000.0,Self-Employed,24.6,702,0,0.0,385000.0,84,2,182325.0,LOW,1
55,396000.0,Salaried,15.5,567,0,0.0,573000.0,84,2,209256.0,LOW,1
29,783000.0,Salaried,6.9,622,1,5658.0,2500000.0,12,1,262808.0,MEDIUM,1
28,1246000.0,Self-Employed,10.0,670,1,11351.0,4932000.0,12,1,390710.0,HIGH,0
65,578000.0,Business,23.9,499,3,15192.0,1840000.0,12,3,391477.0,MEDIUM,0
37,1192000.0,Salaried,9.6,741,3,11767.0,4090000.0,48,3,1058408.0,MEDIUM,0
37,239000.0,Business,19.0,515,0,0.0,903000.0,24,2,133604.0,HIGH,0
53,414000.0,Salaried,4.4,733,0,0.0,1352000.0,12,1,141774.0,MEDIUM,1
52,454000.0,Salaried,10.3,576,2,1380.0,1783000.0,24,2,411215.0,MEDIUM,1
28,504000.0,Salaried,10.0,647,3,14853.0,1545000.0,36,0,59646.0,HIGH,0
39,568000.0,Salaried,21.0,721,4,19702.0,1561000.0,60,0,568679.0,MEDIUM,0
58,818000.0,Freelance,17.3,855,0,0.0,2344000.0,84,0,275634.0,LOW,1
23,414000.0,Self-Employed,3.6,689,1,789.0,1503000.0,60,0,193114.0,MEDIUM,0
25,587000.0,Salaried,7.0,521,2,13422.0,1660000.0,24,1,219530.0,MEDIUM,0
33,526000.0,Freelance,15.0,756,3,2626.0,1639000.0,84,2,442410.0,LOW,1
51,310000.0,Business,14.7,661,0,0.0,341000.0,48,1,188387.0,LOW,1
36,505000.0,Business,16.8,685,2,4449.0,1857000.0,120,2,120998.0,MEDIUM,1
52,496000.0,Freelance,12.5,724,1,654.0,970000.0,60,5,36863.0,MEDIUM,0
42,489000.0,Salaried,2.2,501,0,0.0,438000.0,24,2,284883.0,MEDIUM,0
49,551000.0,Business,12.7,680,1,1250.0,1796000.0,12,3,320346.0,LOW,1
42,565000.0,Self-Employed,23.7,647,0,0.0,915000.0,24,1,228819.0,LOW,1
63,417000.0,Business,24.1,777,2,9901.0,409000.0,36,4,165216.0,MEDIUM,0
23,1160000.0,Business,1.6,738,2,9508.0,1448000.0,84,1,1169754.0,MEDIUM,0
30,268000.0,Salaried,1.5,549,3,6152.0,115000.0,24,2,190462.0,MEDIUM,0
62,351000.0,Business,15.8,781,1,3912.0,223000.0,12,5,377164.0,LOW,1
41,2865000.0,Salaried,3.2,715,0,0.0,7142000.0,120,3,826093.0,MEDIUM,0
36,290000.0,Salaried,6.0,556,1,1313.0,1016000.0,24,5,223152.0,HIGH,0
32,240000.0,Salaried,14.0,684,1,2973.0,470000.0,12,1,265516.0,LOW,1
22,840000.0,Freelance,3.0,762,2,3936.0,2198000.0,84,0,647513.0,MEDIUM,0
61,155000.0,Salaried,22.8,582,1,1014.0,511000.0,12,1,11543.0,HIGH,1
44,469000.0,Self-Employed,1.9,790,1,4671.0,760000.0,36,4,436727.0,LOW,0
55,1958000.0,Salaried,12.5,558,1,16.0,5328000.0,36,1,977009.0,MEDIUM,0
50,214000.0,Freelance,20.2,616,0,0.0,342000.0,60,0,154895.0,LOW,1
50,165000.0,Salaried,4.0,604,2,1099.0,442000.0,120,2,34884.0,MEDIUM,1
55,220000.0,Business,9.8,790,1,467.0,243000.0,12,2,178038.0,LOW,1
39,926000.0,Business,1.9,640,3,9521.0,3628000.0,12,0,536626.0,HIGH,0
28,1061000.0,Salaried,10.0,586,2,25645.0,617000.0,120,2,620963.0,MEDIUM,1
46,397000.0,Salaried,28.0,715,0,0.0,861000.0,120,2,344075.0,LOW,1
60,814000.0,Business,24.8,732,1,2175.0,1106000.0,12,1,549163.0,MEDIUM,0
27,1244000.0,Freelance,9.0,733,2,3640.0,3139000.0,60,0,517466.0,MEDIUM,1
50,1579000.0,Business,25.4,658,0,0.0,2976000.0,48,3,564394.0,LOW,1
27,466000.0,Salaried,9.0,700,2,6901.0,669000.0,36,2,377927.0,LOW,1
23,150000.0,Business,0.6,627,0,0.0,184000.0,36,0,103512.0,LOW,1
21,330000.0,Salaried,1.3,813,1,3985.0,322000.0,12,2,196258.0,MEDIUM,0
56,418000.0,Self-Employed,12.2,771,4,15699.0,1336000.0,60,2,199785.0,HIGH,0
45,463000.0,Business,24.5,766,2,6934.0,520000.0,12,2,370769.0,LOW,1
57,483000.0,Salaried,5.5,743,1,859.0,1527000.0,36,0,198304.0,MEDIUM,0
21,1057000.0,Business,0.6,721,0,0.0,2214000.0,84,0,1209850.0,MEDIUM,1
35,1161000.0,Self-Employed,17.0,580,0,0.0,659000.0,60,0,665637.0,LOW,1
57,487000.0,Business,0.1,730,2,6563.0,444000.0,24,1,354617.0,MEDIUM,0
33,1045000.0,Salaried,15.0,689,1,11052.0,3766000.0,36,0,195114.0,HIGH,0
60,670000.0,Salaried,21.9,781,1,2702.0,1695000.0,24,3,538895.0,LOW,1
28,562000.0,Business,9.9,744,4,1115.0,552000.0,48,0,219579.0,LOW,0
25,931000.0,Salaried,7.0,724,1,4931.0,2704000.0,24,2,521696.0,MEDIUM,1
29,564000.0,Salaried,11.0,545,1,6833.0,1887000.0,60,3,274369.0,MEDIUM,1
21,1857000.0,Freelance,1.9,672,2,36935.0,2829000.0,24,3,1012778.0,HIGH,0
56,228000.0,Salaried,23.1,635,1,96.0,538000.0,48,1,192732.0,MEDIUM,1
55,397000.0,Freelance,24.1,700,1,4341.0,550000.0,36,2,59115.0,MEDIUM,0
22,501000.0,Salaried,3.2,646,1,2954.0,299000.0,48,4,103162.0,MEDIUM,1
60,703000.0,Salaried,1.3,657,3,9616.0,1250000.0,60,2,139845.0,HIGH,0
43,1156000.0,Business,6.1,716,1,5010.0,3561000.0,84,4,1120652.0,MEDIUM,1
29,533000.0,Self-Employed,6.0,645,1,3965.0,1064000.0,84,2,82909.0,MEDIUM,0
54,230000.0,Self-Employed,2.0,689,2,3051.0,414000.0,24,0,252893.0,MEDIUM,1
34,896000.0,Self-Employed,16.0,558,0,0.0,1482000.0,24,0,783668.0,LOW,1
24,850000.0,Business,0.4,613,2,12190.0,1698000.0,60,4,841379.0,MEDIUM,0
50,169000.0,Salaried,26.5,732,1,304.0,250000.0,12,3,199812.0,LOW,1
51,539000.0,Salaried,7.6,581,2,3466.0,1383000.0,60,1,90042.0,MEDIUM,1
58,208000.0,Salaried,13.6,779,2,4373.0,111000.0,120,0,179219.0,LOW,1
31,363000.0,Self-Employed,13.0,757,3,9029.0,1193000.0,120,0,190401.0,LOW,1
55,314000.0,Salaried,26.3,658,1,1760.0,295000.0,60,4,250393.0,LOW,1
28,878000.0,Salaried,10.0,900,3,6012.0,2321000.0,48,0,560674.0,LOW,1
23,580000.0,Self-Employed,3.6,779,1,56.0,1139000.0,48,1,301711.0,LOW,1
34,250000.0,Salaried,16.0,604,2,1949.0,790000.0,60,4,222706.0,MEDIUM,0
33,916000.0,Salaried,9.3,739,0,0.0,3075000.0,36,0,570675.0,MEDIUM,0
65,229000.0,Self-Employed,2.4,685,0,0.0,242000.0,24,2,192601.0,MEDIUM,0
52,659000.0,Salaried,13.4,617,0,0.0,1849000.0,60,1,438056.0,MEDIUM,0
54,332000.0,Business,23.6,594,1,1184.0,333000.0,12,0,214261.0,LOW,1
65,434000.0,Self-Employed,0.9,759,0,0.0,329000.0,24,2,201689.0,LOW,1
39,731000.0,Salaried,17.6,632,2,12876.0,2735000.0,120,2,209040.0,LOW,0
58,739000.0,Self-Employed,17.8,671,1,1157.0,671000.0,36,0,722379.0,LOW,1
36,1205000.0,Salaried,18.0,606,2,19417.0,1379000.0,60,1,67812.0,MEDIUM,1
22,514000.0,Business,2.1,620,0,0.0,402000.0,84,2,104085.0,MEDIUM,0
60,649000.0,Freelance,8.4,669,0,0.0,1324000.0,36,3,114988.0,LOW,1
37,416000.0,Self-Employed,13.2,711,1,742.0,1540000.0,84,2,462610.0,LOW,1
54,603000.0,Self-Employed,10.7,472,1,2959.0,770000.0,24,0,17295.0,MEDIUM,1
62,703000.0,Salaried,22.1,681,0,0.0,1620000.0,12,3,32257.0,MEDIUM,1
36,509000.0,Salaried,18.0,620,5,1603.0,928000.0,24,0,129810.0,MEDIUM,1
58,183000.0,Business,22.8,792,1,351.0,282000.0,84,2,72722.0,LOW,1
22,659000.0,Salaried,0.6,900,2,5279.0,1593000.0,84,0,567890.0,LOW,1
22,672000.0,Salaried,2.0,651,0,0.0,1591000.0,24,1,688372.0,MEDIUM,1
46,359000.0,Salaried,12.9,542,3,11557.0,585000.0,84,2,151423.0,MEDIUM,0
33,250000.0,Business,15.0,689,1,585.0,862000.0,60,0,88336.0,MEDIUM,0
51,1310000.0,Salaried,6.5,663,3,17070.0,651000.0,120,0,1170183.0,LOW,1
54,726000.0,Freelance,21.4,837,1,4318.0,447000.0,120,1,409895.0,LOW,1
59,471000.0,Salaried,16.0,813,0,0.0,1868000.0,24,5,108140.0,MEDIUM,0
23,273000.0,Salaried,0.5,749,1,2135.0,837000.0,60,3,270369.0,LOW,1
28,330000.0,Business,10.0,633,1,1058.0,1081000.0,60,3,12156.0,MEDIUM,1
43,1181000.0,Salaried,23.5,734,0,0.0,2988000.0,84,2,330838.0,MEDIUM,0
34,587000.0,Self-Employed,16.0,701,0,0.0,1088000.0,84,1,437622.0,LOW,1
47,388000.0,Salaried,22.0,699,2,837.0,1020000.0,120,2,58978.0,LOW,1
49,734000.0,Salaried,23.3,555,0,0.0,472000.0,120,2,184608.0,LOW,1
59,331000.0,Salaried,2.0,764,1,2355.0,1027000.0,36,2,172740.0,MEDIUM,1
59,1330000.0,Freelance,6.1,688,1,5629.0,3060000.0,84,1,625461.0,MEDIUM,1
21,1217000.0,Self-Employed,2.2,671,2,339.0,4673000.0,120,1,1302616.0,MEDIUM,0
37,408000.0,Business,19.0,631,0,0.0,1085000.0,12,1,288226.0,MEDIUM,1
61,371000.0,Salaried,16.8,616,2,3763.0,320000.0,60,1,25721.0,LOW,1
50,150000.0,Self-Employed,11.0,705,0,0.0,310000.0,48,0,42985.0,MEDIUM,1
33,222000.0,Self-Employed,1.3,540,1,1603.0,114000.0,84,3,121527.0,LOW,1
41,242000.0,Freelance,11.1,743,1,2155.0,740000.0,84,1,214370.0,MEDIUM,0
39,586000.0,Business,15.0,595,3,18811.0,1264000.0,36,2,227193.0,MEDIUM,0
39,444000.0,Business,6.3,515,0,0.0,740000.0,60,1,315992.0,MEDIUM,1
45,241000.0,Salaried,5.2,825,0,0.0,936000.0,120,2,311829.0,MEDIUM,0
42,456000.0,Self-Employed,15.3,611,2,6936.0,1724000.0,60,0,284235.0,MEDIUM,1
51,732000.0,Self-Employed,17.6,622,1,9017.0,2800000.0,36,0,428049.0,MEDIUM,0
37,742000.0,Freelance,7.2,770,2,4842.0,829000.0,24,1,716750.0,LOW,1
43,173000.0,Salaried,17.6,828,5,2879.0,518000.0,60,1,187620.0,MEDIUM,0
52,500000.0,Salaried,27.0,557,5,3948.0,1899000.0,12,1,108684.0,MEDIUM,1
30,236000.0,Salaried,12.0,603,1,1433.0,569000.0,60,4,115851.0,MEDIUM,0
30,928000.0,Salaried,12.0,609,1,1115.0,1014000.0,36,0,428311.0,LOW,1
56,865000.0,Salaried,27.8,754,3,8763.0,2877000.0,48,2,1015582.0,MEDIUM,0
28,315000.0,Business,2.8,811,0,0.0,1120000.0,36,0,59863.0,HIGH,0
40,341000.0,Self-Employed,2.9,593,1,4082.0,990000.0,36,1,310358.0,MEDIUM,0
52,410000.0,Business,14.3,793,1,4940.0,568000.0,12,2,315854.0,LOW,1
34,150000.0,Business,16.0,623,1,1395.0,151000.0,24,5,47481.0,MEDIUM,1
48,661000.0,Salaried,12.8,706,5,16081.0,1725000.0,120,2,670206.0,LOW,1
44,459000.0,Self-Employed,9.8,578,2,9928.0,958000.0,12,3,35281.0,MEDIUM,1
35,967000.0,Salaried,17.0,670,1,10582.0,2683000.0,120,0,362579.0,LOW,1
42,280000.0,Freelance,0.1,671,3,9557.0,200000.0,12,0,234162.0,MEDIUM,0
50,373000.0,Salaried,29.0,654,1,2984.0,299000.0,60,3,332477.0,LOW,1
24,219000.0,Salaried,1.8,710,3,1657.0,360000.0,48,2,49921.0,MEDIUM,1
33,296000.0,Salaried,15.0,599,1,337.0,372000.0,36,3,271866.0,MEDIUM,0
43,266000.0,Self-Employed,3.3,609,0,0.0,689000.0,12,1,22471.0,MEDIUM,0
28,982000.0,Salaried,7.1,715,0,0.0,1630000.0,120,1,522599.0,LOW,1
38,355000.0,Salaried,7.0,787,1,1313.0,1005000.0,12,0,58958.0,MEDIUM,0
32,582000.0,Business,14.0,678,1,3543.0,1830000.0,84,3,82656.0,LOW,1
51,430000.0,Business,0.1,720,0,0.0,427000.0,24,4,467139.0,LOW,1
34,252000.0,Salaried,16.0,740,5,14284.0,933000.0,24,3,278899.0,MEDIUM,1
54,488000.0,Self-Employed,26.1,746,3,5254.0,1568000.0,84,1,377154.0,LOW,1
38,774000.0,Business,20.0,603,2,552.0,2027000.0,48,1,733989.0,MEDIUM,0
54,262000.0,Salaried,10.9,617,3,9762.0,960000.0,36,2,133733.0,HIGH,0
31,878000.0,Business,13.0,624,4,13670.0,1127000.0,12,2,705495.0,MEDIUM,1
61,325000.0,Salaried,26.8,834,2,7124.0,605000.0,60,1,57307.0,MEDIUM,1
32,404000.0,Self-Employed,13.0,720,1,2290.0,249000.0,84,1,199043.0,LOW,1
35,743000.0,Self-Employed,17.0,717,3,18476.0,1477000.0,24,1,465674.0,MEDIUM,1
51,363000.0,Self-Employed,29.0,709,2,2188.0,789000.0,12,2,332417.0,LOW,1
49,553000.0,Business,29.5,574,0,0.0,1426000.0,60,3,183331.0,MEDIUM,0
46,447000.0,Salaried,13.5,835,1,1440.0,240000.0,12,3,607875.0,LOW,1
38,584000.0,Salaried,20.0,718,1,6943.0,245000.0,48,1,513129.0,LOW,1
52,150000.0,Self-Employed,9.1,737,4,457.0,278000.0,84,0,99950.0,LOW,1
42,180000.0,Business,11.2,538,2,1236.0,180000.0,48,1,55069.0,MEDIUM,0
58,782000.0,Salaried,4.9,742,3,26190.0,2430000.0,60,1,625713.0,MEDIUM,0
37,1007000.0,Business,6.3,651,2,12085.0,2794000.0,24,2,733001.0,MEDIUM,1
43,313000.0,Salaried,19.7,574,1,2348.0,471000.0,84,3,200708.0,MEDIUM,1
44,467000.0,Salaried,15.3,603,2,7609.0,219000.0,48,5,274663.0,LOW,1
28,645000.0,Business,6.9,578,0,0.0,629000.0,24,1,253981.0,MEDIUM,0
61,819000.0,Salaried,12.1,577,1,182.0,2342000.0,60,1,629877.0,MEDIUM,0
26,160000.0,Self-Employed,8.0,684,3,5627.0,634000.0,84,2,50804.0,HIGH,0
25,318000.0,Salaried,7.0,649,2,2158.0,480000.0,120,3,215167.0,LOW,1
64,443000.0,Salaried,25.6,706,3,6318.0,1447000.0,60,2,251541.0,MEDIUM,1
49,824000.0,Self-Employed,11.6,814,1,7026.0,2891000.0,12,2,996797.0,MEDIUM,0
48,2419000.0,Self-Employed,27.4,669,2,14290.0,1157000.0,60,2,1601512.0,LOW,1
31,471000.0,Salaried,10.3,500,0,0.0,1738000.0,12,2,324230.0,HIGH,0
21,232000.0,Salaried,3.0,660,1,1329.0,470000.0,24,3,239253.0,LOW,1
63,688000.0,Salaried,29.0,775,1,7367.0,2661000.0,120,0,137623.0,MEDIUM,1
39,1194000.0,Self-Employed,11.7,673,2,8314.0,2737000.0,84,2,750535.0,LOW,1
29,577000.0,Freelance,11.0,802,0,0.0,675000.0,120,3,680571.0,LOW,1
47,314000.0,Business,8.9,716,1,3264.0,1227000.0,12,1,324150.0,HIGH,0
54,960000.0,Salaried,8.0,532,2,7832.0,1152000.0,84,3,183016.0,MEDIUM,1
64,805000.0,Salaried,17.2,688,2,8289.0,2870000.0,24,3,453200.0,MEDIUM,0
24,292000.0,Freelance,0.5,703,1,2897.0,275000.0,48,2,83994.0,MEDIUM,0
56,679000.0,Self-Employed,13.6,766,1,5394.0,1899000.0,24,1,773568.0,MEDIUM,0
38,983000.0,Self-Employed,20.0,825,4,21711.0,1791000.0,120,3,49050.0,LOW,1
35,1098000.0,Business,17.0,752,4,13719.0,4278000.0,36,0,333096.0,LOW,1
33,519000.0,Salaried,7.6,715,1,4958.0,511000.0,12,2,261730.0,MEDIUM,0
39,436000.0,Self-Employed,12.1,734,1,983.0,790000.0,48,3,130306.0,LOW,1
26,1128000.0,Freelance,8.0,666,2,26177.0,3009000.0,24,2,1198670.0,MEDIUM,0
32,261000.0,Self-Employed,14.0,562,0,0.0,1022000.0,60,0,63838.0,MEDIUM,0
57,703000.0,Salaried,2.9,683,1,7073.0,1001000.0,120,3,302076.0,LOW,1
37,238000.0,Salaried,19.0,709,0,0.0,421000.0,12,4,55934.0,MEDIUM,1
43,1024000.0,Salaried,22.6,583,0,0.0,2057000.0,24,2,899323.0,MEDIUM,0
46,463000.0,Business,13.1,786,2,4658.0,572000.0,48,3,259459.0,LOW,0
49,1157000.0,Salaried,18.5,760,1,3204.0,3846000.0,84,2,415940.0,LOW,1
53,726000.0,Salaried,2.6,570,0,0.0,465000.0,120,2,181664.0,LOW,0
47,259000.0,Freelance,14.9,789,3,2323.0,753000.0,120,0,202720.0,LOW,1
45,1270000.0,Salaried,27.0,655,3,41310.0,2890000.0,60,1,1331088.0,MEDIUM,1
30,1371000.0,Salaried,12.0,617,3,5447.0,1639000.0,84,2,1343120.0,LOW,1
43,917000.0,Salaried,10.1,766,1,11148.0,1947000.0,12,2,1139913.0,MEDIUM,1
41,342000.0,Salaried,15.9,675,0,0.0,1153000.0,120,2,154017.0,LOW,1
41,450000.0,Salaried,20.9,831,0,0.0,877000.0,48,3,569316.0,LOW,0
63,590000.0,Freelance,10.2,611,1,6317.0,443000.0,120,1,271547.0,LOW,1
33,354000.0,Business,1.9,541,0,0.0,160000.0,60,3,162595.0,MEDIUM,0
57,1492000.0,Self-Employed,15.2,657,3,8056.0,4741000.0,84,0,859335.0,MEDIUM,0
53,589000.0,Salaried,18.0,743,5,25703.0,897000.0,36,3,68419.0,MEDIUM,1
44,150000.0,Self-Employed,0.2,605,3,604.0,562000.0,60,0,30176.0,MEDIUM,0
64,662000.0,Salaried,2.9,573,2,5836.0,1710000.0,84,1,546545.0,MEDIUM,1
31,438000.0,Salaried,6.2,698,2,8015.0,838000.0,12,2,451856.0,MEDIUM,1
37,517000.0,Freelance,10.4,562,2,4472.0,1235000.0,36,2,107369.0,MEDIUM,1
24,433000.0,Salaried,1.3,704,4,6785.0,862000.0,24,4,163261.0,HIGH,0
45,877000.0,Salaried,8.8,652,2,2544.0,3202000.0,36,1,781077.0,MEDIUM,0
50,1058000.0,Self-Employed,8.3,719,0,0.0,2110000.0,36,0,288803.0,MEDIUM,0
29,640000.0,Self-Employed,11.0,569,0,0.0,438000.0,36,2,521393.0,LOW,0
41,441000.0,Salaried,4.4,783,2,9652.0,1107000.0,120,1,473578.0,LOW,1
40,527000.0,Salaried,14.9,665,1,74.0,1373000.0,120,2,467030.0,LOW,1
39,547000.0,Salaried,21.0,741,3,14212.0,1713000.0,60,4,598363.0,LOW,1
39,334000.0,Self-Employed,18.8,756,2,6418.0,1254000.0,36,2,371268.0,MEDIUM,1
32,765000.0,Salaried,14.0,587,2,10861.0,1484000.0,36,2,670170.0,MEDIUM,1
57,712000.0,Salaried,12.9,750,0,0.0,1141000.0,120,1,778502.0,LOW,1
62,1362000.0,Self-Employed,0.6,565,1,11105.0,2882000.0,24,1,771638.0,MEDIUM,1
37,1148000.0,Business,19.0,570,1,6537.0,4168000.0,36,1,196769.0,MEDIUM,0
57,358000.0,Salaried,19.0,837,2,3425.0,1405000.0,84,3,309548.0,MEDIUM,0
59,884000.0,Salaried,3.3,768,1,10402.0,3442000.0,60,2,1059130.0,MEDIUM,0
48,305000.0,Self-Employed,13.9,845,5,18528.0,351000.0,48,2,414765.0,MEDIUM,0
61,820000.0,Business,27.5,650,2,13351.0,1754000.0,120,2,642560.0,LOW,1
55,396000.0,Salaried,6.2,688,2,1953.0,499000.0,48,3,314765.0,LOW,1
38,292000.0,Salaried,13.8,722,3,4904.0,485000.0,60,2,326389.0,LOW,1
34,639000.0,Salaried,13.8,679,5,19830.0,267000.0,60,4,224010.0,LOW,1
55,150000.0,Salaried,24.3,620,0,0.0,134000.0,36,2,27161.0,LOW,1
64,189000.0,Self-Employed,24.7,608,3,4733.0,334000.0,60,0,58631.0,MEDIUM,1
61,486000.0,Salaried,22.8,697,0,0.0,802000.0,36,0,528893.0,LOW,1
27,568000.0,Business,9.0,594,1,4831.0,756000.0,12,1,130694.0,MEDIUM,0
61,433000.0,Self-Employed,2.2,592,0,0.0,499000.0,24,0,104270.0,MEDIUM,0
33,209000.0,Self-Employed,10.5,711,2,4058.0,642000.0,24,1,53726.0,MEDIUM,0
38,331000.0,Salaried,20.0,672,1,876.0,460000.0,24,0,182935.0,LOW,1
57,683000.0,Self-Employed,21.1,754,2,11208.0,1990000.0,120,1,682694.0,LOW,1
33,766000.0,Salaried,15.0,646,2,2183.0,1275000.0,12,1,325392.0,MEDIUM,0
56,535000.0,Business,13.6,633,2,1531.0,1748000.0,24,1,71892.0,MEDIUM,1
51,1082000.0,Freelance,19.0,713,1,482.0,994000.0,36,2,950243.0,LOW,1
22,686000.0,Salaried,3.7,615,3,23416.0,606000.0,84,1,427799.0,MEDIUM,0
36,345000.0,Salaried,4.5,627,2,5214.0,971000.0,48,3,175108.0,MEDIUM,0
29,457000.0,Salaried,11.0,630,1,2068.0,1684000.0,24,0,453271.0,MEDIUM,1
29,233000.0,Self-Employed,11.0,663,5,11472.0,193000.0,120,1,123417.0,HIGH,0
58,506000.0,Self-Employed,28.5,821,1,3960.0,290000.0,24,3,510889.0,LOW,1
31,1053000.0,Business,11.0,569,1,8162.0,3957000.0,36,2,180870.0,HIGH,0
42,815000.0,Business,24.0,783,2,9923.0,598000.0,84,4,460238.0,LOW,1
53,1253000.0,Salaried,16.3,739,0,0.0,1537000.0,36,0,364100.0,LOW,1
56,451000.0,Self-Employed,7.3,805,1,1457.0,1686000.0,24,1,222483.0,MEDIUM,0
65,1212000.0,Self-Employed,5.7,900,3,4958.0,3964000.0,60,0,903654.0,LOW,1
43,481000.0,Self-Employed,4.3,794,0,0.0,754000.0,12,1,127728.0,MEDIUM,1
65,1307000.0,Self-Employed,13.6,754,1,4062.0,5008000.0,120,2,1316881.0,MEDIUM,0
65,533000.0,Self-Employed,0.7,575,2,5998.0,1280000.0,48,2,196959.0,MEDIUM,0
54,826000.0,Self-Employed,13.4,585,2,7298.0,469000.0,48,0,705328.0,LOW,1
29,1309000.0,Self-Employed,11.0,708,2,4686.0,3798000.0,120,2,1044482.0,LOW,0
44,481000.0,Self-Employed,20.1,544,3,17287.0,1100000.0,12,3,86077.0,HIGH,1
28,616000.0,Business,10.0,729,1,7187.0,1490000.0,120,1,483669.0,MEDIUM,0
27,1171000.0,Self-Employed,3.6,509,2,2477.0,4658000.0,24,0,53308.0,HIGH,0
56,499000.0,Self-Employed,14.2,772,2,10321.0,431000.0,24,0,518164.0,LOW,1
38,245000.0,Self-Employed,8.6,654,1,1496.0,669000.0,24,1,255499.0,MEDIUM,0
23,1955000.0,Salaried,1.3,690,4,75633.0,3905000.0,24,2,1524362.0,MEDIUM,0
48,408000.0,Salaried,5.4,620,3,2313.0,533000.0,24,3,382799.0,MEDIUM,0
26,594000.0,Salaried,8.0,528,1,982.0,1702000.0,84,5,160524.0,MEDIUM,0
64,1081000.0,Self-Employed,17.6,778,2,24073.0,2997000.0,48,5,615808.0,MEDIUM,0
64,375000.0,Self-Employed,15.4,786,2,8417.0,1301000.0,24,2,216425.0,MEDIUM,0
41,295000.0,Freelance,23.0,651,1,1718.0,1048000.0,36,0,44465.0,MEDIUM,1
48,629000.0,Salaried,6.9,732,3,20525.0,1496000.0,60,1,609308.0,HIGH,0
60,184000.0,Salaried,11.3,648,2,3070.0,277000.0,24,1,99746.0,MEDIUM,0
21,455000.0,Salaried,2.4,703,2,2104.0,1028000.0,84,3,266716.0,MEDIUM,0
56,626000.0,Salaried,15.8,740,0,0.0,1020000.0,36,0,518963.0,LOW,1
41,460000.0,Business,12.1,724,1,782.0,610000.0,48,2,108908.0,LOW,1
63,214000.0,Salaried,0.9,787,1,2070.0,501000.0,36,2,227539.0,MEDIUM,0
55,1406000.0,Self-Employed,22.6,721,2,34632.0,3845000.0,12,1,645752.0,MEDIUM,0
33,575000.0,Self-Employed,15.0,682,2,7854.0,1429000.0,12,1,70951.0,MEDIUM,1
30,1275000.0,Self-Employed,12.0,619,0,0.0,4885000.0,36,1,279362.0,MEDIUM,1
64,462000.0,Business,25.7,641,1,4309.0,649000.0,24,1,134323.0,LOW,1
30,319000.0,Salaried,12.0,744,1,894.0,535000.0,24,1,80376.0,MEDIUM,1
33,635000.0,Salaried,7.0,559,2,5334.0,1759000.0,84,0,153420.0,MEDIUM,0
57,475000.0,Business,0.4,768,2,4896.0,1198000.0,24,0,600358.0,MEDIUM,0
58,267000.0,Business,19.6,657,1,1984.0,82000.0,84,0,158727.0,LOW,1
44,1305000.0,Salaried,14.8,614,0,0.0,1899000.0,36,1,803690.0,MEDIUM,1
22,372000.0,Salaried,4.0,592,1,1182.0,461000.0,12,2,69291.0,MEDIUM,1
42,179000.0,Salaried,20.8,733,1,1054.0,610000.0,12,2,16406.0,MEDIUM,0
37,1199000.0,Salaried,19.0,678,2,22527.0,4203000.0,48,2,444237.0,MEDIUM,0
56,399000.0,Freelance,15.3,807,0,0.0,539000.0,120,1,414839.0,LOW,1
34,375000.0,Self-Employed,12.8,578,1,2404.0,254000.0,84,2,201402.0,LOW,1
30,187000.0,Salaried,8.6,633,2,675.0,198000.0,120,1,8451.0,LOW,1
55,1536000.0,Business,14.3,672,4,41407.0,1464000.0,12,1,1345824.0,MEDIUM,1
45,249000.0,Self-Employed,26.2,619,5,11949.0,293000.0,12,4,33608.0,MEDIUM,1
23,560000.0,Salaried,3.2,680,4,6635.0,654000.0,60,2,286621.0,MEDIUM,1
58,934000.0,Freelance,29.3,705,2,19835.0,1938000.0,12,3,1081722.0,MEDIUM,1
37,696000.0,Business,19.0,718,2,5826.0,1032000.0,36,4,123887.0,MEDIUM,1
32,521000.0,Business,14.0,800,2,2485.0,1235000.0,84,2,566889.0,LOW,1
44,195000.0,Self-Employed,9.9,575,3,3403.0,307000.0,24,1,146347.0,MEDIUM,0
49,332000.0,Business,6.7,707,4,14543.0,1100000.0,36,2,178865.0,MEDIUM,0
63,605000.0,Salaried,8.3,628,1,521.0,2310000.0,84,1,612492.0,MEDIUM,1
45,337000.0,Self-Employed,1.5,714,1,1380.0,605000.0,24,5,131026.0,MEDIUM,0
56,610000.0,Freelance,14.3,714,1,4980.0,295000.0,24,3,242581.0,LOW,1
46,813000.0,Salaried,1.7,601,2,7268.0,965000.0,48,3,143452.0,MEDIUM,0
58,963000.0,Business,21.6,607,2,1705.0,652000.0,84,2,371506.0,LOW,1
21,259000.0,Self-Employed,2.2,720,3,3225.0,408000.0,12,0,98172.0,MEDIUM,1
40,2019000.0,Salaried,6.0,681,1,20719.0,5425000.0,48,3,1392678.0,MEDIUM,1
48,856000.0,Business,16.3,662,1,10358.0,1900000.0,24,0,67435.0,HIGH,0
36,540000.0,Salaried,18.0,732,5,1343.0,647000.0,120,0,217026.0,LOW,1
37,1039000.0,Self-Employed,19.0,738,0,0.0,3261000.0,60,3,47882.0,LOW,1
60,2234000.0,Salaried,14.8,637,0,0.0,1757000.0,60,1,91596.0,LOW,1
48,228000.0,Freelance,23.3,611,2,3878.0,261000.0,120,3,187311.0,LOW,1
32,472000.0,Salaried,14.0,579,0,0.0,1322000.0,84,1,335752.0,MEDIUM,1
47,150000.0,Salaried,26.8,682,1,28.0,154000.0,48,3,126279.0,LOW,0
62,607000.0,Salaried,6.1,566,1,5895.0,1707000.0,48,2,208491.0,MEDIUM,1
50,673000.0,Freelance,25.8,687,0,0.0,2635000.0,12,2,538079.0,MEDIUM,0
61,528000.0,Business,9.0,777,2,4028.0,1783000.0,48,3,190831.0,HIGH,0
54,365000.0,Business,28.2,651,1,4371.0,326000.0,120,5,129129.0,LOW,1
57,158000.0,Self-Employed,8.4,637,1,1946.0,352000.0,48,0,94801.0,LOW,1
26,676000.0,Self-Employed,8.0,839,0,0.0,1259000.0,36,2,668359.0,LOW,1
27,1294000.0,Salaried,9.0,800,2,18145.0,5136000.0,48,4,497567.0,MEDIUM,0
52,379000.0,Self-Employed,4.4,618,1,2649.0,1466000.0,84,1,263200.0,MEDIUM,0
52,704000.0,Salaried,29.2,691,1,3981.0,542000.0,48,1,769561.0,LOW,1
45,211000.0,Freelance,2.6,706,1,2439.0,773000.0,84,2,125055.0,MEDIUM,1
53,711000.0,Business,6.6,696,1,6701.0,722000.0,120,1,346906.0,MEDIUM,0
27,427000.0,Salaried,9.0,825,1,4081.0,633000.0,84,1,150838.0,LOW,1
32,342000.0,Salaried,14.0,686,1,1152.0,550000.0,36,0,145350.0,LOW,1
36,342000.0,Business,14.7,698,4,7427.0,466000.0,24,0,213510.0,MEDIUM,0
36,427000.0,Salaried,16.5,735,3,7805.0,1476000.0,84,2,489260.0,MEDIUM,1
63,680000.0,Salaried,20.8,775,2,5082.0,1034000.0,120,4,248650.0,LOW,1
56,246000.0,Salaried,29.0,754,0,0.0,817000.0,120,3,78705.0,LOW,1
33,426000.0,Self-Employed,15.0,723,2,1346.0,1695000.0,24,1,487728.0,MEDIUM,0
27,527000.0,Business,6.7,555,0,0.0,1798000.0,36,2,292360.0,HIGH,0
56,279000.0,Salaried,9.1,640,2,1420.0,441000.0,12,2,216944.0,MEDIUM,1
29,1588000.0,Salaried,2.9,745,1,4809.0,4655000.0,48,2,1630025.0,LOW,1
52,324000.0,Self-Employed,19.3,700,3,3104.0,737000.0,84,4,41879.0,MEDIUM,0
31,362000.0,Business,5.4,746,4,8248.0,1162000.0,12,3,223605.0,MEDIUM,0
28,300000.0,Salaried,7.7,830,1,1911.0,260000.0,60,0,69742.0,LOW,1
53,1590000.0,Salaried,26.6,585,1,6139.0,4231000.0,12,3,960676.0,MEDIUM,1
43,753000.0,Freelance,9.8,771,2,17080.0,2381000.0,120,0,916596.0,MEDIUM,0
45,308000.0,Freelance,17.0,653,0,0.0,960000.0,48,2,28845.0,LOW,1
28,1049000.0,Freelance,10.0,754,4,41303.0,4055000.0,24,1,389426.0,MEDIUM,1
65,610000.0,Business,2.2,676,1,7047.0,315000.0,48,3,675672.0,LOW,1
42,631000.0,Salaried,10.9,850,0,0.0,997000.0,84,0,34437.0,LOW,1
24,439000.0,Salaried,2.0,690,2,4696.0,906000.0,48,1,83642.0,MEDIUM,0
60,345000.0,Salaried,26.9,628,0,0.0,499000.0,48,0,39360.0,MEDIUM,1
23,662000.0,Salaried,3.4,713,0,0.0,957000.0,12,4,599294.0,MEDIUM,0
49,390000.0,Freelance,11.4,705,2,87.0,371000.0,120,0,343106.0,LOW,1
61,1607000.0,Business,23.5,771,2,32782.0,5316000.0,24,0,1607457.0,MEDIUM,1
49,252000.0,Business,22.8,715,2,703.0,922000.0,24,2,231904.0,MEDIUM,0
54,1358000.0,Salaried,23.9,878,2,33797.0,821000.0,84,2,1668577.0,LOW,1
54,505000.0,Freelance,28.6,671,0,0.0,441000.0,12,2,433244.0,MEDIUM,0
48,647000.0,Business,23.9,672,1,4691.0,741000.0,12,1,356716.0,MEDIUM,1
33,891000.0,Salaried,12.2,631,1,1722.0,1945000.0,12,1,691435.0,MEDIUM,1
35,370000.0,Business,17.0,686,5,11918.0,1194000.0,60,1,254454.0,MEDIUM,0
43,908000.0,Salaried,15.3,698,0,0.0,512000.0,60,1,403540.0,LOW,1
64,150000.0,Salaried,8.3,702,1,473.0,398000.0,48,3,145691.0,MEDIUM,1
46,351000.0,Self-Employed,9.1,685,4,14558.0,299000.0,84,4,313618.0,MEDIUM,1
24,310000.0,Self-Employed,4.0,631,5,7375.0,1207000.0,60,2,64146.0,HIGH,1
46,255000.0,Salaried,4.3,609,3,4310.0,924000.0,120,0,14387.0,HIGH,0
60,475000.0,Salaried,5.5,649,0,0.0,1811000.0,12,0,170694.0,MEDIUM,1
29,681000.0,Freelance,1.9,771,2,1495.0,472000.0,12,1,367621.0,LOW,0
25,824000.0,Self-Employed,7.0,788,1,6125.0,1735000.0,12,0,216918.0,MEDIUM,1
52,624000.0,Business,27.9,673,3,13530.0,569000.0,24,2,591749.0,MEDIUM,0
40,362000.0,Salaried,17.6,604,0,0.0,913000.0,84,2,23389.0,MEDIUM,0
31,674000.0,Salaried,13.0,673,0,0.0,783000.0,120,0,372245.0,LOW,1
35,582000.0,Salaried,5.5,847,1,6860.0,1834000.0,24,1,71223.0,MEDIUM,0
52,948000.0,Salaried,27.1,759,0,0.0,2543000.0,60,2,655919.0,LOW,1
48,861000.0,Salaried,15.2,724,2,9819.0,2079000.0,120,0,494198.0,MEDIUM,0
42,550000.0,Salaried,2.0,757,3,10355.0,1844000.0,36,4,541285.0,MEDIUM,1
61,315000.0,Self-Employed,4.2,803,2,5695.0,678000.0,36,2,293328.0,MEDIUM,0
37,365000.0,Salaried,9.3,587,1,3048.0,474000.0,12,1,295143.0,MEDIUM,1
46,389000.0,Business,1.3,648,3,3251.0,1010000.0,24,0,230501.0,HIGH,0
64,447000.0,Salaried,9.3,637,0,0.0,1717000.0,84,2,384994.0,LOW,1
27,635000.0,Self-Employed,1.8,726,1,7535.0,1603000.0,48,1,553034.0,MEDIUM,1
62,830000.0,Salaried,7.1,692,1,2709.0,2183000.0,60,4,741906.0,MEDIUM,0
46,524000.0,Self-Employed,8.0,740,0,0.0,1969000.0,24,1,392510.0,MEDIUM,0
45,546000.0,Salaried,27.0,639,0,0.0,1205000.0,12,4,415205.0,MEDIUM,0
30,589000.0,Freelance,7.1,789,1,2211.0,2348000.0,12,2,324291.0,MEDIUM,0
65,397000.0,Business,7.2,674,4,12613.0,354000.0,36,0,50638.0,MEDIUM,1
39,310000.0,Self-Employed,20.6,735,3,1254.0,709000.0,84,4,163725.0,LOW,1
31,188000.0,Salaried,13.0,775,1,2279.0,204000.0,120,0,48405.0,LOW,1
33,356000.0,Self-Employed,11.6,769,0,0.0,704000.0,84,1,290312.0,LOW,1
28,718000.0,Business,10.0,708,0,0.0,669000.0,12,4,240530.0,MEDIUM,0
60,354000.0,Salaried,10.2,745,1,2375.0,398000.0,120,3,417377.0,LOW,0
24,469000.0,Self-Employed,2.4,819,0,0.0,507000.0,12,2,188231.0,MEDIUM,0
51,715000.0,Business,9.9,721,0,0.0,1061000.0,48,1,108777.0,MEDIUM,0
48,739000.0,Business,18.3,621,2,8144.0,590000.0,60,2,661403.0,MEDIUM,0
31,283000.0,Business,11.0,726,2,2120.0,932000.0,48,2,146810.0,LOW,1
63,983000.0,Business,20.2,677,1,3834.0,1098000.0,120,5,411547.0,LOW,1
21,1063000.0,Freelance,3.0,492,2,20696.0,1957000.0,36,3,742950.0,MEDIUM,0
58,274000.0,Salaried,21.0,716,2,37.0,98000.0,24,3,214645.0,LOW,1
44,330000.0,Self-Employed,10.4,689,1,3090.0,227000.0,84,5,204397.0,MEDIUM,0
51,1104000.0,Business,13.7,772,0,0.0,3992000.0,36,2,492424.0,MEDIUM,0
61,495000.0,Self-Employed,16.7,619,3,16732.0,1682000.0,84,2,157749.0,MEDIUM,0
46,150000.0,Freelance,20.6,559,2,2351.0,512000.0,12,2,80416.0,MEDIUM,1
25,233000.0,Salaried,7.0,693,0,0.0,425000.0,60,0,137324.0,LOW,1
40,465000.0,Salaried,22.0,710,2,4967.0,383000.0,12,2,162940.0,MEDIUM,1
61,269000.0,Salaried,21.7,687,1,3261.0,188000.0,60,2,64056.0,LOW,1
31,422000.0,Salaried,7.0,681,2,9297.0,1072000.0,60,1,388361.0,MEDIUM,0
53,551000.0,Salaried,29.2,594,1,3193.0,1854000.0,60,3,371027.0,LOW,0
58,1299000.0,Business,19.9,668,1,15313.0,4716000.0,24,0,1411892.0,MEDIUM,1
47,454000.0,Salaried,13.6,652,2,9341.0,621000.0,36,2,257440.0,LOW,1
54,1028000.0,Business,4.7,765,2,23158.0,1529000.0,120,2,1292087.0,LOW,1
35,1273000.0,Self-Employed,16.0,710,0,0.0,857000.0,84,0,711604.0,LOW,1
52,1278000.0,Salaried,4.9,657,0,0.0,4045000.0,84,3,756071.0,MEDIUM,1
41,641000.0,Salaried,12.9,817,1,7145.0,846000.0,24,1,204481.0,MEDIUM,0
25,166000.0,Self-Employed,7.0,658,1,191.0,345000.0,120,2,31783.0,MEDIUM,1
26,712000.0,Business,8.0,724,1,8590.0,2661000.0,24,0,799659.0,MEDIUM,1
58,1014000.0,Business,5.8,666,2,8457.0,3126000.0,24,2,1085688.0,MEDIUM,0
42,515000.0,Business,24.0,810,0,0.0,255000.0,48,2,389003.0,LOW,1
38,1539000.0,Freelance,9.8,686,2,30468.0,508000.0,48,0,513602.0,LOW,1
34,905000.0,Self-Employed,13.3,689,2,15043.0,2908000.0,48,2,975256.0,MEDIUM,1
30,760000.0,Freelance,12.0,668,0,0.0,1782000.0,120,2,668081.0,LOW,1
33,1037000.0,Business,15.0,695,2,10385.0,3075000.0,24,2,245155.0,MEDIUM,0
51,660000.0,Business,9.2,775,4,12319.0,581000.0,12,2,272062.0,MEDIUM,0
50,150000.0,Salaried,11.6,747,0,0.0,529000.0,120,3,6913.0,MEDIUM,1
23,401000.0,Freelance,1.7,682,3,6958.0,1268000.0,48,2,267288.0,HIGH,0
50,1108000.0,Self-Employed,17.8,816,2,20057.0,3984000.0,48,4,812800.0,MEDIUM,1
26,333000.0,Business,8.0,749,2,2507.0,520000.0,120,2,78910.0,LOW,1
49,473000.0,Salaried,21.8,644,0,0.0,624000.0,120,0,179806.0,LOW,1
28,289000.0,Salaried,10.0,569,2,1585.0,249000.0,24,1,250463.0,LOW,1
64,1576000.0,Salaried,4.4,646,1,15224.0,5896000.0,36,0,1099043.0,MEDIUM,0
65,1482000.0,Salaried,9.3,713,2,2242.0,1414000.0,12,1,1507844.0,LOW,1
63,318000.0,Salaried,6.6,727,3,8412.0,236000.0,60,2,321219.0,MEDIUM,0
64,590000.0,Business,11.7,788,1,2795.0,598000.0,120,1,710353.0,LOW,1
53,359000.0,Salaried,15.5,592,1,187.0,1132000.0,60,2,25354.0,MEDIUM,1
37,781000.0,Salaried,15.2,644,0,0.0,2805000.0,84,1,235848.0,LOW,1
31,734000.0,Salaried,13.0,585,0,0.0,2422000.0,120,2,302964.0,MEDIUM,1
33,879000.0,Self-Employed,5.7,572,3,19755.0,2096000.0,12,1,530775.0,MEDIUM,1
31,659000.0,Salaried,13.0,629,0,0.0,2621000.0,24,1,419905.0,MEDIUM,0
51,3145000.0,Salaried,10.3,709,1,25753.0,1745000.0,120,2,994428.0,LOW,1
48,292000.0,Self-Employed,9.0,741,1,2668.0,1025000.0,36,5,78382.0,HIGH,0
64,194000.0,Self-Employed,20.6,604,3,5546.0,365000.0,36,2,86903.0,MEDIUM,0
26,427000.0,Salaried,8.0,615,1,3145.0,847000.0,60,2,117828.0,MEDIUM,1
61,211000.0,Salaried,11.4,537,5,4822.0,163000.0,36,1,176309.0,MEDIUM,0
36,221000.0,Salaried,18.0,697,2,1343.0,94000.0,60,1,244543.0,LOW,0
24,296000.0,Freelance,1.8,621,3,10022.0,436000.0,84,4,42798.0,HIGH,0
55,311000.0,Salaried,23.0,813,0,0.0,295000.0,48,2,299661.0,LOW,1
46,305000.0,Self-Employed,1.0,712,1,1364.0,637000.0,84,2,90701.0,MEDIUM,1
32,737000.0,Salaried,14.0,666,0,0.0,623000.0,24,1,584169.0,LOW,1
31,399000.0,Self-Employed,13.0,628,1,1110.0,323000.0,36,1,316593.0,LOW,1
57,485000.0,Salaried,20.1,560,2,8132.0,1719000.0,24,1,35068.0,MEDIUM,0
45,924000.0,Salaried,22.8,570,0,0.0,3427000.0,48,2,601364.0,MEDIUM,0
38,341000.0,Self-Employed,20.0,630,0,0.0,1319000.0,12,3,315423.0,MEDIUM,1
39,461000.0,Salaried,12.9,624,2,10638.0,1299000.0,12,3,113658.0,HIGH,0
43,673000.0,Salaried,2.0,600,0,0.0,2122000.0,12,2,95177.0,HIGH,0
58,169000.0,Self-Employed,13.8,710,1,20.0,573000.0,60,2,114688.0,LOW,1
38,150000.0,Freelance,1.4,721,0,0.0,411000.0,60,1,94977.0,MEDIUM,0
46,665000.0,Salaried,8.8,643,2,12306.0,1012000.0,12,2,621295.0,MEDIUM,0
26,726000.0,Self-Employed,8.0,834,1,763.0,638000.0,48,2,471799.0,LOW,1
24,1865000.0,Freelance,0.2,540,2,19361.0,2197000.0,84,2,702723.0,MEDIUM,1
64,594000.0,Business,20.6,684,1,5198.0,2025000.0,120,2,482193.0,LOW,1
49,884000.0,Self-Employed,24.7,662,1,10571.0,2542000.0,60,1,103617.0,MEDIUM,0
54,481000.0,Business,12.6,635,3,2961.0,955000.0,84,3,44099.0,MEDIUM,0
37,646000.0,Salaried,19.0,624,2,2063.0,264000.0,84,3,342564.0,MEDIUM,0
63,1469000.0,Self-Employed,2.4,679,2,17347.0,1888000.0,12,2,195258.0,MEDIUM,0
63,151000.0,Salaried,25.2,661,2,3655.0,453000.0,24,4,153733.0,LOW,1
36,693000.0,Salaried,18.0,648,0,0.0,1522000.0,12,3,488597.0,MEDIUM,0
22,1946000.0,Salaried,2.6,576,3,16632.0,3720000.0,120,2,1383247.0,MEDIUM,0
54,640000.0,Salaried,9.0,550,2,5110.0,935000.0,12,2,144600.0,MEDIUM,0
28,1455000.0,Self-Employed,9.2,656,2,33030.0,3704000.0,120,2,797612.0,MEDIUM,0
33,370000.0,Self-Employed,15.0,647,3,10196.0,1434000.0,24,2,63652.0,MEDIUM,0
62,530000.0,Self-Employed,24.9,664,0,0.0,1926000.0,84,3,132313.0,MEDIUM,1
28,551000.0,Salaried,9.9,671,2,12303.0,227000.0,60,1,352874.0,LOW,1
50,150000.0,Salaried,17.8,638,4,1613.0,312000.0,84,0,47479.0,LOW,1
52,268000.0,Self-Employed,4.2,663,1,2545.0,407000.0,24,2,267547.0,MEDIUM,0
56,280000.0,Freelance,14.1,611,0,0.0,613000.0,120,0,277110.0,LOW,1
50,885000.0,Salaried,30.0,801,2,18095.0,2251000.0,60,0,43596.0,MEDIUM,1
21,912000.0,Salaried,1.5,616,0,0.0,949000.0,48,5,701720.0,MEDIUM,1
63,656000.0,Business,28.4,650,3,23520.0,2094000.0,60,1,100943.0,MEDIUM,1
59,886000.0,Salaried,24.7,622,0,0.0,1823000.0,120,1,528721.0,LOW,1
37,490000.0,Business,19.0,620,2,622.0,1946000.0,120,0,125804.0,LOW,1
40,1111000.0,Self-Employed,5.4,681,1,2229.0,437000.0,36,1,1198581.0,LOW,1
44,543000.0,Salaried,6.4,671,0,0.0,544000.0,60,1,525234.0,LOW,1
42,559000.0,Salaried,0.5,643,3,18436.0,1594000.0,36,2,357470.0,MEDIUM,0
49,461000.0,Salaried,21.7,657,2,9386.0,1324000.0,60,0,100817.0,MEDIUM,1
42,815000.0,Salaried,19.3,622,1,9825.0,2000000.0,120,2,652480.0,MEDIUM,0
64,420000.0,Business,5.3,712,1,3245.0,1636000.0,24,2,263757.0,MEDIUM,0
29,971000.0,Business,11.0,844,2,6228.0,1783000.0,60,1,850173.0,LOW,1
57,274000.0,Self-Employed,9.0,610,3,258.0,505000.0,12,3,197798.0,MEDIUM,1
30,279000.0,Business,4.0,711,2,1555.0,1024000.0,60,2,142163.0,MEDIUM,1
56,816000.0,Salaried,12.7,683,2,13776.0,1870000.0,24,2,37309.0,MEDIUM,0
57,512000.0,Self-Employed,2.7,733,0,0.0,824000.0,24,4,238298.0,MEDIUM,1
48,412000.0,Self-Employed,7.9,735,3,4958.0,1220000.0,60,1,216168.0,MEDIUM,1
48,922000.0,Business,11.1,696,2,20185.0,2391000.0,120,3,408922.0,MEDIUM,1
62,375000.0,Salaried,25.6,676,1,1851.0,538000.0,60,1,347643.0,LOW,1
63,479000.0,Self-Employed,23.8,645,1,1846.0,672000.0,60,1,178987.0,LOW,1
41,1251000.0,Business,13.3,618,2,15914.0,2206000.0,84,2,548720.0,MEDIUM,0
44,1361000.0,Salaried,21.7,672,3,22573.0,769000.0,84,0,139182.0,LOW,1
62,1388000.0,Salaried,17.1,577,2,31709.0,5257000.0,48,2,942320.0,MEDIUM,0
60,456000.0,Self-Employed,10.2,632,3,8007.0,446000.0,120,1,113571.0,LOW,1
22,1131000.0,Salaried,4.0,768,1,3921.0,1150000.0,36,2,373896.0,MEDIUM,1
28,306000.0,Self-Employed,10.0,687,2,6446.0,824000.0,60,3,207179.0,MEDIUM,0
47,314000.0,Freelance,18.6,751,3,11760.0,936000.0,60,0,382938.0,MEDIUM,0
42,150000.0,Self-Employed,18.5,797,0,0.0,454000.0,36,1,85086.0,LOW,1
57,1474000.0,Self-Employed,20.5,665,1,4615.0,2488000.0,12,2,561021.0,MEDIUM,0
47,322000.0,Self-Employed,11.5,696,2,1922.0,1137000.0,48,1,25150.0,MEDIUM,1
49,501000.0,Salaried,26.1,655,3,1084.0,1159000.0,48,0,426384.0,MEDIUM,1
23,313000.0,Salaried,3.3,614,0,0.0,602000.0,12,2,89445.0,MEDIUM,1
64,820000.0,Freelance,26.5,603,0,0.0,2705000.0,36,0,624191.0,MEDIUM,0
33,431000.0,Self-Employed,10.3,747,0,0.0,518000.0,120,1,162617.0,LOW,1
65,247000.0,Salaried,3.8,696,1,1495.0,860000.0,36,5,17568.0,MEDIUM,0
30,704000.0,Salaried,12.0,827,1,6143.0,1615000.0,24,1,497463.0,MEDIUM,1
56,229000.0,Self-Employed,11.3,757,2,4868.0,831000.0,36,3,260203.0,MEDIUM,0
29,327000.0,Business,11.0,621,3,2100.0,342000.0,84,3,78378.0,MEDIUM,1
47,153000.0,Business,12.9,747,2,1675.0,576000.0,120,1,34336.0,MEDIUM,0
54,230000.0,Salaried,20.1,655,0,0.0,654000.0,48,2,52224.0,MEDIUM,1
21,601000.0,Freelance,2.2,777,3,5766.0,1555000.0,120,4,540958.0,MEDIUM,0
52,166000.0,Self-Employed,6.3,641,2,1261.0,309000.0,84,2,67503.0,MEDIUM,1
45,222000.0,Self-Employed,11.6,595,0,0.0,852000.0,24,3,60246.0,MEDIUM,0
49,540000.0,Self-Employed,18.2,616,1,112.0,1049000.0,60,2,194861.0,LOW,1
27,390000.0,Salaried,9.0,620,2,3985.0,836000.0,60,2,130824.0,LOW,1
23,1786000.0,Freelance,0.5,612,2,8342.0,5700000.0,60,0,994353.0,MEDIUM,0
40,1624000.0,Salaried,22.0,634,2,39265.0,2199000.0,24,3,272538.0,MEDIUM,0
40,321000.0,Salaried,20.7,748,0,0.0,443000.0,48,2,207998.0,LOW,1
50,755000.0,Business,27.9,823,3,24578.0,2392000.0,36,1,344986.0,MEDIUM,1
55,847000.0,Self-Employed,3.5,573,1,2072.0,657000.0,24,1,734630.0,LOW,1
55,378000.0,Business,1.8,781,2,7655.0,1264000.0,120,1,215376.0,MEDIUM,1
59,220000.0,Self-Employed,9.3,641,2,2281.0,575000.0,48,2,29939.0,HIGH,0
47,536000.0,Salaried,4.1,707,1,1191.0,1230000.0,120,0,582985.0,LOW,1
46,487000.0,Freelance,15.8,547,0,0.0,559000.0,36,3,403697.0,LOW,1
34,416000.0,Salaried,15.6,721,0,0.0,1335000.0,12,2,100208.0,MEDIUM,1
37,705000.0,Business,17.3,519,0,0.0,2311000.0,48,0,483196.0,HIGH,0
38,344000.0,Salaried,20.0,705,0,0.0,718000.0,84,2,345413.0,LOW,1
65,271000.0,Business,29.1,700,2,984.0,472000.0,84,4,117516.0,LOW,1
49,577000.0,Salaried,26.3,695,2,4653.0,699000.0,12,0,123480.0,LOW,1
40,681000.0,Self-Employed,3.6,621,2,7691.0,2105000.0,120,0,554761.0,MEDIUM,0
47,267000.0,Business,10.2,723,2,845.0,712000.0,60,1,19289.0,MEDIUM,1
38,943000.0,Self-Employed,7.7,711,3,27867.0,1004000.0,120,2,696948.0,MEDIUM,0
24,187000.0,Business,2.0,663,3,3693.0,606000.0,60,2,73852.0,MEDIUM,0
21,382000.0,Business,1.4,733,0,0.0,1362000.0,48,2,281196.0,MEDIUM,0
21,463000.0,Business,3.0,672,2,6821.0,240000.0,84,5,405713.0,LOW,1
46,369000.0,Freelance,6.8,722,0,0.0,1165000.0,12,0,365952.0,LOW,1
65,385000.0,Salaried,21.4,669,0,0.0,1330000.0,24,3,421239.0,MEDIUM,1
40,1661000.0,Salaried,22.0,697,2,6202.0,6592000.0,36,0,1240146.0,MEDIUM,0
43,324000.0,Salaried,0.6,725,1,3441.0,382000.0,60,0,96442.0,MEDIUM,1
30,2338000.0,Salaried,11.9,648,2,57905.0,3911000.0,60,1,743358.0,MEDIUM,0
31,702000.0,Salaried,13.0,581,1,3643.0,2720000.0,60,3,300765.0,MEDIUM,0
61,571000.0,Self-Employed,15.6,702,0,0.0,370000.0,60,1,562171.0,LOW,1
61,719000.0,Salaried,10.4,775,3,16921.0,1609000.0,84,1,357396.0,LOW,1
25,2466000.0,Salaried,7.0,703,0,0.0,5363000.0,48,2,1990378.0,MEDIUM,0
21,298000.0,Salaried,2.0,705,0,0.0,758000.0,84,2,26560.0,MEDIUM,0
37,276000.0,Business,3.0,676,1,1880.0,421000.0,48,1,137325.0,MEDIUM,0
42,344000.0,Self-Employed,24.0,739,5,8789.0,1282000.0,12,4,81633.0,HIGH,0
54,551000.0,Salaried,2.6,665,1,3731.0,716000.0,24,0,564204.0,MEDIUM,1
65,192000.0,Business,8.8,643,1,645.0,519000.0,12,2,160993.0,MEDIUM,1
61,548000.0,Salaried,1.4,768,2,6819.0,1170000.0,84,1,116446.0,LOW,1
49,1493000.0,Freelance,23.4,637,2,23321.0,1921000.0,84,2,654764.0,LOW,1
24,592000.0,Self-Employed,0.9,751,3,1803.0,591000.0,24,4,81609.0,LOW,1
25,453000.0,Salaried,7.0,768,1,4207.0,1739000.0,48,1,434021.0,MEDIUM,0
31,373000.0,Self-Employed,13.0,725,5,16471.0,887000.0,60,4,97211.0,MEDIUM,1
41,926000.0,Business,12.3,580,2,20383.0,2348000.0,12,3,705802.0,MEDIUM,1
55,329000.0,Salaried,8.5,682,1,1751.0,1052000.0,24,3,38598.0,HIGH,0
32,1636000.0,Business,8.3,663,1,1261.0,982000.0,36,0,1042542.0,LOW,1
46,1724000.0,Salaried,23.9,640,4,39778.0,5070000.0,24,4,1119252.0,MEDIUM,1
39,630000.0,Salaried,21.0,691,2,2167.0,574000.0,12,3,254764.0,LOW,1
65,537000.0,Salaried,10.4,741,2,8692.0,1632000.0,120,2,126012.0,MEDIUM,1
27,1003000.0,Salaried,1.2,643,2,1182.0,825000.0,48,0,364865.0,LOW,1
27,1042000.0,Salaried,1.1,666,2,9743.0,3522000.0,60,1,582159.0,MEDIUM,1
46,333000.0,Freelance,22.8,660,0,0.0,939000.0,36,3,348900.0,MEDIUM,1
60,394000.0,Salaried,16.6,773,1,17.0,681000.0,120,1,234286.0,LOW,1
25,244000.0,Salaried,7.0,659,2,5859.0,397000.0,12,1,56934.0,MEDIUM,0
41,691000.0,Self-Employed,20.9,581,0,0.0,588000.0,48,1,37976.0,MEDIUM,0
34,806000.0,Business,16.0,554,1,5597.0,2938000.0,24,0,29768.0,MEDIUM,1
24,240000.0,Freelance,3.9,709,2,1434.0,177000.0,48,2,122034.0,MEDIUM,0
43,411000.0,Business,23.6,619,0,0.0,841000.0,48,3,132508.0,MEDIUM,0
62,241000.0,Freelance,14.3,733,0,0.0,283000.0,60,0,42082.0,LOW,1
40,315000.0,Business,9.2,573,3,10094.0,1256000.0,12,3,58381.0,HIGH,0
35,752000.0,Freelance,15.2,636,2,10234.0,1856000.0,84,2,290043.0,MEDIUM,0
65,348000.0,Business,15.1,573,0,0.0,297000.0,48,3,225056.0,LOW,1
49,451000.0,Salaried,18.3,714,3,1496.0,1249000.0,24,2,329792.0,MEDIUM,0
28,204000.0,Salaried,5.6,731,2,4573.0,810000.0,120,0,27177.0,HIGH,0
61,605000.0,Self-Employed,19.7,707,1,6623.0,1536000.0,120,4,120657.0,LOW,1
39,526000.0,Salaried,13.7,593,1,2856.0,1048000.0,24,2,461567.0,MEDIUM,1
59,349000.0,Salaried,18.6,620,0,0.0,483000.0,60,0,35970.0,LOW,0
48,482000.0,Self-Employed,7.2,698,3,11643.0,309000.0,48,2,124657.0,MEDIUM,1
47,602000.0,Freelance,13.0,544,1,6073.0,689000.0,24,2,179862.0,MEDIUM,0
24,331000.0,Salaried,0.8,660,2,6055.0,777000.0,84,3,91437.0,MEDIUM,0
35,223000.0,Business,17.0,801,3,5148.0,689000.0,24,0,93043.0,MEDIUM,0
55,1597000.0,Business,14.6,665,0,0.0,5667000.0,60,2,1281126.0,LOW,1
57,370000.0,Freelance,6.7,560,0,0.0,1198000.0,48,1,41916.0,MEDIUM,0
21,510000.0,Freelance,0.8,631,0,0.0,390000.0,60,1,196228.0,LOW,1
23,991000.0,Business,2.1,629,0,0.0,3133000.0,120,0,634990.0,MEDIUM,0
44,4490000.0,Self-Employed,6.4,851,2,13036.0,11009000.0,48,1,511467.0,MEDIUM,0
47,256000.0,Salaried,29.0,813,2,1199.0,521000.0,24,1,26274.0,MEDIUM,0
60,708000.0,Self-Employed,16.0,738,0,0.0,1713000.0,84,1,443803.0,LOW,1
56,353000.0,Business,8.7,652,0,0.0,116000.0,12,2,339859.0,LOW,1
54,391000.0,Business,19.7,776,0,0.0,215000.0,24,1,232404.0,LOW,1
49,351000.0,Business,8.3,589,4,10790.0,788000.0,12,0,143051.0,HIGH,0
44,275000.0,Salaried,24.6,766,2,5336.0,259000.0,48,1,15018.0,MEDIUM,1
44,527000.0,Self-Employed,9.2,754,2,10615.0,1222000.0,48,0,486393.0,MEDIUM,0
62,223000.0,Salaried,29.6,667,1,781.0,359000.0,36,5,46753.0,LOW,1
24,954000.0,Salaried,1.1,771,1,6455.0,3489000.0,48,0,861330.0,MEDIUM,0
23,558000.0,Salaried,0.0,644,0,0.0,2128000.0,120,1,217327.0,MEDIUM,0
54,696000.0,Salaried,2.2,578,5,36628.0,2732000.0,48,1,50073.0,HIGH,0
43,409000.0,Business,10.4,758,2,8645.0,1483000.0,36,4,179308.0,MEDIUM,0
43,434000.0,Salaried,22.1,673,2,3250.0,1713000.0,12,0,321092.0,MEDIUM,0
65,642000.0,Salaried,19.7,728,2,2578.0,1870000.0,48,1,597379.0,LOW,0
25,269000.0,Freelance,5.8,825,1,236.0,1037000.0,60,5,238476.0,MEDIUM,0
51,436000.0,Salaried,10.7,622,1,3134.0,1166000.0,48,2,318464.0,MEDIUM,0
61,323000.0,Salaried,7.9,668,0,0.0,1064000.0,48,2,92363.0,MEDIUM,0
26,317000.0,Salaried,8.0,805,1,2697.0,250000.0,24,5,408595.0,LOW,1
57,152000.0,Salaried,10.3,733,0,0.0,429000.0,48,2,46387.0,MEDIUM,0
30,1207000.0,Salaried,9.3,624,0,0.0,4520000.0,120,0,242757.0,MEDIUM,0
60,358000.0,Salaried,6.2,603,2,7845.0,823000.0,48,0,96442.0,MEDIUM,0
27,1086000.0,Self-Employed,9.0,637,3,15405.0,1076000.0,60,2,1098666.0,LOW,1
59,1026000.0,Salaried,5.9,620,3,34715.0,2308000.0,36,1,99607.0,HIGH,0
58,250000.0,Salaried,28.9,698,0,0.0,729000.0,36,2,223853.0,MEDIUM,0
41,281000.0,Business,4.6,686,0,0.0,885000.0,36,2,42731.0,MEDIUM,0
40,2511000.0,Salaried,22.0,702,2,25876.0,5619000.0,24,2,2261679.0,MEDIUM,0
23,1545000.0,Freelance,0.9,612,3,34414.0,1706000.0,48,0,463374.0,MEDIUM,0
42,530000.0,Self-Employed,11.3,674,4,858.0,1976000.0,12,3,430689.0,MEDIUM,1
24,631000.0,Salaried,1.5,515,3,13427.0,1995000.0,12,4,42074.0,HIGH,0
48,370000.0,Business,19.1,691,2,2843.0,482000.0,60,1,149729.0,LOW,1
32,700000.0,Salaried,14.0,774,0,0.0,2313000.0,24,1,432125.0,MEDIUM,0
58,351000.0,Salaried,14.0,566,0,0.0,557000.0,84,2,17134.0,LOW,1
56,160000.0,Self-Employed,1.7,718,0,0.0,233000.0,24,1,39349.0,MEDIUM,0
61,245000.0,Self-Employed,27.6,631,2,5792.0,856000.0,48,2,49552.0,HIGH,0
25,547000.0,Business,7.0,744,0,0.0,1931000.0,84,2,334704.0,LOW,1
33,274000.0,Freelance,12.9,692,2,3002.0,486000.0,12,3,50446.0,MEDIUM,1
43,519000.0,Salaried,18.4,712,2,6188.0,173000.0,24,1,594337.0,LOW,1
50,284000.0,Self-Employed,13.5,685,0,0.0,281000.0,60,2,284262.0,LOW,1
57,338000.0,Self-Employed,9.7,786,3,2538.0,1239000.0,120,0,109977.0,MEDIUM,1
45,902000.0,Freelance,2.3,707,1,1000.0,3270000.0,12,1,272294.0,MEDIUM,0
47,627000.0,Business,13.7,623,3,7318.0,1240000.0,120,0,604212.0,LOW,1
34,537000.0,Freelance,16.0,687,3,15675.0,765000.0,24,0,195458.0,MEDIUM,1
56,916000.0,Salaried,0.5,650,0,0.0,1301000.0,48,1,430675.0,MEDIUM,1
59,721000.0,Business,17.5,692,1,1178.0,2610000.0,48,1,582701.0,LOW,0
36,1287000.0,Salaried,18.0,646,0,0.0,1932000.0,120,2,497052.0,MEDIUM,1
42,410000.0,Salaried,6.5,625,2,6959.0,899000.0,84,2,378303.0,MEDIUM,0
41,418000.0,Freelance,5.5,695,1,3208.0,1256000.0,48,0,287530.0,MEDIUM,0
41,248000.0,Salaried,23.0,684,4,8535.0,267000.0,48,3,161851.0,MEDIUM,0
28,418000.0,Freelance,7.7,765,0,0.0,518000.0,12,2,300653.0,MEDIUM,0
36,964000.0,Salaried,5.8,646,2,21711.0,1566000.0,12,4,144125.0,HIGH,0
51,1179000.0,Business,11.3,521,5,33290.0,3208000.0,24,2,786684.0,MEDIUM,0
62,961000.0,Salaried,11.8,650,2,12342.0,3195000.0,60,2,598727.0,MEDIUM,1
30,184000.0,Salaried,12.0,549,0,0.0,427000.0,120,1,13864.0,LOW,1
52,1035000.0,Salaried,18.6,713,2,25339.0,820000.0,36,1,1038219.0,LOW,1
54,179000.0,Self-Employed,12.2,546,0,0.0,349000.0,36,1,116391.0,LOW,1
29,926000.0,Salaried,11.0,600,0,0.0,715000.0,48,1,282224.0,LOW,1
37,433000.0,Self-Employed,19.0,651,1,2931.0,271000.0,24,0,142780.0,MEDIUM,0
31,824000.0,Salaried,3.4,803,1,3165.0,2045000.0,36,3,571329.0,MEDIUM,0
52,243000.0,Salaried,6.2,594,2,1914.0,933000.0,36,3,9451.0,MEDIUM,1
30,1091000.0,Salaried,12.0,680,1,7623.0,3708000.0,36,2,992595.0,MEDIUM,0
42,224000.0,Salaried,24.0,726,2,3388.0,709000.0,36,0,252790.0,MEDIUM,1
37,362000.0,Business,5.3,798,0,0.0,1082000.0,120,0,222471.0,MEDIUM,0
24,297000.0,Business,3.7,742,0,0.0,1075000.0,120,2,200593.0,LOW,1
45,189000.0,Salaried,12.6,767,0,0.0,583000.0,84,2,195470.0,LOW,1
41,572000.0,Self-Employed,1.5,749,0,0.0,1498000.0,36,0,213241.0,MEDIUM,1
57,1597000.0,Business,19.6,583,1,159.0,2634000.0,84,1,767874.0,LOW,0
58,2677000.0,Salaried,2.3,708,2,64955.0,1803000.0,84,0,438199.0,MEDIUM,1
21,573000.0,Salaried,2.3,747,5,29521.0,1149000.0,24,1,502618.0,HIGH,0
45,1056000.0,Self-Employed,14.6,603,1,8125.0,3930000.0,36,2,827867.0,MEDIUM,1
56,621000.0,Salaried,28.7,633,0,0.0,1526000.0,36,0,62857.0,MEDIUM,0
37,729000.0,Salaried,12.8,615,0,0.0,716000.0,84,1,646949.0,LOW,1
61,440000.0,Salaried,10.7,741,3,15376.0,1189000.0,24,2,212538.0,MEDIUM,1
44,607000.0,Self-Employed,26.0,674,2,5859.0,1227000.0,120,2,620015.0,LOW,1
22,746000.0,Salaried,2.0,654,2,10348.0,2795000.0,12,3,720855.0,MEDIUM,0
60,382000.0,Salaried,11.3,577,0,0.0,342000.0,12,0,284899.0,MEDIUM,1
35,516000.0,Salaried,11.6,674,0,0.0,1514000.0,12,1,476347.0,MEDIUM,0
52,522000.0,Salaried,5.8,634,0,0.0,1473000.0,36,4,169056.0,MEDIUM,0
59,887000.0,Salaried,15.4,699,3,26247.0,3494000.0,24,3,395561.0,MEDIUM,0
26,285000.0,Freelance,8.0,588,0,0.0,681000.0,12,2,72158.0,HIGH,0
21,524000.0,Salaried,1.3,694,2,6505.0,1847000.0,48,3,224522.0,HIGH,0
43,1702000.0,Self-Employed,4.8,644,1,9262.0,666000.0,48,1,1032240.0,LOW,1
59,1086000.0,Salaried,9.3,580,1,3982.0,820000.0,24,4,886664.0,MEDIUM,1
37,1214000.0,Self-Employed,15.3,573,0,0.0,1918000.0,36,2,633286.0,MEDIUM,1
54,548000.0,Self-Employed,1.7,585,2,732.0,1420000.0,84,2,367474.0,MEDIUM,0
61,655000.0,Salaried,4.6,663,0,0.0,1285000.0,12,2,117002.0,MEDIUM,0
49,986000.0,Business,28.4,689,5,26132.0,1035000.0,36,2,1049789.0,LOW,1
29,1378000.0,Self-Employed,11.0,701,0,0.0,3418000.0,84,2,947619.0,MEDIUM,0
33,168000.0,Business,1.9,704,0,0.0,403000.0,120,0,152251.0,MEDIUM,0
26,245000.0,Salaried,8.0,619,1,888.0,549000.0,12,2,246679.0,MEDIUM,1
26,1185000.0,Freelance,1.9,764,3,9867.0,753000.0,60,3,1292686.0,LOW,1
40,458000.0,Business,22.0,644,1,5700.0,1708000.0,60,0,250973.0,MEDIUM,0
23,361000.0,Freelance,3.4,716,1,3484.0,899000.0,36,3,371012.0,MEDIUM,1
37,255000.0,Self-Employed,19.0,666,0,0.0,326000.0,48,4,186394.0,LOW,1
32,387000.0,Self-Employed,14.0,710,0,0.0,1100000.0,36,0,333905.0,MEDIUM,1
65,233000.0,Business,2.6,662,2,4060.0,344000.0,12,2,163941.0,MEDIUM,1
21,1895000.0,Business,0.8,711,0,0.0,4115000.0,36,0,689932.0,MEDIUM,1
37,533000.0,Freelance,4.1,679,2,2949.0,833000.0,36,1,211629.0,LOW,1
23,522000.0,Salaried,0.8,745,2,9591.0,1857000.0,12,2,367566.0,MEDIUM,0
46,769000.0,Business,28.0,614,3,19588.0,3059000.0,48,1,675055.0,MEDIUM,1
35,963000.0,Salaried,15.1,538,0,0.0,863000.0,60,1,392847.0,LOW,1
56,953000.0,Self-Employed,29.0,602,1,11229.0,369000.0,84,2,518366.0,LOW,1
52,1029000.0,Salaried,2.7,765,4,34967.0,1144000.0,12,2,507320.0,MEDIUM,1
52,370000.0,Salaried,14.3,667,2,8264.0,919000.0,36,2,20556.0,MEDIUM,1
24,452000.0,Freelance,1.9,687,0,0.0,427000.0,24,1,333948.0,LOW,0
38,857000.0,Salaried,18.9,595,1,3178.0,2830000.0,36,2,480619.0,MEDIUM,0
39,394000.0,Self-Employed,2.4,685,4,2059.0,714000.0,84,1,433451.0,MEDIUM,1
63,539000.0,Self-Employed,5.3,598,1,2052.0,1379000.0,36,3,274579.0,HIGH,0
55,686000.0,Salaried,7.8,609,3,24999.0,1362000.0,24,2,374115.0,HIGH,0
60,866000.0,Salaried,22.5,647,1,10423.0,3154000.0,84,2,280338.0,MEDIUM,0
34,186000.0,Self-Employed,4.9,715,0,0.0,80000.0,36,3,28357.0,LOW,1
53,830000.0,Salaried,25.4,724,0,0.0,2489000.0,24,2,709688.0,LOW,1
34,470000.0,Business,4.0,726,0,0.0,1275000.0,120,1,457825.0,LOW,1
54,826000.0,Freelance,1.1,552,0,0.0,2233000.0,36,0,643265.0,MEDIUM,0
24,861000.0,Salaried,3.3,679,3,113.0,1577000.0,48,2,406531.0,MEDIUM,0
44,1418000.0,Salaried,26.0,664,2,17780.0,508000.0,84,1,1099682.0,LOW,1
49,1217000.0,Self-Employed,3.3,557,2,18222.0,3469000.0,60,1,314558.0,MEDIUM,0
39,1212000.0,Business,3.1,681,2,8052.0,4083000.0,48,1,375865.0,MEDIUM,0
26,1285000.0,Salaried,8.0,659,1,3265.0,791000.0,12,2,1379826.0,MEDIUM,1
53,644000.0,Salaried,9.4,720,0,0.0,1245000.0,12,2,652071.0,MEDIUM,0
60,551000.0,Self-Employed,21.5,686,4,17181.0,497000.0,36,2,174266.0,LOW,1
39,912000.0,Freelance,6.0,636,1,1665.0,2335000.0,120,1,428159.0,LOW,1
21,838000.0,Salaried,3.0,754,1,7545.0,2687000.0,12,2,604323.0,MEDIUM,0
25,449000.0,Salaried,7.0,502,5,11861.0,1242000.0,120,1,16550.0,MEDIUM,1
47,689000.0,Freelance,13.5,674,1,3043.0,1018000.0,12,3,731041.0,MEDIUM,1
36,529000.0,Self-Employed,18.0,538,3,16013.0,432000.0,120,2,63476.0,MEDIUM,0
26,324000.0,Business,8.0,607,3,6149.0,1049000.0,36,1,263358.0,HIGH,0
60,1172000.0,Self-Employed,15.5,721,0,0.0,1756000.0,36,0,1358509.0,LOW,1
33,559000.0,Freelance,15.0,578,0,0.0,213000.0,60,2,373828.0,LOW,1
55,1847000.0,Self-Employed,7.9,566,5,42510.0,4459000.0,24,1,1636482.0,MEDIUM,1
39,204000.0,Business,7.2,870,1,2190.0,247000.0,36,0,15463.0,LOW,0
32,387000.0,Self-Employed,14.0,571,0,0.0,1321000.0,120,4,134512.0,MEDIUM,0
36,551000.0,Business,18.0,812,1,1433.0,457000.0,60,1,366302.0,LOW,1
63,1069000.0,Salaried,1.4,666,2,16378.0,2040000.0,48,2,921142.0,MEDIUM,0
30,687000.0,Salaried,12.0,638,2,4900.0,850000.0,12,2,476564.0,MEDIUM,0
45,651000.0,Business,11.2,725,4,4790.0,1856000.0,120,3,578814.0,MEDIUM,0
40,275000.0,Salaried,22.0,786,3,892.0,641000.0,120,0,61933.0,LOW,0
51,270000.0,Self-Employed,24.2,588,4,3263.0,871000.0,24,1,218928.0,MEDIUM,0
24,656000.0,Salaried,0.1,639,0,0.0,1310000.0,120,2,566764.0,MEDIUM,1
64,238000.0,Business,0.1,747,2,4986.0,76000.0,120,1,227762.0,MEDIUM,0
43,393000.0,Salaried,19.1,703,0,0.0,431000.0,120,2,374115.0,LOW,1
22,730000.0,Business,2.0,768,0,0.0,2918000.0,84,2,222151.0,MEDIUM,0
42,300000.0,Self-Employed,7.5,721,3,7436.0,540000.0,48,0,60141.0,MEDIUM,0
57,1416000.0,Salaried,13.9,824,1,4077.0,3674000.0,36,2,1739316.0,MEDIUM,0
28,1126000.0,Self-Employed,10.0,694,3,26296.0,4108000.0,48,3,1229757.0,HIGH,0
27,210000.0,Salaried,8.9,697,0,0.0,79000.0,84,1,106606.0,LOW,0
34,309000.0,Salaried,6.7,705,3,474.0,847000.0,60,0,166650.0,MEDIUM,0
23,150000.0,Salaried,1.1,668,0,0.0,205000.0,36,2,123011.0,LOW,1
36,338000.0,Salaried,16.8,747,0,0.0,451000.0,120,4,213178.0,LOW,1
39,856000.0,Freelance,21.0,698,1,8150.0,969000.0,120,2,330181.0,LOW,1
38,422000.0,Salaried,18.3,743,1,3647.0,1411000.0,36,3,112249.0,MEDIUM,1
36,712000.0,Self-Employed,9.1,755,1,6855.0,1196000.0,24,5,49007.0,MEDIUM,1
28,217000.0,Salaried,10.0,714,4,10791.0,119000.0,60,2,153287.0,MEDIUM,1
53,872000.0,Self-Employed,18.7,720,2,16790.0,574000.0,12,4,176438.0,LOW,1
32,387000.0,Salaried,14.0,599,1,1701.0,329000.0,48,1,325074.0,LOW,1
31,544000.0,Self-Employed,4.8,635,0,0.0,1973000.0,84,2,554385.0,MEDIUM,0
25,511000.0,Business,7.0,747,1,2152.0,961000.0,24,4,299611.0,MEDIUM,0
47,252000.0,Self-Employed,12.9,793,1,3056.0,930000.0,84,2,47985.0,MEDIUM,1
32,271000.0,Salaried,0.6,524,2,6098.0,901000.0,24,2,136206.0,HIGH,0
37,966000.0,Self-Employed,16.2,634,1,6854.0,3285000.0,120,5,587687.0,MEDIUM,0
26,687000.0,Salaried,8.0,681,2,13418.0,935000.0,36,1,124473.0,LOW,1
53,1015000.0,Salaried,10.5,609,0,0.0,1323000.0,48,1,662395.0,LOW,1
25,657000.0,Salaried,7.0,614,2,4001.0,1559000.0,24,3,222520.0,MEDIUM,0
48,589000.0,Salaried,2.9,717,2,8533.0,1087000.0,36,1,591088.0,MEDIUM,0
34,192000.0,Self-Employed,16.0,806,0,0.0,419000.0,36,2,154274.0,MEDIUM,0
25,459000.0,Business,3.4,517,3,13281.0,228000.0,60,0,172090.0,MEDIUM,0
53,532000.0,Salaried,8.2,666,2,5042.0,2072000.0,36,2,559574.0,MEDIUM,0
61,1744000.0,Salaried,17.1,717,2,30912.0,899000.0,12,2,1045579.0,LOW,1
39,816000.0,Salaried,17.8,742,1,4111.0,785000.0,120,0,889604.0,LOW,1
42,1358000.0,Self-Employed,23.3,705,3,5656.0,3815000.0,60,1,454503.0,MEDIUM,1
25,773000.0,Self-Employed,7.0,820,2,2070.0,677000.0,60,1,483991.0,LOW,1
22,353000.0,Salaried,3.9,682,1,525.0,245000.0,12,3,45179.0,MEDIUM,0
50,580000.0,Business,27.4,784,0,0.0,504000.0,12,0,332498.0,MEDIUM,0
59,623000.0,Self-Employed,13.6,628,0,0.0,330000.0,84,1,572887.0,LOW,1
24,308000.0,Self-Employed,2.2,684,0,0.0,379000.0,120,0,288607.0,LOW,1
53,429000.0,Self-Employed,4.9,582,5,3398.0,559000.0,24,2,395256.0,MEDIUM,0
33,478000.0,Self-Employed,12.0,752,1,3656.0,1025000.0,120,2,449689.0,LOW,1
40,1416000.0,Self-Employed,21.4,670,3,31740.0,2723000.0,84,3,459647.0,MEDIUM,0
27,155000.0,Salaried,1.3,708,0,0.0,318000.0,120,0,34064.0,MEDIUM,0
35,1114000.0,Salaried,3.9,654,1,5627.0,2873000.0,24,3,246465.0,HIGH,0
43,308000.0,Salaried,3.2,726,4,11629.0,356000.0,84,3,247686.0,MEDIUM,1
34,237000.0,Self-Employed,16.0,711,0,0.0,189000.0,12,1,111632.0,MEDIUM,0
43,1097000.0,Business,7.3,600,2,4030.0,3896000.0,24,1,463735.0,HIGH,0
39,838000.0,Salaried,5.0,605,3,31294.0,2217000.0,12,0,713274.0,MEDIUM,0
49,1147000.0,Salaried,17.8,677,4,42069.0,602000.0,12,1,936557.0,MEDIUM,0
40,874000.0,Business,22.0,732,3,15212.0,3370000.0,84,2,248366.0,MEDIUM,0
49,1860000.0,Business,10.0,829,3,43929.0,5328000.0,36,0,508532.0,MEDIUM,1
44,756000.0,Business,17.3,704,2,15994.0,651000.0,24,2,724130.0,LOW,1
38,492000.0,Self-Employed,2.9,760,0,0.0,1912000.0,60,1,589770.0,MEDIUM,1
30,664000.0,Business,12.0,550,2,5390.0,1097000.0,60,2,125111.0,MEDIUM,1
61,1139000.0,Salaried,10.1,841,5,34974.0,4491000.0,24,1,1516714.0,MEDIUM,0
28,339000.0,Salaried,10.0,728,1,2704.0,231000.0,24,3,182398.0,MEDIUM,0
46,365000.0,Salaried,28.0,676,1,328.0,326000.0,24,2,367538.0,LOW,1
49,449000.0,Business,23.4,666,2,10617.0,1227000.0,24,2,371712.0,MEDIUM,0
30,153000.0,Salaried,0.6,591,2,1655.0,58000.0,36,2,133303.0,LOW,1
37,587000.0,Self-Employed,16.3,614,0,0.0,217000.0,12,3,385452.0,LOW,0
22,174000.0,Self-Employed,3.1,832,2,3946.0,562000.0,24,2,44481.0,MEDIUM,1
26,558000.0,Salaried,8.0,600,2,1650.0,514000.0,84,0,49882.0,MEDIUM,1
25,908000.0,Business,7.0,599,2,891.0,3359000.0,24,2,565170.0,MEDIUM,1
48,406000.0,Salaried,29.2,623,1,3476.0,762000.0,12,2,36992.0,MEDIUM,1
61,1478000.0,Salaried,18.3,584,0,0.0,5221000.0,12,0,365948.0,MEDIUM,0
25,225000.0,Business,7.0,681,2,4300.0,415000.0,12,2,58468.0,MEDIUM,1
38,1104000.0,Salaried,15.6,767,2,1892.0,2497000.0,84,0,624254.0,LOW,1
46,810000.0,Self-Employed,11.6,631,1,3886.0,1192000.0,48,2,509220.0,LOW,1
40,193000.0,Business,14.1,570,1,568.0,528000.0,60,2,162753.0,MEDIUM,0
61,2748000.0,Freelance,19.1,703,1,25405.0,4060000.0,84,2,2978813.0,LOW,1
47,520000.0,Business,28.0,675,1,1477.0,585000.0,24,2,565448.0,MEDIUM,0
32,319000.0,Salaried,14.0,760,5,9130.0,191000.0,36,1,308945.0,LOW,1
27,232000.0,Self-Employed,9.0,643,2,4749.0,119000.0,36,1,225121.0,MEDIUM,1
23,474000.0,Salaried,2.9,659,3,16271.0,679000.0,120,0,407648.0,MEDIUM,1
30,501000.0,Salaried,12.0,668,1,4525.0,1516000.0,12,5,500728.0,MEDIUM,1
54,575000.0,Salaried,10.4,687,1,3085.0,610000.0,36,0,86878.0,LOW,1
45,452000.0,Salaried,19.2,648,0,0.0,636000.0,60,0,460888.0,LOW,1
55,790000.0,Business,13.4,635,2,13621.0,2883000.0,24,2,212909.0,MEDIUM,0
36,428000.0,Salaried,2.4,531,1,4681.0,1141000.0,120,1,213103.0,MEDIUM,0
22,169000.0,Self-Employed,3.7,634,2,3754.0,626000.0,36,2,93173.0,HIGH,0
44,494000.0,Salaried,26.0,737,1,5749.0,1814000.0,60,3,347438.0,MEDIUM,0
30,150000.0,Self-Employed,1.5,748,0,0.0,80000.0,60,0,131784.0,LOW,1
58,668000.0,Freelance,20.9,642,0,0.0,2561000.0,48,2,388682.0,MEDIUM,0
42,300000.0,Salaried,24.0,783,3,8411.0,147000.0,48,0,271662.0,LOW,1
46,596000.0,Self-Employed,19.5,677,1,6069.0,2220000.0,36,3,363716.0,MEDIUM,0
63,1189000.0,Salaried,17.1,572,1,13047.0,2762000.0,60,3,49518.0,MEDIUM,0
59,306000.0,Salaried,21.2,547,4,14150.0,695000.0,12,1,172723.0,HIGH,0
47,1021000.0,Self-Employed,12.9,777,2,12996.0,3001000.0,48,0,747723.0,MEDIUM,1
49,417000.0,Business,2.7,650,0,0.0,1482000.0,60,3,265682.0,HIGH,0
58,1547000.0,Salaried,28.9,582,0,0.0,3996000.0,48,4,50855.0,MEDIUM,0
40,434000.0,Salaried,13.0,499,1,3107.0,813000.0,24,0,168528.0,MEDIUM,1
47,326000.0,Salaried,20.0,648,2,3857.0,233000.0,120,2,303511.0,LOW,1
61,816000.0,Business,15.9,712,2,19631.0,2628000.0,60,4,339028.0,MEDIUM,0
40,416000.0,Business,1.6,624,1,4689.0,322000.0,60,2,196046.0,LOW,1
64,326000.0,Self-Employed,28.6,595,3,9751.0,974000.0,84,3,47784.0,HIGH,0
39,406000.0,Self-Employed,21.0,636,0,0.0,915000.0,24,1,197464.0,MEDIUM,1
40,526000.0,Business,4.5,779,0,0.0,909000.0,84,0,281835.0,LOW,1
55,1209000.0,Business,29.4,568,5,52595.0,3105000.0,48,1,985452.0,MEDIUM,1
22,169000.0,Business,0.2,628,0,0.0,534000.0,24,1,11697.0,MEDIUM,1
50,548000.0,Business,14.2,776,3,4846.0,2073000.0,120,3,669928.0,LOW,1
54,786000.0,Self-Employed,18.3,719,2,17440.0,1006000.0,36,1,549207.0,MEDIUM,1
42,607000.0,Self-Employed,3.2,694,0,0.0,2309000.0,12,1,377180.0,MEDIUM,0
23,1186000.0,Business,3.9,628,1,762.0,4573000.0,48,3,1080867.0,MEDIUM,0
26,517000.0,Freelance,2.2,682,1,3752.0,1711000.0,120,3,126048.0,MEDIUM,1
35,484000.0,Salaried,16.3,636,4,22904.0,1724000.0,60,2,118253.0,MEDIUM,1
47,771000.0,Salaried,16.6,611,1,8044.0,2207000.0,36,1,673515.0,MEDIUM,1
30,574000.0,Freelance,12.0,593,1,6994.0,255000.0,48,1,514928.0,LOW,0
29,428000.0,Salaried,11.0,742,0,0.0,1039000.0,120,2,441558.0,LOW,1
53,737000.0,Business,7.5,675,2,8059.0,2259000.0,120,2,59699.0,MEDIUM,1
52,365000.0,Salaried,26.7,705,0,0.0,1381000.0,12,1,280694.0,MEDIUM,0
26,374000.0,Salaried,8.0,692,0,0.0,902000.0,60,0,199445.0,MEDIUM,1
61,394000.0,Salaried,18.2,715,5,8621.0,1276000.0,24,1,377349.0,MEDIUM,0
56,1217000.0,Salaried,5.1,659,1,6818.0,3540000.0,12,1,244332.0,MEDIUM,1
22,150000.0,Salaried,2.5,641,0,0.0,201000.0,84,0,144921.0,LOW,0
49,685000.0,Self-Employed,27.9,614,2,15716.0,598000.0,48,2,244802.0,LOW,1
24,552000.0,Business,0.8,566,3,7404.0,1699000.0,60,0,174746.0,HIGH,0
21,197000.0,Freelance,3.0,590,0,0.0,229000.0,48,0,38822.0,MEDIUM,0
39,651000.0,Salaried,9.1,650,0,0.0,785000.0,12,0,27703.0,MEDIUM,1
46,719000.0,Self-Employed,25.8,551,0,0.0,1929000.0,120,2,214606.0,MEDIUM,0
45,770000.0,Self-Employed,14.7,569,0,0.0,2479000.0,60,2,125286.0,MEDIUM,1
30,150000.0,Self-Employed,4.9,763,2,1703.0,368000.0,120,3,141186.0,LOW,1
35,1227000.0,Self-Employed,17.0,697,2,11550.0,4386000.0,12,1,1074174.0,MEDIUM,0
42,347000.0,Salaried,20.5,643,2,3877.0,376000.0,48,1,303819.0,LOW,1
41,816000.0,Salaried,8.6,861,1,4271.0,1007000.0,84,3,45089.0,LOW,0
42,843000.0,Salaried,0.8,548,3,23919.0,2240000.0,60,1,278039.0,HIGH,0
56,319000.0,Salaried,6.0,758,1,3700.0,1075000.0,120,1,15549.0,MEDIUM,0
54,803000.0,Business,12.0,671,3,14799.0,1843000.0,120,1,462644.0,MEDIUM,0
50,429000.0,Salaried,5.0,742,1,4466.0,145000.0,120,1,478713.0,LOW,1
45,156000.0,Business,5.8,688,2,2855.0,438000.0,120,2,75315.0,LOW,1
65,1089000.0,Freelance,11.7,530,1,4501.0,3605000.0,60,0,814995.0,HIGH,0
48,339000.0,Freelance,28.9,687,1,2489.0,449000.0,120,1,362773.0,LOW,1
21,324000.0,Freelance,2.1,706,3,8102.0,162000.0,120,2,98990.0,MEDIUM,1
65,424000.0,Salaried,9.6,504,0,0.0,940000.0,60,2,14765.0,MEDIUM,0
24,636000.0,Self-Employed,3.7,835,2,6296.0,290000.0,48,0,659699.0,LOW,1
27,522000.0,Salaried,9.0,704,2,12954.0,960000.0,36,0,358171.0,MEDIUM,0
29,751000.0,Business,11.0,733,2,11964.0,275000.0,84,2,334609.0,LOW,1
56,242000.0,Business,14.0,586,2,2022.0,274000.0,48,3,89405.0,MEDIUM,1
39,346000.0,Business,12.3,735,1,1081.0,602000.0,24,0,46775.0,MEDIUM,0
21,504000.0,Salaried,2.5,767,1,1320.0,360000.0,36,5,559090.0,LOW,1
30,1687000.0,Business,11.6,700,3,25409.0,1219000.0,48,1,518632.0,LOW,1
56,505000.0,Salaried,15.8,679,1,1220.0,1697000.0,24,2,71511.0,MEDIUM,0
29,1036000.0,Salaried,11.0,608,2,3501.0,470000.0,120,2,806243.0,LOW,1
65,553000.0,Business,22.9,662,0,0.0,1576000.0,12,1,300929.0,HIGH,1
62,404000.0,Salaried,10.8,639,0,0.0,1339000.0,24,2,324872.0,MEDIUM,0
52,466000.0,Freelance,21.5,725,1,853.0,365000.0,84,2,503521.0,LOW,1
52,488000.0,Salaried,17.3,612,2,541.0,499000.0,60,3,195743.0,LOW,1
26,776000.0,Business,8.0,725,1,336.0,2075000.0,84,2,79656.0,MEDIUM,0
58,1233000.0,Self-Employed,11.6,612,0,0.0,1810000.0,36,1,341564.0,LOW,1
37,671000.0,Business,19.0,659,0,0.0,1384000.0,48,0,59835.0,MEDIUM,1
30,1102000.0,Business,12.0,729,1,7428.0,3739000.0,120,0,234894.0,MEDIUM,1
47,303000.0,Freelance,19.1,623,0,0.0,246000.0,84,2,262703.0,LOW,1
55,421000.0,Salaried,19.6,732,0,0.0,1092000.0,48,2,478975.0,LOW,1
41,350000.0,Freelance,2.5,724,2,7293.0,1325000.0,60,4,286901.0,MEDIUM,1
45,653000.0,Salaried,27.0,658,1,4122.0,335000.0,36,0,520722.0,LOW,1
48,436000.0,Salaried,3.2,772,1,499.0,228000.0,36,0,411931.0,LOW,1
35,837000.0,Salaried,16.9,686,4,12378.0,1969000.0,84,0,143734.0,MEDIUM,1
24,309000.0,Business,4.0,768,1,3760.0,1190000.0,60,1,30929.0,MEDIUM,1
49,554000.0,Self-Employed,12.9,823,4,27062.0,618000.0,36,0,535837.0,MEDIUM,1
29,816000.0,Business,11.0,660,1,2598.0,1244000.0,60,2,61251.0,LOW,1
47,157000.0,Business,27.3,731,1,328.0,104000.0,24,1,154663.0,LOW,1
46,1930000.0,Salaried,13.7,628,1,11958.0,3166000.0,84,5,1195212.0,LOW,1
39,456000.0,Freelance,21.0,597,1,2744.0,212000.0,120,4,63262.0,MEDIUM,0
48,160000.0,Salaried,17.8,664,2,1641.0,278000.0,60,1,116639.0,LOW,1
37,594000.0,Business,4.8,570,0,0.0,1399000.0,48,3,339426.0,MEDIUM,0
63,551000.0,Salaried,5.7,604,2,3198.0,2153000.0,12,1,214863.0,HIGH,0
61,514000.0,Self-Employed,21.5,727,1,738.0,1711000.0,24,0,506953.0,MEDIUM,0
62,979000.0,Salaried,1.5,638,0,0.0,3271000.0,84,0,334222.0,LOW,1
40,846000.0,Salaried,14.4,736,2,19724.0,968000.0,84,0,409090.0,LOW,1
65,646000.0,Salaried,4.4,703,2,2225.0,402000.0,84,2,527431.0,LOW,1
60,708000.0,Salaried,13.0,828,1,6238.0,1792000.0,48,1,739611.0,LOW,1
59,508000.0,Salaried,22.5,721,0,0.0,1132000.0,24,3,179520.0,MEDIUM,1
43,1568000.0,Salaried,13.8,769,3,17286.0,3467000.0,48,3,98750.0,MEDIUM,1
52,222000.0,Self-Employed,4.9,712,5,11837.0,156000.0,120,1,52970.0,MEDIUM,1
53,588000.0,Business,7.6,704,0,0.0,1251000.0,36,1,195765.0,LOW,0
25,562000.0,Self-Employed,7.0,773,4,16391.0,481000.0,60,1,652155.0,LOW,1
63,880000.0,Business,2.1,733,1,4874.0,1638000.0,48,2,953516.0,LOW,1
54,326000.0,Self-Employed,17.5,696,4,1324.0,173000.0,48,0,250402.0,LOW,1
60,190000.0,Self-Employed,18.2,696,2,2826.0,659000.0,120,0,156147.0,MEDIUM,1
31,594000.0,Self-Employed,1.9,723,3,9330.0,207000.0,36,2,448157.0,MEDIUM,1
23,640000.0,Salaried,2.9,626,2,1388.0,2416000.0,120,3,513709.0,LOW,1
53,1321000.0,Self-Employed,12.4,622,0,0.0,4614000.0,12,1,499153.0,MEDIUM,1
31,252000.0,Salaried,10.0,794,0,0.0,777000.0,120,2,186104.0,LOW,0
36,1080000.0,Business,16.7,829,1,2815.0,4250000.0,12,1,1012783.0,MEDIUM,0
38,2237000.0,Business,10.4,605,0,0.0,1117000.0,60,2,1069841.0,LOW,1
50,431000.0,Salaried,12.5,626,1,204.0,1152000.0,36,1,343180.0,MEDIUM,1
30,249000.0,Business,12.0,771,4,8051.0,857000.0,120,3,296612.0,MEDIUM,1
38,423000.0,Salaried,4.9,722,1,5022.0,325000.0,120,4,339350.0,LOW,1
58,545000.0,Salaried,18.6,734,1,1166.0,1343000.0,24,2,69553.0,MEDIUM,1
39,758000.0,Salaried,15.2,751,1,3952.0,1332000.0,48,4,585431.0,LOW,1
56,379000.0,Business,9.2,660,2,5453.0,725000.0,60,0,289159.0,MEDIUM,1
33,1374000.0,Business,15.0,706,0,0.0,5051000.0,12,2,489748.0,HIGH,0
23,277000.0,Business,2.0,700,1,2148.0,635000.0,24,2,109701.0,HIGH,0
30,190000.0,Salaried,12.0,611,3,2879.0,123000.0,84,1,115020.0,LOW,1
58,1050000.0,Self-Employed,20.0,705,3,5847.0,3956000.0,36,1,872214.0,MEDIUM,0
21,150000.0,Business,3.0,779,2,334.0,148000.0,84,2,169221.0,LOW,1
47,478000.0,Salaried,29.0,653,2,8896.0,1722000.0,48,2,393220.0,MEDIUM,0
28,3508000.0,Self-Employed,10.0,692,1,10464.0,13655000.0,84,0,648925.0,LOW,0
62,536000.0,Salaried,26.2,696,2,11356.0,1902000.0,84,4,226571.0,MEDIUM,0
37,276000.0,Salaried,0.0,657,1,2563.0,774000.0,48,3,52545.0,MEDIUM,0
29,522000.0,Self-Employed,11.0,734,0,0.0,1593000.0,12,1,483017.0,MEDIUM,1
26,524000.0,Self-Employed,6.4,625,1,1318.0,1514000.0,84,1,155290.0,MEDIUM,1
63,595000.0,Salaried,2.8,786,0,0.0,1192000.0,120,2,118177.0,LOW,1
45,804000.0,Salaried,16.0,730,1,5975.0,1058000.0,12,0,122162.0,MEDIUM,0
59,290000.0,Salaried,22.4,605,1,2936.0,393000.0,60,2,41085.0,LOW,1
48,1487000.0,Salaried,12.4,815,2,2243.0,4469000.0,84,2,546963.0,LOW,1
53,626000.0,Salaried,20.1,693,1,1953.0,1638000.0,84,1,562385.0,LOW,1
57,836000.0,Salaried,14.7,622,2,7863.0,2060000.0,48,5,222952.0,LOW,1
29,371000.0,Self-Employed,11.0,768,1,850.0,1007000.0,48,2,143744.0,MEDIUM,1
38,1169000.0,Salaried,8.7,719,3,23904.0,3702000.0,84,4,1223693.0,MEDIUM,0
41,463000.0,Business,11.5,538,0,0.0,1421000.0,84,4,184910.0,MEDIUM,1
22,638000.0,Business,3.9,637,2,5048.0,440000.0,120,0,348397.0,LOW,1
63,309000.0,Salaried,19.4,702,2,3993.0,508000.0,48,2,12819.0,MEDIUM,1
58,297000.0,Salaried,3.5,507,4,5284.0,379000.0,48,2,27189.0,MEDIUM,0
60,817000.0,Business,2.8,686,1,3505.0,1872000.0,24,0,688954.0,MEDIUM,0
56,414000.0,Salaried,19.8,692,1,1373.0,218000.0,36,1,167278.0,LOW,1
63,324000.0,Salaried,16.4,585,0,0.0,1011000.0,24,2,54682.0,MEDIUM,1
57,367000.0,Salaried,12.9,701,1,2037.0,255000.0,84,2,189301.0,LOW,1
35,822000.0,Self-Employed,4.6,680,1,2017.0,1072000.0,36,3,70507.0,LOW,0
48,370000.0,Self-Employed,12.3,584,3,180.0,1183000.0,24,2,251953.0,MEDIUM,1
38,504000.0,Freelance,20.0,753,1,951.0,247000.0,60,2,69432.0,LOW,1
54,545000.0,Business,26.7,747,0,0.0,1495000.0,36,3,58010.0,MEDIUM,1
42,171000.0,Salaried,21.1,656,1,923.0,636000.0,48,2,80557.0,MEDIUM,0
31,224000.0,Salaried,1.8,664,0,0.0,579000.0,36,3,146297.0,MEDIUM,1
33,661000.0,Salaried,15.0,738,4,13896.0,1941000.0,48,4,620583.0,MEDIUM,0
24,347000.0,Salaried,1.1,663,3,4287.0,1121000.0,60,2,38385.0,MEDIUM,1
42,1019000.0,Salaried,9.5,525,1,6853.0,1144000.0,120,2,306935.0,MEDIUM,1
27,965000.0,Salaried,5.9,718,0,0.0,2364000.0,84,2,334003.0,MEDIUM,0
63,832000.0,Salaried,23.3,614,3,14955.0,1201000.0,120,2,625600.0,MEDIUM,0
44,1610000.0,Salaried,19.5,648,0,0.0,1969000.0,36,2,665705.0,LOW,1
24,514000.0,Salaried,2.8,796,2,225.0,520000.0,12,2,433745.0,LOW,1
48,798000.0,Freelance,20.0,669,3,6381.0,1968000.0,48,3,442800.0,MEDIUM,0
35,381000.0,Self-Employed,7.1,680,1,2024.0,1234000.0,36,0,248093.0,MEDIUM,1
21,2354000.0,Freelance,2.6,720,0,0.0,8335000.0,24,3,1078900.0,MEDIUM,0
23,1777000.0,Salaried,2.3,720,0,0.0,3351000.0,120,1,557217.0,MEDIUM,1
34,544000.0,Self-Employed,16.0,606,4,24127.0,914000.0,36,3,48830.0,MEDIUM,1
58,681000.0,Salaried,23.8,675,0,0.0,1936000.0,48,0,151440.0,MEDIUM,1
21,1221000.0,Salaried,2.6,682,1,14477.0,3892000.0,12,0,273384.0,HIGH,0
58,495000.0,Salaried,23.1,701,2,10601.0,612000.0,12,0,534206.0,MEDIUM,0
58,364000.0,Freelance,13.2,703,3,11354.0,510000.0,120,1,395057.0,LOW,1
41,913000.0,Freelance,20.1,886,1,9857.0,2076000.0,24,0,378016.0,MEDIUM,0
49,566000.0,Salaried,13.7,585,0,0.0,1100000.0,60,2,72738.0,LOW,1
25,603000.0,Salaried,7.0,758,2,2279.0,1756000.0,12,1,230668.0,MEDIUM,1
30,328000.0,Salaried,5.4,774,1,551.0,711000.0,84,2,337097.0,LOW,1
48,193000.0,Salaried,20.3,719,1,268.0,138000.0,60,0,199838.0,LOW,1
41,623000.0,Salaried,17.3,627,3,7656.0,569000.0,48,3,329723.0,MEDIUM,1
27,930000.0,Salaried,5.2,813,0,0.0,3382000.0,36,2,696203.0,MEDIUM,0
23,472000.0,Self-Employed,0.4,504,0,0.0,539000.0,60,1,181595.0,HIGH,0
65,1279000.0,Salaried,24.0,625,1,3904.0,621000.0,84,1,273685.0,LOW,1
40,354000.0,Salaried,4.7,773,1,2991.0,1064000.0,48,2,36841.0,MEDIUM,0
39,287000.0,Salaried,5.6,650,2,695.0,812000.0,48,2,193336.0,MEDIUM,1
55,519000.0,Salaried,29.4,807,2,4675.0,1308000.0,120,2,559001.0,LOW,1
24,514000.0,Freelance,2.9,559,2,3796.0,1109000.0,48,5,351779.0,MEDIUM,0
25,858000.0,Salaried,7.0,591,2,18175.0,3335000.0,84,0,743711.0,MEDIUM,0
21,339000.0,Business,1.3,637,2,4360.0,252000.0,24,2,288980.0,MEDIUM,0
24,1228000.0,Business,0.4,713,1,9923.0,2686000.0,84,2,448349.0,MEDIUM,0
32,1759000.0,Freelance,14.0,662,1,2837.0,4199000.0,24,5,278741.0,HIGH,0
47,528000.0,Business,21.9,640,2,12262.0,202000.0,60,2,248132.0,LOW,1
62,1144000.0,Self-Employed,25.0,793,0,0.0,2087000.0,48,1,555707.0,LOW,1
43,287000.0,Business,6.3,801,1,2536.0,917000.0,60,4,280873.0,MEDIUM,1
45,1030000.0,Salaried,19.2,646,1,12291.0,2104000.0,12,2,107674.0,MEDIUM,0
41,1013000.0,Self-Employed,1.2,543,1,6441.0,3585000.0,60,4,837784.0,MEDIUM,1
44,907000.0,Freelance,2.1,507,1,5754.0,2436000.0,36,3,706208.0,HIGH,0
45,535000.0,Business,21.4,699,2,1568.0,1677000.0,48,0,72939.0,MEDIUM,1
65,150000.0,Freelance,0.7,732,1,732.0,491000.0,60,0,81917.0,MEDIUM,0
52,368000.0,Business,17.4,685,3,11764.0,1049000.0,24,1,373223.0,MEDIUM,1
52,371000.0,Business,25.2,674,1,627.0,1140000.0,36,0,87843.0,MEDIUM,1
25,300000.0,Business,7.0,615,1,3441.0,862000.0,60,2,211005.0,MEDIUM,0
56,581000.0,Business,1.3,732,0,0.0,1358000.0,60,3,505083.0,LOW,1
62,420000.0,Self-Employed,21.4,814,1,2210.0,1006000.0,120,1,146880.0,LOW,1
62,329000.0,Freelance,27.9,502,3,6742.0,330000.0,60,2,10387.0,MEDIUM,1
59,286000.0,Business,21.5,673,1,538.0,961000.0,84,5,213092.0,LOW,1
36,352000.0,Business,17.4,602,1,957.0,512000.0,84,0,216997.0,LOW,1
53,1059000.0,Self-Employed,6.9,560,1,3791.0,2417000.0,84,1,633868.0,LOW,1
41,363000.0,Salaried,0.5,589,0,0.0,444000.0,24,0,64031.0,MEDIUM,1
29,397000.0,Salaried,11.0,710,1,4543.0,1141000.0,60,1,285952.0,MEDIUM,1
26,411000.0,Freelance,6.9,712,1,1888.0,1606000.0,84,3,268050.0,MEDIUM,0
65,662000.0,Self-Employed,25.7,796,1,4335.0,2163000.0,12,2,410783.0,MEDIUM,1
55,711000.0,Salaried,14.0,680,2,2880.0,1842000.0,12,3,621812.0,MEDIUM,0
59,150000.0,Salaried,15.9,539,2,2760.0,360000.0,12,1,53227.0,MEDIUM,0
42,997000.0,Business,22.6,660,1,6983.0,2106000.0,60,2,403596.0,LOW,0
61,1279000.0,Business,23.4,569,2,14066.0,1354000.0,36,2,655127.0,LOW,0
25,288000.0,Business,7.0,583,2,6820.0,457000.0,120,1,257546.0,MEDIUM,0
62,302000.0,Self-Employed,28.2,726,2,6724.0,545000.0,120,1,132183.0,LOW,1
43,412000.0,Salaried,25.0,695,0,0.0,1564000.0,24,2,218085.0,MEDIUM,0
37,343000.0,Salaried,19.0,727,1,3952.0,643000.0,12,4,119410.0,LOW,1
32,618000.0,Salaried,14.0,651,1,4363.0,1526000.0,12,4,454010.0,MEDIUM,0
43,168000.0,Business,21.2,743,0,0.0,624000.0,84,5,79307.0,LOW,1
36,276000.0,Salaried,18.0,646,0,0.0,612000.0,36,0,204779.0,MEDIUM,0
23,1361000.0,Self-Employed,2.4,769,0,0.0,1675000.0,12,2,301254.0,HIGH,0
50,310000.0,Self-Employed,8.1,707,3,11557.0,530000.0,24,3,103876.0,MEDIUM,1
42,1139000.0,Self-Employed,0.2,663,1,2358.0,1924000.0,36,2,287719.0,MEDIUM,0
29,669000.0,Freelance,4.1,696,1,2103.0,1970000.0,48,1,600128.0,MEDIUM,1
49,182000.0,Salaried,13.2,678,2,742.0,254000.0,24,2,24258.0,MEDIUM,0
57,791000.0,Business,4.4,807,2,6674.0,2375000.0,24,1,292875.0,MEDIUM,1
43,504000.0,Salaried,25.0,699,1,1822.0,1809000.0,60,2,303139.0,MEDIUM,0
33,411000.0,Salaried,15.0,679,1,3088.0,634000.0,48,3,54096.0,MEDIUM,0
52,626000.0,Salaried,2.1,660,0,0.0,501000.0,48,3,29761.0,MEDIUM,1
43,718000.0,Salaried,7.5,747,2,943.0,1912000.0,120,2,620601.0,LOW,1
65,826000.0,Business,24.6,736,1,8037.0,1351000.0,36,0,627674.0,LOW,1
37,1096000.0,Self-Employed,19.0,658,1,1753.0,2494000.0,12,4,48925.0,MEDIUM,1
60,690000.0,Salaried,28.4,587,1,171.0,1826000.0,48,1,52729.0,MEDIUM,1
41,237000.0,Salaried,23.0,607,2,3784.0,429000.0,36,1,57416.0,MEDIUM,1
22,407000.0,Self-Employed,1.2,665,2,8886.0,1515000.0,48,1,402933.0,HIGH,0
57,3159000.0,Business,12.3,787,1,6962.0,5619000.0,84,2,2732814.0,LOW,1
26,835000.0,Salaried,7.5,659,0,0.0,1200000.0,24,2,730625.0,MEDIUM,0
64,2239000.0,Self-Employed,22.8,632,2,9446.0,8009000.0,84,4,1771694.0,LOW,1
38,1248000.0,Business,9.0,539,3,42425.0,1004000.0,48,0,1065795.0,MEDIUM,0
50,625000.0,Self-Employed,24.2,801,2,4224.0,475000.0,12,2,789266.0,LOW,1
42,647000.0,Salaried,16.0,725,5,17983.0,2434000.0,36,1,75997.0,HIGH,1
53,529000.0,Self-Employed,23.8,743,0,0.0,568000.0,12,2,35821.0,MEDIUM,0
50,190000.0,Self-Employed,8.3,756,0,0.0,161000.0,60,1,121840.0,LOW,1
37,546000.0,Business,15.2,666,1,6367.0,1245000.0,12,3,176243.0,MEDIUM,0
63,1117000.0,Self-Employed,16.9,686,0,0.0,528000.0,12,5,655094.0,MEDIUM,1
52,377000.0,Freelance,28.3,799,0,0.0,978000.0,36,1,60355.0,MEDIUM,1
62,692000.0,Salaried,8.0,694,1,5038.0,1367000.0,84,2,719065.0,LOW,1
34,901000.0,Freelance,16.0,727,1,2594.0,2405000.0,24,2,843161.0,MEDIUM,0
30,313000.0,Self-Employed,12.0,749,1,3875.0,423000.0,84,1,219328.0,LOW,1
56,412000.0,Self-Employed,21.9,731,4,5733.0,1504000.0,48,0,239592.0,MEDIUM,0
54,293000.0,Salaried,23.6,669,0,0.0,381000.0,48,2,156100.0,LOW,1
29,330000.0,Salaried,11.0,677,0,0.0,877000.0,120,0,230443.0,MEDIUM,1
62,250000.0,Business,7.3,742,0,0.0,949000.0,36,1,171442.0,MEDIUM,1
48,315000.0,Business,5.7,742,3,1227.0,562000.0,36,4,192507.0,MEDIUM,0
31,1266000.0,Salaried,13.0,773,2,17721.0,1136000.0,84,2,1116082.0,LOW,1
34,312000.0,Self-Employed,16.0,724,0,0.0,173000.0,120,3,287413.0,LOW,0
59,583000.0,Salaried,6.4,727,0,0.0,2252000.0,24,3,457087.0,MEDIUM,1
39,400000.0,Freelance,18.5,644,2,2267.0,1250000.0,24,1,173233.0,MEDIUM,1
35,1096000.0,Business,13.4,633,1,3440.0,4055000.0,60,1,491068.0,MEDIUM,1
48,1187000.0,Salaried,4.8,742,5,37397.0,3425000.0,48,0,186737.0,MEDIUM,1
44,907000.0,Business,16.0,634,1,4375.0,1421000.0,48,4,407275.0,MEDIUM,1
28,649000.0,Freelance,8.4,678,0,0.0,490000.0,120,1,571993.0,LOW,1
63,470000.0,Salaried,2.9,790,3,9448.0,1757000.0,60,2,59970.0,MEDIUM,0
29,264000.0,Business,11.0,777,1,2600.0,557000.0,36,2,68853.0,LOW,1
53,1734000.0,Salaried,17.7,704,1,12447.0,3064000.0,120,0,1701014.0,LOW,1
53,343000.0,Self-Employed,1.4,656,1,4178.0,836000.0,48,2,214327.0,MEDIUM,0
39,805000.0,Salaried,12.1,670,2,1995.0,559000.0,12,0,602679.0,LOW,1
23,1020000.0,Salaried,2.1,749,0,0.0,1473000.0,36,1,433819.0,LOW,1
30,387000.0,Salaried,0.9,677,1,2446.0,1029000.0,120,1,217244.0,MEDIUM,1
60,1007000.0,Salaried,3.8,635,0,0.0,675000.0,36,4,803001.0,LOW,1
62,855000.0,Business,4.2,777,3,16644.0,684000.0,24,5,966838.0,LOW,1
21,1524000.0,Salaried,0.9,694,1,6197.0,3336000.0,84,1,1693298.0,MEDIUM,0
49,408000.0,Salaried,24.1,633,0,0.0,1064000.0,120,2,360682.0,LOW,0
54,250000.0,Business,13.2,718,2,3949.0,248000.0,60,2,29114.0,MEDIUM,1
33,399000.0,Self-Employed,4.4,757,2,447.0,169000.0,84,0,182129.0,MEDIUM,0
21,613000.0,Self-Employed,0.8,599,3,13535.0,2358000.0,84,2,451783.0,MEDIUM,1
54,560000.0,Freelance,8.9,663,1,5072.0,225000.0,36,1,265798.0,LOW,1
49,427000.0,Business,23.9,660,3,5706.0,131000.0,24,0,209901.0,LOW,1
33,172000.0,Salaried,10.9,716,1,467.0,257000.0,12,3,162330.0,HIGH,1
49,717000.0,Self-Employed,4.8,730,0,0.0,805000.0,12,2,723355.0,MEDIUM,0
59,1765000.0,Freelance,12.1,635,3,5417.0,4275000.0,48,1,1460188.0,MEDIUM,1
44,714000.0,Salaried,16.7,560,1,801.0,2577000.0,60,1,243049.0,MEDIUM,0
46,779000.0,Salaried,0.9,762,2,3246.0,1620000.0,60,1,248766.0,LOW,1
37,762000.0,Salaried,18.8,590,4,730.0,2409000.0,24,3,277340.0,MEDIUM,1
27,686000.0,Salaried,9.0,701,2,4566.0,2514000.0,48,3,562028.0,HIGH,1
33,945000.0,Business,0.3,669,0,0.0,946000.0,84,2,399584.0,LOW,1
25,685000.0,Business,7.0,692,3,25565.0,1443000.0,60,1,67598.0,MEDIUM,0
46,448000.0,Freelance,21.4,812,1,5553.0,1199000.0,48,2,486868.0,LOW,1
23,335000.0,Business,3.1,900,1,783.0,512000.0,24,4,47560.0,LOW,1
27,465000.0,Salaried,9.0,549,0,0.0,1412000.0,48,0,410334.0,HIGH,0
59,652000.0,Salaried,15.9,758,1,4009.0,1897000.0,120,3,706785.0,LOW,1
21,447000.0,Freelance,3.0,667,2,1663.0,831000.0,36,2,467629.0,MEDIUM,0
37,653000.0,Salaried,19.0,763,1,4114.0,408000.0,36,3,690297.0,LOW,0
63,703000.0,Salaried,17.5,756,2,7019.0,241000.0,36,2,114962.0,LOW,1
45,891000.0,Freelance,2.5,792,3,10846.0,1485000.0,36,3,511780.0,MEDIUM,1
23,1167000.0,Self-Employed,1.6,702,1,12000.0,704000.0,12,2,1226333.0,MEDIUM,1
35,566000.0,Salaried,17.0,608,2,11718.0,1807000.0,84,0,67835.0,HIGH,0
49,247000.0,Business,11.1,754,2,6100.0,380000.0,12,0,100949.0,MEDIUM,0
63,439000.0,Freelance,26.3,689,2,2448.0,1214000.0,60,2,240685.0,MEDIUM,1
52,555000.0,Salaried,25.3,661,1,6162.0,878000.0,12,2,281124.0,MEDIUM,1
46,180000.0,Business,5.3,641,1,1210.0,584000.0,84,1,178197.0,MEDIUM,1
36,1243000.0,Salaried,18.0,760,1,9190.0,4459000.0,120,3,647824.0,MEDIUM,0
45,589000.0,Self-Employed,13.2,808,1,6599.0,2002000.0,48,3,208469.0,MEDIUM,0
48,679000.0,Freelance,21.7,584,1,8001.0,1421000.0,48,3,297996.0,MEDIUM,0
29,1226000.0,Freelance,11.0,729,2,22277.0,749000.0,12,4,612589.0,MEDIUM,1
21,370000.0,Salaried,1.2,650,0,0.0,620000.0,48,2,249972.0,MEDIUM,0
49,763000.0,Salaried,12.0,562,4,18681.0,1427000.0,84,2,689264.0,LOW,1
42,506000.0,Salaried,24.0,691,2,7780.0,1950000.0,60,4,325057.0,MEDIUM,0
36,484000.0,Self-Employed,6.9,613,1,5013.0,1158000.0,24,2,231871.0,HIGH,0
61,340000.0,Salaried,7.7,553,0,0.0,908000.0,12,2,184364.0,MEDIUM,1
64,1468000.0,Salaried,10.8,617,2,13412.0,4688000.0,36,2,1446170.0,MEDIUM,1
61,431000.0,Salaried,25.8,597,2,4503.0,1035000.0,48,5,266370.0,MEDIUM,1
27,822000.0,Salaried,9.0,628,4,2073.0,2067000.0,48,1,128086.0,MEDIUM,0
34,175000.0,Salaried,6.6,573,1,2022.0,211000.0,24,1,148653.0,MEDIUM,0
49,1097000.0,Business,25.9,648,0,0.0,568000.0,60,2,702216.0,LOW,1
39,1016000.0,Salaried,7.7,622,3,22095.0,3017000.0,120,1,191701.0,HIGH,0
39,573000.0,Salaried,21.0,710,1,6243.0,1971000.0,48,3,171353.0,MEDIUM,0
22,472000.0,Business,3.7,727,2,4966.0,861000.0,36,3,84681.0,MEDIUM,0
61,687000.0,Business,0.2,700,0,0.0,1601000.0,24,1,760082.0,MEDIUM,1
65,2134000.0,Salaried,1.0,661,2,42884.0,3066000.0,120,1,235050.0,MEDIUM,0
35,188000.0,Salaried,4.4,659,0,0.0,370000.0,48,0,156550.0,LOW,1
23,864000.0,Business,1.6,613,2,8902.0,927000.0,84,1,310113.0,MEDIUM,1
31,313000.0,Salaried,13.0,614,1,2704.0,974000.0,84,0,34958.0,MEDIUM,0
50,534000.0,Business,6.7,736,4,11277.0,1132000.0,36,3,293245.0,MEDIUM,1
60,466000.0,Salaried,29.1,539,0,0.0,1083000.0,120,0,13592.0,LOW,1
38,418000.0,Salaried,19.1,673,1,3106.0,183000.0,84,0,379529.0,LOW,1
22,537000.0,Self-Employed,2.6,654,0,0.0,1398000.0,48,0,320003.0,MEDIUM,0
52,274000.0,Business,6.5,727,3,4233.0,288000.0,36,1,154189.0,MEDIUM,0
28,1002000.0,Freelance,10.0,565,2,713.0,1722000.0,84,1,764434.0,LOW,1
42,184000.0,Salaried,20.0,680,1,344.0,336000.0,120,3,109831.0,LOW,1
26,747000.0,Self-Employed,8.0,707,0,0.0,1464000.0,24,1,528550.0,MEDIUM,1
32,444000.0,Salaried,14.0,527,1,3183.0,507000.0,120,2,308839.0,LOW,1
60,268000.0,Self-Employed,3.8,594,1,490.0,923000.0,120,3,188665.0,MEDIUM,1
56,610000.0,Business,2.9,672,1,5762.0,1149000.0,60,3,450250.0,MEDIUM,0
35,212000.0,Salaried,17.0,721,2,1977.0,544000.0,12,0,179637.0,MEDIUM,1
48,553000.0,Freelance,26.0,694,0,0.0,1422000.0,84,1,181190.0,LOW,1
65,230000.0,Self-Employed,17.5,724,2,2229.0,586000.0,12,0,40212.0,MEDIUM,0
38,713000.0,Freelance,11.0,593,3,4006.0,1689000.0,60,2,436058.0,MEDIUM,0
22,310000.0,Business,1.1,552,3,8811.0,1037000.0,48,1,69020.0,HIGH,1
33,412000.0,Salaried,9.2,686,2,5848.0,1362000.0,24,2,36803.0,HIGH,0
65,645000.0,Salaried,7.2,581,1,3118.0,1189000.0,36,2,169581.0,MEDIUM,0
35,340000.0,Salaried,14.6,610,2,3026.0,902000.0,120,2,246201.0,LOW,1
40,522000.0,Salaried,6.5,754,0,0.0,355000.0,24,2,466525.0,LOW,0
49,218000.0,Self-Employed,14.5,695,0,0.0,139000.0,60,1,225527.0,LOW,1
62,789000.0,Self-Employed,28.7,634,2,579.0,1638000.0,48,0,559971.0,LOW,1
49,1558000.0,Freelance,25.2,624,3,29353.0,5657000.0,48,1,726332.0,MEDIUM,0
23,2886000.0,Salaried,2.7,729,0,0.0,7807000.0,120,1,988147.0,LOW,0
39,571000.0,Business,21.0,696,0,0.0,1585000.0,60,0,500228.0,LOW,1
23,867000.0,Freelance,2.7,582,2,618.0,766000.0,24,1,353032.0,MEDIUM,0
34,186000.0,Business,16.0,524,0,0.0,368000.0,12,5,128679.0,MEDIUM,1
60,1331000.0,Salaried,27.7,830,2,15051.0,2373000.0,24,3,1570482.0,LOW,1
24,861000.0,Self-Employed,3.0,582,0,0.0,2753000.0,84,3,303156.0,MEDIUM,1
31,404000.0,Salaried,13.0,722,0,0.0,327000.0,48,3,175591.0,LOW,1
51,1135000.0,Salaried,6.3,800,1,4581.0,2605000.0,48,3,1378320.0,LOW,1
63,464000.0,Salaried,1.2,691,3,4408.0,1704000.0,120,1,219648.0,MEDIUM,0
52,411000.0,Business,4.4,631,2,1658.0,1480000.0,84,1,303128.0,MEDIUM,0
47,719000.0,Self-Employed,29.0,565,3,13121.0,2483000.0,120,1,261846.0,LOW,1
50,285000.0,Self-Employed,13.9,564,1,333.0,481000.0,84,3,192403.0,MEDIUM,1
63,997000.0,Freelance,25.6,710,3,29372.0,3771000.0,120,3,234134.0,MEDIUM,1
22,287000.0,Salaried,1.4,796,1,1689.0,941000.0,60,0,318256.0,LOW,1
29,288000.0,Self-Employed,11.0,648,3,4827.0,993000.0,24,4,300027.0,MEDIUM,0
48,313000.0,Business,0.7,635,1,7.0,1174000.0,12,1,250908.0,MEDIUM,1
51,852000.0,Salaried,7.5,735,1,8710.0,3209000.0,24,2,392657.0,MEDIUM,0
54,373000.0,Self-Employed,13.1,625,1,2298.0,443000.0,84,2,216608.0,LOW,1
35,241000.0,Salaried,17.0,701,2,2650.0,186000.0,48,0,188919.0,MEDIUM,0
45,376000.0,Business,5.1,683,0,0.0,1074000.0,24,2,92573.0,MEDIUM,1
56,530000.0,Salaried,22.9,647,4,1667.0,1263000.0,48,2,171916.0,MEDIUM,0
28,266000.0,Salaried,10.0,678,1,1219.0,402000.0,48,2,239004.0,LOW,1
29,271000.0,Self-Employed,11.0,821,1,1950.0,768000.0,36,1,349516.0,LOW,1
57,1918000.0,Salaried,2.9,728,0,0.0,1015000.0,120,3,681949.0,LOW,1
65,322000.0,Salaried,20.4,767,0,0.0,153000.0,12,2,71816.0,LOW,1
59,445000.0,Salaried,8.8,606,2,3329.0,717000.0,60,0,430756.0,LOW,1
52,434000.0,Salaried,23.9,767,2,3257.0,441000.0,84,3,188445.0,LOW,1
37,420000.0,Self-Employed,12.1,731,3,15624.0,1243000.0,12,2,397476.0,MEDIUM,0
55,785000.0,Self-Employed,20.0,560,0,0.0,2989000.0,24,0,283965.0,MEDIUM,0
57,954000.0,Self-Employed,28.0,723,4,9787.0,2622000.0,84,1,1079604.0,MEDIUM,0
39,450000.0,Self-Employed,0.6,638,1,4627.0,1225000.0,84,1,287244.0,MEDIUM,0
64,257000.0,Salaried,0.3,556,3,4059.0,83000.0,36,3,100302.0,MEDIUM,1
49,1161000.0,Salaried,23.1,690,0,0.0,2549000.0,48,1,270490.0,MEDIUM,1
27,510000.0,Business,9.0,723,2,6998.0,1695000.0,12,2,170207.0,MEDIUM,0
48,1526000.0,Business,8.8,692,2,22726.0,4151000.0,48,0,1493852.0,LOW,1
29,150000.0,Salaried,11.0,671,1,1107.0,171000.0,48,3,14573.0,MEDIUM,1
48,608000.0,Salaried,1.3,653,0,0.0,2091000.0,36,1,120067.0,MEDIUM,0
26,1709000.0,Self-Employed,5.8,877,2,34985.0,6611000.0,84,3,547693.0,MEDIUM,0
49,437000.0,Self-Employed,12.7,585,0,0.0,582000.0,84,2,42147.0,MEDIUM,0
37,472000.0,Self-Employed,19.0,749,1,1725.0,503000.0,120,1,406028.0,LOW,1
36,645000.0,Salaried,14.4,681,2,2797.0,1001000.0,12,2,707263.0,MEDIUM,1
43,386000.0,Business,17.6,611,2,7402.0,206000.0,36,2,64434.0,MEDIUM,1
51,448000.0,Salaried,26.2,676,5,16342.0,1582000.0,120,1,399904.0,MEDIUM,1
23,441000.0,Self-Employed,0.6,568,1,4164.0,1649000.0,48,2,82659.0,HIGH,0
41,371000.0,Business,21.0,632,1,3030.0,981000.0,12,3,372806.0,MEDIUM,0
46,1130000.0,Self-Employed,25.9,676,1,1471.0,3535000.0,84,2,655421.0,MEDIUM,1
56,713000.0,Salaried,6.1,555,2,5374.0,1978000.0,48,2,544833.0,MEDIUM,1
62,628000.0,Freelance,10.7,720,4,15928.0,1065000.0,48,1,147500.0,MEDIUM,1
57,878000.0,Business,29.4,602,5,16734.0,2317000.0,12,3,763830.0,LOW,1
42,461000.0,Business,24.0,563,4,4778.0,1565000.0,60,1,47103.0,MEDIUM,0
62,340000.0,Salaried,6.7,593,3,11090.0,1121000.0,36,2,18155.0,MEDIUM,0
32,376000.0,Salaried,2.0,854,5,17573.0,226000.0,24,0,383573.0,MEDIUM,0
62,541000.0,Freelance,8.1,521,1,2335.0,1088000.0,84,2,61702.0,MEDIUM,0
33,286000.0,Self-Employed,11.9,714,4,10940.0,506000.0,48,4,292332.0,MEDIUM,1
31,400000.0,Business,13.0,619,2,6275.0,1233000.0,84,1,255651.0,MEDIUM,0
36,396000.0,Salaried,18.0,651,0,0.0,853000.0,36,2,148888.0,MEDIUM,0
28,1933000.0,Salaried,10.0,728,0,0.0,3081000.0,36,3,698465.0,LOW,1
60,150000.0,Freelance,9.9,724,0,0.0,437000.0,12,3,20120.0,MEDIUM,0
60,485000.0,Self-Employed,25.5,625,2,2642.0,995000.0,12,4,344462.0,LOW,1
65,1522000.0,Salaried,2.8,571,2,9573.0,1902000.0,120,1,1293881.0,LOW,1
22,581000.0,Salaried,0.9,729,0,0.0,2088000.0,12,2,533607.0,MEDIUM,1
50,849000.0,Self-Employed,15.1,724,2,10322.0,610000.0,36,2,639671.0,LOW,1
50,574000.0,Salaried,1.8,657,0,0.0,211000.0,12,2,91354.0,MEDIUM,1
32,362000.0,Self-Employed,11.8,715,3,2908.0,301000.0,24,4,354853.0,LOW,1
30,150000.0,Salaried,12.0,644,2,654.0,136000.0,36,1,152520.0,LOW,0
64,611000.0,Business,7.2,613,5,33941.0,1400000.0,12,3,175200.0,MEDIUM,1
31,339000.0,Salaried,13.0,680,0,0.0,885000.0,120,2,166194.0,MEDIUM,1
35,334000.0,Freelance,9.1,721,3,11212.0,655000.0,48,2,18596.0,MEDIUM,1
36,401000.0,Salaried,1.3,704,1,316.0,423000.0,36,1,388568.0,LOW,1
37,1539000.0,Self-Employed,16.7,720,1,17630.0,1214000.0,60,2,97363.0,LOW,1
46,2287000.0,Salaried,25.0,619,1,11877.0,4851000.0,60,3,1161292.0,MEDIUM,1
22,616000.0,Business,3.0,806,2,2393.0,1474000.0,36,2,485857.0,MEDIUM,0
32,409000.0,Freelance,14.0,652,5,17469.0,583000.0,36,3,37942.0,MEDIUM,0
46,267000.0,Business,27.0,670,2,5319.0,298000.0,60,1,59528.0,MEDIUM,0
43,716000.0,Self-Employed,23.7,574,4,1696.0,428000.0,48,0,530958.0,LOW,1
38,1575000.0,Self-Employed,5.8,664,1,19435.0,625000.0,48,1,475000.0,LOW,1
52,466000.0,Business,22.0,722,1,4060.0,322000.0,48,2,406463.0,LOW,1
58,150000.0,Freelance,15.1,741,1,603.0,457000.0,24,3,138830.0,MEDIUM,0
23,808000.0,Freelance,1.7,804,1,1528.0,1271000.0,84,3,459641.0,LOW,1
58,976000.0,Salaried,14.8,721,5,23944.0,392000.0,84,1,109988.0,LOW,1
23,209000.0,Freelance,2.8,702,2,1152.0,456000.0,120,2,10554.0,LOW,1
50,601000.0,Salaried,17.1,644,1,3712.0,1372000.0,24,1,322088.0,MEDIUM,0
21,708000.0,Salaried,0.2,627,2,13840.0,1335000.0,120,2,74117.0,MEDIUM,1
50,517000.0,Salaried,15.5,757,1,4266.0,367000.0,48,1,475280.0,LOW,1
65,336000.0,Salaried,26.4,756,0,0.0,1039000.0,60,3,168345.0,MEDIUM,1
52,994000.0,Business,26.8,593,1,1478.0,2833000.0,24,0,663993.0,MEDIUM,0
48,424000.0,Business,13.6,737,2,10146.0,746000.0,12,1,220386.0,LOW,1
41,222000.0,Business,13.7,732,5,3751.0,379000.0,84,3,171543.0,LOW,0
33,158000.0,Self-Employed,15.0,590,0,0.0,139000.0,24,1,126865.0,LOW,1
47,1151000.0,Self-Employed,15.6,723,1,9287.0,3554000.0,60,1,1216957.0,MEDIUM,0
56,782000.0,Business,28.5,596,0,0.0,1969000.0,60,3,37586.0,MEDIUM,0
27,570000.0,Salaried,9.0,485,0,0.0,352000.0,36,0,289904.0,MEDIUM,1
42,415000.0,Business,8.3,667,2,10055.0,705000.0,60,1,262299.0,MEDIUM,0
30,393000.0,Self-Employed,12.0,700,0,0.0,1432000.0,120,3,293377.0,LOW,1
59,283000.0,Self-Employed,18.8,670,2,3080.0,559000.0,48,4,27795.0,MEDIUM,0
35,417000.0,Self-Employed,17.0,900,1,869.0,626000.0,120,3,63113.0,LOW,1
35,151000.0,Business,17.0,710,0,0.0,405000.0,60,0,90570.0,MEDIUM,0
24,347000.0,Salaried,2.4,691,1,75.0,365000.0,24,3,34850.0,LOW,1
52,448000.0,Salaried,1.0,714,0,0.0,1003000.0,24,2,412450.0,MEDIUM,0
43,779000.0,Business,10.1,644,3,74.0,2163000.0,24,3,639266.0,MEDIUM,0
26,528000.0,Self-Employed,8.0,754,0,0.0,1828000.0,60,1,96427.0,MEDIUM,1
44,871000.0,Business,1.9,708,0,0.0,2493000.0,48,1,479774.0,MEDIUM,0
40,1214000.0,Salaried,22.0,705,2,11937.0,2091000.0,84,4,855965.0,MEDIUM,0
57,1020000.0,Salaried,10.3,630,5,23543.0,3204000.0,48,4,905652.0,MEDIUM,0
40,717000.0,Business,22.0,554,3,22342.0,2598000.0,36,1,634183.0,MEDIUM,0
32,544000.0,Self-Employed,4.6,639,1,4590.0,1125000.0,12,0,28365.0,HIGH,0
53,300000.0,Self-Employed,1.7,702,0,0.0,95000.0,48,4,170878.0,LOW,1
48,842000.0,Salaried,14.5,644,2,9374.0,2997000.0,120,1,717345.0,MEDIUM,0
28,1480000.0,Salaried,5.7,703,3,15109.0,1350000.0,84,0,1372380.0,LOW,1
21,663000.0,Self-Employed,2.7,661,1,1017.0,509000.0,84,1,399557.0,LOW,1
57,1707000.0,Salaried,0.3,714,1,14339.0,2455000.0,24,1,420052.0,MEDIUM,0
42,216000.0,Business,12.4,601,0,0.0,368000.0,36,0,121058.0,MEDIUM,0
26,270000.0,Business,8.0,695,0,0.0,880000.0,84,5,126902.0,MEDIUM,0
41,903000.0,Salaried,11.5,628,2,19838.0,1571000.0,48,1,396511.0,MEDIUM,1
52,633000.0,Self-Employed,2.8,556,0,0.0,304000.0,48,1,199547.0,LOW,1
55,1189000.0,Self-Employed,9.1,666,0,0.0,3154000.0,120,1,224318.0,LOW,0
35,535000.0,Salaried,14.9,802,0,0.0,1489000.0,12,1,530903.0,MEDIUM,0
25,321000.0,Salaried,5.6,563,1,2087.0,1063000.0,12,1,209853.0,MEDIUM,0
26,475000.0,Salaried,8.0,689,0,0.0,844000.0,12,4,299743.0,MEDIUM,1
45,215000.0,Self-Employed,25.1,743,1,1073.0,133000.0,48,0,99129.0,LOW,1
60,275000.0,Self-Employed,26.2,864,4,10791.0,645000.0,84,4,327440.0,MEDIUM,0
49,968000.0,Self-Employed,1.5,640,0,0.0,724000.0,120,2,190076.0,LOW,1
27,912000.0,Business,4.8,629,2,6431.0,331000.0,48,2,424165.0,LOW,1
60,672000.0,Business,8.3,586,3,23402.0,2137000.0,24,0,424799.0,MEDIUM,1
33,192000.0,Self-Employed,15.0,771,1,571.0,344000.0,60,1,202440.0,LOW,0
58,436000.0,Business,10.8,610,0,0.0,978000.0,12,0,286160.0,MEDIUM,1
38,259000.0,Salaried,20.0,650,0,0.0,713000.0,24,2,40484.0,MEDIUM,0
22,1095000.0,Business,0.4,532,2,24488.0,1953000.0,24,1,123023.0,HIGH,0
28,381000.0,Self-Employed,3.0,750,2,4835.0,186000.0,84,2,38702.0,LOW,1
31,282000.0,Business,13.0,772,0,0.0,348000.0,36,3,206775.0,LOW,1
53,550000.0,Self-Employed,3.4,747,3,20135.0,560000.0,24,2,181752.0,LOW,1
58,368000.0,Salaried,7.7,551,2,7206.0,1441000.0,12,0,61373.0,HIGH,0
47,1316000.0,Self-Employed,5.3,728,1,2839.0,3996000.0,60,0,182204.0,MEDIUM,1
40,348000.0,Salaried,5.2,546,2,6859.0,686000.0,120,3,200311.0,MEDIUM,1
32,233000.0,Self-Employed,14.0,684,0,0.0,125000.0,24,1,199111.0,LOW,1
63,150000.0,Self-Employed,16.9,696,2,872.0,109000.0,120,1,147877.0,LOW,1
51,530000.0,Business,5.3,704,0,0.0,1753000.0,48,1,373383.0,HIGH,0
47,386000.0,Self-Employed,29.0,722,2,6853.0,1466000.0,48,2,172385.0,HIGH,0
52,229000.0,Self-Employed,12.7,679,0,0.0,95000.0,24,1,124425.0,MEDIUM,1
30,1103000.0,Salaried,2.9,523,2,5741.0,4046000.0,12,2,600822.0,HIGH,1
23,806000.0,Freelance,1.9,722,0,0.0,1377000.0,84,2,692171.0,LOW,1
65,531000.0,Business,17.5,687,2,11690.0,579000.0,84,2,393069.0,MEDIUM,0
47,1225000.0,Business,29.0,607,0,0.0,831000.0,60,3,1164845.0,LOW,1
55,804000.0,Salaried,17.2,554,0,0.0,2537000.0,60,2,545522.0,MEDIUM,1
51,330000.0,Self-Employed,28.5,803,0,0.0,672000.0,12,1,333159.0,LOW,1
35,290000.0,Salaried,13.3,778,0,0.0,980000.0,48,0,308098.0,LOW,1
36,883000.0,Self-Employed,13.1,736,2,21991.0,1004000.0,48,1,512368.0,LOW,1
33,685000.0,Salaried,15.0,625,5,29228.0,1925000.0,84,2,201315.0,MEDIUM,0
55,598000.0,Self-Employed,20.9,478,2,9271.0,441000.0,120,1,374486.0,LOW,1
31,325000.0,Self-Employed,11.0,741,3,12062.0,205000.0,84,1,191403.0,MEDIUM,0
41,778000.0,Salaried,23.0,709,0,0.0,617000.0,36,0,562556.0,LOW,1
31,343000.0,Self-Employed,0.9,650,0,0.0,1129000.0,24,0,163488.0,MEDIUM,1
50,508000.0,Business,13.2,769,2,7121.0,1385000.0,84,1,268668.0,LOW,1
55,1287000.0,Salaried,15.3,747,5,28850.0,1176000.0,24,0,1081934.0,LOW,1
42,363000.0,Business,18.2,694,2,878.0,626000.0,84,1,279826.0,LOW,1
58,210000.0,Salaried,8.3,682,1,804.0,656000.0,120,2,77995.0,LOW,1
51,287000.0,Salaried,12.8,684,0,0.0,389000.0,48,2,69561.0,LOW,0
34,981000.0,Salaried,14.5,734,0,0.0,3638000.0,24,0,190176.0,MEDIUM,0
44,630000.0,Business,20.6,611,1,743.0,2321000.0,12,2,89772.0,MEDIUM,0
52,500000.0,Salaried,23.2,714,2,6752.0,1173000.0,60,1,483763.0,LOW,1
56,398000.0,Business,22.1,606,0,0.0,1050000.0,84,1,121569.0,LOW,0
52,723000.0,Self-Employed,10.2,786,3,18093.0,1964000.0,36,0,648082.0,MEDIUM,1
35,325000.0,Salaried,17.0,722,4,8929.0,408000.0,12,1,120196.0,MEDIUM,1
63,649000.0,Business,25.5,624,3,22554.0,1072000.0,12,3,447413.0,MEDIUM,0
55,348000.0,Salaried,7.8,686,3,492.0,279000.0,12,2,385669.0,LOW,1
23,315000.0,Business,0.4,611,0,0.0,1172000.0,24,3,30408.0,MEDIUM,0
36,369000.0,Salaried,9.4,800,5,4446.0,1099000.0,60,1,325281.0,MEDIUM,0
25,431000.0,Salaried,7.0,809,1,2892.0,203000.0,120,3,177113.0,LOW,0
41,525000.0,Business,23.0,735,3,16805.0,1225000.0,120,0,72152.0,LOW,1
30,622000.0,Freelance,12.0,804,0,0.0,976000.0,36,3,90868.0,MEDIUM,0
39,150000.0,Salaried,21.0,692,1,747.0,497000.0,48,2,66901.0,MEDIUM,0
45,333000.0,Business,8.2,741,0,0.0,523000.0,12,2,226174.0,MEDIUM,1
24,427000.0,Salaried,0.3,777,0,0.0,1146000.0,12,1,361548.0,MEDIUM,1
49,1333000.0,Business,8.5,679,4,420.0,1217000.0,120,2,863582.0,LOW,1
39,283000.0,Self-Employed,3.3,685,3,9076.0,670000.0,12,2,286651.0,MEDIUM,0
63,596000.0,Salaried,20.5,754,1,890.0,827000.0,48,2,134808.0,LOW,1
22,1325000.0,Salaried,0.8,731,1,292.0,1206000.0,120,2,1331884.0,LOW,1
30,246000.0,Salaried,12.0,619,2,2176.0,637000.0,84,3,134916.0,MEDIUM,1
63,684000.0,Salaried,19.4,505,1,3244.0,1821000.0,24,0,478622.0,MEDIUM,0
45,334000.0,Salaried,24.3,665,2,645.0,1315000.0,24,2,162103.0,MEDIUM,1
40,399000.0,Self-Employed,4.2,512,1,4061.0,1108000.0,60,3,163486.0,MEDIUM,0
39,334000.0,Freelance,21.0,600,2,3387.0,738000.0,24,3,143798.0,MEDIUM,1
43,348000.0,Salaried,25.0,610,4,8525.0,1279000.0,24,0,43721.0,HIGH,0
44,2767000.0,Self-Employed,25.5,634,1,9153.0,9310000.0,36,3,496653.0,MEDIUM,0
31,897000.0,Self-Employed,13.0,745,1,5735.0,2090000.0,36,0,588141.0,MEDIUM,1
54,1047000.0,Freelance,19.9,763,3,30104.0,2295000.0,120,3,724090.0,LOW,1
48,726000.0,Self-Employed,12.7,720,3,24671.0,2748000.0,24,1,417713.0,MEDIUM,0
25,206000.0,Self-Employed,7.0,730,5,12496.0,532000.0,36,2,11333.0,MEDIUM,0
25,685000.0,Self-Employed,7.0,732,2,7308.0,2015000.0,84,0,431277.0,MEDIUM,1
41,1029000.0,Salaried,18.9,480,1,12734.0,639000.0,60,2,127997.0,MEDIUM,1
32,324000.0,Salaried,14.0,680,0,0.0,958000.0,24,1,209830.0,MEDIUM,1
24,964000.0,Salaried,1.3,536,0,0.0,1233000.0,36,3,259561.0,MEDIUM,0
62,825000.0,Salaried,3.6,720,2,15832.0,600000.0,48,2,969591.0,LOW,1
40,1642000.0,Self-Employed,16.8,512,0,0.0,5655000.0,36,3,513089.0,MEDIUM,0
58,421000.0,Salaried,8.0,665,2,552.0,1203000.0,36,2,378966.0,MEDIUM,0
45,280000.0,Self-Employed,11.5,723,3,9702.0,506000.0,120,2,90230.0,MEDIUM,1
34,435000.0,Salaried,0.5,590,4,17222.0,825000.0,48,2,90176.0,HIGH,0
31,1279000.0,Freelance,11.5,756,0,0.0,1317000.0,60,1,394342.0,LOW,1
52,180000.0,Business,24.3,720,1,1748.0,60000.0,48,2,75795.0,LOW,1
31,156000.0,Salaried,13.0,710,3,4937.0,248000.0,60,3,155522.0,LOW,1
38,570000.0,Salaried,0.3,735,1,6450.0,484000.0,84,3,532880.0,MEDIUM,0
47,414000.0,Self-Employed,14.1,651,3,8441.0,770000.0,120,1,200141.0,LOW,1
38,543000.0,Salaried,8.7,692,3,14323.0,1838000.0,48,1,132717.0,MEDIUM,1
43,953000.0,Salaried,14.3,680,1,9080.0,691000.0,60,2,85450.0,LOW,1
31,388000.0,Salaried,12.1,678,1,3340.0,248000.0,60,3,272237.0,LOW,0
41,176000.0,Freelance,23.0,626,1,1423.0,640000.0,12,0,128694.0,MEDIUM,0
64,1843000.0,Business,1.2,580,2,25229.0,5634000.0,120,0,1072831.0,MEDIUM,0
25,297000.0,Self-Employed,7.0,653,1,1779.0,147000.0,12,3,164231.0,MEDIUM,1
43,286000.0,Self-Employed,25.0,648,2,7122.0,170000.0,36,1,294929.0,MEDIUM,0
61,1048000.0,Freelance,28.8,621,3,13266.0,2970000.0,48,2,60623.0,HIGH,0
45,429000.0,Freelance,5.3,748,1,473.0,717000.0,60,3,523454.0,LOW,1
61,520000.0,Freelance,15.9,586,4,19891.0,1549000.0,12,3,148494.0,MEDIUM,0
30,722000.0,Salaried,1.3,666,2,3860.0,1297000.0,36,3,317855.0,MEDIUM,1
42,1035000.0,Salaried,15.0,773,3,20675.0,4017000.0,36,2,1006113.0,MEDIUM,0
39,442000.0,Self-Employed,3.8,752,0,0.0,1268000.0,36,0,138709.0,MEDIUM,0
21,1345000.0,Self-Employed,1.6,777,1,10412.0,635000.0,12,2,1243325.0,MEDIUM,0
27,150000.0,Salaried,3.4,632,1,1770.0,228000.0,84,4,54870.0,MEDIUM,1
24,852000.0,Salaried,2.1,742,1,7697.0,2032000.0,24,1,982524.0,MEDIUM,0
21,327000.0,Business,2.8,594,0,0.0,270000.0,120,1,62863.0,LOW,1
35,1231000.0,Business,17.0,657,3,44830.0,381000.0,120,3,1235775.0,LOW,1
60,588000.0,Salaried,19.6,665,1,2257.0,349000.0,84,0,510892.0,LOW,1
32,361000.0,Business,8.6,633,4,7881.0,809000.0,84,3,73780.0,MEDIUM,1
42,804000.0,Self-Employed,7.2,651,2,10012.0,2122000.0,36,1,349144.0,HIGH,0
42,923000.0,Business,3.8,640,0,0.0,594000.0,120,1,129395.0,LOW,1
37,794000.0,Salaried,19.0,601,1,684.0,2192000.0,120,2,475455.0,LOW,0
49,291000.0,Salaried,20.7,748,5,12672.0,752000.0,24,1,345392.0,MEDIUM,1
34,404000.0,Salaried,16.0,665,2,3656.0,1526000.0,24,2,48350.0,MEDIUM,1
40,539000.0,Self-Employed,1.2,696,0,0.0,1838000.0,24,4,174253.0,MEDIUM,1
53,527000.0,Self-Employed,22.9,693,4,24638.0,1997000.0,36,1,457797.0,MEDIUM,0
63,847000.0,Salaried,19.3,684,0,0.0,3282000.0,60,4,452712.0,MEDIUM,0
35,161000.0,Freelance,17.0,687,2,3033.0,311000.0,24,4,65515.0,MEDIUM,1
32,660000.0,Salaried,14.0,655,1,1983.0,1389000.0,12,1,434456.0,LOW,0
60,454000.0,Salaried,9.1,793,1,4322.0,609000.0,12,1,189230.0,MEDIUM,0
40,327000.0,Self-Employed,11.4,740,1,3386.0,713000.0,24,5,140119.0,MEDIUM,1
50,346000.0,Self-Employed,5.3,681,4,7453.0,297000.0,24,0,313975.0,MEDIUM,0
58,475000.0,Salaried,21.7,644,3,10188.0,1323000.0,24,2,205809.0,MEDIUM,1
23,150000.0,Business,1.7,670,1,1822.0,59000.0,120,1,116972.0,LOW,0
48,355000.0,Self-Employed,6.0,713,1,3757.0,416000.0,12,3,74552.0,MEDIUM,1
46,319000.0,Self-Employed,4.8,799,0,0.0,341000.0,48,0,176808.0,LOW,0
50,744000.0,Business,2.3,570,0,0.0,2805000.0,60,1,389056.0,HIGH,0
33,333000.0,Salaried,15.0,732,1,3264.0,278000.0,48,0,117154.0,LOW,1
33,475000.0,Self-Employed,7.0,770,1,144.0,1708000.0,12,0,266485.0,MEDIUM,0
22,1363000.0,Business,3.9,561,0,0.0,1036000.0,12,1,948961.0,MEDIUM,0
57,981000.0,Salaried,8.4,665,1,12073.0,2656000.0,36,2,202350.0,MEDIUM,1
58,929000.0,Salaried,12.4,594,2,21998.0,1378000.0,48,2,463595.0,MEDIUM,0
22,400000.0,Freelance,1.3,714,3,12487.0,588000.0,24,1,134546.0,HIGH,0
56,748000.0,Salaried,26.1,651,2,1986.0,2987000.0,84,1,342223.0,MEDIUM,1
46,470000.0,Self-Employed,5.5,669,2,11680.0,534000.0,120,3,204048.0,MEDIUM,1
31,480000.0,Freelance,13.0,647,1,3657.0,504000.0,24,2,338402.0,MEDIUM,0
28,691000.0,Salaried,10.0,737,1,1925.0,1714000.0,12,2,650469.0,MEDIUM,0
64,378000.0,Salaried,29.4,698,2,6372.0,1149000.0,36,2,223802.0,MEDIUM,1
60,1324000.0,Business,9.0,698,2,28351.0,5210000.0,48,3,295041.0,HIGH,0
63,491000.0,Business,0.2,692,1,689.0,1422000.0,36,0,486941.0,MEDIUM,0
42,783000.0,Self-Employed,15.5,725,1,8970.0,1863000.0,60,5,199400.0,MEDIUM,0
40,1294000.0,Self-Employed,4.5,659,4,59537.0,2347000.0,36,3,826692.0,HIGH,0
28,1003000.0,Business,1.3,816,2,338.0,2509000.0,60,1,736963.0,LOW,1
49,232000.0,Business,20.9,581,2,5222.0,585000.0,120,1,67826.0,MEDIUM,1
60,706000.0,Salaried,22.0,541,2,16711.0,781000.0,48,3,587462.0,MEDIUM,0
46,900000.0,Salaried,13.8,535,0,0.0,2505000.0,24,1,532854.0,MEDIUM,0
50,923000.0,Self-Employed,20.3,513,1,3394.0,975000.0,60,2,370319.0,LOW,1
37,277000.0,Business,16.1,733,4,5168.0,585000.0,24,2,154573.0,MEDIUM,1
40,364000.0,Business,18.9,724,1,1587.0,459000.0,120,1,53241.0,LOW,1
36,981000.0,Freelance,17.9,776,1,9307.0,1430000.0,120,2,991784.0,LOW,1
63,342000.0,Business,20.0,595,2,3062.0,879000.0,36,0,37735.0,MEDIUM,0
27,451000.0,Self-Employed,6.0,739,0,0.0,243000.0,36,0,124920.0,LOW,1
36,1391000.0,Salaried,8.1,684,2,34601.0,479000.0,120,2,300193.0,LOW,1
65,525000.0,Business,13.2,693,0,0.0,411000.0,48,0,59264.0,LOW,0
47,349000.0,Business,13.4,730,2,4439.0,323000.0,24,1,350538.0,LOW,1
43,319000.0,Self-Employed,23.2,619,2,4448.0,329000.0,48,1,292498.0,LOW,1
44,660000.0,Salaried,11.0,886,1,4780.0,2088000.0,60,0,621304.0,LOW,0
29,243000.0,Freelance,4.9,786,1,1137.0,475000.0,36,0,278677.0,LOW,1
55,466000.0,Self-Employed,7.5,637,0,0.0,950000.0,36,0,332332.0,MEDIUM,1
40,660000.0,Salaried,6.4,592,1,450.0,1771000.0,36,2,441131.0,MEDIUM,0
57,1178000.0,Self-Employed,21.9,672,1,1566.0,3531000.0,84,0,1158403.0,LOW,1
62,807000.0,Self-Employed,14.1,694,0,0.0,253000.0,36,2,112370.0,LOW,0
37,352000.0,Salaried,19.0,765,2,2467.0,1221000.0,120,2,38363.0,MEDIUM,1
51,1096000.0,Business,12.5,586,2,2105.0,4337000.0,36,0,88693.0,HIGH,0
28,451000.0,Salaried,10.0,702,1,3515.0,339000.0,60,0,227500.0,LOW,1
35,257000.0,Salaried,17.0,557,0,0.0,696000.0,60,4,219253.0,LOW,1
51,487000.0,Salaried,20.1,714,0,0.0,150000.0,120,0,500065.0,LOW,1
50,1281000.0,Business,25.9,671,2,19906.0,617000.0,48,3,1111348.0,LOW,1
40,597000.0,Freelance,15.2,834,0,0.0,809000.0,12,1,350278.0,LOW,0
59,544000.0,Business,28.0,556,0,0.0,1867000.0,36,1,405486.0,MEDIUM,0
32,1443000.0,Freelance,14.0,789,1,8306.0,3917000.0,36,0,460762.0,LOW,1
37,229000.0,Salaried,19.0,543,4,4990.0,446000.0,12,2,120094.0,MEDIUM,1
62,250000.0,Salaried,18.7,573,2,3417.0,481000.0,48,2,174972.0,LOW,1
50,205000.0,Self-Employed,23.4,545,3,5672.0,415000.0,60,2,22102.0,MEDIUM,0
49,676000.0,Salaried,16.3,700,0,0.0,981000.0,36,4,682815.0,LOW,1
39,597000.0,Business,7.8,586,0,0.0,2118000.0,48,2,417874.0,MEDIUM,0
31,1364000.0,Self-Employed,10.6,572,0,0.0,3275000.0,12,4,693215.0,MEDIUM,1
54,625000.0,Freelance,26.8,696,4,28830.0,1307000.0,60,0,66909.0,MEDIUM,1
27,424000.0,Salaried,1.7,716,1,4724.0,857000.0,60,1,351979.0,MEDIUM,0
64,541000.0,Self-Employed,17.7,683,1,3230.0,2036000.0,48,3,282225.0,MEDIUM,1
54,580000.0,Self-Employed,11.2,667,1,3776.0,1727000.0,24,2,472249.0,MEDIUM,0
40,198000.0,Salaried,11.6,826,2,2619.0,165000.0,24,2,18586.0,LOW,1
58,2747000.0,Self-Employed,26.5,691,1,29830.0,5265000.0,84,2,1834992.0,MEDIUM,0
44,738000.0,Salaried,25.6,744,1,7748.0,1009000.0,84,0,421480.0,LOW,1
30,613000.0,Salaried,12.0,691,5,11936.0,2422000.0,24,0,312063.0,HIGH,0
52,782000.0,Salaried,8.2,592,1,1592.0,1437000.0,120,0,401041.0,LOW,1
35,827000.0,Salaried,14.3,723,2,7835.0,456000.0,12,0,150485.0,LOW,1
57,497000.0,Self-Employed,12.2,627,1,1792.0,905000.0,24,0,476357.0,MEDIUM,1
40,370000.0,Salaried,10.6,672,3,13192.0,551000.0,48,0,291084.0,MEDIUM,1
23,774000.0,Salaried,1.6,704,1,2573.0,1949000.0,60,2,103302.0,MEDIUM,1
57,681000.0,Salaried,16.3,524,0,0.0,774000.0,48,0,63157.0,LOW,1
60,332000.0,Salaried,9.1,551,2,7466.0,144000.0,48,2,69962.0,LOW,1
28,1266000.0,Salaried,10.0,752,1,1369.0,829000.0,36,0,416445.0,LOW,1
60,644000.0,Salaried,9.6,626,3,6285.0,868000.0,12,1,334567.0,MEDIUM,0
64,837000.0,Self-Employed,12.9,630,2,9188.0,1330000.0,60,4,474650.0,MEDIUM,0
43,1246000.0,Self-Employed,1.6,693,2,18538.0,4221000.0,36,0,247067.0,HIGH,0
60,548000.0,Self-Employed,29.8,649,0,0.0,712000.0,120,3,566418.0,LOW,1
31,654000.0,Business,13.0,713,2,8113.0,272000.0,12,3,637060.0,LOW,0
28,879000.0,Self-Employed,0.7,675,2,4369.0,2803000.0,60,4,627879.0,MEDIUM,1
49,350000.0,Self-Employed,16.2,695,2,5025.0,1230000.0,36,3,120620.0,MEDIUM,0
50,558000.0,Business,26.1,623,1,2845.0,1184000.0,84,3,517409.0,MEDIUM,1
30,583000.0,Salaried,12.0,695,4,24756.0,790000.0,24,0,224934.0,MEDIUM,1
59,304000.0,Business,21.0,768,1,1580.0,960000.0,48,3,131908.0,MEDIUM,1
48,2171000.0,Salaried,4.2,634,0,0.0,723000.0,84,2,841078.0,LOW,1
56,232000.0,Salaried,19.7,753,5,8587.0,863000.0,24,1,22970.0,MEDIUM,1
33,248000.0,Business,15.0,675,2,764.0,869000.0,60,0,25549.0,MEDIUM,0
52,1189000.0,Salaried,17.2,738,1,2330.0,2754000.0,84,0,713484.0,LOW,1
56,829000.0,Salaried,26.8,690,4,32755.0,1100000.0,84,2,831528.0,MEDIUM,1
57,292000.0,Salaried,8.3,677,0,0.0,123000.0,36,2,305996.0,LOW,1
46,778000.0,Salaried,7.3,707,0,0.0,3111000.0,36,1,708188.0,MEDIUM,1
42,1304000.0,Salaried,24.0,777,2,3176.0,4068000.0,36,0,710793.0,LOW,1
24,531000.0,Self-Employed,3.4,698,0,0.0,825000.0,48,0,203017.0,LOW,1
51,2570000.0,Business,0.0,718,3,95240.0,954000.0,36,0,734360.0,MEDIUM,1
38,192000.0,Business,10.6,650,3,2691.0,512000.0,12,0,112982.0,MEDIUM,1
58,819000.0,Salaried,25.7,805,1,5175.0,3236000.0,12,1,545856.0,MEDIUM,0
44,1088000.0,Freelance,0.8,731,3,18063.0,3173000.0,12,2,635022.0,HIGH,0
43,922000.0,Self-Employed,0.1,686,0,0.0,562000.0,84,1,351800.0,LOW,1
42,478000.0,Salaried,8.4,670,1,59.0,855000.0,24,0,312593.0,MEDIUM,0
22,454000.0,Business,1.6,758,4,14834.0,320000.0,60,3,352841.0,LOW,1
51,705000.0,Business,27.0,631,3,17247.0,2591000.0,24,1,638079.0,MEDIUM,0
31,882000.0,Business,13.0,537,1,4216.0,1343000.0,84,2,586795.0,LOW,1
48,776000.0,Salaried,16.6,685,0,0.0,2338000.0,24,1,307152.0,MEDIUM,1
52,1009000.0,Self-Employed,10.0,775,0,0.0,619000.0,48,2,517396.0,LOW,1
25,293000.0,Business,7.0,807,1,2932.0,227000.0,84,0,103772.0,LOW,0
58,471000.0,Self-Employed,24.5,671,2,778.0,1325000.0,24,2,102768.0,MEDIUM,0
30,307000.0,Self-Employed,3.2,683,0,0.0,1050000.0,48,2,47665.0,MEDIUM,0
60,429000.0,Self-Employed,14.6,721,1,1645.0,448000.0,120,2,33763.0,LOW,1
44,994000.0,Business,19.0,658,3,9887.0,1837000.0,12,1,467707.0,MEDIUM,0
55,577000.0,Salaried,3.1,721,1,3648.0,1495000.0,12,2,657696.0,MEDIUM,0
64,2582000.0,Self-Employed,15.6,673,0,0.0,8382000.0,24,3,1575728.0,MEDIUM,0
43,607000.0,Salaried,17.3,760,4,18759.0,1593000.0,24,0,571911.0,MEDIUM,1
37,560000.0,Self-Employed,19.0,737,1,5520.0,366000.0,120,2,284211.0,LOW,1
21,576000.0,Business,3.0,744,2,8650.0,1330000.0,12,0,286182.0,HIGH,0
51,369000.0,Salaried,8.8,663,0,0.0,1318000.0,120,1,61816.0,MEDIUM,1
51,522000.0,Self-Employed,17.1,834,1,2821.0,1833000.0,36,2,233572.0,MEDIUM,0
62,1063000.0,Salaried,29.5,718,1,12304.0,2620000.0,12,2,1169337.0,MEDIUM,1
62,579000.0,Salaried,6.5,699,1,3633.0,2307000.0,120,2,337202.0,MEDIUM,1
54,336000.0,Salaried,29.6,619,1,2317.0,231000.0,36,4,78210.0,LOW,1
29,310000.0,Salaried,11.0,672,0,0.0,642000.0,12,4,230371.0,MEDIUM,0
42,412000.0,Salaried,24.0,689,1,1628.0,1305000.0,60,4,198118.0,MEDIUM,1
33,565000.0,Salaried,2.7,616,1,1633.0,464000.0,48,2,472108.0,LOW,1
45,1106000.0,Business,9.0,656,0,0.0,4312000.0,48,1,146048.0,MEDIUM,0
38,242000.0,Business,1.7,666,5,10862.0,390000.0,60,1,141912.0,HIGH,0
32,446000.0,Self-Employed,11.1,684,3,4838.0,712000.0,36,2,404252.0,MEDIUM,1
60,589000.0,Salaried,29.4,538,3,8596.0,641000.0,24,2,438231.0,LOW,1
37,180000.0,Freelance,3.2,669,2,4140.0,246000.0,24,5,82142.0,MEDIUM,1
35,328000.0,Self-Employed,16.9,649,0,0.0,799000.0,48,2,260831.0,LOW,1
62,359000.0,Salaried,0.2,678,2,871.0,678000.0,24,1,385802.0,LOW,1
35,335000.0,Business,17.0,762,3,10045.0,340000.0,36,2,267516.0,LOW,1
35,606000.0,Salaried,5.9,844,0,0.0,1996000.0,120,0,694872.0,MEDIUM,1
59,491000.0,Self-Employed,3.9,734,1,3392.0,260000.0,24,0,349167.0,LOW,1
33,387000.0,Self-Employed,10.1,581,1,2467.0,1311000.0,12,2,290547.0,MEDIUM,1
37,699000.0,Salaried,19.0,652,0,0.0,921000.0,60,0,702419.0,LOW,1
52,1519000.0,Business,3.2,727,1,2198.0,3243000.0,48,3,1311372.0,LOW,1
29,1445000.0,Salaried,6.9,718,5,19080.0,2471000.0,120,0,311772.0,MEDIUM,1
60,170000.0,Salaried,0.3,758,2,414.0,410000.0,24,2,23940.0,MEDIUM,1
40,764000.0,Freelance,22.0,672,1,2632.0,2479000.0,120,2,688367.0,LOW,1
46,486000.0,Freelance,17.8,650,2,12117.0,1925000.0,36,3,146179.0,MEDIUM,0
47,593000.0,Self-Employed,21.6,820,0,0.0,849000.0,24,3,709237.0,LOW,1
41,426000.0,Self-Employed,19.5,684,2,9200.0,1001000.0,120,1,106564.0,LOW,0
38,580000.0,Salaried,4.3,598,3,11945.0,1174000.0,60,2,515018.0,MEDIUM,0
33,592000.0,Business,15.0,798,2,9865.0,2366000.0,12,0,635022.0,LOW,1
36,382000.0,Salaried,3.9,560,2,1493.0,1258000.0,84,3,306030.0,MEDIUM,0
29,316000.0,Salaried,11.0,400,1,1085.0,559000.0,48,3,51011.0,MEDIUM,1
32,413000.0,Self-Employed,14.0,741,1,2635.0,853000.0,48,2,445336.0,MEDIUM,1
64,622000.0,Salaried,16.8,752,2,13702.0,753000.0,36,1,464151.0,LOW,1
58,774000.0,Salaried,3.6,713,3,1245.0,2395000.0,12,0,103970.0,MEDIUM,0
39,902000.0,Salaried,1.0,575,2,11431.0,3091000.0,24,1,783993.0,MEDIUM,0
27,402000.0,Salaried,9.0,675,5,1282.0,1556000.0,24,1,98498.0,MEDIUM,0
55,641000.0,Salaried,21.8,657,3,10981.0,1534000.0,84,2,165144.0,MEDIUM,0
38,963000.0,Salaried,2.5,637,2,15140.0,2679000.0,120,1,714810.0,MEDIUM,0
36,1087000.0,Salaried,3.8,792,3,30357.0,2120000.0,84,0,850705.0,MEDIUM,0
59,522000.0,Business,26.8,596,1,904.0,1333000.0,120,3,457912.0,LOW,1
24,473000.0,Business,1.7,705,1,985.0,752000.0,84,3,180900.0,LOW,1
45,606000.0,Self-Employed,27.0,775,2,7121.0,1836000.0,36,3,57196.0,MEDIUM,1
52,271000.0,Self-Employed,7.6,710,1,3381.0,104000.0,12,1,314863.0,LOW,1
60,481000.0,Salaried,14.6,779,3,6422.0,195000.0,36,1,207986.0,LOW,1
33,845000.0,Salaried,7.1,725,0,0.0,2492000.0,60,0,191518.0,MEDIUM,0
65,794000.0,Salaried,18.7,714,0,0.0,2972000.0,60,2,918473.0,MEDIUM,1
37,459000.0,Self-Employed,3.5,709,3,1389.0,1211000.0,24,3,308989.0,MEDIUM,0
57,616000.0,Business,3.8,729,0,0.0,1841000.0,60,2,131090.0,MEDIUM,0
26,329000.0,Self-Employed,2.2,649,0,0.0,1102000.0,36,2,293600.0,MEDIUM,0
