transaction_id,amount,transaction_type,hour_of_day,day_of_week,location_change,new_device,transaction_frequency_24h,customer_avg_amount,distance_from_home_km,account_age_days,is_fraud,customer_id
TXN000000,25282.85,Transfer,14,2,0,1,5,6152.56,14.1,1965,0,CUST0487
TXN000001,640.94,Purchase,13,3,0,0,1,1148.87,1.2,2691,0,CUST0365
TXN000002,1274.98,Withdrawal,18,4,0,0,4,3623.41,2.9,3231,0,CUST0141
TXN000003,1810.97,Payment,13,3,0,0,2,2377.54,0.5,1249,0,CUST0029
TXN000004,5294.02,Transfer,15,2,1,0,1,1149.86,18.4,798,0,CUST0437
TXN000005,716.31,Purchase,16,4,0,0,1,6523.09,5.3,1786,0,CUST0458
TXN000006,2288.41,Withdrawal,15,6,0,0,1,1596.24,11.1,1118,0,CUST0401
TXN000007,2099.5,Payment,20,2,0,0,3,1275.26,3.2,1330,0,CUST0031
TXN000008,3580.34,Purchase,13,4,0,0,3,6046.56,1.8,2348,0,CUST0180
TXN000009,1710.35,Transfer,17,5,0,0,5,722.46,8.8,102,0,CUST0169
TXN000010,10461.69,Payment,17,3,0,0,3,2640.09,1.8,611,0,CUST0476
TXN000011,2867.16,Payment,17,0,1,0,1,7968.66,2.3,2774,0,CUST0313
TXN000012,544.72,Transfer,11,3,0,0,2,3295.69,12.0,1334,0,CUST0392
TXN000013,5587.23,Purchase,10,2,0,0,0,1966.52,5.7,1501,0,CUST0094
TXN000014,2593.2,Payment,12,2,1,0,2,3144.81,4.7,1786,0,CUST0231
TXN000015,741.93,Transfer,15,3,0,0,2,682.18,12.8,2918,0,CUST0477
TXN000016,3404.26,Payment,11,5,0,0,2,1716.94,2.4,928,0,CUST0310
TXN000017,5212.91,Withdrawal,3,4,1,0,10,959.76,53.7,42,1,CUST0205
TXN000018,2694.57,Purchase,10,6,0,0,5,1175.88,7.9,1321,0,CUST0440
TXN000019,2796.01,Payment,21,1,0,0,0,1179.87,4.9,1166,0,CUST0283
TXN000020,75411.43,Withdrawal,8,5,0,1,13,1290.4,10.0,17,1,CUST0319
TXN000021,4544.4,Purchase,20,5,0,0,1,734.84,9.5,321,0,CUST0195
TXN000022,4080.52,Transfer,9,6,0,1,6,5069.68,7.0,2102,0,CUST0026
TXN000023,6602.52,Payment,11,1,1,0,1,788.46,1.6,3345,0,CUST0220
TXN000024,475.99,Payment,17,2,0,0,4,1502.21,7.0,3403,0,CUST0055
TXN000025,31154.18,Purchase,23,1,1,1,5,990.73,32.6,196,1,CUST0300
TXN000026,3446.85,Transfer,7,0,0,0,4,1176.8,3.5,506,0,CUST0330
TXN000027,6895.28,Transfer,11,5,0,0,3,2273.85,1.6,1714,0,CUST0173
TXN000028,1457.11,Payment,14,6,0,0,4,598.87,3.5,3010,0,CUST0211
TXN000029,2041.54,Purchase,0,0,0,0,4,947.5,13.5,1938,0,CUST0208
TXN000030,3278.55,Transfer,15,1,0,0,3,1681.93,0.3,2876,0,CUST0426
TXN000031,1988.91,Purchase,19,6,0,0,1,2569.75,0.1,1080,0,CUST0093
TXN000032,6383.8,Withdrawal,1,0,0,0,4,904.74,2.6,177,0,CUST0225
TXN000033,2791.97,Payment,10,1,0,0,4,1300.23,3.9,783,0,CUST0026
TXN000034,1913.16,Purchase,10,3,0,0,1,1732.16,2.2,1739,0,CUST0250
TXN000035,1557.8,Payment,18,1,0,0,5,3667.3,9.0,2824,0,CUST0149
TXN000036,8436.51,Payment,16,1,1,0,3,566.14,9.7,3464,0,CUST0486
TXN000037,4527.21,Payment,7,2,0,0,3,2226.58,13.4,2319,0,CUST0248
TXN000038,1971.79,Payment,20,0,1,0,1,2998.2,4.7,770,0,CUST0025
TXN000039,376.85,Transfer,9,2,0,0,5,861.53,4.8,615,0,CUST0080
TXN000040,2889.9,Purchase,10,0,0,0,2,1107.03,1.2,576,0,CUST0443
TXN000041,533.34,Transfer,15,5,0,0,1,2668.63,10.8,1217,0,CUST0167
TXN000042,481.23,Purchase,10,1,0,0,1,1739.44,1.8,1775,0,CUST0450
TXN000043,279.63,Payment,10,4,1,1,2,834.62,6.2,2028,0,CUST0426
TXN000044,666.96,Transfer,9,5,0,0,2,804.75,4.1,1234,0,CUST0150
TXN000045,2201.43,Withdrawal,13,4,0,0,3,2134.04,0.9,1896,0,CUST0386
TXN000046,1367.16,Purchase,7,1,0,0,3,1087.32,1.4,750,0,CUST0187
TXN000047,474.98,Transfer,18,3,1,0,1,4938.55,9.7,874,0,CUST0139
TXN000048,9320.43,Withdrawal,10,1,0,0,2,2106.94,1.6,2876,0,CUST0465
TXN000049,13301.97,Payment,17,0,0,0,2,1337.38,18.0,3008,0,CUST0425
TXN000050,302.97,Withdrawal,9,2,0,0,6,6168.32,1.9,377,0,CUST0220
TXN000051,662.43,Purchase,14,0,0,0,4,541.78,20.4,498,0,CUST0132
TXN000052,3186.8,Purchase,19,0,0,0,3,527.17,1.9,390,0,CUST0155
TXN000053,701.7,Payment,7,6,0,0,3,2398.14,0.3,916,0,CUST0430
TXN000054,2845.54,Transfer,10,4,0,0,4,2495.11,22.0,3105,0,CUST0066
TXN000055,8066.37,Purchase,19,3,0,0,0,2752.82,4.3,1671,0,CUST0491
TXN000056,1470.55,Transfer,4,3,0,0,3,646.5,2.6,784,0,CUST0228
TXN000057,6667.25,Purchase,11,6,0,0,5,1256.09,10.4,3177,0,CUST0183
TXN000058,2787.67,Payment,5,3,0,0,2,504.77,1.0,3291,0,CUST0166
TXN000059,1732.25,Payment,14,5,0,0,2,963.96,11.2,3460,0,CUST0484
TXN000060,3133.96,Transfer,11,0,0,0,1,3107.11,2.5,654,0,CUST0389
TXN000061,5065.71,Payment,13,6,0,0,4,2501.09,3.1,1403,0,CUST0412
TXN000062,738.46,Transfer,16,4,0,0,0,1963.69,10.8,1827,0,CUST0265
TXN000063,2152.91,Purchase,20,4,0,0,3,1507.87,0.6,1744,0,CUST0381
TXN000064,486.95,Transfer,11,2,0,0,5,1891.0,6.9,1503,0,CUST0206
TXN000065,3402.33,Transfer,10,0,1,0,2,225.99,9.7,465,0,CUST0085
TXN000066,1554.89,Withdrawal,9,2,0,0,4,1093.8,9.8,894,0,CUST0186
TXN000067,111078.65,Payment,1,0,1,0,7,812.66,10.0,335,1,CUST0248
TXN000068,1256.93,Payment,8,0,0,0,0,2417.37,0.4,1850,0,CUST0332
TXN000069,708.74,Transfer,17,1,0,0,2,1770.4,0.3,689,0,CUST0309
TXN000070,2231.22,Payment,18,6,0,0,0,2548.95,0.6,2252,0,CUST0307
TXN000071,1862.65,Withdrawal,17,0,0,0,4,1368.53,15.0,394,0,CUST0431
TXN000072,1342.81,Payment,6,3,0,1,3,987.34,27.5,1402,0,CUST0425
TXN000073,3005.71,Transfer,9,0,0,0,4,2461.66,4.6,3191,0,CUST0399
TXN000074,2241.08,Payment,17,4,0,0,1,4170.34,2.0,218,0,CUST0303
TXN000075,3854.64,Purchase,10,2,0,0,3,3275.34,1.1,535,0,CUST0092
TXN000076,915.02,Payment,22,6,0,0,1,1612.19,7.7,2493,0,CUST0075
TXN000077,716.66,Transfer,10,1,0,0,2,924.77,29.2,2067,0,CUST0084
TXN000078,2713.04,Transfer,17,6,0,0,1,1690.63,2.6,2867,0,CUST0155
TXN000079,1919.72,Purchase,12,2,0,0,3,1796.77,7.0,1715,0,CUST0032
TXN000080,315.91,Transfer,10,2,0,0,2,1158.15,2.9,359,0,CUST0057
TXN000081,517.22,Transfer,10,3,0,0,2,707.34,0.7,2856,0,CUST0113
TXN000082,1373.55,Purchase,9,1,0,0,5,1407.73,0.3,936,0,CUST0121
TXN000083,3266.09,Payment,0,1,1,0,1,1165.79,0.1,3214,0,CUST0049
TXN000084,6173.56,Payment,6,5,0,0,4,1869.67,15.8,2012,0,CUST0376
TXN000085,2892.99,Payment,7,3,0,0,4,588.19,8.9,539,0,CUST0178
TXN000086,5225.84,Payment,17,0,0,0,5,686.14,4.3,41,0,CUST0269
TXN000087,2939.62,Purchase,20,2,0,0,2,4525.49,7.1,269,0,CUST0196
TXN000088,5289.15,Withdrawal,8,4,1,0,1,3503.73,4.4,618,0,CUST0304
TXN000089,4408.74,Withdrawal,16,5,0,1,5,3440.54,10.8,1319,0,CUST0444
TXN000090,397.89,Payment,13,0,0,0,1,2083.13,0.4,2051,0,CUST0078
TXN000091,426.7,Payment,9,4,0,0,5,1008.6,13.0,1745,0,CUST0006
TXN000092,781.83,Purchase,0,4,0,0,1,914.3,0.1,866,0,CUST0323
TXN000093,1762.42,Transfer,14,6,0,0,0,2232.81,4.5,740,0,CUST0222
TXN000094,639.99,Withdrawal,20,2,0,0,1,3025.83,0.7,2284,0,CUST0426
TXN000095,746.02,Payment,14,1,0,1,2,923.28,1.5,3641,0,CUST0126
TXN000096,9047.95,Purchase,18,3,0,0,1,4873.4,0.2,2784,0,CUST0460
TXN000097,5799.89,Withdrawal,12,3,0,0,1,2873.96,2.6,1545,0,CUST0390
TXN000098,1324.86,Purchase,12,0,0,0,1,816.55,3.5,3589,0,CUST0409
TXN000099,9774.65,Payment,9,4,0,0,4,5070.58,1.6,1235,0,CUST0252
TXN000100,5706.0,Purchase,15,0,0,0,0,1024.22,0.4,2304,0,CUST0347
TXN000101,2692.29,Transfer,11,2,0,0,2,1195.38,15.1,2819,0,CUST0500
TXN000102,1244.8,Payment,12,1,0,0,2,5695.63,2.6,3250,0,CUST0227
TXN000103,1108.13,Payment,7,0,0,0,0,845.48,0.1,189,0,CUST0177
TXN000104,772.1,Purchase,12,1,0,0,3,1312.15,21.5,2289,0,CUST0163
TXN000105,655.18,Transfer,15,1,0,0,2,1015.42,7.7,3273,0,CUST0124
TXN000106,3997.76,Payment,9,0,0,0,5,254.15,5.8,2695,0,CUST0135
TXN000107,13392.2,Transfer,10,0,0,0,1,1588.8,1.0,1423,0,CUST0212
TXN000108,1833.73,Transfer,7,6,0,0,1,2482.86,9.2,1301,0,CUST0107
TXN000109,3636.69,Withdrawal,16,0,0,0,0,1352.88,3.7,1272,0,CUST0202
TXN000110,1831.78,Transfer,15,2,0,0,4,2468.62,0.6,3393,0,CUST0139
TXN000111,406.48,Payment,12,0,0,0,2,1760.46,3.5,946,0,CUST0188
TXN000112,2900.48,Transfer,16,5,0,0,2,1462.35,0.5,342,0,CUST0105
TXN000113,576.51,Withdrawal,11,3,0,0,2,2822.09,40.8,1901,0,CUST0135
TXN000114,754.31,Transfer,10,3,0,0,1,1683.59,5.0,2182,0,CUST0208
TXN000115,2679.29,Purchase,10,3,0,0,2,4355.65,10.5,2590,0,CUST0451
TXN000116,228.52,Payment,10,3,0,0,2,221.72,12.4,2452,0,CUST0025
TXN000117,895.0,Withdrawal,13,4,0,0,5,492.47,7.7,613,0,CUST0471
TXN000118,209.91,Purchase,16,3,0,0,3,868.06,14.3,1511,0,CUST0220
TXN000119,893.61,Transfer,12,5,0,0,0,6609.57,1.6,517,0,CUST0116
TXN000120,1000.85,Purchase,8,6,0,0,3,3496.64,0.1,569,0,CUST0085
TXN000121,11575.52,Transfer,18,1,0,0,3,100.0,17.0,1151,0,CUST0260
TXN000122,1379.71,Transfer,6,5,0,0,5,6758.56,3.6,727,0,CUST0051
TXN000123,4796.84,Withdrawal,10,0,0,0,3,2196.74,5.0,115,0,CUST0299
TXN000124,1075.57,Withdrawal,14,4,0,0,3,1367.16,0.0,3354,0,CUST0045
TXN000125,1482.97,Transfer,13,5,1,0,3,1254.9,2.3,324,0,CUST0043
TXN000126,1206.65,Transfer,17,2,0,0,4,4309.8,1.5,2017,0,CUST0136
TXN000127,899.47,Transfer,9,2,0,0,4,1863.44,1.9,874,0,CUST0178
TXN000128,2743.18,Purchase,11,3,0,1,1,2706.14,9.2,627,0,CUST0094
TXN000129,1502.24,Payment,9,4,0,0,2,1071.08,1.2,3393,0,CUST0100
TXN000130,2997.57,Transfer,10,0,0,0,0,1470.67,6.5,1824,0,CUST0444
TXN000131,2954.86,Payment,20,0,0,1,5,2166.93,2.1,2414,0,CUST0159
TXN000132,2369.55,Transfer,13,5,0,0,1,3999.4,18.7,54,0,CUST0288
TXN000133,1359.9,Transfer,18,0,0,0,3,2336.45,0.5,984,0,CUST0037
TXN000134,2433.68,Payment,12,4,0,0,4,5154.89,14.5,841,0,CUST0228
TXN000135,2655.02,Payment,17,5,0,0,6,4133.45,1.0,2600,0,CUST0498
TXN000136,2431.15,Withdrawal,7,6,0,0,4,3299.65,5.4,1502,0,CUST0356
TXN000137,2363.86,Withdrawal,9,5,1,0,3,1146.64,2.8,1133,0,CUST0379
TXN000138,882.87,Transfer,15,1,0,0,2,1119.68,11.4,1707,0,CUST0166
TXN000139,1183.34,Transfer,19,3,1,0,4,6728.3,16.4,2972,0,CUST0372
TXN000140,3835.03,Payment,18,2,0,0,3,4237.04,1.0,2550,0,CUST0098
TXN000141,817.74,Payment,18,3,1,0,4,2085.18,4.0,2036,0,CUST0478
TXN000142,2088.76,Transfer,18,6,1,0,1,3127.37,9.1,339,0,CUST0411
TXN000143,627.84,Payment,9,5,1,0,2,1444.94,4.2,49,0,CUST0435
TXN000144,345.42,Payment,15,3,0,0,1,1159.71,1.4,889,0,CUST0191
TXN000145,2813.87,Payment,16,0,0,0,0,2829.66,1.4,41,0,CUST0392
TXN000146,549.82,Purchase,8,4,0,0,4,715.43,12.3,1603,0,CUST0354
TXN000147,1132.63,Transfer,12,2,0,0,2,1815.5,29.2,201,0,CUST0335
TXN000148,4602.34,Transfer,15,3,1,0,3,635.0,5.7,1618,0,CUST0437
TXN000149,610.25,Transfer,14,4,0,0,3,357.96,3.1,1311,0,CUST0477
TXN000150,4176.19,Transfer,10,1,0,0,3,14577.17,0.9,1467,0,CUST0007
TXN000151,4094.12,Withdrawal,17,6,0,0,2,2003.9,1.1,1735,0,CUST0196
TXN000152,1597.62,Withdrawal,14,4,1,0,6,3708.04,0.2,2579,0,CUST0233
TXN000153,3516.9,Purchase,16,6,0,0,2,1826.39,6.8,2683,0,CUST0175
TXN000154,3729.9,Transfer,2,4,0,0,3,1285.44,1.8,1406,0,CUST0483
TXN000155,586.6,Payment,15,3,0,0,1,854.98,17.0,1488,0,CUST0048
TXN000156,679.43,Payment,9,5,0,0,2,1257.2,3.8,3567,0,CUST0008
TXN000157,11525.05,Transfer,17,4,0,0,0,3122.49,4.1,1683,0,CUST0087
TXN000158,483.49,Payment,12,3,0,0,0,4380.3,1.6,1642,0,CUST0370
TXN000159,910.25,Withdrawal,22,2,0,0,2,6033.0,1.4,1231,0,CUST0415
TXN000160,1350.6,Purchase,22,3,0,0,3,7716.87,1.7,1779,0,CUST0304
TXN000161,674.83,Payment,16,3,0,0,1,2814.36,12.3,3454,0,CUST0154
TXN000162,832.47,Purchase,2,0,0,0,3,4828.36,3.3,73,0,CUST0336
TXN000163,2900.38,Purchase,19,6,0,0,2,2364.15,0.3,433,0,CUST0299
TXN000164,1580.85,Withdrawal,8,2,0,0,1,3575.65,8.2,1622,0,CUST0050
TXN000165,11922.54,Withdrawal,12,0,0,0,7,726.75,6.2,2285,0,CUST0183
TXN000166,1455.6,Payment,16,5,0,0,4,2404.36,3.6,223,0,CUST0149
TXN000167,588.05,Withdrawal,9,2,0,0,2,1999.31,0.6,683,0,CUST0141
TXN000168,166.48,Transfer,18,3,0,0,1,1001.59,5.7,2019,0,CUST0310
TXN000169,252.12,Payment,17,6,0,0,1,1609.81,8.7,3174,0,CUST0051
TXN000170,914.17,Withdrawal,19,4,0,0,1,3052.56,18.3,1812,0,CUST0261
TXN000171,3161.16,Transfer,13,2,0,0,4,5075.04,3.5,2412,0,CUST0459
TXN000172,12747.71,Withdrawal,13,5,0,0,2,1878.75,3.4,2285,0,CUST0366
TXN000173,3595.46,Transfer,16,2,0,0,3,572.97,4.8,1935,0,CUST0308
TXN000174,3039.19,Payment,16,5,0,0,2,480.26,0.1,2340,0,CUST0257
TXN000175,1770.64,Purchase,22,1,0,0,2,1572.82,1.8,1237,0,CUST0266
TXN000176,3633.32,Payment,20,5,1,1,3,3199.78,9.2,2747,0,CUST0466
TXN000177,385.66,Payment,10,3,0,0,3,4665.07,1.8,875,0,CUST0206
TXN000178,709.39,Transfer,21,0,0,0,3,6784.47,3.1,2024,0,CUST0168
TXN000179,2998.1,Withdrawal,18,1,0,0,1,226.61,0.4,2078,0,CUST0362
TXN000180,772.03,Purchase,11,6,0,0,2,2665.48,11.4,3186,0,CUST0198
TXN000181,891.68,Purchase,16,6,0,0,2,922.49,6.9,1694,0,CUST0377
TXN000182,988.45,Purchase,17,3,0,0,4,2454.25,16.5,888,0,CUST0106
TXN000183,2777.6,Transfer,19,6,0,0,0,544.24,4.7,2617,0,CUST0151
TXN000184,990.35,Payment,15,3,1,0,2,360.78,5.7,2822,0,CUST0411
TXN000185,3321.82,Transfer,1,6,0,0,2,2057.2,0.8,500,0,CUST0066
TXN000186,2897.11,Payment,14,5,0,0,3,3253.0,6.6,1406,0,CUST0401
TXN000187,6544.51,Transfer,10,3,0,0,2,4975.74,1.2,1972,0,CUST0345
TXN000188,3985.32,Purchase,16,3,0,0,2,5368.1,0.0,2360,0,CUST0285
TXN000189,2694.95,Payment,10,3,0,0,3,2104.34,5.2,1023,0,CUST0258
TXN000190,1526.49,Payment,10,3,0,0,1,1515.2,6.7,138,0,CUST0331
TXN000191,1082.26,Payment,16,6,0,0,2,5291.39,13.3,3268,0,CUST0333
TXN000192,4579.8,Withdrawal,9,6,0,0,3,2224.27,2.8,2104,0,CUST0313
TXN000193,1152.84,Purchase,9,3,0,0,1,659.0,0.9,1414,0,CUST0372
TXN000194,900.22,Payment,14,4,1,0,1,4557.09,1.1,2735,0,CUST0463
TXN000195,1191.03,Transfer,6,5,0,0,1,6247.38,5.1,1522,0,CUST0452
TXN000196,1950.82,Payment,9,3,0,0,1,1578.42,1.4,1703,0,CUST0265
TXN000197,985.84,Purchase,17,6,0,0,5,2701.24,2.5,1091,0,CUST0121
TXN000198,2055.15,Withdrawal,17,5,0,0,0,1710.73,4.0,1326,0,CUST0162
TXN000199,4961.54,Transfer,15,3,0,0,5,618.06,1.1,2695,0,CUST0482
TXN000200,775.54,Purchase,17,6,0,0,3,1875.19,4.0,3524,0,CUST0434
TXN000201,1282.09,Withdrawal,14,4,0,0,2,1836.87,3.4,1887,0,CUST0233
TXN000202,3923.09,Purchase,3,0,0,0,3,864.65,4.2,1098,0,CUST0419
TXN000203,3249.21,Purchase,11,2,0,0,1,445.51,17.7,3180,0,CUST0095
TXN000204,1106.98,Purchase,10,6,0,0,5,2642.92,1.3,318,0,CUST0161
TXN000205,613.05,Transfer,11,6,0,0,5,2114.88,7.0,1506,0,CUST0162
TXN000206,1368.71,Transfer,10,1,0,0,3,2053.71,0.2,1103,0,CUST0087
TXN000207,1996.86,Transfer,11,1,0,0,3,4184.94,2.3,1762,0,CUST0113
TXN000208,23946.41,Transfer,12,1,0,0,3,1585.09,5.4,1066,0,CUST0027
TXN000209,5425.02,Payment,10,1,0,0,3,2029.63,1.3,1622,0,CUST0054
TXN000210,238.46,Purchase,14,1,0,0,3,1030.23,5.0,1754,0,CUST0422
TXN000211,1518.31,Transfer,20,3,1,0,1,5121.87,4.5,45,0,CUST0055
TXN000212,3864.16,Purchase,9,5,1,0,1,4584.03,0.9,3458,0,CUST0193
TXN000213,38457.9,Transfer,23,6,1,0,4,1413.69,35.5,286,1,CUST0088
TXN000214,2611.06,Payment,20,5,0,0,2,3415.58,10.8,3409,0,CUST0312
TXN000215,1664.54,Payment,18,0,0,0,3,1804.91,0.7,2857,0,CUST0175
TXN000216,539.07,Purchase,9,2,0,0,1,1430.84,5.8,2639,0,CUST0466
TXN000217,1654.83,Payment,16,2,0,0,3,1068.89,3.8,2229,0,CUST0462
TXN000218,1352.3,Transfer,11,4,0,0,5,2018.86,1.4,792,0,CUST0057
TXN000219,2546.15,Transfer,10,0,0,0,4,2048.81,2.2,3536,0,CUST0163
TXN000220,1155.31,Payment,11,5,0,0,2,6533.99,2.1,1420,0,CUST0060
TXN000221,3917.62,Purchase,12,0,0,0,3,852.45,0.6,1460,0,CUST0262
TXN000222,1156.74,Transfer,16,4,0,0,5,692.77,15.2,2431,0,CUST0131
TXN000223,837.17,Payment,8,4,0,0,3,760.61,2.1,2767,0,CUST0352
TXN000224,1499.17,Transfer,11,4,0,0,3,1691.21,17.3,2137,0,CUST0196
TXN000225,166.18,Transfer,20,0,0,0,1,1541.72,3.3,1231,0,CUST0301
TXN000226,1749.31,Payment,15,6,0,0,2,2576.5,2.2,1837,0,CUST0007
TXN000227,3324.7,Transfer,17,2,0,0,4,2482.39,0.0,3408,0,CUST0067
TXN000228,17543.43,Payment,11,1,0,0,3,3495.3,1.7,3343,0,CUST0451
TXN000229,972.85,Purchase,7,0,0,0,3,1372.46,5.2,2576,0,CUST0401
TXN000230,3196.36,Withdrawal,15,3,0,0,2,988.39,3.7,1645,0,CUST0038
TXN000231,8528.36,Payment,6,1,0,0,1,3869.24,2.5,2102,0,CUST0303
TXN000232,670.1,Withdrawal,10,1,0,0,2,3657.17,4.8,3603,0,CUST0449
TXN000233,1445.96,Payment,2,2,0,0,2,947.88,6.0,424,0,CUST0450
TXN000234,2156.39,Transfer,11,1,0,1,0,2768.62,3.8,2247,0,CUST0129
TXN000235,5061.61,Transfer,12,0,0,0,3,1215.41,3.0,1866,0,CUST0011
TXN000236,4315.93,Transfer,14,4,0,0,3,6092.85,0.9,3351,0,CUST0062
TXN000237,3853.7,Transfer,11,3,0,0,2,6848.19,13.7,117,0,CUST0265
TXN000238,2057.75,Transfer,13,6,1,0,3,2577.46,1.4,1726,0,CUST0133
TXN000239,2362.5,Withdrawal,16,0,0,0,4,848.17,0.8,2536,0,CUST0296
TXN000240,10128.16,Purchase,10,4,0,0,3,2202.92,3.5,3463,0,CUST0313
TXN000241,920.64,Transfer,15,5,0,0,2,519.25,2.8,3332,0,CUST0289
TXN000242,1451.46,Payment,10,2,1,0,2,1364.35,1.9,2333,0,CUST0422
TXN000243,1083.15,Payment,7,4,0,0,6,491.72,6.4,3439,0,CUST0440
TXN000244,360.12,Purchase,18,5,0,0,0,637.63,3.7,2481,0,CUST0383
TXN000245,7923.04,Transfer,10,0,0,0,2,740.28,5.4,2314,0,CUST0358
TXN000246,453.35,Transfer,18,6,0,0,3,9052.08,5.5,2598,0,CUST0467
TXN000247,508.1,Transfer,18,5,0,0,3,1573.25,11.1,2750,0,CUST0248
TXN000248,5107.06,Payment,18,5,0,0,4,4702.57,6.1,1744,0,CUST0030
TXN000249,776.14,Transfer,9,2,0,0,1,568.26,4.0,986,0,CUST0253
TXN000250,4244.37,Transfer,12,3,0,0,3,301.56,2.0,2969,0,CUST0417
TXN000251,896.01,Payment,15,5,0,0,5,3577.46,4.3,2631,0,CUST0127
TXN000252,2421.52,Payment,14,6,0,0,2,374.88,1.0,2772,0,CUST0486
TXN000253,10310.74,Payment,12,5,0,0,3,399.86,4.4,3391,0,CUST0341
TXN000254,3139.71,Purchase,16,4,0,0,2,7086.76,0.1,1398,0,CUST0168
TXN000255,1086.71,Payment,19,5,0,0,1,228.47,13.9,1373,0,CUST0452
TXN000256,685.31,Purchase,17,1,0,0,0,3461.32,4.5,695,0,CUST0406
TXN000257,20921.6,Withdrawal,8,6,1,1,8,510.85,12.1,8,1,CUST0470
TXN000258,1624.14,Payment,13,3,0,0,0,2786.14,1.1,931,0,CUST0279
TXN000259,1676.28,Withdrawal,13,4,0,0,4,4362.0,1.8,1700,0,CUST0485
TXN000260,1399.29,Transfer,12,6,0,0,3,2408.96,3.2,2727,0,CUST0457
TXN000261,2123.14,Payment,15,4,0,0,2,2210.87,15.6,491,0,CUST0406
TXN000262,706.58,Withdrawal,16,4,0,0,0,2118.8,1.7,527,0,CUST0445
TXN000263,645.89,Transfer,16,0,1,0,4,5029.45,0.6,1599,0,CUST0036
TXN000264,428.35,Payment,13,3,0,0,3,935.53,17.2,143,0,CUST0252
TXN000265,429.98,Transfer,10,1,0,0,3,2343.94,0.8,909,0,CUST0129
TXN000266,227.61,Payment,12,0,0,0,4,1494.98,0.4,1571,0,CUST0332
TXN000267,1964.18,Transfer,16,2,0,1,4,429.91,2.7,2098,0,CUST0480
TXN000268,2626.35,Payment,10,3,0,0,3,484.73,6.6,3357,0,CUST0323
TXN000269,160.09,Withdrawal,21,3,0,0,1,2809.1,3.0,3320,0,CUST0409
TXN000270,8593.74,Purchase,9,3,0,0,0,1926.35,1.1,2696,0,CUST0467
TXN000271,4432.85,Transfer,11,5,0,0,4,1589.49,9.8,531,0,CUST0197
TXN000272,279.58,Transfer,23,1,0,1,2,470.82,8.2,945,0,CUST0093
TXN000273,9873.64,Purchase,16,0,0,0,4,1398.77,10.2,3231,0,CUST0191
TXN000274,613.35,Payment,18,6,0,0,2,1010.54,11.2,1627,0,CUST0337
TXN000275,679.54,Transfer,17,5,0,0,2,1228.81,6.0,1371,0,CUST0435
TXN000276,486.4,Payment,8,5,0,0,1,2887.65,19.5,2306,0,CUST0278
TXN000277,4464.6,Transfer,8,5,0,0,7,4846.39,8.7,2553,0,CUST0441
TXN000278,726.6,Transfer,20,3,0,0,1,3571.46,6.7,2228,0,CUST0136
TXN000279,5388.96,Purchase,10,0,0,0,5,8762.06,0.8,2439,0,CUST0094
TXN000280,3260.51,Payment,19,6,0,0,2,668.86,9.2,962,0,CUST0427
TXN000281,1064.48,Withdrawal,13,5,0,1,4,12717.19,9.5,1207,0,CUST0232
TXN000282,1746.62,Payment,8,1,0,0,4,3210.69,2.6,2070,0,CUST0184
TXN000283,5000.0,Withdrawal,3,4,0,0,12,732.26,34.5,268,1,CUST0405
TXN000284,317.53,Transfer,10,2,0,0,4,6173.27,16.2,2159,0,CUST0135
TXN000285,2606.49,Transfer,14,2,0,0,2,3959.02,1.0,874,0,CUST0361
TXN000286,965.54,Transfer,11,6,0,0,2,9401.11,1.0,3297,0,CUST0110
TXN000287,4414.27,Transfer,11,1,0,1,3,987.78,3.6,2870,0,CUST0404
TXN000288,2565.22,Transfer,14,1,0,0,7,866.81,0.1,355,0,CUST0064
TXN000289,4655.8,Transfer,22,4,0,0,3,715.56,15.9,3022,0,CUST0013
TXN000290,1821.4,Purchase,7,5,0,0,1,9795.31,4.8,736,0,CUST0228
TXN000291,1879.11,Payment,18,5,0,0,1,382.68,5.0,356,0,CUST0498
TXN000292,685.21,Payment,13,0,0,0,3,3072.19,2.0,1566,0,CUST0201
TXN000293,789.58,Transfer,10,4,0,0,4,1031.83,0.2,1583,0,CUST0398
TXN000294,1206.17,Payment,10,6,0,0,1,608.6,0.2,2271,0,CUST0272
TXN000295,1778.95,Payment,15,0,0,0,3,1937.69,9.3,1364,0,CUST0047
TXN000296,1161.43,Transfer,8,6,0,0,2,299.04,6.8,2227,0,CUST0400
TXN000297,390.52,Transfer,21,3,0,0,3,3266.7,2.1,902,0,CUST0143
TXN000298,8451.59,Purchase,18,4,0,0,3,5253.94,3.7,3567,0,CUST0451
TXN000299,7751.18,Transfer,16,2,0,0,2,2472.96,0.4,1062,0,CUST0261
TXN000300,5950.68,Withdrawal,14,3,0,0,3,1816.83,2.3,3023,0,CUST0389
TXN000301,1309.39,Withdrawal,20,3,0,0,2,917.02,14.3,91,0,CUST0301
TXN000302,2901.97,Purchase,14,2,0,0,4,2290.78,2.0,233,0,CUST0089
TXN000303,2955.52,Transfer,17,4,0,0,4,7131.75,4.3,3426,0,CUST0356
TXN000304,2339.17,Transfer,13,0,0,0,2,1256.43,1.2,345,0,CUST0475
TXN000305,3666.65,Purchase,19,0,0,0,1,3841.02,2.7,519,0,CUST0475
TXN000306,1750.26,Transfer,15,2,0,1,3,2624.26,7.7,1451,0,CUST0474
TXN000307,2756.5,Withdrawal,17,0,0,0,2,3335.9,3.5,1962,0,CUST0499
TXN000308,1683.11,Transfer,10,6,0,0,1,2079.43,3.0,2436,0,CUST0398
TXN000309,3924.97,Transfer,19,4,0,0,1,931.03,15.1,331,0,CUST0110
TXN000310,729.73,Transfer,14,2,0,0,2,3030.35,4.4,923,0,CUST0321
TXN000311,425.6,Transfer,17,1,0,0,6,881.03,11.0,3496,0,CUST0474
TXN000312,9547.04,Payment,10,0,0,0,1,2376.0,6.1,101,0,CUST0172
TXN000313,6823.76,Payment,18,4,0,0,1,7875.65,7.9,2910,0,CUST0237
TXN000314,6942.52,Payment,11,6,0,0,1,2577.61,0.3,1829,0,CUST0292
TXN000315,2721.84,Transfer,17,3,0,0,0,2024.73,0.1,3577,0,CUST0274
TXN000316,809.2,Transfer,8,2,0,0,6,3367.82,9.2,1676,0,CUST0215
TXN000317,2690.27,Transfer,15,4,0,0,6,1754.52,0.8,2018,0,CUST0328
TXN000318,232.88,Purchase,16,0,0,0,3,3425.82,3.6,2237,0,CUST0178
TXN000319,1625.88,Transfer,17,0,0,0,3,4856.71,1.1,2798,0,CUST0093
TXN000320,835.02,Payment,12,1,0,0,2,3423.72,12.9,971,0,CUST0044
TXN000321,1116.81,Withdrawal,12,0,0,0,5,279.36,2.3,1243,0,CUST0186
TXN000322,482.57,Transfer,7,2,0,0,5,2686.5,6.8,446,0,CUST0340
TXN000323,22146.81,Payment,18,6,0,0,0,707.54,5.9,3586,0,CUST0209
TXN000324,6993.95,Payment,13,5,1,0,3,655.18,12.2,587,0,CUST0300
TXN000325,405.23,Transfer,18,2,0,0,2,851.67,2.5,1626,0,CUST0001
TXN000326,1417.91,Payment,9,6,0,0,2,1500.53,0.9,3487,0,CUST0463
TXN000327,916.09,Transfer,19,4,0,1,3,1724.88,10.2,3564,0,CUST0327
TXN000328,875.8,Transfer,10,5,0,0,1,632.37,3.8,3036,0,CUST0078
TXN000329,3035.09,Payment,14,5,0,0,3,2055.79,4.6,3160,0,CUST0258
TXN000330,3228.05,Purchase,14,6,0,0,0,3518.96,2.5,972,0,CUST0264
TXN000331,3357.28,Transfer,11,1,0,0,1,828.79,2.0,3267,0,CUST0220
TXN000332,852.53,Transfer,17,0,0,0,3,2186.01,6.9,2387,0,CUST0138
TXN000333,1105.84,Transfer,13,4,0,0,3,1354.42,0.6,1079,0,CUST0265
TXN000334,6557.95,Transfer,13,2,0,0,2,1550.58,2.1,3079,0,CUST0263
TXN000335,1448.76,Transfer,13,5,0,0,2,2277.74,0.3,3040,0,CUST0433
TXN000336,250.76,Transfer,21,4,0,0,2,1404.3,2.9,46,0,CUST0163
TXN000337,2876.27,Purchase,16,0,0,0,5,1699.95,4.8,1427,0,CUST0164
TXN000338,2339.29,Transfer,17,1,0,0,2,1605.85,1.8,2353,0,CUST0456
TXN000339,2363.37,Payment,15,5,0,0,1,3848.15,6.0,2496,0,CUST0458
TXN000340,644.22,Withdrawal,19,2,0,0,1,360.0,2.5,666,0,CUST0183
TXN000341,1076.38,Payment,11,1,0,0,2,1195.33,0.2,281,0,CUST0258
TXN000342,1720.07,Purchase,16,4,0,0,6,2438.3,7.4,1986,0,CUST0023
TXN000343,3789.33,Transfer,9,3,0,0,3,1686.9,1.1,198,0,CUST0234
TXN000344,391.4,Transfer,20,0,0,0,2,1517.35,1.7,518,0,CUST0340
TXN000345,2044.01,Purchase,5,2,0,0,1,2019.71,8.7,2865,0,CUST0471
TXN000346,1843.43,Payment,19,2,0,0,3,1663.87,20.0,1166,0,CUST0214
TXN000347,2737.46,Payment,8,1,0,0,2,847.38,3.0,211,0,CUST0341
TXN000348,5832.31,Payment,7,4,1,0,3,996.36,1.1,935,0,CUST0370
TXN000349,1459.5,Payment,11,5,0,0,7,1339.06,6.1,2436,0,CUST0282
TXN000350,2624.51,Withdrawal,12,5,0,0,4,4061.56,1.0,1771,0,CUST0493
TXN000351,7715.61,Payment,10,6,0,0,1,1477.02,10.1,2170,0,CUST0352
TXN000352,4677.05,Payment,14,2,0,0,3,710.06,0.7,2455,0,CUST0170
TXN000353,2237.68,Withdrawal,18,1,0,0,4,540.64,1.1,1491,0,CUST0372
TXN000354,1586.36,Transfer,16,0,0,0,3,1019.19,0.1,1148,0,CUST0279
TXN000355,6586.29,Payment,11,1,0,0,2,1891.65,12.2,3293,0,CUST0494
TXN000356,1269.42,Transfer,17,4,0,0,2,2820.08,4.0,2866,0,CUST0078
TXN000357,603.43,Payment,18,1,0,0,0,2544.12,2.3,1203,0,CUST0165
TXN000358,1890.42,Transfer,16,1,0,0,2,1171.69,7.5,2549,0,CUST0499
TXN000359,516.77,Withdrawal,21,0,0,0,4,1511.89,11.3,678,0,CUST0125
TXN000360,13247.36,Transfer,12,5,1,0,0,1253.21,5.1,2918,0,CUST0286
TXN000361,1475.19,Payment,17,6,0,0,2,293.31,4.4,1015,0,CUST0319
TXN000362,450.65,Withdrawal,10,5,0,0,3,6395.64,2.5,505,0,CUST0287
TXN000363,7249.33,Withdrawal,8,3,0,0,2,1091.82,14.3,1390,0,CUST0329
TXN000364,889.42,Transfer,12,2,0,1,3,1856.13,9.8,1748,0,CUST0211
TXN000365,7083.52,Payment,22,6,0,0,7,1524.64,6.7,1069,0,CUST0426
TXN000366,17832.73,Purchase,0,6,0,0,2,3740.33,2.8,2402,0,CUST0122
TXN000367,1285.51,Transfer,15,2,0,0,3,1864.13,12.6,534,0,CUST0374
TXN000368,23132.87,Payment,12,3,0,0,3,1461.22,12.1,1752,0,CUST0088
TXN000369,2172.97,Transfer,21,6,0,0,1,583.42,10.6,1149,0,CUST0356
TXN000370,3527.49,Payment,13,4,0,0,3,2585.11,0.0,811,0,CUST0498
TXN000371,2804.98,Transfer,11,2,0,0,1,644.1,1.2,2223,0,CUST0055
TXN000372,1609.65,Transfer,15,4,0,0,3,628.8,2.5,407,0,CUST0303
TXN000373,5925.56,Withdrawal,12,4,0,0,4,1441.45,1.5,2185,0,CUST0096
TXN000374,1058.56,Payment,17,5,0,0,4,3891.52,0.6,1916,0,CUST0129
TXN000375,3386.93,Purchase,11,5,0,1,3,2138.04,2.7,3051,0,CUST0312
TXN000376,815.67,Payment,17,0,0,0,3,5158.92,2.5,2724,0,CUST0267
TXN000377,1259.78,Transfer,14,1,0,0,5,1005.89,7.6,550,0,CUST0092
TXN000378,5183.07,Payment,11,3,0,0,5,814.55,8.3,839,0,CUST0222
TXN000379,1744.74,Purchase,14,4,0,0,2,1643.33,1.4,2789,0,CUST0025
TXN000380,1545.3,Payment,12,3,0,0,1,4195.56,2.6,1841,0,CUST0427
TXN000381,1945.62,Transfer,11,4,0,0,1,1108.89,5.1,3204,0,CUST0380
TXN000382,2980.02,Transfer,11,1,0,0,3,2222.43,3.5,2105,0,CUST0237
TXN000383,14560.2,Payment,9,1,0,0,5,6568.38,3.7,817,0,CUST0410
TXN000384,2628.21,Withdrawal,6,4,1,0,4,550.77,1.3,328,0,CUST0410
TXN000385,2659.7,Purchase,14,5,0,0,2,4552.9,14.3,2249,0,CUST0008
TXN000386,567.59,Payment,13,3,0,0,0,1291.74,16.1,53,0,CUST0489
TXN000387,2643.26,Transfer,14,3,0,0,3,1398.17,0.1,2865,0,CUST0114
TXN000388,5324.4,Transfer,14,4,0,0,5,1852.2,18.4,128,0,CUST0452
TXN000389,5689.86,Transfer,7,5,0,0,3,2746.44,1.0,788,0,CUST0451
TXN000390,2192.18,Payment,9,5,0,0,6,1447.21,4.2,635,0,CUST0187
TXN000391,1983.52,Payment,10,5,0,0,3,1608.33,1.7,3136,0,CUST0427
TXN000392,1849.12,Payment,14,2,0,0,5,1503.23,3.2,2516,0,CUST0238
TXN000393,2174.84,Transfer,9,0,0,0,0,1018.93,2.6,47,0,CUST0179
TXN000394,1980.48,Transfer,10,2,0,0,3,1269.61,1.7,1304,0,CUST0427
TXN000395,2886.93,Transfer,16,4,0,0,0,495.89,1.7,1749,0,CUST0014
TXN000396,6276.48,Transfer,17,3,0,0,4,742.46,2.2,103,0,CUST0136
TXN000397,5547.1,Payment,11,3,0,0,5,678.15,0.4,1896,0,CUST0042
TXN000398,867.32,Withdrawal,17,3,0,1,1,3344.96,4.5,2889,0,CUST0259
TXN000399,322.17,Transfer,21,0,0,0,2,1392.98,0.5,1123,0,CUST0471
TXN000400,1054.85,Transfer,17,4,1,0,4,2207.43,2.1,3361,0,CUST0465
TXN000401,1745.69,Payment,17,0,0,0,3,1319.4,7.5,117,0,CUST0298
TXN000402,1326.75,Purchase,18,4,0,0,0,2303.11,5.5,2453,0,CUST0163
TXN000403,3530.11,Withdrawal,1,2,0,0,4,448.59,0.0,864,0,CUST0052
TXN000404,3496.27,Transfer,16,3,0,0,0,10389.54,1.6,2869,0,CUST0301
TXN000405,2648.99,Payment,18,2,0,0,3,3262.55,11.8,3373,0,CUST0371
TXN000406,1560.55,Transfer,6,3,0,0,3,3627.22,1.9,904,0,CUST0355
TXN000407,227.84,Transfer,13,4,0,0,1,1166.93,6.2,3272,0,CUST0210
TXN000408,115.87,Transfer,21,6,0,0,1,2363.89,0.5,1160,0,CUST0258
TXN000409,918.59,Purchase,9,0,0,0,5,2365.01,0.2,2850,0,CUST0077
TXN000410,316.18,Purchase,0,2,0,0,5,3648.68,1.9,3020,0,CUST0104
TXN000411,1867.6,Payment,11,3,0,0,1,1511.36,1.8,3216,0,CUST0432
TXN000412,1410.18,Purchase,17,6,0,0,5,2317.64,5.4,3016,0,CUST0193
TXN000413,777.55,Purchase,17,4,0,0,1,2359.2,2.8,2665,0,CUST0199
TXN000414,18773.22,Transfer,6,6,1,0,5,1852.05,10.0,290,1,CUST0137
TXN000415,2896.88,Purchase,11,2,0,0,3,4116.33,9.1,1759,0,CUST0048
TXN000416,649.12,Transfer,18,4,0,0,1,854.42,4.9,1016,0,CUST0497
TXN000417,2990.67,Transfer,20,0,0,0,1,4003.62,11.9,217,0,CUST0459
TXN000418,13983.8,Transfer,19,1,0,0,5,879.63,5.4,1072,0,CUST0422
TXN000419,16475.1,Payment,18,1,0,0,3,3101.48,0.5,578,0,CUST0199
TXN000420,5219.43,Withdrawal,11,1,0,0,4,1343.4,2.9,3509,0,CUST0050
TXN000421,5034.46,Purchase,17,1,0,0,1,976.87,1.0,3084,0,CUST0195
TXN000422,2685.97,Transfer,9,1,0,0,1,4810.87,0.9,1014,0,CUST0490
TXN000423,965.44,Payment,13,4,0,0,3,2309.04,2.5,2699,0,CUST0495
TXN000424,1926.97,Payment,17,5,0,0,3,3231.33,2.1,281,0,CUST0325
TXN000425,733.15,Payment,7,3,0,0,4,988.32,20.4,3477,0,CUST0281
TXN000426,775.5,Transfer,23,5,0,0,1,3711.84,1.2,1833,0,CUST0161
TXN000427,4565.02,Purchase,12,4,0,0,3,1120.69,11.4,665,0,CUST0250
TXN000428,1138.13,Withdrawal,15,3,0,0,1,1633.99,5.7,833,0,CUST0302
TXN000429,531.45,Payment,7,6,0,0,3,468.89,1.9,1037,0,CUST0140
TXN000430,6499.4,Withdrawal,19,6,0,0,4,729.96,8.8,959,0,CUST0266
TXN000431,1054.37,Payment,21,3,0,0,5,302.26,2.7,990,0,CUST0402
TXN000432,1830.95,Transfer,20,0,0,0,1,1161.35,5.3,2985,0,CUST0368
TXN000433,4731.45,Purchase,16,4,0,0,0,1926.48,5.9,3260,0,CUST0484
TXN000434,1129.18,Transfer,15,5,0,0,3,2307.47,21.4,383,0,CUST0255
TXN000435,385.7,Transfer,20,3,0,0,2,842.84,2.3,3221,0,CUST0128
TXN000436,3217.79,Transfer,17,6,0,0,2,1352.07,4.2,1145,0,CUST0448
TXN000437,2873.27,Payment,12,4,0,0,2,1525.75,8.0,2826,0,CUST0474
TXN000438,1878.08,Transfer,10,1,0,0,3,1373.4,1.0,1273,0,CUST0121
TXN000439,9617.58,Transfer,15,2,0,0,2,2148.66,2.5,2488,0,CUST0094
TXN000440,3748.32,Transfer,17,6,0,0,5,421.68,3.1,2605,0,CUST0046
TXN000441,7273.83,Withdrawal,14,5,0,0,1,1925.34,7.1,1993,0,CUST0019
TXN000442,84911.85,Withdrawal,23,2,1,0,8,3718.84,10.8,152,1,CUST0482
TXN000443,1124.5,Payment,14,4,0,0,2,1661.08,4.4,47,0,CUST0384
TXN000444,1247.08,Transfer,11,6,0,0,3,2354.36,0.2,1292,0,CUST0412
TXN000445,1281.69,Transfer,22,2,0,0,2,499.95,4.4,2310,0,CUST0408
TXN000446,3382.72,Purchase,16,4,0,0,4,2617.61,3.3,2525,0,CUST0233
TXN000447,2074.24,Transfer,12,2,0,0,2,1525.49,5.1,2784,0,CUST0320
TXN000448,329.45,Payment,9,3,0,0,2,516.59,1.2,2736,0,CUST0336
TXN000449,1483.36,Withdrawal,10,6,0,0,2,8175.48,1.0,40,0,CUST0177
TXN000450,278.44,Payment,14,5,0,0,3,2692.02,7.5,2230,0,CUST0089
TXN000451,2674.98,Withdrawal,1,3,0,0,3,877.84,10.5,2486,0,CUST0485
TXN000452,1488.17,Transfer,11,4,0,0,2,1044.99,1.8,2994,0,CUST0315
TXN000453,3180.49,Payment,12,3,0,0,1,2495.21,2.4,2931,0,CUST0360
TXN000454,8044.05,Payment,12,5,0,0,3,2375.24,12.1,928,0,CUST0492
TXN000455,1187.2,Transfer,12,2,0,0,0,2172.68,1.6,827,0,CUST0072
TXN000456,384.79,Withdrawal,14,4,0,0,2,1417.03,1.8,989,0,CUST0029
TXN000457,1929.52,Transfer,14,0,0,0,8,6456.64,5.7,1545,0,CUST0231
TXN000458,3328.81,Purchase,7,5,0,0,1,3053.0,1.9,1141,0,CUST0212
TXN000459,1972.48,Payment,19,0,0,0,1,1279.97,15.6,73,0,CUST0131
TXN000460,259.42,Transfer,13,4,0,0,2,2675.84,2.3,1879,0,CUST0258
TXN000461,911.93,Withdrawal,16,2,0,0,2,1866.13,9.3,2832,0,CUST0231
TXN000462,444.7,Withdrawal,15,0,0,0,5,17133.67,0.3,2338,0,CUST0334
TXN000463,961.75,Payment,12,0,0,0,3,264.44,10.9,3573,0,CUST0316
TXN000464,1089.38,Purchase,11,6,0,0,3,10192.38,1.2,1467,0,CUST0309
TXN000465,673.17,Transfer,11,6,0,0,1,2345.52,17.0,3262,0,CUST0279
TXN000466,2346.7,Payment,18,0,0,0,4,1538.36,9.2,1121,0,CUST0308
TXN000467,482.98,Payment,15,4,0,0,2,5872.81,10.3,1165,0,CUST0363
TXN000468,626.03,Payment,19,1,0,0,1,983.79,3.4,1394,0,CUST0404
TXN000469,2216.01,Purchase,17,5,0,0,0,5045.52,2.9,2868,0,CUST0290
TXN000470,3256.97,Transfer,8,6,0,0,5,2086.7,4.8,807,0,CUST0160
TXN000471,424.93,Payment,9,2,0,0,1,408.2,5.2,2324,0,CUST0027
TXN000472,2837.31,Transfer,15,6,0,0,1,608.33,1.1,614,0,CUST0465
TXN000473,2337.87,Purchase,9,5,0,0,3,213.26,4.5,774,0,CUST0237
TXN000474,1581.27,Payment,11,4,0,0,2,1284.99,4.2,3323,0,CUST0138
TXN000475,5058.22,Withdrawal,16,1,0,0,3,698.48,19.3,1365,0,CUST0381
TXN000476,2734.26,Transfer,7,4,1,0,4,603.14,1.5,781,0,CUST0162
TXN000477,2218.97,Payment,22,6,0,0,2,2776.84,3.4,2262,0,CUST0374
TXN000478,1566.72,Withdrawal,7,1,0,0,2,797.28,5.7,3213,0,CUST0416
TXN000479,2020.56,Withdrawal,10,1,0,0,3,556.91,6.6,1589,0,CUST0457
TXN000480,6469.64,Payment,16,1,0,0,2,2398.84,2.5,738,0,CUST0377
TXN000481,8291.86,Purchase,20,4,0,0,2,2639.98,2.5,2799,0,CUST0201
TXN000482,1150.45,Payment,9,4,1,0,2,898.14,0.2,1252,0,CUST0170
TXN000483,4015.81,Transfer,23,6,0,0,0,1918.77,0.9,2888,0,CUST0141
TXN000484,786.54,Payment,13,5,0,0,1,2112.28,21.2,1147,0,CUST0284
TXN000485,4925.77,Purchase,8,0,0,0,2,1368.02,1.2,2118,0,CUST0117
TXN000486,9626.41,Purchase,14,4,0,0,1,1554.31,15.9,2153,0,CUST0159
TXN000487,8894.48,Payment,17,2,0,0,3,100.0,2.3,1075,0,CUST0136
TXN000488,1468.33,Transfer,9,0,0,0,5,2464.93,2.8,1561,0,CUST0344
TXN000489,3413.24,Payment,19,5,0,0,5,5923.8,9.8,3312,0,CUST0396
TXN000490,127.62,Purchase,11,5,0,0,1,2708.61,13.6,2745,0,CUST0226
TXN000491,2677.85,Purchase,16,0,0,0,5,2318.3,7.6,700,0,CUST0071
TXN000492,197.19,Payment,19,2,0,0,3,3020.41,0.1,1705,0,CUST0370
TXN000493,2046.54,Withdrawal,9,5,0,0,1,1526.97,23.0,1429,0,CUST0376
TXN000494,775.6,Transfer,12,0,0,1,0,5048.28,3.0,1100,0,CUST0355
TXN000495,2464.87,Payment,17,4,0,0,0,1762.31,14.4,939,0,CUST0184
TXN000496,2115.03,Withdrawal,8,4,0,0,1,1122.68,2.7,328,0,CUST0158
TXN000497,2610.98,Payment,10,3,0,0,4,1779.39,9.6,591,0,CUST0100
TXN000498,2358.73,Payment,20,2,0,0,2,642.65,8.2,457,0,CUST0213
TXN000499,1705.43,Transfer,16,0,0,0,2,2125.34,0.2,1101,0,CUST0399
TXN000500,4901.35,Payment,14,3,0,0,2,1117.21,4.3,2910,0,CUST0454
TXN000501,490.49,Payment,14,4,0,0,2,1255.8,2.0,1837,0,CUST0176
TXN000502,2983.69,Payment,15,5,0,0,1,2332.43,8.6,3310,0,CUST0400
TXN000503,1178.13,Transfer,14,5,0,0,4,2642.93,10.3,1716,0,CUST0270
TXN000504,630.54,Transfer,10,4,0,0,3,1432.04,0.7,875,0,CUST0204
TXN000505,1698.19,Withdrawal,18,3,0,0,1,2247.24,0.8,1260,0,CUST0033
TXN000506,1319.38,Withdrawal,17,3,0,0,5,1765.89,1.5,845,0,CUST0246
TXN000507,5000.0,Transfer,0,3,1,1,8,1443.1,10.0,149,1,CUST0430
TXN000508,8517.98,Transfer,20,0,0,0,4,1410.62,6.4,1672,0,CUST0128
TXN000509,420.92,Payment,14,6,0,0,2,2418.89,15.0,1939,0,CUST0122
TXN000510,2796.08,Payment,13,0,0,0,3,2712.91,0.8,2114,0,CUST0110
TXN000511,1192.5,Purchase,16,4,0,0,3,973.36,3.6,1584,0,CUST0081
TXN000512,4152.64,Purchase,12,0,0,0,3,429.46,7.5,421,0,CUST0033
TXN000513,989.67,Withdrawal,11,6,1,0,3,738.61,8.8,3573,0,CUST0166
TXN000514,1004.4,Transfer,9,0,0,0,4,2404.56,9.5,2718,0,CUST0062
TXN000515,1459.62,Withdrawal,11,3,1,0,0,1290.07,7.9,1816,0,CUST0249
TXN000516,1378.41,Transfer,12,2,0,0,3,4640.39,1.9,3264,0,CUST0156
TXN000517,4134.97,Purchase,17,0,0,0,3,918.17,5.8,776,0,CUST0170
TXN000518,3407.25,Purchase,17,3,0,0,3,3486.13,5.4,2991,0,CUST0405
TXN000519,10414.2,Withdrawal,15,1,1,0,5,1939.38,14.0,1358,0,CUST0445
TXN000520,172.35,Payment,15,4,0,0,2,11480.91,2.8,2499,0,CUST0352
TXN000521,5766.61,Transfer,8,2,0,0,4,20535.04,0.4,2621,0,CUST0079
TXN000522,1692.43,Purchase,11,3,0,0,1,4998.71,1.1,1279,0,CUST0314
TXN000523,4310.34,Purchase,18,3,0,0,3,1133.49,1.7,792,0,CUST0025
TXN000524,1768.17,Withdrawal,10,0,0,0,1,1335.78,9.5,2151,0,CUST0228
TXN000525,6708.75,Payment,18,5,0,0,3,3235.84,1.4,2090,0,CUST0343
TXN000526,697.63,Payment,16,2,0,0,2,2207.54,6.6,354,0,CUST0482
TXN000527,679.05,Payment,11,3,0,0,4,1996.19,6.0,1271,0,CUST0204
TXN000528,1786.03,Withdrawal,22,3,0,1,3,1148.26,4.5,1749,0,CUST0007
TXN000529,5219.15,Payment,15,3,0,0,2,1151.08,0.7,641,0,CUST0250
TXN000530,677.02,Transfer,13,4,0,0,3,4802.03,1.5,2280,0,CUST0160
TXN000531,4887.09,Transfer,14,3,0,0,0,3959.16,7.7,2368,0,CUST0447
TXN000532,14150.36,Purchase,11,6,0,0,0,6489.46,1.9,743,0,CUST0024
TXN000533,5987.3,Transfer,6,4,1,1,6,628.8,22.8,88,1,CUST0279
TXN000534,4949.95,Transfer,15,2,0,0,2,954.64,11.3,1628,0,CUST0423
TXN000535,3920.69,Payment,21,6,0,0,2,1737.56,11.5,839,0,CUST0226
TXN000536,1092.64,Withdrawal,17,1,0,0,5,999.31,10.8,2365,0,CUST0389
TXN000537,1942.18,Payment,14,2,0,0,2,891.29,1.3,2334,0,CUST0224
TXN000538,1712.49,Purchase,13,5,0,0,1,1364.71,8.9,1705,0,CUST0316
TXN000539,3763.78,Purchase,22,1,0,0,3,3857.95,20.2,2319,0,CUST0141
TXN000540,6938.59,Purchase,11,3,0,0,2,18188.02,11.1,742,0,CUST0032
TXN000541,1099.3,Transfer,7,1,0,0,3,672.89,6.7,1873,0,CUST0430
TXN000542,1794.57,Payment,16,5,0,0,3,817.01,5.9,1463,0,CUST0203
TXN000543,1967.4,Payment,18,1,0,0,5,3924.22,8.6,2530,0,CUST0368
TXN000544,6539.28,Transfer,9,0,0,0,2,566.15,2.9,3186,0,CUST0496
TXN000545,1756.06,Purchase,22,6,0,0,1,394.32,2.1,3609,0,CUST0072
TXN000546,1399.2,Purchase,18,6,0,0,4,523.57,2.3,2173,0,CUST0318
TXN000547,3664.71,Transfer,11,1,0,0,2,1227.23,0.4,3450,0,CUST0288
TXN000548,555.32,Transfer,10,0,0,0,3,594.74,2.3,1902,0,CUST0466
TXN000549,852.38,Purchase,16,1,0,0,4,1765.25,0.2,142,0,CUST0083
TXN000550,483.36,Withdrawal,12,4,0,0,1,4853.19,7.3,1007,0,CUST0455
TXN000551,4701.82,Transfer,10,6,0,0,3,1019.34,13.4,1425,0,CUST0082
TXN000552,4183.65,Purchase,15,3,0,0,3,7523.69,1.2,1040,0,CUST0383
TXN000553,2590.16,Payment,13,3,0,0,2,841.54,2.9,931,0,CUST0102
TXN000554,2529.68,Transfer,16,0,0,0,3,597.89,2.6,1731,0,CUST0105
TXN000555,458.48,Withdrawal,9,2,0,0,5,7720.57,3.5,1643,0,CUST0209
TXN000556,2459.79,Purchase,14,3,0,0,1,3715.29,2.0,2362,0,CUST0299
TXN000557,4380.17,Withdrawal,9,1,0,0,4,2392.26,7.9,2848,0,CUST0291
TXN000558,5546.58,Transfer,10,6,0,0,3,5211.08,25.3,1554,0,CUST0329
TXN000559,5061.47,Payment,20,1,0,0,4,3639.07,2.8,2419,0,CUST0303
TXN000560,20240.36,Transfer,4,1,1,0,7,1188.93,121.9,102,1,CUST0357
TXN000561,2464.46,Transfer,14,0,0,1,1,2772.86,4.4,3343,0,CUST0123
TXN000562,3858.07,Transfer,19,1,0,0,3,2023.94,8.3,1019,0,CUST0053
TXN000563,118485.29,Payment,1,6,0,1,6,1358.58,10.0,345,1,CUST0393
TXN000564,6793.69,Transfer,5,4,0,0,9,788.78,18.4,15,1,CUST0335
TXN000565,1318.07,Transfer,9,0,0,0,3,3717.11,1.4,1943,0,CUST0342
TXN000566,682.58,Payment,11,1,0,0,1,3036.68,15.3,1982,0,CUST0161
TXN000567,592.99,Withdrawal,18,5,0,0,3,2289.06,2.6,1317,0,CUST0289
TXN000568,349.61,Purchase,15,0,0,0,3,2209.74,3.4,809,0,CUST0311
TXN000569,2344.63,Withdrawal,18,0,0,0,1,2201.48,12.2,152,0,CUST0411
TXN000570,2462.78,Payment,19,6,0,0,2,1151.29,1.0,3501,0,CUST0110
TXN000571,843.92,Transfer,9,5,0,0,2,218.87,10.4,3494,0,CUST0288
TXN000572,1786.43,Payment,13,3,0,0,0,1560.29,0.9,2297,0,CUST0289
TXN000573,3954.58,Purchase,13,5,0,0,5,5477.84,15.2,2629,0,CUST0097
TXN000574,674.07,Transfer,19,3,0,0,3,1655.26,3.0,1301,0,CUST0344
TXN000575,7272.98,Payment,15,5,0,0,1,2881.33,7.9,3444,0,CUST0372
TXN000576,81334.09,Withdrawal,8,4,1,1,9,2882.45,206.8,57,1,CUST0134
TXN000577,975.27,Transfer,10,2,0,0,3,3337.65,2.3,1835,0,CUST0449
TXN000578,1899.47,Payment,18,6,0,0,2,203.95,2.0,451,0,CUST0457
TXN000579,1866.13,Transfer,21,5,0,0,4,335.15,0.6,2452,0,CUST0087
TXN000580,2168.93,Purchase,17,5,0,0,4,4698.83,7.9,910,0,CUST0392
TXN000581,677.02,Purchase,10,6,0,0,3,1315.03,3.0,1446,0,CUST0448
TXN000582,14932.52,Withdrawal,16,2,0,0,7,5591.09,0.3,3124,0,CUST0413
TXN000583,1296.13,Transfer,11,5,1,0,2,503.6,5.6,2723,0,CUST0018
TXN000584,135.5,Transfer,23,0,0,0,1,6846.15,6.7,276,0,CUST0418
TXN000585,1513.35,Payment,20,0,0,0,3,1129.21,1.4,481,0,CUST0496
TXN000586,4195.55,Transfer,18,3,0,0,2,1855.63,3.1,1660,0,CUST0200
TXN000587,688.29,Purchase,9,1,1,0,0,501.8,0.5,226,0,CUST0057
TXN000588,5207.29,Transfer,17,2,0,0,3,4386.18,2.5,2394,0,CUST0266
TXN000589,1445.97,Payment,17,4,0,0,2,693.9,26.0,2852,0,CUST0035
TXN000590,9065.93,Payment,23,4,0,0,2,5026.64,12.6,380,0,CUST0336
TXN000591,2338.47,Transfer,20,5,0,0,1,663.31,3.3,540,0,CUST0250
TXN000592,3142.91,Purchase,15,1,0,0,3,294.55,5.9,3231,0,CUST0088
TXN000593,35818.81,Purchase,2,6,1,0,9,247.46,250.0,181,1,CUST0392
TXN000594,1815.71,Withdrawal,19,1,0,0,1,2314.07,6.3,3408,0,CUST0395
TXN000595,1752.39,Purchase,8,2,0,0,3,1004.41,11.3,2888,0,CUST0389
TXN000596,1686.43,Transfer,15,1,0,0,4,899.01,3.8,3641,0,CUST0280
TXN000597,2971.18,Purchase,16,2,0,0,3,1727.88,3.4,337,0,CUST0292
TXN000598,6663.1,Transfer,8,6,0,0,1,512.87,7.1,809,0,CUST0197
TXN000599,7643.18,Purchase,13,5,0,0,3,504.36,1.0,2747,0,CUST0244
TXN000600,1460.53,Payment,20,1,0,0,4,3228.45,1.8,3252,0,CUST0230
TXN000601,564.51,Transfer,12,0,0,0,1,1215.56,16.5,3057,0,CUST0158
TXN000602,11378.78,Withdrawal,13,4,1,1,9,874.03,45.9,42,1,CUST0117
TXN000603,1321.43,Withdrawal,7,5,0,0,1,1182.57,4.5,1754,0,CUST0203
TXN000604,2154.44,Payment,17,6,0,0,1,2383.75,0.4,2775,0,CUST0422
TXN000605,642.11,Payment,18,5,0,0,1,322.04,0.5,3569,0,CUST0111
TXN000606,5732.46,Transfer,20,1,0,0,5,2016.13,5.8,3451,0,CUST0282
TXN000607,1829.65,Purchase,6,1,0,0,3,3154.12,20.8,173,0,CUST0167
TXN000608,470.23,Purchase,15,2,0,0,2,654.6,23.8,880,0,CUST0323
TXN000609,31736.16,Purchase,18,2,1,0,0,5449.07,0.7,561,0,CUST0104
TXN000610,232.87,Payment,10,6,0,0,3,874.79,0.3,3000,0,CUST0242
TXN000611,1191.1,Transfer,9,3,0,0,1,2693.71,18.0,33,0,CUST0165
TXN000612,1936.36,Purchase,11,4,0,1,5,3186.04,4.7,477,0,CUST0233
TXN000613,1571.25,Payment,12,3,0,0,0,763.65,0.4,825,0,CUST0205
TXN000614,458.56,Payment,8,6,0,0,0,1244.92,3.9,1786,0,CUST0398
TXN000615,1040.79,Payment,10,0,0,0,7,1426.67,1.3,607,0,CUST0090
TXN000616,4318.86,Payment,17,0,0,0,1,3441.9,14.3,1352,0,CUST0315
TXN000617,2723.4,Payment,9,0,0,0,3,537.97,1.3,1590,0,CUST0330
TXN000618,1254.83,Payment,15,6,0,0,3,2368.14,7.6,2485,0,CUST0151
TXN000619,15756.41,Withdrawal,21,2,0,0,2,1501.13,2.8,38,0,CUST0395
TXN000620,391.33,Payment,13,5,0,0,1,311.03,1.3,1923,0,CUST0324
TXN000621,1918.35,Purchase,13,0,0,0,3,2064.27,2.1,209,0,CUST0205
TXN000622,3308.03,Transfer,21,0,0,0,3,788.54,4.8,2247,0,CUST0415
TXN000623,1584.19,Payment,14,1,0,0,2,1286.32,6.6,2391,0,CUST0466
TXN000624,2918.95,Payment,20,4,0,0,3,2146.8,8.1,2227,0,CUST0425
TXN000625,7441.6,Purchase,16,3,0,0,1,2363.42,0.1,46,0,CUST0034
TXN000626,1263.92,Transfer,12,2,0,0,8,1324.17,7.3,2145,0,CUST0334
TXN000627,1291.74,Payment,15,3,1,0,2,2908.36,17.0,3328,0,CUST0089
TXN000628,1537.44,Transfer,11,3,0,0,0,860.92,6.0,3238,0,CUST0473
TXN000629,1364.95,Withdrawal,9,3,0,0,4,3131.9,2.1,216,0,CUST0194
TXN000630,197.97,Transfer,19,4,0,0,1,5192.04,0.8,3527,0,CUST0338
TXN000631,8021.36,Purchase,9,4,0,0,3,681.57,5.2,2946,0,CUST0338
TXN000632,1647.68,Transfer,11,6,0,0,2,1615.29,3.2,2292,0,CUST0362
TXN000633,2595.2,Payment,1,2,0,0,4,269.76,6.6,2402,0,CUST0471
TXN000634,1583.5,Transfer,11,1,0,0,2,1049.82,0.5,1722,0,CUST0450
TXN000635,511.39,Payment,12,5,0,0,2,353.9,2.6,1915,0,CUST0341
TXN000636,1485.54,Transfer,9,1,0,0,2,727.63,3.8,1144,0,CUST0257
TXN000637,1832.53,Payment,2,0,0,0,1,791.16,1.6,2438,0,CUST0126
TXN000638,4107.43,Purchase,11,1,0,0,1,2440.04,2.3,1724,0,CUST0248
TXN000639,1773.27,Transfer,21,2,0,0,3,1388.87,3.6,1623,0,CUST0285
TXN000640,519.16,Transfer,9,4,1,0,3,2458.57,0.4,1070,0,CUST0185
TXN000641,4482.62,Payment,19,3,0,0,5,11199.17,5.9,2033,0,CUST0191
TXN000642,621.59,Transfer,12,4,0,0,4,1342.26,2.6,2386,0,CUST0480
TXN000643,476.86,Payment,13,5,0,0,0,1360.84,6.4,1773,0,CUST0432
TXN000644,2042.66,Payment,14,2,0,0,2,5972.21,10.2,2891,0,CUST0375
TXN000645,5468.23,Withdrawal,12,6,0,0,3,10070.92,10.2,2387,0,CUST0036
TXN000646,3012.73,Purchase,11,1,0,0,2,1456.16,3.2,181,0,CUST0461
TXN000647,886.94,Transfer,11,4,0,0,2,3123.68,3.1,3069,0,CUST0461
TXN000648,229.66,Purchase,20,5,0,0,2,2338.28,0.9,183,0,CUST0387
TXN000649,2384.16,Payment,19,2,0,0,2,1441.77,14.2,1716,0,CUST0049
TXN000650,3575.83,Withdrawal,13,0,0,0,2,3872.11,6.7,1532,0,CUST0186
TXN000651,1258.28,Payment,18,0,0,0,4,4687.57,23.6,876,0,CUST0478
TXN000652,10671.28,Purchase,21,1,0,0,3,1215.22,8.0,739,0,CUST0358
TXN000653,1043.61,Transfer,10,2,0,0,0,876.63,11.7,2071,0,CUST0251
TXN000654,15533.89,Transfer,22,1,1,0,7,2708.45,117.4,18,1,CUST0473
TXN000655,2710.9,Purchase,14,0,0,0,5,5147.62,8.0,3451,0,CUST0420
TXN000656,8109.24,Withdrawal,21,3,0,0,1,1942.29,0.3,299,0,CUST0301
TXN000657,1028.35,Transfer,4,1,0,0,1,12127.87,11.8,266,0,CUST0370
TXN000658,7298.57,Transfer,12,6,0,0,1,4314.21,13.0,1148,0,CUST0245
TXN000659,2913.3,Payment,17,3,0,0,5,1790.62,1.8,324,0,CUST0462
TXN000660,810.56,Transfer,14,3,0,0,0,2781.01,0.0,2024,0,CUST0162
TXN000661,1775.98,Purchase,18,5,0,0,4,361.91,7.0,1438,0,CUST0022
TXN000662,8337.08,Transfer,13,4,0,0,1,1769.05,1.0,1365,0,CUST0321
TXN000663,660.8,Purchase,17,1,0,0,6,3008.64,0.2,464,0,CUST0318
TXN000664,9125.13,Payment,19,4,0,0,6,2361.36,0.9,819,0,CUST0499
TXN000665,775.14,Transfer,13,1,0,0,4,861.43,4.0,1783,0,CUST0123
TXN000666,3592.37,Payment,5,2,0,1,1,3750.92,3.4,3576,0,CUST0052
TXN000667,378.97,Payment,22,6,0,0,3,6450.93,14.8,1199,0,CUST0087
TXN000668,2295.69,Payment,5,5,0,0,1,6035.85,4.5,1083,0,CUST0026
TXN000669,1295.9,Withdrawal,16,6,0,0,4,3114.93,0.7,709,0,CUST0085
TXN000670,1283.95,Transfer,13,5,1,0,3,1726.47,1.0,1417,0,CUST0069
TXN000671,1779.25,Purchase,11,2,0,0,0,1349.96,12.8,1375,0,CUST0006
TXN000672,1513.19,Payment,16,4,0,0,4,1240.75,1.4,1792,0,CUST0364
TXN000673,1644.0,Withdrawal,19,6,0,0,1,1238.9,3.8,1508,0,CUST0186
TXN000674,3487.46,Withdrawal,17,1,0,0,2,1509.33,24.8,195,0,CUST0084
TXN000675,2426.2,Payment,0,0,0,0,3,533.32,4.5,1925,0,CUST0164
TXN000676,4321.24,Purchase,18,0,1,0,3,799.32,10.1,3415,0,CUST0046
TXN000677,2418.61,Purchase,12,3,0,0,1,679.03,2.0,1378,0,CUST0149
TXN000678,1955.0,Withdrawal,11,5,0,0,1,3359.74,5.4,1396,0,CUST0183
TXN000679,2341.77,Purchase,13,4,0,0,3,6097.87,2.3,1113,0,CUST0299
TXN000680,2500.78,Transfer,13,5,0,0,2,5957.77,9.4,2765,0,CUST0419
TXN000681,1130.62,Payment,15,5,0,0,3,641.86,32.1,857,0,CUST0270
TXN000682,1254.78,Purchase,8,5,0,0,3,770.77,0.5,392,0,CUST0232
TXN000683,9821.67,Purchase,16,3,0,0,1,2857.91,2.0,2532,0,CUST0281
TXN000684,2225.2,Payment,8,6,0,0,0,1693.07,0.7,1977,0,CUST0465
TXN000685,1431.95,Transfer,14,5,0,0,3,1129.63,8.4,1802,0,CUST0239
TXN000686,1192.21,Transfer,17,5,0,0,2,4328.5,10.2,887,0,CUST0423
TXN000687,659.78,Purchase,22,1,0,0,4,5609.01,2.6,2190,0,CUST0451
TXN000688,1632.71,Purchase,16,3,0,0,4,2053.0,2.9,904,0,CUST0231
TXN000689,397.93,Transfer,9,2,0,0,1,2229.1,8.4,1105,0,CUST0330
TXN000690,1150.97,Transfer,9,0,0,0,5,931.45,6.2,1868,0,CUST0070
TXN000691,1221.85,Transfer,11,5,0,0,4,1004.46,8.6,3010,0,CUST0181
TXN000692,873.05,Purchase,19,5,0,1,4,3025.79,2.9,1440,0,CUST0140
TXN000693,6946.1,Transfer,12,0,0,0,5,845.01,9.4,2281,0,CUST0313
TXN000694,3812.44,Transfer,9,4,0,0,2,1128.78,3.1,1557,0,CUST0485
TXN000695,443.55,Payment,7,4,0,0,2,459.49,2.8,1359,0,CUST0444
TXN000696,2320.22,Purchase,22,3,0,0,4,5418.71,1.2,548,0,CUST0220
TXN000697,631.87,Transfer,9,3,0,0,4,1811.23,2.5,1800,0,CUST0164
TXN000698,4151.44,Payment,16,6,0,0,0,6403.75,5.5,3348,0,CUST0065
TXN000699,4963.26,Transfer,10,0,0,0,1,6490.06,4.3,149,0,CUST0447
TXN000700,798.0,Transfer,15,3,0,0,2,1580.57,1.8,617,0,CUST0166
TXN000701,1585.87,Purchase,16,6,0,0,1,1455.42,2.0,101,0,CUST0287
TXN000702,810.56,Transfer,15,6,0,0,4,1136.38,1.8,1213,0,CUST0115
TXN000703,13017.87,Purchase,18,4,0,0,1,3681.19,4.8,260,0,CUST0017
TXN000704,638.94,Payment,14,0,0,0,3,667.22,4.4,1855,0,CUST0214
TXN000705,394.19,Payment,15,4,0,0,2,429.0,0.5,2817,0,CUST0162
TXN000706,745.43,Transfer,10,5,0,0,2,3146.68,0.1,1616,0,CUST0482
TXN000707,1621.29,Payment,8,2,0,0,4,1375.32,3.6,2901,0,CUST0175
TXN000708,2008.97,Withdrawal,12,5,0,0,1,7799.76,11.8,564,0,CUST0052
TXN000709,304.71,Purchase,7,4,0,0,1,782.71,3.9,2068,0,CUST0171
TXN000710,1431.38,Payment,14,2,0,0,1,1329.19,12.2,1801,0,CUST0029
TXN000711,3438.27,Payment,7,2,0,0,1,1571.1,6.4,3206,0,CUST0406
TXN000712,628.92,Payment,16,1,0,0,4,3257.78,2.8,1262,0,CUST0483
TXN000713,2228.01,Withdrawal,17,6,0,0,4,3264.03,1.2,2128,0,CUST0238
TXN000714,10752.63,Payment,15,5,0,0,4,321.11,5.4,2508,0,CUST0252
TXN000715,4653.21,Payment,14,3,0,0,2,880.88,2.5,3590,0,CUST0422
TXN000716,1286.14,Withdrawal,11,2,0,0,4,1551.12,14.4,2335,0,CUST0318
TXN000717,4322.22,Purchase,9,4,0,0,5,2493.05,3.0,1940,0,CUST0378
TXN000718,2659.01,Payment,18,1,0,0,2,1110.91,1.2,149,0,CUST0208
TXN000719,3232.46,Transfer,17,1,0,0,2,3420.22,2.7,2788,0,CUST0479
TXN000720,1827.21,Payment,8,2,0,0,2,1399.05,13.6,2999,0,CUST0419
TXN000721,1673.22,Purchase,17,5,0,0,4,1095.99,1.7,1697,0,CUST0311
TXN000722,3152.47,Withdrawal,12,1,0,0,2,813.12,7.3,481,0,CUST0458
TXN000723,3908.33,Purchase,18,5,0,0,1,5068.61,3.1,2672,0,CUST0428
TXN000724,5000.0,Withdrawal,18,5,0,1,7,1672.5,52.0,349,1,CUST0006
TXN000725,6981.88,Transfer,0,2,0,0,2,2098.04,13.7,2142,0,CUST0275
TXN000726,277.83,Payment,12,2,0,0,4,2253.73,0.2,2967,0,CUST0268
TXN000727,5584.67,Purchase,10,0,0,0,3,2185.66,2.0,2832,0,CUST0283
TXN000728,1653.69,Payment,9,1,0,0,2,2507.84,4.7,2818,0,CUST0417
TXN000729,794.67,Transfer,7,4,0,0,5,2268.59,4.1,2952,0,CUST0218
TXN000730,5000.0,Purchase,0,3,1,1,14,991.92,36.6,158,1,CUST0492
TXN000731,1331.48,Payment,18,4,0,0,3,1351.62,7.3,3646,0,CUST0037
TXN000732,2409.38,Transfer,17,5,0,0,4,4147.75,5.1,1009,0,CUST0344
TXN000733,1079.25,Transfer,13,3,0,0,2,2524.29,7.7,2387,0,CUST0314
TXN000734,534.17,Payment,8,1,0,0,2,5651.94,0.8,2716,0,CUST0031
TXN000735,1405.94,Purchase,9,4,0,0,3,3150.58,0.5,2834,0,CUST0175
TXN000736,8356.13,Withdrawal,21,6,0,0,7,816.85,1.4,530,0,CUST0322
TXN000737,856.99,Payment,17,2,1,0,2,3953.4,4.4,1327,0,CUST0342
TXN000738,21702.66,Payment,19,4,0,0,0,1480.09,1.1,534,0,CUST0247
TXN000739,95.28,Payment,19,2,0,1,3,3397.84,6.3,1013,0,CUST0124
TXN000740,5889.87,Withdrawal,14,3,0,0,5,889.49,1.1,899,0,CUST0128
TXN000741,1945.58,Withdrawal,15,6,0,0,3,1147.82,5.5,3471,0,CUST0466
TXN000742,5203.68,Purchase,10,4,0,0,2,2648.89,3.6,2605,0,CUST0276
TXN000743,957.8,Payment,13,2,0,0,3,1459.97,11.7,745,0,CUST0489
TXN000744,1977.48,Payment,10,1,0,0,5,1806.76,0.6,1430,0,CUST0466
TXN000745,1430.79,Transfer,12,3,0,0,1,3109.53,6.2,3010,0,CUST0413
TXN000746,1500.15,Transfer,8,3,0,0,3,1065.58,0.3,2224,0,CUST0500
TXN000747,7329.0,Purchase,15,0,1,0,3,935.98,0.4,2841,0,CUST0497
TXN000748,3139.26,Purchase,13,2,0,0,0,823.34,14.4,1439,0,CUST0281
TXN000749,1695.38,Payment,10,5,0,0,2,1024.19,5.0,2281,0,CUST0459
TXN000750,6358.92,Payment,10,4,0,0,4,3629.72,3.9,1234,0,CUST0484
TXN000751,1780.57,Payment,18,1,0,0,4,14397.58,8.6,2783,0,CUST0012
TXN000752,3011.29,Transfer,10,2,1,0,3,1127.29,2.9,240,0,CUST0008
TXN000753,3696.85,Withdrawal,18,6,0,0,3,1086.66,0.0,2375,0,CUST0092
TXN000754,2436.11,Purchase,20,1,0,0,2,948.65,3.0,817,0,CUST0447
TXN000755,1448.67,Payment,18,0,0,0,1,476.26,3.9,2944,0,CUST0323
TXN000756,8193.98,Payment,16,1,0,0,1,2026.49,8.1,3496,0,CUST0481
TXN000757,400.8,Payment,18,6,0,0,2,1095.04,0.3,3603,0,CUST0061
TXN000758,1365.57,Purchase,13,0,0,0,3,1185.83,6.3,952,0,CUST0360
TXN000759,5929.61,Payment,13,5,1,0,0,1960.57,0.9,769,0,CUST0331
TXN000760,3146.54,Payment,11,0,0,0,4,3236.41,1.4,3197,0,CUST0212
TXN000761,13190.81,Withdrawal,15,2,0,0,1,5356.56,4.9,1611,0,CUST0222
TXN000762,2997.67,Transfer,14,0,0,1,4,3156.48,3.2,2922,0,CUST0156
TXN000763,492.2,Payment,15,1,0,0,4,3102.72,6.1,505,0,CUST0372
TXN000764,7632.09,Purchase,12,6,0,0,2,1328.41,2.3,1456,0,CUST0224
TXN000765,1564.21,Purchase,18,1,0,0,3,2538.31,0.9,233,0,CUST0143
TXN000766,967.95,Transfer,19,3,0,0,1,933.88,5.5,1459,0,CUST0056
TXN000767,557.12,Payment,19,1,0,0,4,2353.28,10.8,935,0,CUST0464
TXN000768,1259.58,Purchase,9,0,0,0,4,2011.77,7.5,2036,0,CUST0133
TXN000769,3536.57,Payment,10,4,0,0,3,1374.32,1.0,1994,0,CUST0446
TXN000770,710.1,Transfer,10,3,0,0,1,2701.07,4.0,1701,0,CUST0132
TXN000771,2922.69,Transfer,16,6,0,0,2,1621.3,1.6,2645,0,CUST0411
TXN000772,3618.11,Transfer,19,6,0,0,2,1674.31,1.5,1198,0,CUST0388
TXN000773,2389.87,Transfer,11,4,0,0,3,1562.16,6.0,1587,0,CUST0064
TXN000774,689.39,Transfer,13,4,0,0,3,2020.6,0.2,1129,0,CUST0465
TXN000775,8506.95,Payment,10,5,0,0,2,776.77,11.1,1051,0,CUST0398
TXN000776,3290.5,Withdrawal,11,3,0,0,2,980.13,6.1,1824,0,CUST0257
TXN000777,3657.4,Payment,9,5,0,0,2,931.44,0.6,1868,0,CUST0073
TXN000778,5473.76,Transfer,21,3,0,0,3,2393.46,2.8,288,0,CUST0031
TXN000779,12924.98,Purchase,18,4,0,0,1,4282.38,3.7,3048,0,CUST0126
TXN000780,872.82,Withdrawal,11,5,0,0,1,5793.18,6.7,3154,0,CUST0396
TXN000781,1080.37,Payment,15,4,0,0,3,2342.6,5.1,3215,0,CUST0136
TXN000782,5000.0,Transfer,19,5,1,0,13,1383.46,90.6,143,1,CUST0190
TXN000783,2254.27,Payment,15,3,1,1,5,2646.82,4.3,2551,0,CUST0483
TXN000784,24171.32,Purchase,10,4,1,0,9,1054.93,53.3,247,1,CUST0487
TXN000785,1624.62,Purchase,15,2,0,1,1,2621.78,0.7,1588,0,CUST0151
TXN000786,958.84,Purchase,17,4,0,0,2,1761.64,3.4,2804,0,CUST0449
TXN000787,589.68,Purchase,11,1,0,0,3,904.42,3.8,2897,0,CUST0449
TXN000788,8212.8,Transfer,13,2,0,0,4,5968.2,5.8,2744,0,CUST0334
TXN000789,839.78,Transfer,10,5,0,0,3,1365.49,10.8,766,0,CUST0186
TXN000790,603.28,Transfer,10,5,0,0,1,1341.07,9.8,1171,0,CUST0046
TXN000791,1207.01,Transfer,13,3,0,0,1,237.63,4.0,1254,0,CUST0231
TXN000792,698.76,Withdrawal,18,1,0,0,1,3937.37,0.7,2838,0,CUST0487
TXN000793,404.83,Transfer,9,0,0,0,0,1164.6,1.4,1905,0,CUST0096
TXN000794,1142.12,Withdrawal,14,4,0,0,0,2527.9,4.5,1516,0,CUST0229
TXN000795,197.0,Payment,12,6,0,0,3,1524.36,0.6,409,0,CUST0236
TXN000796,2930.09,Purchase,17,5,0,0,5,8060.48,12.3,1321,0,CUST0220
TXN000797,1481.69,Withdrawal,14,5,0,0,2,719.2,16.3,3536,0,CUST0118
TXN000798,969.58,Transfer,12,3,1,0,2,497.72,0.5,1711,0,CUST0062
TXN000799,1560.78,Withdrawal,19,3,0,0,2,2774.53,2.9,2834,0,CUST0164
TXN000800,845.25,Transfer,18,2,0,0,3,822.17,1.7,3190,0,CUST0353
TXN000801,935.4,Payment,12,5,0,0,2,1535.19,5.1,3238,0,CUST0091
TXN000802,1811.27,Transfer,11,1,0,0,3,1624.31,6.8,3409,0,CUST0481
TXN000803,3086.57,Withdrawal,8,2,0,0,1,587.82,2.2,529,0,CUST0003
TXN000804,520.85,Payment,16,4,0,0,4,294.96,16.1,1901,0,CUST0276
TXN000805,1062.68,Transfer,9,0,0,0,1,363.38,2.6,1068,0,CUST0448
TXN000806,4812.1,Withdrawal,15,5,1,0,2,2361.95,11.5,1056,0,CUST0498
TXN000807,2661.34,Payment,18,6,0,1,1,1316.82,1.1,1199,0,CUST0355
TXN000808,995.36,Payment,8,1,0,0,3,1049.5,1.1,793,0,CUST0421
TXN000809,434.96,Transfer,14,6,0,0,2,2176.0,4.4,919,0,CUST0318
TXN000810,24384.02,Purchase,18,4,0,0,0,7306.99,0.6,2445,0,CUST0014
TXN000811,556.11,Transfer,8,3,0,0,2,1021.93,0.1,1951,0,CUST0250
TXN000812,1312.03,Payment,12,1,0,0,2,1519.32,1.0,2606,0,CUST0459
TXN000813,822.15,Withdrawal,18,2,0,0,1,4098.5,3.4,2035,0,CUST0384
TXN000814,545.69,Withdrawal,19,0,0,0,8,1299.29,6.6,2392,0,CUST0169
TXN000815,992.88,Purchase,10,3,0,0,0,8075.01,3.9,916,0,CUST0373
TXN000816,158.33,Withdrawal,16,2,0,0,5,2672.07,8.0,2642,0,CUST0450
TXN000817,683.51,Transfer,17,0,0,0,1,782.33,1.7,1378,0,CUST0251
TXN000818,2253.39,Transfer,13,3,0,0,3,15132.76,16.9,3002,0,CUST0119
TXN000819,1180.44,Transfer,12,4,0,0,1,896.07,0.1,2102,0,CUST0260
TXN000820,343.45,Transfer,11,0,0,0,4,1180.39,10.9,361,0,CUST0253
TXN000821,2678.24,Purchase,18,6,0,0,3,5020.59,21.6,1042,0,CUST0138
TXN000822,1690.12,Transfer,22,6,0,0,2,501.22,2.5,3315,0,CUST0071
TXN000823,3023.17,Payment,17,1,0,0,3,857.7,5.1,1602,0,CUST0403
TXN000824,507.27,Transfer,17,4,0,0,5,2982.19,2.3,1904,0,CUST0327
TXN000825,5314.13,Payment,16,5,0,0,4,3121.12,0.4,3132,0,CUST0027
TXN000826,7690.93,Transfer,13,1,0,0,4,988.17,0.2,2676,0,CUST0418
TXN000827,1830.28,Transfer,15,0,0,0,1,2192.79,1.1,30,0,CUST0069
TXN000828,3957.59,Withdrawal,18,4,0,0,0,1784.29,3.0,2022,0,CUST0424
TXN000829,24241.39,Transfer,1,4,1,1,4,1417.02,58.7,46,1,CUST0222
TXN000830,1030.78,Withdrawal,15,0,0,0,3,3243.5,1.8,2206,0,CUST0296
TXN000831,375.97,Withdrawal,6,1,0,0,1,1433.27,3.8,1270,0,CUST0489
TXN000832,962.05,Withdrawal,13,0,0,0,2,1735.13,0.7,1615,0,CUST0026
TXN000833,292.73,Payment,9,2,0,0,2,1252.12,1.7,181,0,CUST0201
TXN000834,1970.21,Payment,18,0,0,0,2,6574.53,1.2,1178,0,CUST0435
TXN000835,4711.64,Transfer,10,5,0,0,2,1537.06,14.0,1529,0,CUST0291
TXN000836,933.05,Withdrawal,21,4,0,0,1,3794.88,3.0,2404,0,CUST0134
TXN000837,4686.67,Payment,9,0,0,0,1,597.61,0.2,1138,0,CUST0445
TXN000838,3481.55,Purchase,12,1,0,0,1,5891.56,9.5,733,0,CUST0473
TXN000839,2592.48,Transfer,23,1,0,0,4,1283.67,2.8,2600,0,CUST0498
TXN000840,2250.07,Withdrawal,16,3,0,0,6,3249.65,5.0,315,0,CUST0491
TXN000841,359.3,Transfer,11,2,0,0,3,4132.45,4.2,1839,0,CUST0364
TXN000842,2535.02,Payment,17,1,1,0,0,4830.89,5.5,2099,0,CUST0458
TXN000843,2164.39,Withdrawal,8,3,0,0,0,3306.34,0.4,2098,0,CUST0189
TXN000844,551.39,Payment,12,2,0,0,3,3053.74,6.3,3428,0,CUST0252
TXN000845,3977.03,Withdrawal,8,5,0,0,4,1665.18,1.2,1942,0,CUST0403
TXN000846,2680.6,Payment,14,4,0,0,1,2242.17,4.6,2370,0,CUST0035
TXN000847,22315.45,Transfer,21,2,1,1,10,839.7,10.0,321,1,CUST0103
TXN000848,3422.71,Transfer,15,1,0,0,3,3132.85,2.0,1324,0,CUST0154
TXN000849,822.89,Purchase,11,1,0,0,1,602.92,0.8,1388,0,CUST0493
TXN000850,1368.02,Transfer,16,5,0,0,3,3745.53,6.3,2005,0,CUST0035
TXN000851,616.63,Purchase,14,5,0,0,4,12408.4,2.3,2018,0,CUST0307
TXN000852,2798.22,Payment,20,6,0,0,4,4327.33,17.5,2608,0,CUST0188
TXN000853,3591.48,Transfer,10,3,0,0,4,4123.35,5.4,1011,0,CUST0499
TXN000854,2695.2,Payment,18,3,0,0,5,789.84,4.9,2658,0,CUST0323
TXN000855,2644.4,Payment,16,0,0,0,3,513.68,0.6,3287,0,CUST0133
TXN000856,424.96,Transfer,9,6,0,0,3,2704.77,6.1,1549,0,CUST0173
TXN000857,17888.46,Payment,11,4,0,0,4,7463.56,1.9,3416,0,CUST0457
TXN000858,588.43,Purchase,14,0,0,0,3,993.6,2.7,2925,0,CUST0060
TXN000859,1067.01,Withdrawal,8,2,0,0,5,3158.91,3.3,937,0,CUST0444
TXN000860,4496.0,Payment,11,0,0,0,1,1643.1,1.2,2727,0,CUST0285
TXN000861,908.55,Purchase,20,2,0,0,5,2396.59,5.1,1927,0,CUST0243
TXN000862,4100.1,Withdrawal,10,1,0,0,5,14815.92,7.6,3220,0,CUST0172
TXN000863,2072.99,Transfer,5,1,0,0,2,2001.06,3.3,146,0,CUST0250
TXN000864,4759.16,Payment,4,1,0,0,0,1657.1,0.5,1229,0,CUST0226
TXN000865,1807.48,Payment,20,1,0,0,1,1944.47,0.7,3318,0,CUST0276
TXN000866,1572.56,Withdrawal,18,3,0,0,3,2388.65,8.7,156,0,CUST0080
TXN000867,3410.87,Payment,9,0,0,0,7,888.43,1.6,1225,0,CUST0182
TXN000868,1104.2,Transfer,10,5,0,0,3,2736.0,2.8,3290,0,CUST0481
TXN000869,1070.02,Transfer,12,6,0,0,3,2056.12,10.6,2822,0,CUST0440
TXN000870,21160.09,Purchase,6,6,0,0,1,2243.17,6.0,2949,0,CUST0440
TXN000871,1553.42,Purchase,9,2,0,0,2,1221.68,2.5,2378,0,CUST0168
TXN000872,2497.58,Payment,16,3,0,0,2,1054.02,3.1,1704,0,CUST0406
TXN000873,2856.1,Withdrawal,18,3,0,1,2,1834.19,6.5,1113,0,CUST0047
TXN000874,761.82,Payment,11,4,0,0,0,5387.99,7.3,3273,0,CUST0079
TXN000875,8427.01,Withdrawal,14,1,0,0,2,1223.11,2.2,165,0,CUST0188
TXN000876,423.61,Payment,16,5,0,0,4,5104.12,6.9,797,0,CUST0420
TXN000877,310.06,Transfer,11,5,0,0,3,2996.62,6.4,745,0,CUST0242
TXN000878,2570.0,Payment,18,1,0,0,2,5897.71,1.1,402,0,CUST0086
TXN000879,1819.69,Transfer,12,4,0,0,3,613.07,6.0,2347,0,CUST0034
TXN000880,1293.05,Withdrawal,16,2,0,0,3,10300.69,1.1,867,0,CUST0249
TXN000881,1612.48,Transfer,15,6,0,0,2,871.62,0.3,1586,0,CUST0089
TXN000882,1305.02,Transfer,6,1,0,0,5,505.8,3.5,206,0,CUST0220
TXN000883,1104.34,Transfer,9,3,0,0,6,804.91,9.4,2065,0,CUST0034
TXN000884,19699.96,Transfer,20,1,0,0,5,1696.33,9.1,2441,0,CUST0341
TXN000885,874.13,Transfer,18,1,0,0,1,1426.91,7.3,1233,0,CUST0155
TXN000886,879.22,Withdrawal,10,3,0,0,4,1172.29,0.9,3095,0,CUST0321
TXN000887,850.87,Payment,7,4,0,0,2,3453.93,10.4,2658,0,CUST0285
TXN000888,432.62,Purchase,15,3,0,0,2,1030.83,1.1,2134,0,CUST0032
TXN000889,240.49,Payment,21,5,0,0,2,199.44,5.9,1352,0,CUST0057
TXN000890,14183.65,Transfer,14,4,0,0,3,9200.28,1.3,2700,0,CUST0397
TXN000891,1532.06,Payment,10,4,0,0,4,18141.42,1.7,1372,0,CUST0205
TXN000892,5628.63,Transfer,13,1,0,0,4,537.04,1.2,138,0,CUST0036
TXN000893,1846.42,Payment,10,6,0,0,4,2427.82,1.5,1315,0,CUST0269
TXN000894,635.98,Purchase,9,4,0,0,2,1232.69,6.1,3125,0,CUST0046
TXN000895,539.46,Payment,10,4,1,0,3,1159.2,1.0,335,0,CUST0133
TXN000896,2433.89,Withdrawal,22,4,1,0,5,713.39,17.7,1140,0,CUST0378
TXN000897,1294.01,Purchase,6,3,0,0,2,5842.17,1.3,3234,0,CUST0053
TXN000898,15095.56,Withdrawal,18,0,0,0,0,1560.53,0.1,3185,0,CUST0330
TXN000899,2247.18,Payment,8,1,0,0,3,4088.12,3.0,1162,0,CUST0367
TXN000900,1707.19,Withdrawal,21,3,0,0,3,295.22,3.3,2696,0,CUST0462
TXN000901,4219.29,Transfer,10,5,0,0,2,1522.31,6.6,2730,0,CUST0017
TXN000902,2500.09,Payment,15,5,0,0,1,1404.25,2.9,282,0,CUST0130
TXN000903,2595.42,Payment,13,2,0,0,2,1755.62,7.1,493,0,CUST0482
TXN000904,6839.24,Transfer,15,2,0,0,4,775.99,3.0,2232,0,CUST0336
TXN000905,5049.21,Transfer,13,1,0,0,3,2696.35,1.7,2830,0,CUST0409
TXN000906,2805.92,Transfer,11,1,0,0,1,3027.51,3.2,2578,0,CUST0007
TXN000907,2652.97,Payment,11,3,0,0,1,1464.67,2.5,1366,0,CUST0418
TXN000908,455.17,Withdrawal,8,0,0,0,3,1009.32,2.1,1665,0,CUST0342
TXN000909,6171.33,Transfer,9,0,0,0,5,9366.93,2.6,3321,0,CUST0154
TXN000910,1247.31,Transfer,15,4,0,0,3,777.99,0.6,2135,0,CUST0381
TXN000911,1129.8,Payment,19,5,1,1,1,4396.96,10.9,2711,0,CUST0314
TXN000912,1916.72,Payment,10,6,0,0,2,971.97,7.1,1567,0,CUST0061
TXN000913,277.3,Payment,12,6,0,0,5,4980.91,2.4,3633,0,CUST0372
TXN000914,382.31,Transfer,7,1,0,0,3,4649.76,15.9,487,0,CUST0404
TXN000915,2099.8,Payment,18,4,0,0,3,1987.96,1.5,587,0,CUST0490
TXN000916,10566.61,Transfer,16,0,0,0,4,560.34,0.6,2247,0,CUST0065
TXN000917,6947.24,Transfer,22,5,0,0,1,1274.8,11.0,43,0,CUST0073
TXN000918,2143.97,Payment,18,2,0,0,1,1123.72,2.3,892,0,CUST0371
TXN000919,769.75,Purchase,11,1,0,0,2,1347.47,0.0,846,0,CUST0150
TXN000920,1049.31,Payment,11,2,0,0,4,2672.91,6.1,95,0,CUST0379
TXN000921,1065.23,Purchase,13,1,0,0,2,1566.21,6.2,1276,0,CUST0095
TXN000922,1057.9,Payment,19,5,0,0,2,660.88,3.4,248,0,CUST0401
TXN000923,2045.56,Purchase,10,3,0,0,3,3613.58,1.8,2681,0,CUST0447
TXN000924,1177.35,Purchase,13,1,0,0,1,570.79,5.2,3547,0,CUST0117
TXN000925,465.21,Transfer,14,1,0,0,1,1092.84,2.0,3250,0,CUST0194
TXN000926,5152.91,Purchase,15,4,0,0,2,2323.45,2.0,230,0,CUST0144
TXN000927,232.77,Payment,16,5,0,0,0,1051.4,5.9,1727,0,CUST0439
TXN000928,453.95,Withdrawal,9,5,0,0,3,6151.37,7.3,3492,0,CUST0440
TXN000929,782.96,Transfer,9,5,0,0,1,382.67,0.5,3056,0,CUST0427
TXN000930,1199.87,Purchase,18,6,0,0,3,2737.99,6.1,2241,0,CUST0458
TXN000931,1401.16,Payment,9,6,0,0,4,2574.59,12.5,2450,0,CUST0138
TXN000932,11927.12,Transfer,3,2,1,0,7,2090.33,55.0,321,1,CUST0437
TXN000933,706.36,Transfer,13,6,0,0,3,9335.68,4.9,370,0,CUST0316
TXN000934,261.01,Withdrawal,15,4,0,0,4,3718.04,0.3,2185,0,CUST0089
TXN000935,2732.98,Transfer,17,6,0,0,2,5586.33,0.1,2944,0,CUST0374
TXN000936,2188.83,Purchase,11,1,0,0,4,1865.14,0.2,2430,0,CUST0099
TXN000937,2045.11,Payment,15,6,0,0,1,6598.64,18.7,1725,0,CUST0271
TXN000938,1241.86,Payment,6,6,0,0,0,1753.06,11.8,2424,0,CUST0211
TXN000939,3220.73,Purchase,13,0,0,1,2,3333.31,27.3,613,0,CUST0388
TXN000940,4895.73,Purchase,18,5,0,0,1,529.99,4.2,1599,0,CUST0431
TXN000941,1345.6,Payment,14,6,0,0,3,3056.64,6.4,2741,0,CUST0247
TXN000942,4419.13,Transfer,22,4,0,0,4,1421.07,1.2,3280,0,CUST0278
TXN000943,2949.45,Transfer,10,0,0,0,3,1304.89,2.2,2517,0,CUST0036
TXN000944,386.53,Purchase,12,0,0,0,4,470.72,6.2,658,0,CUST0022
TXN000945,3852.84,Payment,17,6,0,0,2,2775.98,3.0,1350,0,CUST0147
TXN000946,1872.94,Payment,6,0,1,0,3,2869.91,4.6,238,0,CUST0073
TXN000947,2012.65,Payment,0,2,0,0,2,1314.68,3.1,2512,0,CUST0011
TXN000948,2157.02,Transfer,22,0,0,0,5,1120.41,8.4,2230,0,CUST0456
TXN000949,371.08,Payment,14,0,0,0,3,1286.91,19.9,327,0,CUST0449
TXN000950,38231.24,Withdrawal,22,3,1,1,7,1424.12,36.9,266,1,CUST0256
TXN000951,2500.3,Purchase,10,5,0,0,1,2425.34,0.6,2237,0,CUST0342
TXN000952,1836.43,Transfer,15,0,0,0,0,7509.35,9.1,1941,0,CUST0495
TXN000953,1611.45,Transfer,18,3,0,0,2,3505.3,0.1,358,0,CUST0450
TXN000954,2072.55,Transfer,12,3,0,0,1,6080.11,1.4,1946,0,CUST0015
TXN000955,1738.6,Payment,17,1,0,0,4,8955.81,3.1,3392,0,CUST0285
TXN000956,1041.91,Transfer,10,2,0,0,3,2572.11,16.1,2984,0,CUST0143
TXN000957,1167.08,Purchase,22,2,0,0,2,7535.78,5.4,1877,0,CUST0363
TXN000958,4325.66,Withdrawal,13,3,0,0,3,1447.4,1.3,2077,0,CUST0082
TXN000959,3683.49,Transfer,21,6,0,0,3,1505.73,5.5,2608,0,CUST0330
TXN000960,6748.77,Withdrawal,16,3,0,0,4,9112.8,11.5,327,0,CUST0183
TXN000961,1249.87,Payment,20,6,0,0,2,754.43,1.1,930,0,CUST0211
TXN000962,926.91,Transfer,21,0,1,0,1,2306.13,3.5,1029,0,CUST0113
TXN000963,1877.5,Purchase,17,1,0,0,1,1701.92,6.2,3522,0,CUST0315
TXN000964,2922.12,Payment,10,0,0,0,5,1902.37,7.0,2035,0,CUST0445
TXN000965,1199.29,Transfer,11,3,0,0,4,5463.83,0.4,1234,0,CUST0330
TXN000966,1589.17,Transfer,17,3,0,0,0,428.7,7.1,1621,0,CUST0441
TXN000967,2075.75,Purchase,19,0,0,0,2,1103.06,0.8,950,0,CUST0347
TXN000968,2451.59,Payment,12,4,0,0,2,2250.23,1.4,304,0,CUST0406
TXN000969,2323.03,Payment,15,0,0,0,3,843.43,0.4,3234,0,CUST0369
TXN000970,2715.82,Payment,11,5,0,0,3,1106.23,4.1,2063,0,CUST0414
TXN000971,2366.23,Purchase,12,4,0,0,4,2284.71,0.6,3556,0,CUST0025
TXN000972,1222.0,Payment,11,3,0,0,3,5191.49,7.4,2909,0,CUST0207
TXN000973,306.05,Payment,18,6,0,0,2,9335.01,3.9,3375,0,CUST0323
TXN000974,7342.98,Transfer,11,3,0,0,3,1094.76,6.4,764,0,CUST0137
TXN000975,677.56,Payment,16,1,0,0,2,1402.95,1.5,1184,0,CUST0418
TXN000976,454.39,Transfer,18,3,0,0,3,1728.45,5.6,1720,0,CUST0481
TXN000977,1230.95,Withdrawal,11,1,0,0,4,918.14,5.9,705,0,CUST0064
TXN000978,682.11,Transfer,15,6,0,0,1,10800.37,11.5,1935,0,CUST0151
TXN000979,3423.41,Withdrawal,10,2,0,0,2,1445.7,2.5,3302,0,CUST0138
TXN000980,10154.72,Transfer,14,6,0,0,0,3681.29,2.6,581,0,CUST0381
TXN000981,2209.36,Transfer,13,0,0,0,2,571.38,4.0,2091,0,CUST0482
TXN000982,358.82,Transfer,11,5,1,0,2,3837.66,4.5,3381,0,CUST0174
TXN000983,18141.3,Purchase,16,3,0,0,2,622.31,7.3,2330,0,CUST0307
TXN000984,688.91,Transfer,21,2,0,0,1,1087.77,2.3,3612,0,CUST0062
TXN000985,2541.7,Transfer,18,0,0,0,1,6447.18,10.4,2498,0,CUST0039
TXN000986,8677.76,Transfer,14,6,1,0,3,2073.5,6.4,3118,0,CUST0321
TXN000987,1834.03,Payment,13,2,0,0,1,1400.56,7.6,3305,0,CUST0328
TXN000988,6657.56,Payment,19,0,0,0,3,987.04,3.6,2081,0,CUST0359
TXN000989,14673.33,Payment,7,4,1,1,5,638.79,10.0,314,1,CUST0078
TXN000990,34221.9,Transfer,3,3,1,1,7,1638.0,46.6,30,1,CUST0451
TXN000991,5000.0,Transfer,5,2,1,1,8,1165.88,148.9,165,1,CUST0204
TXN000992,2309.89,Withdrawal,15,6,0,0,2,1184.99,0.2,3465,0,CUST0334
TXN000993,986.62,Purchase,22,2,0,0,3,429.04,5.7,2732,0,CUST0053
TXN000994,4253.75,Transfer,21,6,0,0,1,1711.92,5.1,2793,0,CUST0427
TXN000995,2262.52,Purchase,8,6,0,0,1,1359.47,4.0,1878,0,CUST0126
TXN000996,2086.63,Transfer,9,4,0,0,3,2010.41,2.0,3353,0,CUST0380
TXN000997,389.54,Transfer,18,0,0,0,1,3563.0,0.9,3154,0,CUST0274
TXN000998,1222.13,Transfer,17,2,0,0,3,521.95,1.2,1372,0,CUST0034
TXN000999,2523.07,Purchase,9,4,0,0,1,2874.63,1.6,1770,0,CUST0265
TXN001000,334.12,Payment,17,5,0,0,5,1888.37,2.3,333,0,CUST0378
TXN001001,333.4,Withdrawal,11,6,0,0,2,1857.27,12.1,471,0,CUST0386
TXN001002,14207.19,Purchase,18,0,0,0,5,2244.19,1.9,2343,0,CUST0399
TXN001003,41678.83,Purchase,10,5,0,0,3,433.56,8.6,2277,0,CUST0393
TXN001004,1890.45,Payment,10,0,0,0,3,958.78,8.4,1009,0,CUST0316
TXN001005,9029.8,Transfer,19,3,0,1,8,1270.46,10.0,298,1,CUST0139
TXN001006,19327.56,Transfer,10,6,0,0,3,2398.99,4.7,2405,0,CUST0189
TXN001007,1824.13,Payment,18,4,0,1,3,2297.93,0.6,352,0,CUST0190
TXN001008,106.47,Withdrawal,10,4,0,0,2,743.37,3.6,1612,0,CUST0149
TXN001009,696.02,Transfer,15,6,0,0,2,1462.11,5.5,2165,0,CUST0065
TXN001010,729.56,Purchase,18,5,0,1,3,3236.19,0.3,287,0,CUST0404
TXN001011,1920.01,Payment,14,6,0,0,3,911.97,2.3,1232,0,CUST0346
TXN001012,1225.96,Payment,11,3,1,0,3,10424.11,3.0,1425,0,CUST0500
TXN001013,7073.71,Transfer,11,0,0,0,2,558.67,4.1,2271,0,CUST0201
TXN001014,6555.61,Transfer,12,1,0,0,3,556.36,4.4,3265,0,CUST0336
TXN001015,60723.95,Payment,18,3,0,0,10,2075.6,177.9,347,1,CUST0051
TXN001016,647.74,Transfer,13,0,0,0,4,1629.18,3.6,3312,0,CUST0474
TXN001017,1437.44,Purchase,19,6,0,0,1,2742.84,5.3,2335,0,CUST0125
TXN001018,2335.94,Transfer,17,1,0,0,2,1612.47,2.2,902,0,CUST0392
TXN001019,381.24,Transfer,16,6,0,0,1,4760.13,2.7,592,0,CUST0347
TXN001020,9419.84,Payment,11,4,0,0,2,1054.15,9.7,2806,0,CUST0330
TXN001021,1745.96,Withdrawal,19,1,0,0,4,902.93,7.5,263,0,CUST0047
TXN001022,1252.85,Transfer,13,2,0,0,2,1067.89,1.2,2663,0,CUST0271
TXN001023,9367.18,Withdrawal,16,4,0,0,4,1362.68,3.6,3186,0,CUST0242
TXN001024,327.27,Withdrawal,12,3,0,0,3,790.31,8.2,3601,0,CUST0403
TXN001025,3268.59,Payment,9,6,0,0,4,512.6,2.2,1655,0,CUST0152
TXN001026,1076.35,Purchase,12,6,0,0,3,4551.06,0.2,654,0,CUST0269
TXN001027,581.71,Payment,18,1,0,1,3,749.8,8.7,2818,0,CUST0110
TXN001028,474.09,Purchase,10,5,0,0,1,1599.64,1.1,923,0,CUST0254
TXN001029,14510.97,Payment,12,4,0,0,6,1712.3,4.9,3253,0,CUST0300
TXN001030,403.83,Purchase,23,6,0,0,3,4596.51,21.7,2850,0,CUST0391
TXN001031,523.69,Transfer,13,1,0,0,2,4429.88,0.4,2862,0,CUST0071
TXN001032,4798.41,Transfer,12,5,0,0,3,686.03,3.3,3580,0,CUST0228
TXN001033,1035.74,Transfer,10,1,0,0,2,188.05,2.7,2163,0,CUST0304
TXN001034,9572.63,Transfer,20,1,0,0,3,1152.17,3.4,1885,0,CUST0092
TXN001035,3958.38,Transfer,13,0,0,0,3,1485.26,5.8,2633,0,CUST0356
TXN001036,1080.07,Purchase,17,2,0,0,3,2849.65,0.1,183,0,CUST0271
TXN001037,8000.39,Transfer,16,5,0,0,2,1349.77,10.6,955,0,CUST0099
TXN001038,4312.0,Transfer,16,4,0,0,2,2533.23,0.8,3453,0,CUST0396
TXN001039,18875.58,Withdrawal,19,4,0,0,4,1169.09,1.5,503,0,CUST0028
TXN001040,746.35,Transfer,17,5,0,0,2,3735.22,5.1,3483,0,CUST0479
TXN001041,312.49,Purchase,9,4,0,0,1,1038.34,1.4,2137,0,CUST0058
TXN001042,728.01,Withdrawal,16,0,0,0,1,951.02,5.4,3320,0,CUST0031
TXN001043,66639.11,Transfer,5,0,1,1,7,474.23,16.3,324,1,CUST0332
TXN001044,1294.89,Payment,9,4,1,0,1,2806.82,8.6,40,0,CUST0337
TXN001045,7045.3,Withdrawal,15,6,0,0,4,4150.29,7.1,3116,0,CUST0388
TXN001046,984.02,Transfer,10,2,0,0,1,1810.28,0.2,266,0,CUST0314
TXN001047,5829.35,Transfer,20,4,0,0,5,1997.61,0.5,1408,0,CUST0203
TXN001048,3538.08,Purchase,13,3,0,0,3,5267.63,4.9,910,0,CUST0353
TXN001049,1752.75,Payment,15,3,0,0,1,644.4,5.5,707,0,CUST0186
TXN001050,546.39,Payment,8,3,0,0,1,3222.53,2.1,1972,0,CUST0232
TXN001051,2695.44,Payment,11,6,0,0,2,1137.76,4.7,2127,0,CUST0215
TXN001052,2006.92,Withdrawal,17,1,0,0,2,7118.63,0.5,1069,0,CUST0334
TXN001053,1527.18,Payment,10,3,0,0,1,3949.6,1.8,381,0,CUST0075
TXN001054,3049.81,Withdrawal,12,5,0,0,2,487.27,3.7,3568,0,CUST0470
TXN001055,3314.33,Transfer,10,4,0,0,2,2477.8,11.9,1918,0,CUST0128
TXN001056,6042.71,Payment,16,6,0,0,3,2544.49,1.6,2976,0,CUST0297
TXN001057,926.91,Transfer,19,4,0,0,5,4067.32,4.1,1776,0,CUST0106
TXN001058,12062.87,Transfer,12,5,0,0,0,1223.76,5.0,1840,0,CUST0329
TXN001059,8335.94,Transfer,18,3,0,0,2,2556.18,5.9,100,0,CUST0356
TXN001060,3447.77,Transfer,18,6,0,0,4,9359.25,8.4,1777,0,CUST0406
TXN001061,1000.96,Payment,9,6,0,0,1,2030.3,5.9,3624,0,CUST0049
TXN001062,3143.34,Payment,22,1,0,0,6,1778.11,0.7,2503,0,CUST0479
TXN001063,1308.88,Payment,14,0,0,0,1,1584.42,8.9,51,0,CUST0031
TXN001064,5102.78,Purchase,17,3,0,0,1,5269.17,1.3,2606,0,CUST0296
TXN001065,1397.86,Payment,19,0,0,0,4,342.86,3.1,2773,0,CUST0454
TXN001066,2654.64,Purchase,20,5,0,0,1,4041.05,3.4,2146,0,CUST0364
TXN001067,736.82,Payment,14,4,0,0,2,7366.8,3.5,3180,0,CUST0020
TXN001068,1614.08,Payment,14,1,0,0,0,522.17,8.8,3051,0,CUST0329
TXN001069,810.62,Payment,9,6,0,0,2,884.84,2.9,619,0,CUST0360
TXN001070,1137.49,Withdrawal,12,0,0,0,2,1649.39,3.1,1951,0,CUST0084
TXN001071,289.7,Payment,17,6,0,0,0,628.41,1.5,2910,0,CUST0212
TXN001072,4028.63,Withdrawal,15,4,0,0,4,1219.05,12.2,1555,0,CUST0125
TXN001073,2762.98,Payment,9,6,0,0,3,14549.54,8.7,2112,0,CUST0292
TXN001074,1555.7,Withdrawal,4,1,0,1,5,401.41,10.4,1024,0,CUST0321
TXN001075,1302.89,Transfer,16,0,0,0,2,1215.11,9.0,1711,0,CUST0299
TXN001076,537.72,Transfer,22,1,0,0,3,13742.6,1.8,3155,0,CUST0227
TXN001077,503.19,Transfer,11,6,0,0,2,1426.48,2.1,1678,0,CUST0169
TXN001078,3265.4,Transfer,14,1,0,0,3,1445.75,2.3,3417,0,CUST0331
TXN001079,39216.79,Transfer,7,2,0,0,3,590.7,1.1,3634,0,CUST0380
TXN001080,447.89,Withdrawal,9,4,0,0,1,4882.2,0.5,2332,0,CUST0195
TXN001081,1743.53,Transfer,10,5,0,0,2,3977.57,0.5,990,0,CUST0304
TXN001082,1002.88,Withdrawal,17,0,0,0,4,4620.31,4.1,1271,0,CUST0454
TXN001083,3243.88,Payment,13,1,0,0,2,1303.83,1.6,543,0,CUST0213
TXN001084,9562.49,Payment,13,0,0,0,1,2978.48,3.6,3047,0,CUST0073
TXN001085,316.47,Payment,12,5,0,0,6,1571.17,14.4,1730,0,CUST0114
TXN001086,1068.22,Purchase,17,2,0,0,1,13039.9,6.2,2823,0,CUST0084
TXN001087,400.8,Payment,15,5,0,0,3,1529.05,10.6,1978,0,CUST0339
TXN001088,1455.32,Payment,12,3,0,0,4,1154.44,13.4,1108,0,CUST0474
TXN001089,778.02,Transfer,11,1,0,0,0,2309.7,8.6,1000,0,CUST0317
TXN001090,699.98,Payment,20,4,0,0,1,652.09,3.0,1974,0,CUST0398
TXN001091,1466.71,Payment,16,4,0,0,4,1173.37,11.1,3189,0,CUST0408
TXN001092,455.04,Withdrawal,12,2,0,0,0,610.87,0.9,2652,0,CUST0323
TXN001093,14029.72,Purchase,7,2,1,0,6,831.76,10.4,288,1,CUST0173
TXN001094,434.13,Purchase,5,0,0,0,1,6125.53,4.9,3648,0,CUST0348
TXN001095,2480.35,Purchase,19,5,0,0,2,465.1,2.5,1977,0,CUST0487
TXN001096,1253.45,Withdrawal,11,0,0,1,1,8835.19,11.5,157,0,CUST0172
TXN001097,1842.39,Payment,13,1,0,0,2,4966.84,1.2,3070,0,CUST0449
TXN001098,12647.25,Withdrawal,13,4,0,0,2,3259.04,6.9,1117,0,CUST0201
TXN001099,13678.85,Transfer,13,5,0,0,0,2130.38,3.6,2992,0,CUST0321
TXN001100,1102.17,Withdrawal,17,4,0,0,5,3584.94,3.0,3032,0,CUST0351
TXN001101,1487.14,Payment,9,0,0,0,1,2195.16,1.5,1679,0,CUST0075
TXN001102,869.7,Transfer,18,1,0,0,3,2547.17,3.2,397,0,CUST0100
TXN001103,5343.22,Payment,12,5,0,0,3,3898.07,3.6,2052,0,CUST0414
TXN001104,736.69,Transfer,6,5,1,0,2,1460.34,11.3,2708,0,CUST0499
TXN001105,196.51,Transfer,12,0,0,0,2,3589.46,0.6,1024,0,CUST0024
TXN001106,1131.73,Withdrawal,10,3,0,0,2,2217.34,10.2,3314,0,CUST0422
TXN001107,1096.93,Payment,15,1,1,0,2,1766.08,2.1,1762,0,CUST0411
TXN001108,7101.73,Withdrawal,15,0,1,0,5,2815.37,12.1,2805,0,CUST0087
TXN001109,199.28,Purchase,9,0,0,0,5,1129.97,5.7,1593,0,CUST0418
TXN001110,3890.31,Withdrawal,12,6,0,0,3,1640.89,7.3,3339,0,CUST0182
TXN001111,2279.26,Payment,11,3,0,0,3,7047.32,8.4,3624,0,CUST0355
TXN001112,1478.2,Payment,14,6,0,0,3,1944.07,1.9,3264,0,CUST0391
TXN001113,133.87,Payment,20,4,0,0,4,1390.43,0.4,946,0,CUST0237
TXN001114,2679.32,Transfer,11,0,0,0,5,773.88,7.6,2600,0,CUST0316
TXN001115,891.03,Payment,14,2,0,0,1,675.07,5.1,3405,0,CUST0328
TXN001116,1496.39,Withdrawal,10,2,0,0,1,4428.43,6.3,1630,0,CUST0120
TXN001117,918.74,Transfer,16,4,0,0,2,9215.11,1.4,2293,0,CUST0219
TXN001118,5000.0,Purchase,1,4,1,0,5,1438.66,26.7,21,1,CUST0475
TXN001119,1888.46,Transfer,7,3,0,0,5,1432.7,2.4,3637,0,CUST0241
TXN001120,503.53,Transfer,10,5,0,0,2,1989.83,0.7,2199,0,CUST0265
TXN001121,30171.54,Withdrawal,13,5,0,0,3,396.4,4.8,2712,0,CUST0390
TXN001122,1887.56,Purchase,16,6,0,0,3,1628.25,14.9,1033,0,CUST0130
TXN001123,573.82,Transfer,20,4,0,0,2,2649.15,2.1,1881,0,CUST0137
TXN001124,355.83,Payment,17,3,0,0,2,1386.21,5.7,846,0,CUST0049
TXN001125,1480.0,Transfer,7,2,0,0,2,3500.06,4.4,1937,0,CUST0236
TXN001126,1514.0,Payment,15,4,0,0,0,771.19,4.2,911,0,CUST0326
TXN001127,1072.0,Transfer,18,0,0,0,6,4890.7,5.9,2057,0,CUST0459
TXN001128,507.72,Transfer,15,4,0,0,1,4337.17,2.4,1905,0,CUST0385
TXN001129,4233.23,Withdrawal,18,6,0,0,3,996.31,22.4,3275,0,CUST0355
TXN001130,2509.6,Payment,20,1,0,0,2,2640.43,0.1,3069,0,CUST0266
TXN001131,268.32,Withdrawal,14,2,0,0,2,1064.44,2.2,2560,0,CUST0181
TXN001132,1870.05,Payment,16,4,0,0,2,1024.06,1.9,2504,0,CUST0148
TXN001133,974.4,Transfer,13,3,0,0,1,1199.29,1.7,2175,0,CUST0170
TXN001134,3304.68,Withdrawal,7,5,0,0,6,534.84,2.2,2400,0,CUST0019
TXN001135,1953.7,Payment,21,0,0,0,1,1666.99,13.6,2989,0,CUST0075
TXN001136,2229.5,Payment,22,1,0,1,0,2295.35,2.9,1473,0,CUST0091
TXN001137,1208.24,Purchase,10,1,0,0,3,2679.8,11.1,548,0,CUST0049
TXN001138,828.7,Payment,11,1,0,0,5,5409.9,14.5,1221,0,CUST0093
TXN001139,1860.83,Payment,12,3,0,0,2,3228.44,2.7,1129,0,CUST0084
TXN001140,3234.8,Payment,16,1,0,0,5,5007.19,7.4,751,0,CUST0200
TXN001141,1823.99,Payment,17,4,0,0,2,2313.1,3.0,3416,0,CUST0239
TXN001142,1848.05,Withdrawal,18,5,0,0,4,7499.06,10.4,1982,0,CUST0077
TXN001143,2940.43,Payment,11,6,0,0,5,1835.83,2.6,1036,0,CUST0136
TXN001144,1628.9,Transfer,15,3,0,0,0,1838.54,0.4,1519,0,CUST0055
TXN001145,3306.98,Payment,13,1,0,0,1,1329.45,0.2,633,0,CUST0403
TXN001146,982.88,Purchase,9,5,0,0,3,1876.12,11.4,1834,0,CUST0384
TXN001147,11378.68,Payment,20,2,1,1,6,285.03,149.7,217,1,CUST0161
TXN001148,5168.41,Transfer,16,5,0,0,2,5369.43,3.4,1652,0,CUST0245
TXN001149,1871.08,Purchase,9,2,0,0,1,1514.54,2.2,1618,0,CUST0376
TXN001150,8943.19,Purchase,20,5,0,0,4,2241.17,2.9,3300,0,CUST0233
TXN001151,764.66,Payment,9,0,0,0,1,3149.75,3.8,522,0,CUST0487
TXN001152,7013.82,Purchase,23,5,0,0,3,1618.08,5.1,3036,0,CUST0280
TXN001153,1003.38,Withdrawal,20,3,0,0,1,1954.81,0.8,668,0,CUST0097
TXN001154,380.15,Withdrawal,11,3,0,0,3,2603.85,1.7,2368,0,CUST0114
TXN001155,11287.59,Purchase,1,0,0,0,1,2860.16,9.6,2114,0,CUST0305
TXN001156,5845.59,Payment,20,4,0,0,3,4176.45,3.1,1343,0,CUST0228
TXN001157,1040.34,Payment,21,5,0,0,1,1092.91,4.6,2780,0,CUST0323
TXN001158,964.73,Transfer,13,6,0,0,4,985.26,0.5,2437,0,CUST0131
TXN001159,272.39,Payment,15,3,0,0,1,4516.12,1.1,2175,0,CUST0181
TXN001160,418.42,Transfer,11,5,0,0,6,793.91,2.2,633,0,CUST0129
TXN001161,216.62,Purchase,14,2,0,0,0,1181.04,4.4,466,0,CUST0155
TXN001162,1222.89,Withdrawal,16,3,0,0,2,514.86,3.2,718,0,CUST0253
TXN001163,2796.17,Transfer,10,3,0,0,2,627.77,1.5,3617,0,CUST0103
TXN001164,393.21,Payment,20,6,0,0,2,10248.18,0.9,1586,0,CUST0483
TXN001165,1498.58,Payment,17,0,0,0,3,1807.18,6.9,1920,0,CUST0369
TXN001166,1851.78,Transfer,9,2,0,0,2,3158.7,0.1,2628,0,CUST0482
TXN001167,658.7,Transfer,12,3,0,1,6,2216.96,0.7,2979,0,CUST0307
TXN001168,2690.92,Payment,17,2,0,0,3,2355.55,17.0,3572,0,CUST0218
TXN001169,480.08,Transfer,19,3,0,0,1,596.67,5.4,2038,0,CUST0240
TXN001170,1018.31,Transfer,14,6,0,0,2,2137.45,1.7,97,0,CUST0236
TXN001171,1246.66,Payment,13,1,0,0,2,2328.12,1.4,1455,0,CUST0383
TXN001172,1789.42,Withdrawal,19,2,0,0,1,2103.75,0.7,193,0,CUST0415
TXN001173,1366.5,Transfer,10,1,0,0,3,957.89,5.5,1849,0,CUST0412
TXN001174,3869.37,Purchase,16,5,0,0,2,616.95,1.3,3354,0,CUST0484
TXN001175,257.4,Purchase,18,6,0,0,4,2059.63,0.2,1389,0,CUST0016
TXN001176,606.61,Payment,17,1,0,0,2,2104.77,7.4,3358,0,CUST0237
TXN001177,96244.52,Transfer,23,2,0,0,5,1481.62,319.4,22,1,CUST0084
TXN001178,1519.48,Withdrawal,19,4,0,0,2,945.9,0.2,3361,0,CUST0137
TXN001179,1226.97,Payment,12,1,0,0,1,13850.78,11.4,1092,0,CUST0032
TXN001180,1494.43,Transfer,20,2,0,0,3,1144.19,1.5,3546,0,CUST0065
TXN001181,4390.91,Transfer,17,1,0,0,3,3277.85,2.2,927,0,CUST0065
TXN001182,358.11,Purchase,17,3,0,0,5,5654.59,3.7,1324,0,CUST0353
TXN001183,631.93,Purchase,12,5,0,0,1,2253.23,6.2,1209,0,CUST0024
TXN001184,3367.99,Payment,19,5,0,0,5,1168.33,2.5,2822,0,CUST0101
TXN001185,1430.23,Transfer,12,6,0,0,3,1193.37,1.6,636,0,CUST0450
TXN001186,440.41,Payment,18,2,0,0,4,2137.0,2.6,598,0,CUST0241
TXN001187,2660.64,Transfer,12,2,0,0,2,1057.04,5.2,1055,0,CUST0350
TXN001188,2468.81,Withdrawal,10,1,0,0,2,4387.44,3.2,1402,0,CUST0185
TXN001189,2589.07,Transfer,17,0,0,0,4,1967.05,1.2,1470,0,CUST0402
TXN001190,3521.45,Payment,15,4,0,0,0,981.79,14.3,231,0,CUST0236
TXN001191,4699.77,Payment,14,0,0,0,1,3067.16,2.5,685,0,CUST0156
TXN001192,2372.46,Payment,16,4,0,0,2,1383.55,4.0,1934,0,CUST0463
TXN001193,739.07,Payment,13,3,0,0,1,1104.29,6.0,2541,0,CUST0035
TXN001194,2198.22,Payment,10,4,0,0,4,838.98,3.9,1289,0,CUST0462
TXN001195,1870.86,Payment,9,0,0,0,4,1079.59,7.1,1609,0,CUST0117
TXN001196,2296.74,Transfer,10,4,0,0,1,1473.54,18.0,645,0,CUST0322
TXN001197,5982.73,Purchase,12,1,0,0,3,2167.4,2.3,574,0,CUST0002
TXN001198,1495.64,Purchase,10,1,0,0,4,2419.9,7.9,1767,0,CUST0490
TXN001199,3639.0,Transfer,12,0,0,0,2,719.05,2.1,2651,0,CUST0472
TXN001200,492.96,Payment,17,6,0,0,3,6233.61,7.9,2343,0,CUST0112
TXN001201,1556.11,Payment,10,5,0,0,3,1222.56,1.8,2384,0,CUST0139
TXN001202,2984.22,Payment,10,4,0,0,2,2570.54,2.1,2724,0,CUST0444
TXN001203,12073.1,Withdrawal,12,3,0,0,2,4592.72,7.2,723,0,CUST0445
TXN001204,457.68,Transfer,19,0,0,0,3,6326.88,0.3,2799,0,CUST0339
TXN001205,933.53,Purchase,12,4,0,0,2,4583.32,1.0,1171,0,CUST0254
TXN001206,2353.73,Withdrawal,18,6,0,0,2,558.34,0.2,1023,0,CUST0449
TXN001207,1374.72,Transfer,18,0,0,0,1,2437.7,3.0,3534,0,CUST0028
TXN001208,1741.37,Transfer,9,3,0,0,5,3240.6,17.8,2915,0,CUST0027
TXN001209,1763.35,Payment,9,2,0,0,1,6606.23,1.1,865,0,CUST0140
TXN001210,608.69,Payment,11,5,0,0,3,4179.33,13.4,2211,0,CUST0481
TXN001211,603.73,Transfer,19,1,0,0,2,1376.8,1.3,1612,0,CUST0167
TXN001212,2555.79,Payment,18,4,0,0,2,807.65,5.6,977,0,CUST0445
TXN001213,820.18,Payment,8,6,0,0,3,2659.81,4.5,354,0,CUST0209
TXN001214,5382.89,Transfer,13,3,0,0,0,850.85,1.1,2305,0,CUST0051
TXN001215,2945.02,Payment,17,5,0,0,5,715.55,1.4,3152,0,CUST0377
TXN001216,432.32,Withdrawal,12,1,0,0,2,4375.67,11.7,1106,0,CUST0183
TXN001217,4374.76,Transfer,14,5,0,0,3,2353.23,11.8,3220,0,CUST0046
TXN001218,3471.43,Purchase,17,0,0,0,4,1844.64,6.0,3501,0,CUST0014
TXN001219,2219.58,Purchase,13,1,0,0,2,1601.37,1.7,3553,0,CUST0378
TXN001220,8708.3,Transfer,22,3,1,1,5,635.46,41.6,199,1,CUST0243
TXN001221,3518.81,Purchase,20,5,0,0,1,1150.35,6.6,399,0,CUST0350
TXN001222,1855.84,Payment,10,1,0,0,3,4475.17,15.4,2513,0,CUST0090
TXN001223,3591.27,Transfer,19,5,0,0,7,806.06,14.5,685,0,CUST0336
TXN001224,737.57,Payment,21,0,0,0,1,652.41,0.2,1704,0,CUST0416
TXN001225,1084.4,Purchase,8,0,0,0,1,1168.18,2.5,301,0,CUST0263
TXN001226,3009.45,Purchase,20,2,0,0,3,827.58,3.1,2366,0,CUST0472
TXN001227,1263.44,Withdrawal,12,5,0,0,0,1176.1,2.5,2477,0,CUST0171
TXN001228,1797.31,Purchase,17,0,0,0,3,1193.93,6.9,762,0,CUST0321
TXN001229,641.53,Purchase,9,6,0,0,4,3986.52,1.7,1843,0,CUST0405
TXN001230,379.37,Transfer,11,4,0,0,1,5949.82,10.8,2978,0,CUST0218
TXN001231,794.05,Purchase,21,2,0,0,3,2289.32,4.3,609,0,CUST0158
TXN001232,2986.63,Payment,19,4,0,0,2,770.47,6.4,561,0,CUST0249
TXN001233,2081.59,Payment,9,1,0,0,0,2490.67,0.9,1730,0,CUST0026
TXN001234,4875.25,Withdrawal,19,0,0,0,1,1115.27,1.4,3088,0,CUST0427
TXN001235,1540.81,Transfer,9,3,0,0,3,2439.24,3.9,3579,0,CUST0355
TXN001236,2449.94,Payment,14,5,0,0,2,1016.7,3.7,2399,0,CUST0317
TXN001237,1709.83,Withdrawal,9,4,0,0,5,1365.68,2.0,2873,0,CUST0308
TXN001238,3347.49,Purchase,8,1,0,0,3,1395.81,4.4,2715,0,CUST0441
TXN001239,2529.98,Transfer,10,2,0,0,0,2943.24,5.5,1337,0,CUST0414
TXN001240,4240.49,Transfer,17,3,0,0,7,2008.85,4.5,727,0,CUST0038
TXN001241,764.26,Payment,1,5,0,0,4,8487.32,1.8,1695,0,CUST0103
TXN001242,159573.97,Withdrawal,23,2,1,0,6,682.19,51.2,160,1,CUST0279
TXN001243,10673.2,Payment,10,2,0,0,2,1327.19,4.6,1591,0,CUST0420
TXN001244,8046.59,Transfer,19,2,0,0,2,2044.42,4.2,3014,0,CUST0459
TXN001245,522.3,Payment,8,1,0,0,3,1062.59,3.2,3274,0,CUST0306
TXN001246,270.52,Transfer,21,1,0,0,3,3911.92,6.3,2951,0,CUST0462
TXN001247,737.8,Purchase,18,2,0,0,0,5414.84,0.7,514,0,CUST0012
TXN001248,1786.48,Payment,5,4,0,0,4,2897.37,3.3,3535,0,CUST0286
TXN001249,1167.41,Transfer,20,6,0,0,4,1181.16,1.9,2398,0,CUST0463
TXN001250,1312.45,Payment,11,2,0,0,3,2683.77,12.7,3630,0,CUST0182
TXN001251,762.13,Payment,16,3,1,0,3,389.35,4.3,1579,0,CUST0166
TXN001252,320.8,Transfer,18,6,0,0,2,2201.9,1.9,1974,0,CUST0493
TXN001253,1314.55,Purchase,11,3,0,0,1,660.91,6.6,414,0,CUST0250
TXN001254,1614.6,Purchase,17,5,0,0,4,1904.53,6.8,514,0,CUST0217
TXN001255,1572.48,Purchase,18,3,0,0,4,1370.14,3.4,877,0,CUST0067
TXN001256,2490.44,Withdrawal,18,1,1,0,4,1836.38,0.3,2702,0,CUST0259
TXN001257,796.81,Transfer,9,3,0,0,6,2025.89,19.0,3151,0,CUST0215
TXN001258,957.75,Transfer,15,6,0,0,2,1270.66,13.2,3115,0,CUST0046
TXN001259,1086.58,Payment,11,3,0,0,4,1584.72,4.3,1843,0,CUST0178
TXN001260,2745.4,Purchase,16,1,0,0,3,1504.55,6.6,3513,0,CUST0202
TXN001261,1155.95,Payment,14,4,0,0,5,2153.59,4.4,3039,0,CUST0282
TXN001262,1667.25,Purchase,13,4,0,0,4,3080.71,12.3,3008,0,CUST0063
TXN001263,669.57,Payment,14,2,0,0,3,4309.94,2.4,1396,0,CUST0481
TXN001264,825.71,Purchase,11,1,0,0,1,1082.23,1.3,1530,0,CUST0029
TXN001265,744.95,Transfer,18,6,0,0,0,1897.13,3.6,3616,0,CUST0439
TXN001266,4274.72,Purchase,9,5,0,0,4,1016.1,5.0,3648,0,CUST0247
TXN001267,11959.47,Transfer,8,2,0,0,2,695.57,0.0,2155,0,CUST0193
TXN001268,2517.11,Transfer,17,0,0,0,3,1005.26,0.8,1083,0,CUST0468
TXN001269,1408.25,Withdrawal,19,6,0,0,4,2384.04,7.3,273,0,CUST0072
TXN001270,1257.5,Transfer,12,6,0,0,1,8415.23,2.8,269,0,CUST0104
TXN001271,1426.79,Purchase,17,6,0,0,3,323.45,2.4,300,0,CUST0092
TXN001272,1750.61,Payment,16,0,0,0,1,339.37,2.7,2587,0,CUST0095
TXN001273,196.65,Transfer,18,4,0,0,1,1998.53,0.3,3293,0,CUST0128
TXN001274,4645.78,Purchase,15,1,0,0,3,1878.67,2.2,3204,0,CUST0190
TXN001275,1115.23,Payment,8,0,0,0,5,5602.31,3.0,241,0,CUST0079
TXN001276,845.81,Transfer,12,5,0,0,2,3347.05,14.0,2626,0,CUST0128
TXN001277,5273.05,Withdrawal,16,2,0,0,2,864.41,18.9,2751,0,CUST0332
TXN001278,3213.79,Payment,16,6,0,0,3,1407.81,6.5,2711,0,CUST0375
TXN001279,4712.59,Withdrawal,10,1,0,0,3,2808.04,1.8,2072,0,CUST0291
TXN001280,10167.62,Withdrawal,13,2,0,0,3,2239.62,1.0,1990,0,CUST0052
TXN001281,464.12,Withdrawal,12,2,0,0,3,2182.23,24.1,871,0,CUST0325
TXN001282,2354.9,Transfer,19,6,1,0,2,1422.5,2.3,3035,0,CUST0257
TXN001283,773.0,Payment,14,5,0,0,3,4314.08,4.2,1091,0,CUST0158
TXN001284,2163.8,Payment,10,6,0,0,2,1050.65,1.1,2139,0,CUST0227
TXN001285,1471.65,Purchase,7,1,0,0,4,954.67,2.4,621,0,CUST0438
TXN001286,370.87,Transfer,10,1,1,0,3,888.57,9.1,1243,0,CUST0237
TXN001287,2894.25,Transfer,9,6,0,0,4,519.57,2.1,2277,0,CUST0067
TXN001288,3792.67,Purchase,21,5,0,0,2,2041.5,4.5,168,0,CUST0275
TXN001289,3798.87,Transfer,10,0,0,0,0,327.45,1.7,104,0,CUST0069
TXN001290,715.96,Payment,10,2,0,0,4,2243.31,1.7,881,0,CUST0141
TXN001291,629.34,Purchase,9,4,0,0,1,596.53,3.1,2709,0,CUST0069
TXN001292,1650.12,Purchase,13,2,0,0,1,8790.64,2.7,2575,0,CUST0296
TXN001293,5917.71,Payment,16,1,0,0,2,1542.14,5.3,2703,0,CUST0453
TXN001294,955.86,Transfer,16,3,0,0,1,1681.19,0.4,525,0,CUST0238
TXN001295,252.88,Transfer,19,4,0,0,4,1382.71,18.8,2862,0,CUST0230
TXN001296,78.37,Payment,11,1,0,0,1,928.71,4.4,747,0,CUST0306
TXN001297,323.41,Payment,8,4,0,0,2,3686.11,1.2,3581,0,CUST0132
TXN001298,1619.7,Payment,12,1,1,0,1,645.23,0.9,1268,0,CUST0122
TXN001299,664.72,Transfer,17,1,0,0,4,1071.19,1.0,1776,0,CUST0239
TXN001300,8387.37,Transfer,17,6,0,0,3,10185.68,4.1,1447,0,CUST0014
TXN001301,583.95,Transfer,11,6,0,0,3,510.15,7.5,3446,0,CUST0016
TXN001302,12608.97,Transfer,22,5,1,0,7,1080.27,135.0,67,1,CUST0065
TXN001303,5382.25,Purchase,10,4,0,0,1,1198.71,2.2,277,0,CUST0266
TXN001304,1296.5,Purchase,13,6,0,0,3,923.06,1.1,1047,0,CUST0369
TXN001305,849.47,Payment,20,1,0,0,2,2049.19,2.3,853,0,CUST0359
TXN001306,1917.9,Payment,17,0,0,0,4,728.92,1.9,2354,0,CUST0146
TXN001307,442.54,Transfer,20,0,0,0,2,5934.0,0.0,2328,0,CUST0464
TXN001308,1285.74,Transfer,8,5,0,0,1,1320.31,1.4,1402,0,CUST0361
TXN001309,2720.6,Payment,10,6,0,0,0,10773.23,4.6,2142,0,CUST0110
TXN001310,514.1,Purchase,14,0,0,0,1,1019.56,0.3,2942,0,CUST0479
TXN001311,666.41,Transfer,9,5,0,0,1,1860.44,1.1,3553,0,CUST0188
TXN001312,934.72,Purchase,11,6,0,0,4,913.34,7.4,1594,0,CUST0204
TXN001313,1420.13,Payment,15,5,0,0,2,1472.49,1.2,255,0,CUST0272
TXN001314,5845.77,Payment,15,2,0,0,3,2205.42,0.6,990,0,CUST0472
TXN001315,1729.59,Transfer,17,2,0,0,5,6148.89,4.7,2777,0,CUST0192
TXN001316,286.6,Payment,13,2,0,0,1,456.55,15.1,939,0,CUST0444
TXN001317,2833.36,Purchase,17,4,0,0,4,5584.23,3.2,945,0,CUST0341
TXN001318,782.91,Transfer,19,5,0,0,2,1880.65,15.5,1259,0,CUST0059
TXN001319,839.95,Payment,19,0,0,0,2,4631.54,0.1,1804,0,CUST0241
TXN001320,985.49,Payment,10,6,0,0,6,2727.9,10.3,1793,0,CUST0375
TXN001321,1761.18,Transfer,10,4,0,0,2,1917.14,0.6,2479,0,CUST0400
TXN001322,1642.44,Payment,1,6,0,0,2,3397.07,1.1,897,0,CUST0345
TXN001323,238.01,Withdrawal,12,4,0,0,2,574.22,3.8,2943,0,CUST0446
TXN001324,2437.56,Transfer,18,2,0,0,2,1840.72,7.7,414,0,CUST0149
TXN001325,3407.65,Purchase,13,5,0,0,1,2064.13,3.8,3355,0,CUST0260
TXN001326,1306.55,Payment,10,5,0,0,0,1262.61,3.6,190,0,CUST0166
TXN001327,1750.62,Purchase,15,0,0,0,2,1213.95,1.4,2232,0,CUST0408
TXN001328,359.56,Payment,8,2,0,0,3,1990.82,6.5,1911,0,CUST0070
TXN001329,8219.63,Purchase,18,4,0,0,0,4401.68,1.9,2810,0,CUST0105
TXN001330,29142.81,Withdrawal,18,3,0,0,2,6701.7,5.0,1062,0,CUST0263
TXN001331,637.42,Payment,9,4,0,0,3,788.45,5.3,848,0,CUST0324
TXN001332,4887.55,Transfer,22,4,0,0,3,1008.94,7.9,2473,0,CUST0420
TXN001333,225.44,Withdrawal,20,2,0,0,2,8306.25,1.9,69,0,CUST0370
TXN001334,787.65,Transfer,18,6,0,0,1,4512.84,0.5,1651,0,CUST0492
TXN001335,700.0,Purchase,15,1,0,0,2,895.62,4.1,2292,0,CUST0031
TXN001336,217.0,Payment,12,6,0,0,3,3110.29,14.1,1068,0,CUST0473
TXN001337,2077.72,Payment,13,2,0,0,3,3167.43,5.6,1387,0,CUST0142
TXN001338,609.26,Payment,23,3,0,0,2,1912.16,9.0,610,0,CUST0164
TXN001339,2032.71,Transfer,20,5,0,0,2,1258.61,15.0,3321,0,CUST0448
TXN001340,3127.74,Purchase,8,5,0,1,0,1252.66,7.2,2447,0,CUST0244
TXN001341,1916.42,Payment,11,2,1,0,3,469.4,0.3,1287,0,CUST0235
TXN001342,1521.05,Payment,9,4,0,0,5,898.92,7.2,2530,0,CUST0044
TXN001343,3769.27,Withdrawal,17,5,0,0,1,5446.66,5.0,645,0,CUST0246
TXN001344,1319.1,Payment,23,6,0,0,3,1926.71,6.7,2696,0,CUST0325
TXN001345,1852.76,Payment,20,0,0,0,1,2488.47,7.7,1766,0,CUST0204
TXN001346,235.99,Purchase,21,6,0,0,4,2267.66,0.2,2643,0,CUST0383
TXN001347,1641.37,Payment,8,0,0,0,3,2046.76,3.8,839,0,CUST0196
TXN001348,1416.54,Transfer,9,5,0,0,1,3322.22,2.9,2080,0,CUST0286
TXN001349,4887.39,Payment,23,1,0,0,2,2117.01,1.7,2828,0,CUST0371
TXN001350,1213.85,Transfer,10,0,0,0,1,2251.14,11.8,393,0,CUST0221
TXN001351,1362.72,Withdrawal,12,5,0,0,1,4279.42,2.8,1130,0,CUST0157
TXN001352,1048.46,Purchase,10,6,0,0,2,2116.38,1.9,2597,0,CUST0122
TXN001353,5230.0,Transfer,11,3,0,0,3,1322.9,6.5,212,0,CUST0470
TXN001354,531.69,Transfer,11,6,0,0,3,4001.02,2.3,1440,0,CUST0484
TXN001355,13481.01,Payment,4,5,1,1,8,735.53,66.9,105,1,CUST0154
TXN001356,22695.63,Transfer,11,1,0,0,0,2924.41,5.3,2530,0,CUST0470
TXN001357,2845.76,Payment,16,0,0,0,3,1693.14,7.0,1029,0,CUST0321
TXN001358,5449.62,Purchase,12,4,0,0,3,2722.05,3.6,251,0,CUST0097
TXN001359,5031.79,Payment,15,2,0,0,3,874.04,0.8,579,0,CUST0039
TXN001360,4186.68,Withdrawal,16,6,0,0,2,1343.01,0.7,1093,0,CUST0483
TXN001361,7724.23,Transfer,18,2,0,0,0,1690.32,5.4,301,0,CUST0410
TXN001362,3412.16,Payment,2,3,0,0,3,658.44,3.5,2029,0,CUST0353
TXN001363,877.01,Payment,15,3,0,1,3,2188.9,1.0,3567,0,CUST0091
TXN001364,593.9,Withdrawal,20,2,0,0,2,1791.15,0.0,2169,0,CUST0265
TXN001365,4693.82,Payment,8,5,0,0,1,1819.02,1.3,455,0,CUST0456
TXN001366,13622.12,Withdrawal,3,5,1,0,14,513.83,158.4,227,1,CUST0426
TXN001367,1014.23,Withdrawal,10,1,0,0,6,862.57,2.2,3611,0,CUST0050
TXN001368,6750.65,Payment,9,2,0,0,2,2059.77,4.9,2976,0,CUST0174
TXN001369,14652.81,Purchase,14,3,0,0,2,569.92,0.3,1677,0,CUST0451
TXN001370,2297.62,Withdrawal,20,1,0,0,2,5291.48,2.8,1495,0,CUST0410
TXN001371,3095.7,Purchase,19,5,0,0,3,5619.04,11.2,3485,0,CUST0200
TXN001372,484.38,Withdrawal,23,5,0,0,2,1377.58,3.0,2229,0,CUST0271
TXN001373,4794.0,Payment,20,0,0,0,1,564.9,0.1,2128,0,CUST0060
TXN001374,4016.2,Payment,10,5,0,0,5,3834.45,1.4,861,0,CUST0200
TXN001375,517.8,Payment,19,5,0,0,1,2603.28,13.7,1345,0,CUST0002
TXN001376,1070.91,Purchase,12,3,0,0,2,1257.78,0.3,2723,0,CUST0094
TXN001377,326.82,Payment,10,6,0,0,3,1223.63,1.7,213,0,CUST0428
TXN001378,942.37,Withdrawal,20,6,0,0,2,1563.57,10.6,3276,0,CUST0165
TXN001379,2072.68,Purchase,18,1,0,0,0,3700.44,2.2,474,0,CUST0347
TXN001380,7420.69,Purchase,15,3,0,0,3,1159.55,0.4,3279,0,CUST0219
TXN001381,5831.92,Payment,10,0,0,1,3,1005.27,0.9,364,0,CUST0390
TXN001382,3617.28,Payment,18,5,0,0,4,7027.3,5.9,2576,0,CUST0073
TXN001383,2676.9,Payment,13,3,0,0,0,981.14,6.1,2646,0,CUST0118
TXN001384,1289.73,Purchase,15,1,0,0,2,3360.0,1.0,2685,0,CUST0221
TXN001385,1311.39,Payment,12,0,0,0,2,3255.13,5.2,2150,0,CUST0305
TXN001386,688.04,Transfer,17,1,0,0,2,1934.9,0.9,3160,0,CUST0313
TXN001387,974.22,Payment,15,3,0,0,2,271.0,1.3,80,0,CUST0256
TXN001388,6566.61,Transfer,7,1,0,0,4,2058.36,1.3,2840,0,CUST0147
TXN001389,965.13,Withdrawal,18,0,0,1,2,831.93,2.8,2833,0,CUST0472
TXN001390,397.63,Transfer,19,0,0,0,3,1443.63,0.6,708,0,CUST0404
TXN001391,2027.33,Transfer,9,4,0,0,3,3921.2,7.8,1462,0,CUST0416
TXN001392,3367.11,Purchase,17,3,0,0,7,1009.97,1.7,2161,0,CUST0191
TXN001393,571.35,Transfer,11,5,0,0,1,2512.23,0.3,2475,0,CUST0182
TXN001394,813.79,Withdrawal,16,0,0,0,0,2945.41,8.3,152,0,CUST0110
TXN001395,1325.58,Payment,15,5,0,0,4,1082.31,7.7,1941,0,CUST0384
TXN001396,720.05,Payment,10,5,0,0,3,617.04,7.0,3069,0,CUST0249
TXN001397,3360.14,Withdrawal,13,2,0,0,6,2812.72,6.3,1019,0,CUST0186
TXN001398,1220.42,Payment,7,2,0,0,2,919.3,0.5,3573,0,CUST0381
TXN001399,6674.65,Transfer,9,0,0,0,6,352.5,0.2,53,0,CUST0163
TXN001400,6082.55,Transfer,12,6,0,0,4,2707.82,0.3,1258,0,CUST0307
TXN001401,1910.65,Transfer,17,2,0,0,1,1480.02,0.9,2352,0,CUST0388
TXN001402,551.37,Payment,10,1,0,0,0,3281.04,3.0,1779,0,CUST0013
TXN001403,1065.7,Transfer,8,5,0,0,1,2550.93,0.1,835,0,CUST0453
TXN001404,828.65,Payment,12,0,0,0,2,792.67,0.4,3536,0,CUST0165
TXN001405,2039.16,Withdrawal,19,3,0,0,2,427.44,3.8,2564,0,CUST0179
TXN001406,940.21,Transfer,20,6,0,0,2,1568.43,0.1,1817,0,CUST0447
TXN001407,1137.78,Payment,13,0,0,0,1,435.96,14.8,3109,0,CUST0058
TXN001408,2322.04,Payment,14,0,0,0,1,3027.62,1.3,2183,0,CUST0011
TXN001409,3796.45,Withdrawal,8,2,0,0,3,3004.43,8.1,266,0,CUST0272
TXN001410,1317.27,Payment,18,5,0,0,2,2787.41,0.5,1965,0,CUST0027
TXN001411,10901.6,Purchase,13,3,0,0,3,1889.65,2.4,59,0,CUST0112
TXN001412,312.85,Transfer,8,6,0,0,3,3966.35,9.0,502,0,CUST0019
TXN001413,3304.99,Transfer,21,4,0,0,2,2986.21,2.5,1905,0,CUST0410
TXN001414,2631.89,Withdrawal,17,1,0,0,1,4244.09,0.1,1372,0,CUST0232
TXN001415,832.47,Payment,16,4,0,0,1,1294.41,3.9,2290,0,CUST0192
TXN001416,478.08,Transfer,14,5,0,0,2,2594.53,1.5,1019,0,CUST0035
TXN001417,1435.01,Purchase,8,2,0,0,5,3625.85,0.7,277,0,CUST0067
TXN001418,4745.02,Payment,9,5,0,0,2,3050.9,2.4,336,0,CUST0221
TXN001419,4161.38,Transfer,6,5,0,0,3,1472.53,4.3,1254,0,CUST0085
TXN001420,621.54,Transfer,11,1,0,0,3,517.11,2.7,542,0,CUST0352
TXN001421,1152.63,Payment,10,1,1,0,1,2328.51,5.5,3636,0,CUST0214
TXN001422,1517.33,Withdrawal,16,5,0,0,2,1344.09,9.0,2484,0,CUST0196
TXN001423,4448.84,Purchase,10,5,0,0,4,3867.0,5.8,1486,0,CUST0080
TXN001424,829.34,Payment,19,5,0,0,2,1466.39,0.4,1549,0,CUST0449
TXN001425,796.91,Purchase,8,0,0,0,3,864.59,5.9,2383,0,CUST0226
TXN001426,2400.15,Transfer,15,3,0,0,2,3558.84,6.3,3080,0,CUST0348
TXN001427,75.44,Purchase,7,3,0,0,2,182.03,10.3,1926,0,CUST0056
TXN001428,10201.82,Payment,17,2,0,0,2,1357.76,2.5,3628,0,CUST0459
TXN001429,999.78,Purchase,17,4,0,0,2,1304.92,0.8,3276,0,CUST0131
TXN001430,1510.94,Purchase,12,3,1,0,1,493.73,10.0,1198,0,CUST0110
TXN001431,2167.34,Withdrawal,13,2,0,0,2,2546.92,13.9,855,0,CUST0169
TXN001432,2748.21,Payment,18,6,0,0,1,2026.97,3.4,814,0,CUST0229
TXN001433,3255.42,Purchase,17,6,0,0,5,473.17,0.6,1334,0,CUST0202
TXN001434,4173.39,Withdrawal,10,0,0,0,4,3020.94,3.1,2921,0,CUST0336
TXN001435,3450.0,Purchase,11,3,0,0,1,2052.92,2.7,1244,0,CUST0412
TXN001436,1679.12,Purchase,16,6,0,0,3,4048.62,3.5,533,0,CUST0157
TXN001437,440.22,Withdrawal,9,3,0,0,2,4250.79,14.9,967,0,CUST0180
TXN001438,289.55,Payment,12,6,0,0,3,4615.68,5.6,989,0,CUST0086
TXN001439,606.59,Purchase,11,6,0,0,0,3812.0,3.8,2569,0,CUST0393
TXN001440,1868.03,Payment,17,2,0,0,2,6066.08,2.6,2603,0,CUST0304
TXN001441,1794.19,Withdrawal,16,4,0,0,0,559.49,0.1,2271,0,CUST0230
TXN001442,875.03,Payment,11,5,0,0,2,866.72,0.1,1551,0,CUST0204
TXN001443,2232.81,Purchase,7,2,0,0,2,945.41,11.5,2730,0,CUST0284
TXN001444,805.69,Transfer,21,2,0,0,0,1806.4,4.7,2906,0,CUST0325
TXN001445,5904.97,Purchase,9,2,0,0,4,838.43,6.2,1296,0,CUST0019
TXN001446,6807.61,Purchase,15,2,0,0,1,4867.25,0.3,611,0,CUST0190
TXN001447,363.87,Withdrawal,8,1,0,0,1,6183.17,12.5,2642,0,CUST0371
TXN001448,752.43,Transfer,11,0,0,0,3,545.4,6.0,3155,0,CUST0012
TXN001449,6188.57,Withdrawal,17,3,0,0,3,450.17,0.7,911,0,CUST0460
TXN001450,1723.15,Transfer,13,4,0,1,3,378.98,9.0,1896,0,CUST0055
TXN001451,4228.54,Payment,17,4,0,0,4,1008.22,1.9,3569,0,CUST0182
TXN001452,1747.73,Purchase,13,6,0,1,3,2322.76,6.4,1834,0,CUST0367
TXN001453,443.38,Payment,10,2,0,0,3,1504.85,5.2,3472,0,CUST0321
TXN001454,7752.9,Payment,20,3,0,0,1,1170.52,9.1,763,0,CUST0062
TXN001455,2300.49,Payment,22,1,0,0,3,1410.36,12.8,1670,0,CUST0066
TXN001456,844.22,Transfer,10,1,1,0,1,3227.92,6.2,2879,0,CUST0372
TXN001457,2063.02,Transfer,14,3,1,0,2,2122.18,5.1,3451,0,CUST0439
TXN001458,3158.37,Payment,16,3,0,0,2,994.63,17.9,1933,0,CUST0412
TXN001459,5640.78,Transfer,9,4,0,0,3,1084.63,4.8,651,0,CUST0019
TXN001460,4565.19,Payment,8,3,0,0,1,3203.21,1.4,627,0,CUST0159
TXN001461,3761.2,Withdrawal,17,5,0,1,0,987.7,6.4,1344,0,CUST0266
TXN001462,1429.49,Transfer,17,5,0,0,4,1753.6,0.7,3204,0,CUST0385
TXN001463,602.64,Payment,8,0,0,0,1,1166.2,0.9,2678,0,CUST0112
TXN001464,477.6,Transfer,13,1,0,0,1,1946.87,9.8,1394,0,CUST0048
TXN001465,8964.92,Purchase,20,2,0,0,0,3442.83,11.0,1575,0,CUST0204
TXN001466,1061.03,Payment,6,0,0,0,1,939.12,2.1,1377,0,CUST0032
TXN001467,1444.09,Payment,11,4,0,0,4,1049.65,4.1,295,0,CUST0187
TXN001468,579.59,Transfer,15,1,0,0,2,562.06,0.3,40,0,CUST0448
TXN001469,716.11,Withdrawal,13,5,0,0,4,3324.86,2.1,3555,0,CUST0013
TXN001470,1568.47,Purchase,17,6,0,0,3,464.13,6.6,473,0,CUST0216
TXN001471,946.2,Payment,9,4,0,0,2,2311.94,8.8,1824,0,CUST0030
TXN001472,3590.52,Payment,14,0,0,0,3,664.0,3.5,1317,0,CUST0429
TXN001473,597.93,Purchase,11,5,0,0,2,182.07,6.1,692,0,CUST0042
TXN001474,5000.0,Transfer,12,0,0,0,10,660.6,10.0,170,1,CUST0049
TXN001475,8905.66,Purchase,14,1,0,0,5,1400.83,2.0,1026,0,CUST0070
TXN001476,27182.58,Transfer,16,2,0,0,1,1022.75,3.4,2521,0,CUST0222
TXN001477,3912.45,Purchase,10,3,0,0,3,2778.69,4.1,248,0,CUST0355
TXN001478,3037.75,Transfer,14,2,0,0,7,2176.33,14.3,198,0,CUST0063
TXN001479,8035.9,Transfer,9,3,0,0,2,2181.76,6.4,693,0,CUST0053
TXN001480,1943.56,Payment,12,4,0,0,3,1189.89,18.9,277,0,CUST0128
TXN001481,403.34,Purchase,15,2,0,0,2,3154.94,3.0,469,0,CUST0485
TXN001482,1992.52,Transfer,20,3,0,0,4,361.46,1.2,143,0,CUST0348
TXN001483,1710.29,Payment,10,5,0,0,7,3994.73,6.0,1673,0,CUST0032
TXN001484,8177.41,Withdrawal,16,0,0,0,2,2892.32,18.8,2341,0,CUST0361
TXN001485,879.67,Transfer,14,0,0,0,4,515.22,16.5,2731,0,CUST0165
TXN001486,34541.37,Transfer,23,0,0,1,8,2763.73,119.9,149,1,CUST0049
TXN001487,1144.71,Payment,21,5,0,0,3,1454.42,0.6,1456,0,CUST0133
TXN001488,1132.59,Payment,14,0,0,0,1,1199.83,2.6,1192,0,CUST0088
TXN001489,597.55,Transfer,12,0,0,0,2,1114.82,5.0,2629,0,CUST0325
TXN001490,2534.12,Payment,13,2,0,0,2,754.06,5.1,3533,0,CUST0317
TXN001491,10800.49,Purchase,13,0,0,0,4,2099.13,10.2,579,0,CUST0416
TXN001492,1719.45,Transfer,19,2,1,0,1,2660.46,11.2,3130,0,CUST0402
TXN001493,834.92,Transfer,12,0,0,0,5,744.48,5.8,2684,0,CUST0313
TXN001494,420.41,Purchase,20,4,0,0,1,1208.51,3.2,3078,0,CUST0479
TXN001495,10948.31,Payment,19,4,0,0,1,1815.69,11.7,1697,0,CUST0450
TXN001496,1266.37,Withdrawal,10,3,0,0,4,1487.92,10.9,3022,0,CUST0163
TXN001497,355.2,Purchase,19,0,0,0,4,1204.4,0.9,3195,0,CUST0091
TXN001498,4113.65,Purchase,18,1,0,0,5,3671.93,0.4,598,0,CUST0028
TXN001499,616.89,Transfer,16,5,0,0,2,2790.27,4.2,3596,0,CUST0332
TXN001500,1004.52,Payment,20,1,0,0,4,1073.98,3.0,3202,0,CUST0386
TXN001501,5438.85,Payment,13,3,0,0,3,659.97,9.6,1646,0,CUST0263
TXN001502,5208.05,Purchase,15,0,0,0,2,3838.8,2.1,2471,0,CUST0276
TXN001503,2977.63,Transfer,16,6,0,0,2,811.67,1.2,869,0,CUST0241
TXN001504,1149.12,Transfer,11,4,0,0,1,2373.36,5.1,1068,0,CUST0322
TXN001505,5240.49,Transfer,21,4,0,1,2,4055.41,2.2,1085,0,CUST0138
TXN001506,517.39,Payment,16,1,0,0,3,5582.96,8.3,400,0,CUST0434
TXN001507,5904.64,Payment,8,4,0,0,1,7154.19,6.1,1318,0,CUST0269
TXN001508,9549.0,Purchase,15,3,0,0,3,844.85,0.7,630,0,CUST0080
TXN001509,329.75,Transfer,6,1,0,0,5,4659.7,2.4,414,0,CUST0490
TXN001510,12259.19,Transfer,19,2,0,0,1,1485.41,4.1,3473,0,CUST0304
TXN001511,2071.15,Withdrawal,18,2,0,0,2,2371.19,2.5,3003,0,CUST0476
TXN001512,572.66,Payment,12,2,0,0,1,564.13,3.6,132,0,CUST0477
TXN001513,2263.01,Payment,17,4,0,0,0,2099.14,0.4,391,0,CUST0459
TXN001514,367.6,Payment,16,4,0,0,2,5380.88,4.4,3312,0,CUST0400
TXN001515,4212.46,Payment,14,6,0,0,2,3588.1,0.3,2431,0,CUST0008
TXN001516,9273.62,Purchase,21,5,1,1,9,736.33,87.6,32,1,CUST0173
TXN001517,1773.55,Withdrawal,13,6,0,0,1,6854.82,3.5,3148,0,CUST0149
TXN001518,2408.54,Payment,16,3,0,0,4,1072.02,7.2,266,0,CUST0119
TXN001519,6827.04,Payment,18,6,0,0,5,738.42,11.0,200,0,CUST0262
TXN001520,1762.53,Purchase,17,4,0,0,0,1759.71,2.7,1481,0,CUST0044
TXN001521,2807.4,Purchase,9,1,0,0,1,3518.6,0.4,2523,0,CUST0060
TXN001522,2276.99,Transfer,16,5,0,0,1,13984.58,16.2,121,0,CUST0075
TXN001523,1115.54,Transfer,7,1,0,0,3,4690.4,1.0,1562,0,CUST0026
TXN001524,5880.75,Purchase,22,3,0,0,3,7404.22,0.2,1445,0,CUST0012
TXN001525,3517.02,Purchase,18,3,0,0,5,3689.53,3.1,1765,0,CUST0130
TXN001526,1282.63,Purchase,10,4,0,0,2,2328.66,1.7,2578,0,CUST0340
TXN001527,1696.16,Payment,17,3,0,0,2,5303.67,0.2,342,0,CUST0039
TXN001528,666.18,Purchase,10,2,0,0,1,2682.31,0.9,882,0,CUST0495
TXN001529,46473.7,Payment,23,6,0,0,6,2061.21,10.0,165,1,CUST0092
TXN001530,2870.3,Payment,13,5,0,0,5,2158.2,2.0,2733,0,CUST0039
TXN001531,1352.52,Transfer,11,0,0,0,0,2023.38,0.5,1061,0,CUST0071
TXN001532,4138.38,Payment,18,1,0,0,2,2196.72,3.9,3432,0,CUST0080
TXN001533,450.53,Payment,16,6,0,0,1,3582.65,15.1,3037,0,CUST0397
TXN001534,2284.38,Purchase,15,6,0,0,1,3143.35,3.6,2571,0,CUST0413
TXN001535,5535.26,Purchase,22,5,0,0,3,1274.53,5.2,2049,0,CUST0253
TXN001536,8461.18,Transfer,21,1,0,0,1,2510.81,3.3,2775,0,CUST0110
TXN001537,12687.12,Purchase,10,1,0,0,2,886.6,4.7,3519,0,CUST0022
TXN001538,4052.64,Payment,7,4,0,0,3,994.0,4.0,3016,0,CUST0432
TXN001539,2483.57,Purchase,15,2,1,0,1,947.87,0.1,3105,0,CUST0038
TXN001540,2518.11,Payment,10,6,0,0,2,3660.34,1.9,2675,0,CUST0100
TXN001541,6908.18,Transfer,10,6,0,0,1,1711.28,1.5,2120,0,CUST0450
TXN001542,5158.92,Payment,10,0,0,0,4,556.17,6.7,3098,0,CUST0184
TXN001543,721.97,Purchase,18,0,0,0,1,2334.47,1.8,1289,0,CUST0484
TXN001544,12995.32,Purchase,19,1,0,1,3,2485.09,2.8,1190,0,CUST0078
TXN001545,3606.43,Withdrawal,6,2,0,0,2,1027.49,4.0,1986,0,CUST0156
TXN001546,2592.54,Purchase,14,6,0,0,1,952.58,0.2,1537,0,CUST0397
TXN001547,1005.14,Payment,1,1,0,0,2,5000.9,0.0,2536,0,CUST0498
TXN001548,443.05,Transfer,10,2,0,0,3,1685.89,6.5,1589,0,CUST0196
TXN001549,10595.34,Transfer,11,4,0,0,0,2577.78,3.6,3385,0,CUST0080
TXN001550,1280.28,Purchase,17,3,0,0,4,733.44,3.3,3301,0,CUST0130
TXN001551,5264.77,Payment,8,1,0,0,1,555.88,16.2,765,0,CUST0428
TXN001552,595.51,Transfer,19,1,0,0,0,807.62,1.8,930,0,CUST0433
TXN001553,12337.12,Withdrawal,9,3,0,0,1,1326.28,0.4,2986,0,CUST0494
TXN001554,791.83,Payment,14,3,0,0,2,2556.61,0.5,256,0,CUST0227
TXN001555,6704.98,Withdrawal,17,4,0,0,5,1078.27,3.8,852,0,CUST0404
TXN001556,9558.08,Purchase,7,2,0,0,4,1018.52,1.3,2877,0,CUST0274
TXN001557,3174.42,Payment,14,1,0,0,2,2368.79,0.1,838,0,CUST0264
TXN001558,943.26,Withdrawal,16,0,0,0,2,584.94,3.7,3069,0,CUST0151
TXN001559,1679.17,Transfer,8,3,0,0,2,7490.85,4.0,399,0,CUST0374
TXN001560,1900.31,Withdrawal,11,0,0,0,4,2547.42,13.6,1089,0,CUST0109
TXN001561,1745.84,Withdrawal,9,4,0,0,2,314.76,3.9,484,0,CUST0303
TXN001562,3040.79,Withdrawal,18,4,0,0,4,1059.25,4.0,3121,0,CUST0307
TXN001563,2994.65,Purchase,12,3,0,0,1,1194.04,1.7,1113,0,CUST0123
TXN001564,992.45,Payment,6,4,0,0,1,1822.31,3.1,3177,0,CUST0343
TXN001565,2406.35,Payment,13,5,0,0,8,720.91,5.8,2997,0,CUST0153
TXN001566,1997.97,Payment,10,4,0,0,4,2750.64,1.3,1027,0,CUST0361
TXN001567,1451.47,Purchase,12,0,0,0,4,4858.24,0.9,593,0,CUST0100
TXN001568,7143.19,Transfer,16,2,0,0,5,4453.59,4.7,2825,0,CUST0131
TXN001569,165.49,Payment,13,1,0,0,1,799.05,8.6,2978,0,CUST0082
TXN001570,1195.59,Payment,10,0,0,0,2,525.37,1.1,440,0,CUST0413
TXN001571,6777.1,Payment,6,3,0,0,3,2063.6,2.9,3052,0,CUST0371
TXN001572,1504.87,Payment,12,1,0,0,2,2075.14,11.3,265,0,CUST0152
TXN001573,1967.47,Withdrawal,19,5,0,0,2,1544.03,0.3,2886,0,CUST0349
TXN001574,1091.56,Payment,12,4,0,0,3,732.26,15.6,1395,0,CUST0332
TXN001575,2424.27,Payment,16,3,0,0,2,1116.78,9.5,478,0,CUST0105
TXN001576,3652.41,Purchase,2,5,0,0,4,2220.53,3.5,2124,0,CUST0033
TXN001577,8349.52,Withdrawal,2,4,0,0,9,1416.7,31.9,115,1,CUST0013
TXN001578,16553.12,Transfer,19,5,0,0,2,6995.32,2.6,455,0,CUST0398
TXN001579,2133.25,Transfer,14,1,0,0,2,6121.02,0.3,2439,0,CUST0162
TXN001580,521.2,Transfer,14,4,0,0,2,2053.31,0.6,1434,0,CUST0026
TXN001581,2446.28,Transfer,12,6,0,0,3,1269.28,1.4,1074,0,CUST0183
TXN001582,994.75,Purchase,16,3,0,0,1,1542.82,5.3,2583,0,CUST0438
TXN001583,7135.58,Purchase,17,0,0,0,0,1013.85,14.2,1009,0,CUST0380
TXN001584,600.47,Transfer,15,1,0,0,3,1885.66,5.5,1471,0,CUST0264
TXN001585,11457.46,Withdrawal,18,2,0,0,2,358.54,5.0,1342,0,CUST0348
TXN001586,394.51,Transfer,8,6,0,0,8,3679.21,0.6,251,0,CUST0102
TXN001587,598.98,Purchase,9,0,0,0,1,1327.47,0.3,1358,0,CUST0135
TXN001588,1160.65,Payment,14,0,0,0,2,1858.9,11.7,644,0,CUST0052
TXN001589,670.69,Payment,16,1,0,0,2,1016.46,2.5,3200,0,CUST0093
TXN001590,3537.83,Transfer,20,6,0,0,4,754.9,4.5,1115,0,CUST0221
TXN001591,3735.98,Transfer,20,6,0,0,2,2990.15,1.3,3058,0,CUST0350
TXN001592,1863.16,Transfer,10,3,0,0,4,2808.37,8.7,986,0,CUST0318
TXN001593,1177.5,Payment,8,3,0,0,0,216.93,5.2,1147,0,CUST0491
TXN001594,8015.34,Transfer,16,1,0,0,2,2625.26,5.7,1916,0,CUST0185
TXN001595,2493.88,Payment,14,5,1,0,3,349.9,4.8,3457,0,CUST0490
TXN001596,1745.88,Payment,13,2,0,0,0,1733.31,10.5,743,0,CUST0254
TXN001597,3161.25,Purchase,19,6,0,0,1,2015.3,3.7,3219,0,CUST0365
TXN001598,1956.6,Withdrawal,14,1,0,0,2,1345.44,5.1,1550,0,CUST0160
TXN001599,2306.6,Withdrawal,9,0,0,1,2,1972.28,2.7,580,0,CUST0467
TXN001600,1520.7,Purchase,22,6,0,0,1,2082.66,1.6,1254,0,CUST0310
TXN001601,2960.12,Transfer,21,3,0,0,6,2977.07,8.8,3509,0,CUST0498
TXN001602,5687.52,Payment,8,3,0,0,2,1017.51,3.2,2849,0,CUST0198
TXN001603,898.09,Payment,18,5,0,0,6,1664.64,4.6,496,0,CUST0427
TXN001604,743.05,Payment,17,4,0,0,3,4389.69,5.9,2241,0,CUST0362
TXN001605,3911.97,Transfer,17,1,0,0,4,1589.83,5.6,3543,0,CUST0364
TXN001606,1993.55,Payment,9,3,0,0,3,2668.09,5.3,808,0,CUST0169
TXN001607,1688.43,Payment,15,0,0,0,3,2236.9,11.6,2402,0,CUST0038
TXN001608,2190.53,Purchase,10,0,0,0,5,5617.75,0.2,2173,0,CUST0199
TXN001609,1467.52,Transfer,21,1,0,0,2,4843.21,1.3,1077,0,CUST0274
TXN001610,762.06,Purchase,23,4,0,0,2,1719.15,0.5,896,0,CUST0479
TXN001611,210.11,Transfer,17,2,0,0,1,968.52,4.3,1197,0,CUST0069
TXN001612,24854.47,Withdrawal,8,2,0,0,0,6274.55,0.6,807,0,CUST0316
TXN001613,9293.61,Transfer,7,2,0,0,5,1197.16,1.0,3047,0,CUST0198
TXN001614,2694.71,Purchase,22,3,0,0,4,2145.66,3.9,228,0,CUST0211
TXN001615,1187.75,Payment,12,4,1,0,4,1518.49,20.7,1230,0,CUST0042
TXN001616,1439.42,Payment,20,0,0,0,1,2805.1,14.1,1322,0,CUST0164
TXN001617,2332.58,Transfer,8,0,0,0,0,2150.17,10.6,1267,0,CUST0334
TXN001618,889.29,Withdrawal,11,4,0,0,2,1865.14,5.4,3122,0,CUST0074
TXN001619,1231.67,Transfer,9,0,0,0,2,1281.55,0.7,1965,0,CUST0176
TXN001620,1307.79,Purchase,18,1,0,0,2,11995.4,9.4,2190,0,CUST0104
TXN001621,674.22,Payment,19,3,0,0,1,2166.43,1.0,1540,0,CUST0412
TXN001622,2494.09,Purchase,8,6,0,0,0,12228.33,1.4,347,0,CUST0435
TXN001623,112.86,Payment,13,5,0,0,1,2393.09,1.5,3226,0,CUST0040
TXN001624,1010.52,Transfer,9,4,0,0,0,2109.9,0.8,808,0,CUST0010
TXN001625,7829.46,Transfer,11,2,0,0,4,2502.75,3.2,315,0,CUST0383
TXN001626,1050.82,Payment,17,4,0,0,6,1157.78,0.5,1253,0,CUST0405
TXN001627,482.56,Purchase,18,4,0,0,3,2107.35,6.6,2851,0,CUST0387
TXN001628,1488.48,Payment,16,0,1,0,2,3297.42,0.2,3179,0,CUST0140
TXN001629,837.87,Transfer,10,2,0,0,3,980.76,14.1,2588,0,CUST0453
TXN001630,1819.42,Transfer,11,3,0,0,7,5892.06,5.8,2359,0,CUST0282
TXN001631,1637.8,Purchase,11,5,0,0,5,1811.07,1.7,2877,0,CUST0283
TXN001632,1507.94,Withdrawal,10,0,0,0,5,563.52,5.5,1417,0,CUST0266
TXN001633,1121.41,Transfer,7,1,1,0,2,677.96,0.7,1406,0,CUST0498
TXN001634,436.24,Payment,9,1,0,0,3,324.74,0.7,2360,0,CUST0294
TXN001635,279.43,Payment,18,4,0,0,3,2777.02,3.9,1276,0,CUST0077
TXN001636,1305.04,Purchase,16,6,0,0,1,938.04,1.6,243,0,CUST0218
TXN001637,332.2,Payment,13,6,0,0,2,3706.34,0.7,1032,0,CUST0176
TXN001638,1273.02,Payment,10,5,0,0,3,4521.56,4.0,40,0,CUST0155
TXN001639,1040.83,Payment,11,4,0,0,5,7721.78,5.1,1699,0,CUST0373
TXN001640,3866.31,Transfer,13,1,0,0,3,5902.88,0.0,2300,0,CUST0064
TXN001641,21001.94,Transfer,6,0,0,0,6,8445.05,8.5,759,0,CUST0489
TXN001642,2103.6,Payment,11,6,0,0,2,1469.82,4.3,1295,0,CUST0431
TXN001643,996.59,Transfer,16,3,0,0,5,757.51,0.3,1127,0,CUST0264
TXN001644,4794.37,Withdrawal,19,5,0,0,2,5245.89,0.7,3468,0,CUST0215
TXN001645,320.15,Withdrawal,13,1,0,0,1,1382.46,0.5,2252,0,CUST0360
TXN001646,382.59,Purchase,13,3,0,0,1,2060.9,7.2,1338,0,CUST0064
TXN001647,11720.17,Transfer,18,3,0,0,4,1334.36,0.2,3383,0,CUST0118
TXN001648,664.06,Payment,17,0,0,0,3,2366.34,5.9,163,0,CUST0469
TXN001649,3084.69,Purchase,16,2,0,0,1,1637.3,6.1,1200,0,CUST0312
TXN001650,2199.19,Transfer,17,6,0,0,4,948.33,5.2,997,0,CUST0065
TXN001651,6968.67,Transfer,15,0,0,0,0,1579.03,0.1,3303,0,CUST0130
TXN001652,612.83,Payment,14,6,0,0,7,618.61,1.0,1517,0,CUST0089
TXN001653,840.23,Purchase,16,2,0,0,5,1817.49,5.0,1495,0,CUST0119
TXN001654,1060.4,Withdrawal,17,2,0,0,1,4863.72,3.6,2133,0,CUST0040
TXN001655,523.71,Payment,16,5,0,0,1,2147.99,1.9,1295,0,CUST0268
TXN001656,1401.14,Payment,21,4,0,0,2,4397.12,5.4,1414,0,CUST0172
TXN001657,1707.8,Payment,17,2,0,0,1,2376.02,0.5,3275,0,CUST0037
TXN001658,700.72,Payment,17,6,0,0,4,4735.92,0.5,418,0,CUST0208
TXN001659,1449.58,Payment,16,1,0,0,1,7532.17,0.0,1936,0,CUST0012
TXN001660,166.52,Purchase,13,4,0,0,3,764.45,5.9,2302,0,CUST0140
TXN001661,2117.72,Payment,18,3,0,0,5,831.12,1.9,3073,0,CUST0071
TXN001662,1764.66,Transfer,21,6,0,0,2,4205.05,3.1,270,0,CUST0358
TXN001663,2903.97,Withdrawal,9,4,0,0,2,6058.86,10.9,417,0,CUST0329
TXN001664,869.89,Transfer,8,5,0,0,3,600.19,2.5,1275,0,CUST0474
TXN001665,1111.34,Purchase,18,4,0,0,2,1513.34,0.5,3029,0,CUST0294
TXN001666,8229.21,Purchase,0,2,0,0,3,3339.18,1.2,2128,0,CUST0208
TXN001667,3692.28,Withdrawal,17,5,0,0,2,2164.99,0.4,1702,0,CUST0273
TXN001668,1919.14,Payment,11,0,0,0,4,3487.2,2.4,2891,0,CUST0431
TXN001669,1207.49,Payment,12,4,0,0,4,3104.52,5.8,91,0,CUST0342
TXN001670,2912.16,Transfer,17,6,0,0,2,371.9,7.7,960,0,CUST0229
TXN001671,367.08,Transfer,11,3,0,0,0,9332.21,0.3,1987,0,CUST0173
TXN001672,1456.04,Payment,23,4,0,0,2,4066.14,3.7,2923,0,CUST0359
TXN001673,7444.3,Payment,18,5,1,0,4,350.01,6.0,2860,0,CUST0194
TXN001674,60428.37,Transfer,17,1,1,1,11,1760.73,35.1,278,1,CUST0039
TXN001675,4236.92,Transfer,8,5,0,0,2,4338.96,5.2,1885,0,CUST0083
TXN001676,5000.0,Transfer,23,0,1,1,10,1024.63,34.4,216,1,CUST0296
TXN001677,3306.72,Transfer,15,0,0,0,2,3534.7,1.9,1771,0,CUST0110
TXN001678,1099.58,Payment,21,6,0,0,2,4285.28,6.5,932,0,CUST0279
TXN001679,1980.92,Payment,1,4,0,0,0,1642.94,5.0,1816,0,CUST0166
TXN001680,2517.14,Purchase,8,5,0,0,3,546.14,6.8,709,0,CUST0387
TXN001681,989.48,Payment,21,6,0,0,4,605.15,9.3,3482,0,CUST0124
TXN001682,1881.29,Payment,10,0,0,0,4,1242.36,11.8,2165,0,CUST0342
TXN001683,4796.04,Transfer,17,2,0,0,3,776.53,1.2,622,0,CUST0041
TXN001684,768.86,Payment,12,3,0,0,1,1402.1,12.0,3177,0,CUST0328
TXN001685,2968.11,Purchase,16,0,0,0,6,1809.82,4.5,2246,0,CUST0166
TXN001686,2218.06,Transfer,13,4,0,0,8,1968.11,5.3,2023,0,CUST0338
TXN001687,1235.59,Transfer,9,3,0,0,0,3983.62,5.3,380,0,CUST0496
TXN001688,539.32,Transfer,17,5,0,0,1,2271.33,4.1,3344,0,CUST0252
TXN001689,1721.64,Withdrawal,9,5,0,0,4,1012.54,0.3,787,0,CUST0349
TXN001690,3696.62,Purchase,14,2,0,0,5,2209.82,5.0,1545,0,CUST0477
TXN001691,1975.66,Purchase,10,0,0,0,0,5616.03,0.5,2697,0,CUST0178
TXN001692,2354.93,Transfer,9,0,0,1,1,1108.73,1.2,1128,0,CUST0248
TXN001693,1169.39,Payment,14,0,0,0,2,1144.89,14.9,1873,0,CUST0223
TXN001694,13906.81,Withdrawal,20,4,0,0,3,839.75,0.9,2402,0,CUST0496
TXN001695,1449.93,Transfer,17,6,0,0,3,3105.57,2.1,1202,0,CUST0319
TXN001696,531.13,Transfer,23,1,0,0,2,2962.85,23.9,926,0,CUST0227
TXN001697,3443.09,Withdrawal,12,3,0,1,3,1779.93,5.5,2495,0,CUST0095
TXN001698,1635.73,Transfer,10,4,0,0,3,1296.5,10.2,3431,0,CUST0485
TXN001699,1058.67,Payment,18,5,0,0,4,1344.98,4.5,2879,0,CUST0380
TXN001700,252.42,Transfer,10,2,0,0,5,7314.51,15.9,2455,0,CUST0319
TXN001701,2003.28,Transfer,22,4,0,0,2,1651.11,1.3,3091,0,CUST0413
TXN001702,7308.26,Purchase,9,1,0,0,2,15962.92,2.1,2153,0,CUST0123
TXN001703,5069.1,Purchase,17,3,0,0,2,3029.82,0.9,3401,0,CUST0102
TXN001704,1150.61,Payment,10,1,0,0,5,1051.82,4.9,222,0,CUST0146
TXN001705,1618.63,Purchase,19,0,1,0,1,2325.58,0.5,1473,0,CUST0092
TXN001706,771.7,Transfer,20,6,0,0,1,12865.44,5.4,538,0,CUST0499
TXN001707,6756.78,Purchase,21,2,0,0,5,818.16,8.2,726,0,CUST0474
TXN001708,7155.22,Payment,13,4,0,0,3,2253.89,8.8,314,0,CUST0301
TXN001709,399.4,Transfer,14,0,0,0,4,2559.13,8.1,1556,0,CUST0358
TXN001710,2808.69,Withdrawal,8,4,0,0,6,634.5,10.7,3128,0,CUST0181
TXN001711,2758.18,Transfer,9,1,0,1,1,739.82,9.6,160,0,CUST0038
TXN001712,5933.64,Transfer,19,4,0,0,5,2056.83,3.3,828,0,CUST0206
TXN001713,1706.24,Purchase,9,6,0,0,2,934.31,4.3,3415,0,CUST0486
TXN001714,1727.77,Payment,0,1,0,0,3,1683.76,8.9,653,0,CUST0230
TXN001715,2429.95,Withdrawal,0,2,0,0,2,409.73,4.2,572,0,CUST0492
TXN001716,1209.79,Transfer,7,6,0,0,3,498.74,3.7,1566,0,CUST0373
TXN001717,4311.99,Transfer,11,2,0,0,1,3710.26,14.2,2975,0,CUST0222
TXN001718,1042.54,Transfer,12,3,0,0,4,1163.61,2.2,76,0,CUST0182
TXN001719,4270.93,Purchase,21,5,0,0,2,1692.8,1.5,2722,0,CUST0475
TXN001720,2213.39,Purchase,9,2,0,0,3,869.85,6.8,3009,0,CUST0014
TXN001721,5136.67,Purchase,8,1,0,0,0,6345.67,9.1,380,0,CUST0138
TXN001722,506.78,Payment,18,6,0,0,2,973.74,2.3,1713,0,CUST0033
TXN001723,4836.04,Purchase,7,5,0,0,2,3671.96,4.1,3489,0,CUST0376
TXN001724,612.77,Purchase,12,3,0,0,1,3821.36,10.5,2968,0,CUST0441
TXN001725,5628.32,Payment,21,0,0,0,1,1384.44,0.7,155,0,CUST0030
TXN001726,610.44,Transfer,12,3,0,0,0,1421.87,1.3,1196,0,CUST0426
TXN001727,3624.74,Transfer,18,3,0,0,2,1444.48,12.6,3423,0,CUST0058
TXN001728,2298.95,Payment,10,1,0,0,2,3685.81,13.6,141,0,CUST0252
TXN001729,18398.8,Withdrawal,13,4,0,0,0,1408.04,2.7,3370,0,CUST0321
TXN001730,52684.05,Transfer,2,0,1,0,7,594.36,14.0,360,1,CUST0275
TXN001731,2949.1,Withdrawal,7,0,1,0,2,2657.38,0.6,2390,0,CUST0368
TXN001732,2954.18,Withdrawal,22,3,0,0,5,1357.05,0.6,207,0,CUST0019
TXN001733,3856.47,Payment,17,3,0,0,3,864.95,2.5,2623,0,CUST0296
TXN001734,2424.88,Withdrawal,19,1,0,0,3,2094.46,2.7,1545,0,CUST0389
TXN001735,4166.17,Withdrawal,20,1,0,0,2,4060.18,3.1,825,0,CUST0409
TXN001736,2123.01,Payment,13,5,0,0,2,4145.11,2.3,1090,0,CUST0244
TXN001737,10428.44,Purchase,11,2,0,0,2,1227.64,4.6,886,0,CUST0161
TXN001738,2505.22,Purchase,8,5,0,0,4,1812.1,3.3,3249,0,CUST0312
TXN001739,1955.57,Purchase,13,5,0,0,1,2549.34,0.7,3325,0,CUST0249
TXN001740,1177.28,Purchase,12,6,0,0,3,2067.25,5.9,1505,0,CUST0247
TXN001741,70.7,Purchase,16,3,0,0,2,6799.08,3.9,2459,0,CUST0213
TXN001742,5939.2,Transfer,22,2,1,0,9,1494.99,54.5,237,1,CUST0415
TXN001743,1826.86,Transfer,15,5,0,0,1,3106.53,8.3,455,0,CUST0436
TXN001744,666.43,Purchase,10,1,0,0,1,3541.47,0.9,2202,0,CUST0462
TXN001745,308.25,Purchase,14,3,0,0,0,2154.16,0.3,3601,0,CUST0448
TXN001746,169.44,Payment,10,2,0,0,0,1863.69,4.9,533,0,CUST0372
TXN001747,3757.02,Purchase,14,1,0,0,2,1359.26,1.9,3000,0,CUST0159
TXN001748,1643.7,Purchase,13,3,0,0,2,1298.37,14.4,2472,0,CUST0272
TXN001749,2302.99,Payment,18,3,0,0,2,1082.78,5.6,2000,0,CUST0168
TXN001750,3393.92,Transfer,16,0,0,0,1,4821.64,1.1,2629,0,CUST0089
TXN001751,8109.92,Purchase,10,3,0,0,1,4674.64,5.2,1471,0,CUST0118
TXN001752,3021.78,Transfer,19,6,0,0,3,1002.28,1.7,345,0,CUST0197
TXN001753,2335.61,Payment,16,0,0,0,5,2454.3,3.4,2969,0,CUST0153
TXN001754,6228.14,Withdrawal,7,3,0,0,4,1405.39,1.7,668,0,CUST0095
TXN001755,3174.34,Withdrawal,12,2,0,0,1,8219.19,13.8,2585,0,CUST0335
TXN001756,2993.04,Purchase,20,2,0,0,2,10638.88,12.4,3363,0,CUST0138
TXN001757,1858.11,Payment,7,3,0,0,1,844.84,0.8,3240,0,CUST0103
TXN001758,2636.51,Payment,8,0,0,0,4,8964.64,6.4,640,0,CUST0252
TXN001759,7838.34,Purchase,10,0,0,0,3,2543.97,4.9,1362,0,CUST0499
TXN001760,7147.26,Purchase,10,2,0,0,1,2558.5,2.0,879,0,CUST0361
TXN001761,2386.34,Payment,16,5,0,0,4,846.83,6.5,2460,0,CUST0489
TXN001762,167.21,Withdrawal,16,4,0,1,1,621.4,0.9,2097,0,CUST0076
TXN001763,254.76,Payment,16,3,0,0,7,593.64,3.0,944,0,CUST0123
TXN001764,11949.41,Transfer,14,4,1,0,2,1640.67,4.0,2459,0,CUST0462
TXN001765,758.78,Payment,18,5,0,0,0,983.28,1.7,871,0,CUST0318
TXN001766,4747.28,Withdrawal,11,1,0,0,3,3449.25,0.2,114,0,CUST0474
TXN001767,55915.77,Transfer,23,2,1,0,7,851.83,34.9,287,1,CUST0122
TXN001768,167.6,Transfer,18,6,0,0,3,480.21,6.0,761,0,CUST0007
TXN001769,502.55,Withdrawal,12,2,0,0,3,1869.55,7.4,74,0,CUST0003
TXN001770,2647.45,Payment,21,0,0,0,3,6854.61,29.0,80,0,CUST0154
TXN001771,799.39,Transfer,13,1,0,0,3,1048.41,17.6,2348,0,CUST0054
TXN001772,28293.08,Purchase,6,0,0,0,6,531.31,45.6,29,1,CUST0322
TXN001773,3565.8,Withdrawal,10,2,0,0,3,1291.48,8.6,2344,0,CUST0288
TXN001774,2708.67,Transfer,12,1,0,0,7,1519.6,3.5,2856,0,CUST0039
TXN001775,543.4,Transfer,17,1,0,0,2,1380.78,8.4,879,0,CUST0013
TXN001776,482.95,Payment,9,2,0,0,4,10041.27,1.2,585,0,CUST0492
TXN001777,9561.26,Purchase,16,6,0,0,0,1217.12,1.4,2557,0,CUST0322
TXN001778,4945.79,Payment,13,2,0,0,4,2078.08,2.7,1207,0,CUST0331
TXN001779,2907.85,Transfer,13,6,0,0,2,332.84,0.4,667,0,CUST0421
TXN001780,1671.99,Payment,18,4,0,0,2,1357.5,19.6,2929,0,CUST0377
TXN001781,634.66,Payment,14,1,0,0,1,400.9,5.6,1342,0,CUST0228
TXN001782,3643.5,Transfer,6,3,0,0,2,7198.13,29.3,263,0,CUST0367
TXN001783,3747.86,Withdrawal,9,0,0,0,3,13767.18,6.2,250,0,CUST0253
TXN001784,1823.58,Transfer,22,5,0,0,3,5047.01,5.0,1410,0,CUST0338
TXN001785,2353.25,Payment,19,1,0,0,2,1728.18,2.7,3336,0,CUST0186
TXN001786,2319.01,Purchase,20,4,0,0,5,984.03,0.0,3033,0,CUST0015
TXN001787,527.19,Purchase,13,6,0,0,3,2261.19,12.2,2894,0,CUST0087
TXN001788,1738.35,Transfer,16,1,0,0,1,1371.97,0.6,1473,0,CUST0206
TXN001789,630.28,Purchase,16,0,0,0,3,1282.04,3.4,609,0,CUST0315
TXN001790,5000.0,Transfer,5,3,1,0,9,2678.99,123.7,204,1,CUST0094
TXN001791,3826.65,Withdrawal,11,4,0,0,2,1308.72,0.4,2416,0,CUST0329
TXN001792,571.79,Transfer,14,4,0,0,4,1340.36,0.8,1617,0,CUST0254
TXN001793,3007.08,Payment,14,3,0,0,6,2168.32,3.2,50,0,CUST0243
TXN001794,22911.21,Purchase,12,0,0,0,1,411.97,4.0,2227,0,CUST0248
TXN001795,833.29,Purchase,18,5,0,0,4,2109.05,0.1,2663,0,CUST0226
TXN001796,14086.5,Transfer,18,2,0,0,5,402.6,20.4,716,0,CUST0089
TXN001797,584.02,Payment,9,3,0,0,2,2597.74,4.0,1847,0,CUST0047
TXN001798,1281.16,Purchase,18,1,0,0,2,5567.38,3.8,3328,0,CUST0046
TXN001799,649.53,Purchase,12,5,0,0,2,1260.94,2.8,3174,0,CUST0343
TXN001800,987.42,Purchase,14,6,0,0,2,366.19,2.9,2000,0,CUST0186
TXN001801,486.76,Withdrawal,23,4,0,0,3,7838.87,1.0,636,0,CUST0331
TXN001802,1117.85,Purchase,16,4,0,0,3,1048.66,6.3,2574,0,CUST0454
TXN001803,1316.39,Payment,10,1,0,1,3,2272.72,10.4,1470,0,CUST0052
TXN001804,9102.46,Payment,17,0,0,0,3,8127.26,15.6,3585,0,CUST0459
TXN001805,3344.81,Transfer,16,3,0,0,0,2949.81,4.6,536,0,CUST0045
TXN001806,9673.21,Payment,9,6,1,0,3,2226.61,6.5,2741,0,CUST0127
TXN001807,4681.18,Payment,8,5,0,0,3,549.17,3.0,625,0,CUST0244
TXN001808,10002.73,Transfer,10,1,0,0,1,917.51,8.7,653,0,CUST0124
TXN001809,390.91,Transfer,15,6,1,0,0,1530.51,7.8,1118,0,CUST0460
TXN001810,1141.78,Transfer,17,4,0,0,0,3477.62,0.6,3070,0,CUST0224
TXN001811,3788.23,Transfer,8,4,0,0,0,262.15,4.0,1416,0,CUST0168
TXN001812,1315.91,Withdrawal,22,2,1,0,3,635.21,2.4,3296,0,CUST0499
TXN001813,5962.89,Transfer,7,3,0,0,7,1933.22,5.4,109,0,CUST0140
TXN001814,6468.4,Purchase,22,6,0,0,4,2285.61,4.3,486,0,CUST0081
TXN001815,2812.81,Transfer,22,6,0,0,7,906.87,4.1,112,0,CUST0053
TXN001816,375.82,Payment,21,5,0,0,2,14945.85,8.1,3014,0,CUST0315
TXN001817,3515.47,Payment,9,6,0,0,5,3406.78,0.6,1560,0,CUST0243
TXN001818,1293.15,Payment,16,4,0,0,3,2146.03,4.1,473,0,CUST0155
TXN001819,477793.78,Transfer,4,6,0,0,5,603.56,176.7,207,1,CUST0174
TXN001820,2236.66,Transfer,18,3,0,0,3,2798.27,7.9,1221,0,CUST0030
TXN001821,1553.14,Payment,9,4,0,0,4,1207.92,0.0,257,0,CUST0201
TXN001822,6425.06,Payment,10,0,0,0,4,3250.24,4.6,1648,0,CUST0194
TXN001823,1287.22,Payment,17,3,0,0,5,466.91,11.6,788,0,CUST0281
TXN001824,2074.89,Transfer,15,2,0,0,0,3745.3,3.5,1118,0,CUST0122
TXN001825,1704.74,Payment,11,1,0,0,2,6058.98,2.9,1471,0,CUST0428
TXN001826,3292.66,Transfer,9,4,0,0,3,2495.19,1.9,1031,0,CUST0406
TXN001827,499.11,Transfer,19,1,0,0,3,4246.52,0.5,1327,0,CUST0337
TXN001828,241.07,Purchase,11,6,0,0,1,1315.84,0.9,1129,0,CUST0191
TXN001829,965.32,Payment,8,4,0,0,1,1326.41,7.7,2717,0,CUST0220
TXN001830,35341.46,Transfer,10,2,0,0,3,1427.24,29.1,134,1,CUST0496
TXN001831,6006.1,Purchase,15,0,0,0,1,2829.53,0.8,3502,0,CUST0228
TXN001832,2989.15,Transfer,19,2,0,0,1,8972.14,8.2,375,0,CUST0051
TXN001833,2669.39,Payment,7,2,0,0,2,1114.09,6.4,2518,0,CUST0358
TXN001834,2681.08,Withdrawal,15,3,0,0,2,3669.43,12.6,3034,0,CUST0287
TXN001835,371.6,Transfer,15,1,0,0,2,1299.17,5.3,833,0,CUST0140
TXN001836,815.94,Payment,10,1,0,0,1,2520.96,0.2,766,0,CUST0268
TXN001837,140.62,Payment,12,5,0,0,2,702.44,6.4,2913,0,CUST0276
TXN001838,274.2,Withdrawal,20,3,0,0,0,1336.43,3.1,901,0,CUST0305
TXN001839,2175.09,Transfer,12,1,0,0,6,1145.43,2.5,2930,0,CUST0077
TXN001840,1964.49,Withdrawal,8,4,0,0,3,3206.56,14.0,2362,0,CUST0110
TXN001841,5642.88,Transfer,9,5,0,0,3,2393.38,4.6,3011,0,CUST0460
TXN001842,2028.45,Withdrawal,18,0,0,0,3,7927.85,8.0,834,0,CUST0485
TXN001843,2213.62,Payment,10,1,0,0,0,692.65,2.9,450,0,CUST0484
TXN001844,1288.62,Payment,18,3,0,0,2,2541.56,4.7,795,0,CUST0373
TXN001845,52173.21,Transfer,0,3,1,1,16,2567.67,151.3,150,1,CUST0097
TXN001846,2559.78,Payment,13,5,0,0,3,2746.64,6.8,1804,0,CUST0347
TXN001847,5000.0,Transfer,3,3,1,1,10,1399.79,110.7,187,1,CUST0074
TXN001848,10377.17,Payment,17,2,0,0,3,870.26,0.6,1031,0,CUST0461
TXN001849,8854.02,Transfer,17,4,0,0,2,2925.52,5.6,3076,0,CUST0125
TXN001850,339.76,Transfer,14,2,0,0,2,1228.46,0.6,1086,0,CUST0380
TXN001851,838.99,Transfer,10,2,0,0,3,7731.49,0.6,912,0,CUST0104
TXN001852,1691.8,Payment,9,2,0,0,1,1607.42,14.8,1299,0,CUST0500
TXN001853,3301.45,Withdrawal,11,1,0,0,1,7610.19,3.9,1780,0,CUST0370
TXN001854,716.88,Payment,20,4,0,1,3,3974.17,9.6,2744,0,CUST0038
TXN001855,1516.48,Payment,17,6,0,0,2,1245.36,9.5,1606,0,CUST0132
TXN001856,283.77,Transfer,10,4,0,0,0,1098.92,4.2,1473,0,CUST0267
TXN001857,8144.21,Purchase,12,5,0,0,2,1504.56,2.4,1363,0,CUST0060
TXN001858,2231.36,Payment,18,2,0,0,2,5182.81,6.5,900,0,CUST0324
TXN001859,2989.27,Purchase,12,1,0,0,3,4523.47,1.3,3134,0,CUST0223
TXN001860,5039.74,Payment,20,6,0,0,2,850.07,2.3,2500,0,CUST0095
TXN001861,5783.93,Transfer,23,0,0,0,1,2412.65,8.3,1500,0,CUST0060
TXN001862,7696.33,Purchase,17,6,0,0,1,1190.87,0.8,2560,0,CUST0201
TXN001863,291.3,Purchase,8,1,0,0,2,1359.05,6.2,1339,0,CUST0317
TXN001864,1803.01,Withdrawal,17,6,0,0,4,830.32,1.4,2959,0,CUST0325
TXN001865,621.09,Payment,18,3,0,0,3,2671.42,2.2,3511,0,CUST0043
TXN001866,1389.69,Payment,11,6,0,0,3,2804.84,5.6,2995,0,CUST0344
TXN001867,945.33,Transfer,11,1,1,0,2,1293.99,9.6,992,0,CUST0126
TXN001868,804.64,Payment,18,0,0,0,1,1723.72,0.5,2723,0,CUST0323
TXN001869,3141.61,Withdrawal,13,2,0,0,3,7002.62,7.9,759,0,CUST0427
TXN001870,800.79,Purchase,9,0,0,0,6,5180.88,12.3,531,0,CUST0292
TXN001871,750.21,Payment,15,3,0,0,1,1303.88,2.9,3452,0,CUST0228
TXN001872,7884.63,Transfer,8,4,0,0,1,2452.17,2.8,2256,0,CUST0395
TXN001873,1613.78,Payment,12,1,0,0,3,1069.1,0.5,2084,0,CUST0389
TXN001874,1370.85,Withdrawal,8,2,0,0,1,834.34,7.7,3585,0,CUST0194
TXN001875,803.9,Purchase,5,5,0,0,3,1088.97,0.2,566,0,CUST0230
TXN001876,1174.82,Payment,19,4,0,0,1,721.76,0.2,2042,0,CUST0054
TXN001877,2886.19,Purchase,22,3,0,0,1,2071.29,16.7,3432,0,CUST0269
TXN001878,505.94,Transfer,16,3,0,0,2,563.59,2.4,3489,0,CUST0396
TXN001879,3318.57,Payment,17,5,0,0,4,1887.6,2.4,1641,0,CUST0016
TXN001880,368.65,Purchase,15,3,0,0,4,1886.87,5.2,3311,0,CUST0294
TXN001881,481.5,Transfer,13,5,0,0,5,1619.43,0.0,129,0,CUST0208
TXN001882,4947.35,Payment,9,5,0,0,2,3694.71,25.2,2484,0,CUST0075
TXN001883,375.62,Purchase,18,5,0,0,0,4272.17,4.3,138,0,CUST0201
TXN001884,2384.11,Payment,19,3,0,0,1,3132.82,3.9,3596,0,CUST0152
TXN001885,414.87,Transfer,12,2,0,0,5,3482.99,0.7,1154,0,CUST0099
TXN001886,2515.22,Transfer,13,1,0,0,4,1861.0,0.8,1063,0,CUST0486
TXN001887,2857.79,Transfer,16,6,0,0,1,3716.66,0.9,143,0,CUST0280
TXN001888,600.48,Transfer,23,4,0,0,1,10894.95,6.0,2227,0,CUST0372
TXN001889,5633.33,Transfer,10,3,1,0,1,1338.04,2.3,3587,0,CUST0294
TXN001890,649.35,Payment,10,4,0,0,4,1310.94,8.9,1771,0,CUST0350
TXN001891,1227.67,Payment,15,0,0,0,1,1733.11,2.6,640,0,CUST0490
TXN001892,926.62,Transfer,11,1,0,0,2,912.3,4.7,2270,0,CUST0163
TXN001893,11811.11,Purchase,10,6,0,0,3,2608.76,2.2,927,0,CUST0021
TXN001894,3976.69,Withdrawal,20,2,0,0,1,8436.24,2.8,2245,0,CUST0374
TXN001895,2135.93,Payment,10,3,0,0,6,1359.18,2.5,1907,0,CUST0244
TXN001896,883.81,Payment,12,4,0,0,2,407.75,2.1,590,0,CUST0145
TXN001897,468.92,Withdrawal,13,4,0,0,1,716.82,1.7,2561,0,CUST0500
TXN001898,1212.41,Transfer,12,5,0,0,5,1909.02,6.0,3082,0,CUST0088
TXN001899,2561.48,Transfer,15,4,0,0,2,1872.64,6.4,1973,0,CUST0448
TXN001900,2144.08,Payment,15,3,0,0,1,755.88,7.4,1278,0,CUST0283
TXN001901,2921.75,Transfer,19,6,0,0,2,3909.63,0.3,944,0,CUST0350
TXN001902,995.26,Purchase,15,0,0,0,2,2460.36,0.1,464,0,CUST0121
TXN001903,1245.54,Payment,11,0,0,0,1,2928.23,5.0,78,0,CUST0333
TXN001904,14132.14,Payment,20,2,0,0,1,7060.51,1.2,1653,0,CUST0323
TXN001905,640.82,Payment,13,2,0,0,0,1693.58,1.9,440,0,CUST0284
TXN001906,2774.75,Payment,9,3,0,0,1,2516.58,7.6,3455,0,CUST0053
TXN001907,1372.19,Transfer,17,4,0,0,1,3972.23,5.6,2742,0,CUST0446
TXN001908,766.35,Transfer,19,4,0,0,2,869.93,0.0,1782,0,CUST0406
TXN001909,666.24,Transfer,19,3,0,0,4,1618.62,0.2,1801,0,CUST0274
TXN001910,996.72,Transfer,14,1,0,0,1,592.56,11.6,3408,0,CUST0034
TXN001911,5510.01,Purchase,21,5,0,0,1,2281.58,0.1,599,0,CUST0138
TXN001912,1764.54,Payment,17,1,0,0,2,589.28,6.5,1853,0,CUST0038
TXN001913,495.09,Payment,20,2,0,0,3,3015.09,1.9,1966,0,CUST0469
TXN001914,1984.57,Purchase,12,4,0,0,1,542.49,2.9,1437,0,CUST0442
TXN001915,12091.63,Transfer,11,0,0,0,4,594.5,10.9,3463,0,CUST0446
TXN001916,5841.42,Payment,15,3,0,0,2,1169.76,0.0,2573,0,CUST0417
TXN001917,1018.6,Purchase,15,6,0,0,0,739.01,0.9,2703,0,CUST0408
TXN001918,9833.47,Transfer,12,1,0,0,3,1932.4,0.9,2377,0,CUST0013
TXN001919,734.77,Withdrawal,10,1,0,0,5,2941.99,12.1,1923,0,CUST0128
TXN001920,1337.39,Purchase,14,4,0,0,2,1625.26,1.0,2086,0,CUST0167
TXN001921,3697.39,Transfer,8,6,0,0,2,1390.77,0.5,2373,0,CUST0241
TXN001922,1748.28,Purchase,11,1,0,0,2,2087.21,2.0,624,0,CUST0363
TXN001923,1301.64,Payment,13,2,0,0,2,531.93,3.5,291,0,CUST0215
TXN001924,674.65,Purchase,18,3,0,0,2,3496.61,1.6,604,0,CUST0159
TXN001925,990.08,Payment,22,3,0,0,4,1665.97,1.8,1464,0,CUST0232
TXN001926,5787.04,Payment,11,5,0,0,0,621.72,9.0,2671,0,CUST0138
TXN001927,3675.53,Payment,10,1,0,0,1,1398.45,5.0,2840,0,CUST0060
TXN001928,1151.71,Withdrawal,15,2,0,0,3,570.26,1.7,1472,0,CUST0449
TXN001929,5105.19,Transfer,8,0,0,0,2,2263.97,5.1,2786,0,CUST0258
TXN001930,1448.41,Transfer,18,1,0,0,1,1104.76,5.7,1479,0,CUST0130
TXN001931,2144.94,Transfer,11,5,0,0,4,5381.85,1.2,1048,0,CUST0243
TXN001932,2614.99,Payment,14,0,0,0,3,2577.14,5.3,2378,0,CUST0281
TXN001933,355.98,Withdrawal,21,2,0,0,1,1723.26,5.9,260,0,CUST0094
TXN001934,5022.2,Transfer,18,5,0,0,3,2335.11,5.3,2267,0,CUST0144
TXN001935,850.41,Purchase,10,1,0,0,3,2440.22,0.8,1635,0,CUST0127
TXN001936,4592.55,Withdrawal,8,5,0,0,2,3298.29,6.3,2358,0,CUST0084
TXN001937,1788.5,Payment,9,4,0,0,1,1074.6,4.6,3569,0,CUST0209
TXN001938,6771.07,Transfer,11,1,0,0,0,481.86,0.8,188,0,CUST0390
TXN001939,603.57,Withdrawal,18,1,0,0,0,1068.97,3.8,1807,0,CUST0120
TXN001940,11847.53,Transfer,16,6,0,0,1,3490.19,0.2,2545,0,CUST0028
TXN001941,2507.82,Payment,17,0,0,0,2,3923.61,1.4,2486,0,CUST0070
TXN001942,700.12,Purchase,10,1,0,0,5,3110.09,1.4,588,0,CUST0001
TXN001943,1200.15,Transfer,20,3,0,0,1,4284.44,1.2,142,0,CUST0045
TXN001944,3677.3,Payment,10,4,0,0,6,1362.72,9.9,1508,0,CUST0472
TXN001945,2262.48,Payment,12,4,0,0,0,2174.34,3.2,1597,0,CUST0362
TXN001946,6900.34,Transfer,13,5,0,0,1,1729.01,9.1,3064,0,CUST0270
TXN001947,2433.25,Purchase,9,2,0,0,1,1650.49,0.4,1730,0,CUST0027
TXN001948,7972.42,Payment,15,6,0,0,0,2345.52,8.4,3150,0,CUST0494
TXN001949,966.5,Transfer,17,6,0,0,1,4397.32,3.6,1670,0,CUST0205
TXN001950,1237.98,Payment,12,6,0,0,1,413.17,0.5,1769,0,CUST0423
TXN001951,3335.8,Payment,9,6,0,0,2,803.33,1.1,1965,0,CUST0078
TXN001952,165.35,Payment,11,2,0,0,3,2573.44,2.0,2878,0,CUST0128
TXN001953,5023.91,Purchase,20,5,0,0,4,3191.37,14.9,736,0,CUST0216
TXN001954,3550.41,Withdrawal,10,2,1,0,3,2307.08,0.7,2234,0,CUST0265
TXN001955,728.87,Transfer,19,2,0,0,4,1722.16,2.3,2389,0,CUST0022
TXN001956,1364.9,Payment,19,5,0,0,3,1080.84,10.3,98,0,CUST0389
TXN001957,407.78,Withdrawal,9,2,0,0,2,392.9,4.1,2042,0,CUST0163
TXN001958,1263.64,Payment,18,3,0,0,2,588.92,0.5,3152,0,CUST0412
TXN001959,1752.08,Withdrawal,16,3,0,0,1,3225.94,16.4,888,0,CUST0229
TXN001960,4206.79,Purchase,19,0,0,0,3,1473.87,5.1,3541,0,CUST0182
TXN001961,2916.5,Withdrawal,9,5,0,0,7,945.71,5.3,1540,0,CUST0350
TXN001962,1382.79,Withdrawal,18,0,0,0,3,2723.3,3.5,2883,0,CUST0137
TXN001963,2181.57,Payment,18,6,0,0,2,12501.68,1.4,383,0,CUST0113
TXN001964,659.56,Transfer,11,1,0,0,1,2007.19,1.7,1035,0,CUST0175
TXN001965,1212.18,Payment,8,1,0,0,3,1406.42,1.7,2118,0,CUST0090
TXN001966,13539.78,Purchase,12,1,0,0,1,5234.87,12.4,1768,0,CUST0085
TXN001967,3819.64,Payment,12,3,1,0,6,1572.05,9.7,40,0,CUST0452
TXN001968,6571.26,Payment,10,2,0,0,2,491.19,0.7,3055,0,CUST0081
TXN001969,2569.53,Purchase,9,2,0,0,2,845.13,2.9,1836,0,CUST0162
TXN001970,1030.87,Purchase,12,0,0,0,2,1602.64,3.0,2602,0,CUST0477
TXN001971,4811.95,Purchase,17,6,0,0,3,1165.47,1.4,1078,0,CUST0211
TXN001972,3267.61,Payment,15,1,0,0,2,4279.45,4.2,3530,0,CUST0365
TXN001973,1971.58,Payment,18,5,0,0,4,1079.55,7.6,157,0,CUST0226
TXN001974,1628.72,Transfer,9,5,0,0,3,886.25,7.0,460,0,CUST0201
TXN001975,4493.64,Transfer,17,6,0,0,1,3721.12,15.0,1137,0,CUST0448
TXN001976,880.81,Payment,17,2,0,0,3,729.61,4.9,2044,0,CUST0267
TXN001977,2051.47,Purchase,16,0,0,0,1,1371.15,3.3,2754,0,CUST0078
TXN001978,1157.11,Payment,14,0,0,0,4,6343.18,1.5,2544,0,CUST0249
TXN001979,1151.52,Transfer,16,5,0,0,4,741.6,2.3,812,0,CUST0348
TXN001980,2475.62,Purchase,13,3,0,1,6,5792.64,2.9,2273,0,CUST0106
TXN001981,1888.62,Transfer,16,5,0,0,1,4135.7,3.4,3268,0,CUST0293
TXN001982,1125.7,Payment,16,3,0,0,1,3368.52,1.7,2008,0,CUST0444
TXN001983,1846.2,Transfer,15,1,0,0,0,1992.52,3.0,2155,0,CUST0188
TXN001984,1669.63,Transfer,17,1,0,0,4,685.79,2.7,1298,0,CUST0059
TXN001985,741.34,Transfer,12,2,0,0,3,438.13,7.4,1406,0,CUST0339
TXN001986,159.75,Transfer,15,6,0,0,4,1716.95,1.5,3440,0,CUST0126
TXN001987,1363.97,Payment,1,0,0,0,3,3582.85,0.1,541,0,CUST0296
TXN001988,627.97,Purchase,15,6,0,0,6,852.81,7.1,925,0,CUST0172
TXN001989,538.61,Payment,17,3,0,1,1,1108.6,7.6,3117,0,CUST0190
TXN001990,624.97,Payment,10,0,0,0,2,8119.96,5.1,2334,0,CUST0113
TXN001991,2132.9,Transfer,18,0,0,0,3,654.14,5.5,430,0,CUST0074
TXN001992,761.72,Payment,9,5,0,0,1,1695.57,12.1,2793,0,CUST0164
TXN001993,1652.86,Purchase,10,2,0,0,2,2745.11,6.6,2335,0,CUST0189
TXN001994,811.93,Transfer,18,5,0,0,1,397.26,6.5,2425,0,CUST0080
TXN001995,297.75,Payment,11,2,0,1,5,1241.04,2.7,1919,0,CUST0271
TXN001996,4648.9,Payment,18,1,0,0,2,613.37,2.0,1856,0,CUST0082
TXN001997,3106.72,Payment,8,2,0,0,2,1239.26,0.7,838,0,CUST0006
TXN001998,1667.84,Transfer,13,0,0,0,3,3720.48,2.0,267,0,CUST0495
TXN001999,617.29,Payment,1,4,0,0,1,877.46,12.3,673,0,CUST0042
TXN002000,2250.87,Purchase,12,0,0,0,1,2751.39,1.3,2511,0,CUST0447
TXN002001,856.44,Withdrawal,16,4,0,0,4,14011.89,9.7,2455,0,CUST0365
TXN002002,1423.78,Withdrawal,14,3,0,0,2,1024.53,7.9,1743,0,CUST0112
TXN002003,384.6,Purchase,10,5,1,0,2,4855.21,2.3,486,0,CUST0363
TXN002004,3650.65,Withdrawal,11,1,0,0,2,2131.99,1.9,1423,0,CUST0472
TXN002005,178.74,Transfer,8,1,0,0,3,1181.28,2.4,2853,0,CUST0087
TXN002006,520.58,Payment,9,5,0,0,2,990.22,18.9,542,0,CUST0093
TXN002007,705.28,Payment,13,3,0,0,0,2880.54,1.2,942,0,CUST0367
TXN002008,2981.67,Payment,15,2,0,0,1,3846.13,5.5,3193,0,CUST0239
TXN002009,818.59,Transfer,16,2,0,0,1,2930.63,13.1,2550,0,CUST0471
TXN002010,937.17,Withdrawal,9,4,0,0,4,1083.71,12.6,2315,0,CUST0031
TXN002011,1414.61,Transfer,10,4,0,0,2,2701.9,3.0,2859,0,CUST0347
TXN002012,812.37,Transfer,20,4,0,0,3,4166.95,5.2,737,0,CUST0291
TXN002013,1226.64,Withdrawal,22,3,0,0,1,5408.54,0.7,202,0,CUST0027
TXN002014,1553.16,Purchase,21,4,0,1,4,1217.12,1.5,3526,0,CUST0418
TXN002015,2805.82,Payment,11,0,0,0,4,5728.59,5.5,1441,0,CUST0281
TXN002016,4733.89,Transfer,17,6,0,0,2,1998.96,12.3,2800,0,CUST0325
TXN002017,15934.7,Transfer,10,6,0,1,7,1195.44,48.3,361,1,CUST0341
TXN002018,2766.45,Transfer,16,4,0,0,5,1629.38,9.9,1573,0,CUST0331
TXN002019,1210.5,Transfer,11,0,0,0,1,3784.45,2.1,1642,0,CUST0120
TXN002020,2531.33,Purchase,9,4,0,0,3,3777.34,6.3,3534,0,CUST0467
TXN002021,470.01,Withdrawal,13,1,1,0,3,1026.88,12.7,2132,0,CUST0233
TXN002022,1677.52,Payment,14,0,0,0,4,3454.14,2.6,1538,0,CUST0464
TXN002023,1446.25,Purchase,8,5,0,0,5,733.77,14.0,1537,0,CUST0390
TXN002024,708.68,Transfer,15,0,0,0,4,4209.38,8.6,1759,0,CUST0105
TXN002025,10009.38,Transfer,15,4,0,1,5,623.46,139.0,262,1,CUST0047
TXN002026,3199.95,Withdrawal,19,0,0,0,4,1650.4,3.4,2455,0,CUST0312
TXN002027,832.24,Transfer,18,5,0,0,2,1027.9,14.0,779,0,CUST0166
TXN002028,1127.67,Payment,19,2,0,0,4,564.57,5.1,2819,0,CUST0410
TXN002029,1256.88,Purchase,14,1,0,0,3,690.44,2.5,1113,0,CUST0486
TXN002030,2094.22,Transfer,15,2,0,0,2,4709.35,25.6,1191,0,CUST0284
TXN002031,2247.82,Withdrawal,19,5,0,0,1,1125.74,2.1,309,0,CUST0470
TXN002032,2362.3,Payment,11,1,0,0,2,973.42,1.3,946,0,CUST0327
TXN002033,2556.84,Purchase,19,4,0,1,4,2481.85,2.9,3210,0,CUST0129
TXN002034,105.9,Transfer,10,4,0,0,4,178.84,8.3,3249,0,CUST0425
TXN002035,1944.35,Payment,15,4,0,0,2,1693.93,3.2,3218,0,CUST0117
TXN002036,68130.86,Transfer,16,0,1,0,8,826.81,41.3,181,1,CUST0176
TXN002037,632.92,Payment,21,3,0,0,2,6184.99,7.1,190,0,CUST0205
TXN002038,28303.44,Payment,2,1,1,1,7,1984.73,382.7,34,1,CUST0465
TXN002039,4190.63,Purchase,20,4,0,0,0,3402.84,0.0,459,0,CUST0361
TXN002040,1061.33,Payment,14,6,0,0,1,3805.43,0.4,2646,0,CUST0341
TXN002041,3004.88,Payment,10,1,0,0,2,4368.49,4.3,3124,0,CUST0129
TXN002042,3699.2,Transfer,11,0,0,0,4,2785.1,6.6,1942,0,CUST0337
TXN002043,3759.65,Purchase,14,4,0,0,2,463.7,0.1,2668,0,CUST0084
TXN002044,3091.13,Payment,13,2,0,0,1,530.47,6.3,2087,0,CUST0222
TXN002045,681.03,Withdrawal,20,4,1,0,1,1926.73,0.6,598,0,CUST0401
TXN002046,2545.86,Purchase,12,0,0,0,1,2554.64,3.1,2388,0,CUST0155
TXN002047,4145.31,Transfer,11,5,0,0,0,3290.02,0.9,1927,0,CUST0475
TXN002048,706.34,Transfer,18,0,1,0,0,1460.55,2.0,2872,0,CUST0300
TXN002049,1065.07,Payment,19,0,0,1,1,1372.68,9.8,928,0,CUST0425
TXN002050,860.64,Payment,14,1,0,0,3,2403.06,2.5,567,0,CUST0004
TXN002051,168.74,Purchase,10,4,0,0,6,5232.67,0.0,49,0,CUST0489
TXN002052,2357.04,Payment,11,0,0,0,1,2049.42,2.9,1784,0,CUST0417
TXN002053,614.17,Purchase,21,1,0,1,0,5277.62,14.1,2721,0,CUST0129
TXN002054,338.84,Withdrawal,10,5,0,0,5,6470.21,3.9,2763,0,CUST0267
TXN002055,793.27,Transfer,8,4,0,0,5,1776.69,3.7,1936,0,CUST0392
TXN002056,950.34,Payment,11,0,0,0,5,1211.34,12.3,178,0,CUST0227
TXN002057,626.9,Transfer,19,2,0,0,5,2452.47,3.2,1561,0,CUST0192
TXN002058,991.85,Purchase,12,0,0,0,3,16310.4,13.3,1125,0,CUST0314
TXN002059,3198.45,Transfer,16,3,0,0,3,1282.58,1.7,882,0,CUST0060
TXN002060,1499.86,Payment,13,1,0,0,4,1870.5,28.5,2222,0,CUST0030
TXN002061,2388.33,Payment,17,2,0,0,4,3645.7,4.1,3603,0,CUST0485
TXN002062,3887.04,Transfer,18,4,0,0,6,1174.88,5.9,1750,0,CUST0052
TXN002063,2544.85,Withdrawal,22,0,0,0,3,6981.34,3.1,2854,0,CUST0296
TXN002064,1164.13,Payment,11,4,1,0,4,152.96,8.0,2204,0,CUST0252
TXN002065,1179.91,Purchase,11,5,0,0,4,4494.03,1.6,2609,0,CUST0216
TXN002066,1694.64,Purchase,19,0,0,0,3,1811.38,1.3,2060,0,CUST0387
TXN002067,2750.48,Transfer,15,0,0,0,3,885.37,2.2,1496,0,CUST0415
TXN002068,277.22,Withdrawal,10,6,0,0,4,909.65,5.6,1107,0,CUST0064
TXN002069,3495.55,Withdrawal,4,4,0,0,3,698.6,5.4,1709,0,CUST0105
TXN002070,1070.07,Purchase,13,1,0,0,2,416.15,1.5,1138,0,CUST0486
TXN002071,2927.98,Payment,12,1,0,0,1,1831.94,0.9,1128,0,CUST0452
TXN002072,788.34,Payment,10,4,0,0,3,6669.41,2.3,2116,0,CUST0324
TXN002073,307.64,Withdrawal,16,2,0,0,1,1808.56,4.3,2022,0,CUST0328
TXN002074,2647.64,Purchase,9,4,0,0,0,4048.11,6.3,2973,0,CUST0164
TXN002075,3186.06,Transfer,15,5,0,0,3,1496.26,20.8,2148,0,CUST0002
TXN002076,3510.97,Payment,8,2,0,0,1,973.0,7.5,2731,0,CUST0131
TXN002077,3192.77,Transfer,19,3,0,0,4,968.02,12.4,2300,0,CUST0431
TXN002078,1643.62,Payment,10,5,0,0,2,1814.48,2.9,3293,0,CUST0384
TXN002079,1140.66,Withdrawal,18,4,0,0,0,3965.72,4.9,1897,0,CUST0351
TXN002080,990.58,Payment,20,2,0,0,1,5984.95,3.8,806,0,CUST0187
TXN002081,1200.7,Payment,19,5,0,0,3,2517.6,4.6,340,0,CUST0010
TXN002082,2923.71,Purchase,9,3,0,0,3,5712.75,3.7,1537,0,CUST0496
TXN002083,546.82,Withdrawal,19,3,0,0,6,1538.11,3.8,1251,0,CUST0410
TXN002084,1767.17,Payment,16,0,0,0,4,2108.5,5.9,2260,0,CUST0375
TXN002085,1914.12,Payment,12,1,0,0,0,1502.94,1.7,285,0,CUST0258
TXN002086,3616.34,Purchase,18,0,0,0,1,751.62,2.9,2491,0,CUST0270
TXN002087,3074.9,Purchase,18,6,1,0,2,1525.03,5.1,3538,0,CUST0002
TXN002088,5286.85,Purchase,20,3,0,0,2,1495.37,3.0,1663,0,CUST0318
TXN002089,2070.07,Payment,19,2,0,0,1,4534.9,9.2,3325,0,CUST0059
TXN002090,315.84,Payment,16,2,0,0,2,619.63,1.7,1961,0,CUST0018
TXN002091,311.46,Transfer,11,4,0,0,5,1958.51,5.1,3592,0,CUST0347
TXN002092,4779.34,Purchase,13,1,0,0,1,4370.67,1.4,1944,0,CUST0393
TXN002093,1493.64,Transfer,15,6,0,0,1,4084.24,5.0,2031,0,CUST0060
TXN002094,2101.47,Payment,1,6,0,0,1,917.65,5.1,3067,0,CUST0053
TXN002095,1249.36,Purchase,20,0,0,0,2,4535.3,9.8,2239,0,CUST0352
TXN002096,457.88,Transfer,16,1,0,0,5,691.33,7.5,1285,0,CUST0139
TXN002097,7093.08,Purchase,13,2,0,0,2,1874.39,1.1,1396,0,CUST0446
TXN002098,3707.77,Purchase,17,1,0,0,6,914.15,1.0,82,0,CUST0405
TXN002099,1622.72,Transfer,7,6,0,0,4,4896.51,3.5,2305,0,CUST0097
TXN002100,1798.83,Purchase,11,2,0,0,3,6451.17,1.4,685,0,CUST0097
TXN002101,923.69,Transfer,9,4,0,0,2,1960.39,7.0,160,0,CUST0492
TXN002102,723.23,Withdrawal,10,1,0,0,0,8531.26,1.9,214,0,CUST0402
TXN002103,645.61,Transfer,10,6,0,0,3,5180.55,1.9,1403,0,CUST0408
TXN002104,715.12,Payment,20,4,0,0,1,425.99,0.6,3083,0,CUST0396
TXN002105,800.51,Purchase,18,2,0,0,4,1139.69,6.8,571,0,CUST0463
TXN002106,1164.76,Payment,16,5,0,0,1,910.56,2.8,1242,0,CUST0446
TXN002107,1007.82,Payment,11,2,0,0,2,387.16,5.6,2831,0,CUST0128
TXN002108,1021.28,Transfer,13,2,0,0,1,1700.26,7.1,1872,0,CUST0213
TXN002109,4403.69,Purchase,16,5,0,0,4,1437.89,5.0,360,0,CUST0240
TXN002110,2477.42,Payment,14,0,0,0,1,2507.41,3.9,2799,0,CUST0006
TXN002111,1302.7,Withdrawal,11,6,0,0,0,1451.41,5.2,1136,0,CUST0230
TXN002112,1760.73,Transfer,22,4,0,0,2,1157.87,7.6,3035,0,CUST0263
TXN002113,3584.9,Purchase,18,4,0,0,0,1495.75,4.4,1871,0,CUST0122
TXN002114,2294.73,Transfer,15,2,0,0,2,4630.43,1.3,258,0,CUST0274
TXN002115,1329.33,Transfer,8,3,0,0,2,1638.17,3.9,2961,0,CUST0086
TXN002116,2300.2,Payment,17,3,0,0,4,2209.52,6.1,2842,0,CUST0224
TXN002117,1587.41,Transfer,16,4,0,0,3,508.25,8.1,1783,0,CUST0063
TXN002118,2071.14,Transfer,18,0,0,0,2,1855.35,5.9,2215,0,CUST0293
TXN002119,3210.14,Transfer,17,4,0,0,5,557.06,9.0,1245,0,CUST0455
TXN002120,618.48,Payment,10,1,1,0,2,2590.09,6.5,3083,0,CUST0307
TXN002121,992.45,Transfer,20,0,0,0,5,1658.61,0.9,659,0,CUST0020
TXN002122,2155.12,Payment,10,2,0,0,2,2795.15,4.6,1126,0,CUST0205
TXN002123,772.37,Payment,12,0,0,0,4,1902.35,6.0,1655,0,CUST0189
TXN002124,1633.89,Payment,10,1,1,0,2,4255.11,6.7,1073,0,CUST0420
TXN002125,3415.12,Payment,16,3,0,0,2,1461.36,16.5,2551,0,CUST0157
TXN002126,618.11,Payment,23,6,0,0,3,1896.25,16.1,1631,0,CUST0299
TXN002127,525.06,Payment,18,2,0,0,6,4457.54,1.1,2576,0,CUST0108
TXN002128,819.83,Transfer,17,1,0,0,0,570.54,2.2,2534,0,CUST0384
TXN002129,2963.22,Transfer,20,6,0,0,0,1759.77,9.8,1840,0,CUST0277
TXN002130,3061.12,Transfer,15,3,0,0,2,2743.22,11.2,1487,0,CUST0066
TXN002131,647.84,Transfer,10,5,0,0,2,2929.9,0.6,685,0,CUST0108
TXN002132,1429.98,Transfer,17,3,0,0,2,2375.95,7.1,1805,0,CUST0413
TXN002133,812.13,Purchase,19,3,0,0,6,1538.62,4.7,913,0,CUST0275
TXN002134,3840.44,Transfer,18,4,0,0,2,2504.42,6.3,1874,0,CUST0162
TXN002135,1430.96,Transfer,16,0,0,0,1,4850.78,10.3,2157,0,CUST0136
TXN002136,460.88,Payment,0,4,0,0,5,2135.99,1.9,2868,0,CUST0480
TXN002137,5403.48,Withdrawal,19,2,0,0,1,3500.21,0.9,2940,0,CUST0205
TXN002138,1686.6,Payment,16,4,0,0,3,2388.45,3.6,832,0,CUST0146
TXN002139,5638.17,Purchase,10,1,0,0,1,2512.37,3.1,3490,0,CUST0260
TXN002140,654.66,Transfer,17,5,0,0,4,508.93,8.4,990,0,CUST0402
TXN002141,398.66,Purchase,19,3,0,0,4,1226.42,2.8,2139,0,CUST0248
TXN002142,584.86,Transfer,23,0,0,0,7,8678.67,7.7,1090,0,CUST0367
TXN002143,1527.98,Payment,13,0,0,0,3,803.41,18.1,838,0,CUST0206
TXN002144,1462.51,Withdrawal,18,5,0,0,2,9877.75,4.2,1180,0,CUST0239
TXN002145,950.02,Payment,14,4,0,0,3,3307.26,2.4,2569,0,CUST0048
TXN002146,4170.09,Payment,18,6,0,0,0,1728.71,3.8,2331,0,CUST0264
TXN002147,3583.74,Purchase,16,2,0,0,2,10073.69,3.7,3388,0,CUST0019
TXN002148,1957.94,Payment,16,2,0,0,1,3052.4,0.5,1379,0,CUST0118
TXN002149,590.2,Payment,11,0,0,0,4,2006.07,7.4,2792,0,CUST0152
TXN002150,699.66,Purchase,0,5,0,0,3,2300.89,5.1,2145,0,CUST0383
TXN002151,5417.01,Payment,10,5,0,0,2,2269.91,6.3,2917,0,CUST0305
TXN002152,729.42,Payment,15,1,0,0,1,9668.67,4.6,675,0,CUST0120
TXN002153,2970.25,Payment,20,5,0,0,0,905.25,5.8,213,0,CUST0400
TXN002154,1206.29,Transfer,9,2,0,0,1,3009.62,2.2,1065,0,CUST0229
TXN002155,5160.08,Transfer,20,4,0,0,4,637.6,10.3,2312,0,CUST0054
TXN002156,544.74,Purchase,11,5,0,0,7,986.49,4.7,1110,0,CUST0321
TXN002157,201.11,Payment,22,2,0,0,1,840.4,9.4,118,0,CUST0045
TXN002158,1557.19,Transfer,16,5,0,0,2,866.89,0.2,1881,0,CUST0271
TXN002159,1871.2,Withdrawal,12,2,0,0,4,21771.58,0.2,1816,0,CUST0009
TXN002160,3668.7,Withdrawal,14,6,0,0,3,2548.68,3.5,3463,0,CUST0170
TXN002161,480.66,Withdrawal,16,5,1,0,3,1963.42,3.6,2711,0,CUST0082
TXN002162,2180.83,Transfer,16,5,0,0,3,1158.44,1.8,1910,0,CUST0260
TXN002163,6168.89,Transfer,10,0,0,0,2,776.08,2.6,1272,0,CUST0426
TXN002164,4148.48,Purchase,9,0,0,0,2,5399.13,24.1,2853,0,CUST0182
TXN002165,3771.66,Payment,19,6,0,0,1,3207.0,0.4,1547,0,CUST0186
TXN002166,718.98,Payment,22,3,0,0,4,711.15,9.0,2187,0,CUST0246
TXN002167,338.46,Transfer,13,3,0,0,5,11203.53,3.6,522,0,CUST0249
TXN002168,4129.55,Withdrawal,18,6,0,1,4,779.42,6.2,3032,0,CUST0128
TXN002169,435.3,Payment,11,4,0,0,4,4669.87,0.4,570,0,CUST0197
TXN002170,1071.08,Payment,6,3,0,0,2,1164.83,10.6,1878,0,CUST0391
TXN002171,1376.88,Transfer,12,5,0,0,4,7957.29,4.6,2057,0,CUST0050
TXN002172,3840.74,Transfer,15,5,0,0,3,1158.69,5.6,3265,0,CUST0194
TXN002173,1521.38,Payment,12,0,0,0,2,7376.77,0.6,854,0,CUST0451
TXN002174,2302.62,Payment,19,0,0,0,0,1328.05,0.3,2269,0,CUST0385
TXN002175,809.83,Transfer,19,0,0,0,4,805.95,1.3,1851,0,CUST0146
TXN002176,469.63,Purchase,12,5,0,0,0,3712.07,0.9,3008,0,CUST0135
TXN002177,688.38,Transfer,10,0,0,0,3,654.8,0.1,3120,0,CUST0494
TXN002178,3380.12,Withdrawal,19,6,0,1,4,5638.07,1.1,2779,0,CUST0440
TXN002179,1082.24,Transfer,15,2,0,0,3,3297.79,3.4,3391,0,CUST0134
TXN002180,2163.71,Payment,11,6,0,0,3,1410.56,2.7,2149,0,CUST0162
TXN002181,11226.25,Payment,20,0,0,0,1,1595.45,4.5,200,0,CUST0484
TXN002182,3506.11,Purchase,21,3,0,0,3,4199.9,2.0,231,0,CUST0043
TXN002183,1222.73,Transfer,22,2,0,0,2,12086.5,1.0,571,0,CUST0453
TXN002184,2924.88,Payment,10,4,0,0,2,2932.82,3.6,3425,0,CUST0233
TXN002185,3047.7,Purchase,14,6,0,0,2,3154.6,11.2,909,0,CUST0405
TXN002186,27581.82,Withdrawal,21,5,1,1,7,5141.47,128.8,169,1,CUST0370
TXN002187,1505.84,Payment,9,5,0,0,1,2170.51,9.6,1961,0,CUST0087
TXN002188,456.91,Payment,12,0,0,0,2,5737.54,8.4,2210,0,CUST0483
TXN002189,44051.19,Payment,18,0,0,0,3,1146.12,9.3,2783,0,CUST0129
TXN002190,6325.12,Transfer,22,6,0,1,0,1545.88,1.1,1993,0,CUST0043
TXN002191,1323.74,Withdrawal,18,3,0,0,0,5922.5,2.3,3570,0,CUST0187
TXN002192,3237.55,Payment,20,4,0,0,2,3123.22,6.2,1722,0,CUST0419
TXN002193,181.97,Payment,17,5,0,0,2,5157.99,3.8,1390,0,CUST0317
TXN002194,854.61,Transfer,17,2,0,1,2,197.19,8.6,3557,0,CUST0403
TXN002195,5568.79,Payment,21,5,0,0,2,854.38,0.2,1904,0,CUST0310
TXN002196,1168.93,Transfer,13,2,0,0,0,3471.08,16.5,255,0,CUST0186
TXN002197,4531.98,Payment,10,0,0,0,0,1240.14,2.8,1279,0,CUST0063
TXN002198,647.16,Payment,11,5,0,0,4,2284.3,5.9,3071,0,CUST0222
TXN002199,275.81,Payment,15,6,0,0,1,11039.49,9.8,342,0,CUST0426
TXN002200,4015.23,Payment,10,2,0,0,3,7160.76,6.4,1159,0,CUST0006
TXN002201,1993.86,Transfer,11,6,0,0,1,6117.93,8.4,2196,0,CUST0490
TXN002202,5071.44,Purchase,13,1,0,0,3,645.77,1.6,2965,0,CUST0182
TXN002203,1528.22,Payment,12,6,0,0,1,1327.62,6.8,1634,0,CUST0095
TXN002204,1457.97,Transfer,16,6,0,0,3,1849.86,5.1,158,0,CUST0380
TXN002205,2437.67,Purchase,16,5,0,0,0,1550.2,3.7,347,0,CUST0428
TXN002206,4197.72,Withdrawal,13,5,0,1,1,3707.71,3.8,1610,0,CUST0187
TXN002207,3608.01,Purchase,6,1,0,0,3,395.77,4.7,3595,0,CUST0270
TXN002208,470.66,Purchase,17,6,0,0,3,2559.27,0.4,1484,0,CUST0016
TXN002209,806.21,Payment,11,5,0,0,2,1391.48,5.7,1249,0,CUST0121
TXN002210,4387.78,Payment,9,4,0,0,1,1093.24,11.6,1916,0,CUST0060
TXN002211,3900.42,Payment,17,2,0,0,2,6161.49,2.1,3466,0,CUST0413
TXN002212,2447.04,Transfer,18,2,0,0,2,2403.39,9.4,1162,0,CUST0359
TXN002213,2819.17,Purchase,13,4,0,0,4,2843.8,2.2,1844,0,CUST0106
TXN002214,4616.89,Purchase,9,6,0,0,1,1601.31,0.9,2839,0,CUST0232
TXN002215,9928.58,Payment,9,2,0,0,0,2085.86,10.2,2458,0,CUST0339
TXN002216,5091.1,Withdrawal,9,1,0,0,2,1399.49,10.3,2688,0,CUST0061
TXN002217,1684.97,Payment,18,0,0,0,0,4063.6,0.4,2367,0,CUST0213
TXN002218,813.06,Transfer,16,3,1,0,2,495.53,4.1,248,0,CUST0097
TXN002219,1786.4,Purchase,9,3,0,0,3,4685.66,0.2,2893,0,CUST0350
TXN002220,3101.88,Withdrawal,6,3,0,0,2,1376.3,2.8,2938,0,CUST0014
TXN002221,343.41,Payment,12,1,0,0,4,568.43,1.2,3157,0,CUST0415
TXN002222,2650.9,Purchase,19,4,0,0,3,1275.19,2.8,280,0,CUST0474
TXN002223,1700.92,Purchase,9,2,0,0,4,873.15,0.9,2118,0,CUST0183
TXN002224,1338.12,Purchase,18,0,0,0,5,1959.48,0.7,2122,0,CUST0018
TXN002225,2821.34,Transfer,11,6,0,1,2,536.15,10.7,1458,0,CUST0004
TXN002226,1128.6,Payment,12,2,0,0,1,383.68,0.6,145,0,CUST0420
TXN002227,6881.95,Payment,16,2,0,0,2,1201.9,0.3,375,0,CUST0077
TXN002228,1378.67,Purchase,20,3,0,0,3,1621.8,1.7,2610,0,CUST0309
TXN002229,7871.74,Transfer,23,6,0,0,0,2226.5,15.7,2237,0,CUST0485
TXN002230,1780.28,Purchase,11,4,0,0,2,1994.71,7.2,3428,0,CUST0010
TXN002231,827.16,Transfer,18,5,0,0,6,3024.58,2.6,513,0,CUST0357
TXN002232,1523.1,Purchase,7,2,0,0,2,2909.18,4.2,1418,0,CUST0222
TXN002233,1241.03,Transfer,10,6,0,0,0,899.57,0.9,371,0,CUST0127
TXN002234,6265.81,Payment,18,3,0,0,3,499.9,2.7,1547,0,CUST0186
TXN002235,1015.86,Transfer,18,6,0,0,0,1408.3,3.9,208,0,CUST0060
TXN002236,880.21,Transfer,8,0,0,1,1,539.96,6.1,151,0,CUST0489
TXN002237,5438.0,Transfer,22,2,0,0,13,462.25,24.4,293,1,CUST0260
TXN002238,980.91,Purchase,19,1,0,0,1,1960.71,4.0,1930,0,CUST0394
TXN002239,1144.57,Purchase,11,2,0,0,1,714.18,0.7,1030,0,CUST0490
TXN002240,4411.93,Payment,12,5,0,0,2,2228.39,6.1,3069,0,CUST0364
TXN002241,803.6,Payment,21,2,0,0,4,1153.91,1.6,2566,0,CUST0424
TXN002242,705.55,Withdrawal,9,4,0,1,1,344.35,0.3,2062,0,CUST0232
TXN002243,7733.18,Withdrawal,7,4,0,0,5,356.06,15.5,3557,0,CUST0284
TXN002244,9854.89,Transfer,17,1,1,0,4,895.76,2.6,2069,0,CUST0194
TXN002245,2684.83,Payment,14,6,0,0,3,744.71,0.9,3127,0,CUST0091
TXN002246,6823.02,Payment,5,0,1,0,0,576.5,0.1,610,0,CUST0252
TXN002247,6339.27,Withdrawal,21,2,0,0,3,5594.72,1.1,1697,0,CUST0477
TXN002248,529.7,Withdrawal,12,6,0,0,1,3980.1,4.9,709,0,CUST0262
TXN002249,4213.79,Payment,20,3,1,0,0,1488.64,0.4,2974,0,CUST0023
TXN002250,1525.61,Payment,17,4,0,0,5,1133.4,1.3,1034,0,CUST0460
TXN002251,3615.03,Purchase,13,1,0,0,7,1594.9,1.3,2271,0,CUST0361
TXN002252,2042.33,Withdrawal,12,3,0,0,0,426.77,2.1,1024,0,CUST0456
TXN002253,2501.53,Purchase,6,1,0,0,3,2187.11,3.1,3267,0,CUST0458
TXN002254,1130.77,Withdrawal,10,5,0,0,4,4390.66,2.4,1738,0,CUST0337
TXN002255,4807.09,Purchase,16,2,0,0,4,4477.17,0.6,2110,0,CUST0065
TXN002256,981.34,Withdrawal,11,0,0,0,6,4125.16,1.8,2948,0,CUST0067
TXN002257,906.62,Purchase,15,2,0,0,1,570.34,6.0,2265,0,CUST0108
TXN002258,886.39,Payment,9,2,0,0,5,3616.94,4.2,3304,0,CUST0381
TXN002259,601.75,Purchase,12,3,0,0,1,3375.78,5.2,1655,0,CUST0046
TXN002260,4356.47,Withdrawal,10,6,0,0,4,4205.87,6.9,2362,0,CUST0156
TXN002261,1555.82,Purchase,10,0,0,1,3,6947.38,2.9,1725,0,CUST0490
TXN002262,1307.44,Payment,18,5,1,0,2,5500.42,1.1,2207,0,CUST0484
TXN002263,3864.98,Payment,10,4,0,0,1,4540.5,5.1,3524,0,CUST0315
TXN002264,830.63,Withdrawal,18,0,0,0,5,2019.31,2.3,3288,0,CUST0253
TXN002265,2224.95,Purchase,18,3,0,0,3,3208.3,18.4,2929,0,CUST0048
TXN002266,3403.14,Transfer,14,4,1,0,2,2283.29,1.0,1585,0,CUST0410
TXN002267,6865.26,Payment,13,3,0,0,5,2377.65,18.4,2843,0,CUST0186
TXN002268,3044.59,Purchase,10,2,0,0,3,2093.48,1.9,222,0,CUST0345
TXN002269,1589.96,Payment,11,2,0,0,1,3969.39,4.9,2879,0,CUST0354
TXN002270,5351.98,Transfer,15,1,0,0,2,2304.05,7.7,1270,0,CUST0451
TXN002271,8773.73,Withdrawal,14,6,0,1,5,2029.18,21.5,1,1,CUST0313
TXN002272,1721.53,Payment,16,3,0,0,2,3697.28,0.1,873,0,CUST0028
TXN002273,577.12,Transfer,16,2,0,0,2,1174.33,2.8,2463,0,CUST0285
TXN002274,2188.38,Payment,12,1,0,0,0,3493.25,5.5,1341,0,CUST0269
TXN002275,1517.2,Payment,15,2,0,0,2,1248.68,3.8,3324,0,CUST0384
TXN002276,2808.35,Transfer,11,3,0,0,1,2397.02,2.6,2828,0,CUST0234
TXN002277,13933.76,Payment,17,2,0,0,0,149.42,4.3,2181,0,CUST0359
TXN002278,2050.6,Payment,14,3,1,0,0,1845.94,6.7,3115,0,CUST0437
TXN002279,553.88,Payment,11,2,0,0,2,3145.5,10.9,2775,0,CUST0148
TXN002280,587.2,Transfer,9,4,0,0,0,636.59,3.2,2193,0,CUST0375
TXN002281,586.7,Payment,9,2,0,0,3,2381.17,4.7,3211,0,CUST0406
TXN002282,5836.05,Purchase,11,2,0,0,2,3779.97,3.0,200,0,CUST0013
TXN002283,2012.57,Withdrawal,9,0,0,0,1,582.36,6.8,2902,0,CUST0072
TXN002284,2458.75,Withdrawal,12,3,0,0,4,3348.02,4.8,2408,0,CUST0127
TXN002285,3023.76,Purchase,10,3,0,0,4,885.46,1.7,2195,0,CUST0185
TXN002286,3713.02,Withdrawal,11,5,0,0,1,1273.96,4.2,976,0,CUST0362
TXN002287,435.73,Payment,13,3,0,0,2,1232.55,8.4,925,0,CUST0467
TXN002288,3725.02,Payment,9,2,0,0,2,1527.69,12.1,3292,0,CUST0325
TXN002289,3593.41,Transfer,9,5,0,0,2,3532.47,15.8,1651,0,CUST0069
TXN002290,2365.14,Withdrawal,8,5,0,0,1,4852.69,12.2,3575,0,CUST0098
TXN002291,411.91,Payment,12,2,0,0,1,336.49,7.5,1812,0,CUST0126
TXN002292,2733.76,Withdrawal,15,6,0,0,2,5167.34,5.2,3117,0,CUST0049
TXN002293,606.49,Payment,10,5,0,0,2,577.96,12.5,2540,0,CUST0126
TXN002294,984.15,Withdrawal,12,0,0,0,2,4647.42,7.7,885,0,CUST0354
TXN002295,181.01,Purchase,11,5,0,0,2,245.62,0.7,2503,0,CUST0267
TXN002296,1637.11,Payment,7,0,0,0,2,2723.47,15.9,1547,0,CUST0486
TXN002297,940.74,Transfer,7,5,0,0,6,1889.59,0.6,3080,0,CUST0135
TXN002298,1105.95,Payment,17,2,0,0,0,2166.02,4.6,1763,0,CUST0144
TXN002299,966.11,Transfer,11,3,0,0,4,2064.27,1.8,3527,0,CUST0018
TXN002300,1339.65,Purchase,19,5,0,0,3,986.43,2.3,1937,0,CUST0198
TXN002301,3788.31,Transfer,12,3,0,0,2,432.77,2.8,3240,0,CUST0242
TXN002302,576.53,Withdrawal,18,3,0,0,1,1333.18,1.2,2476,0,CUST0371
TXN002303,436.05,Payment,20,0,0,0,0,715.23,2.4,1521,0,CUST0124
TXN002304,2067.22,Transfer,19,1,0,0,1,4628.18,3.8,1741,0,CUST0449
TXN002305,565.13,Transfer,19,3,0,0,3,5224.08,8.9,2690,0,CUST0215
TXN002306,818.22,Payment,21,5,0,0,4,3659.03,6.3,3638,0,CUST0050
TXN002307,5000.0,Transfer,5,0,0,1,12,1004.11,159.7,320,1,CUST0256
TXN002308,613.14,Purchase,21,1,0,0,3,2194.5,12.9,1886,0,CUST0102
TXN002309,894.52,Transfer,14,5,0,0,5,4812.94,8.8,2872,0,CUST0392
TXN002310,1394.73,Payment,15,6,1,0,3,1523.44,4.8,31,0,CUST0460
TXN002311,4759.01,Purchase,18,2,0,0,1,8051.41,2.9,2969,0,CUST0069
TXN002312,1080.12,Withdrawal,17,6,0,0,2,838.37,2.4,579,0,CUST0311
TXN002313,36055.35,Transfer,11,6,0,0,0,662.79,0.9,2067,0,CUST0299
TXN002314,1669.19,Purchase,14,1,0,1,3,1296.61,1.0,1850,0,CUST0091
TXN002315,1435.6,Payment,18,0,0,0,4,3784.96,0.2,3222,0,CUST0493
TXN002316,927.8,Payment,11,3,0,0,6,1806.39,9.8,2883,0,CUST0253
TXN002317,8497.31,Payment,17,4,1,0,3,2443.41,3.7,785,0,CUST0121
TXN002318,5110.8,Withdrawal,11,0,0,0,3,1309.36,0.0,1302,0,CUST0498
TXN002319,905.14,Payment,14,4,0,0,5,3105.42,2.6,1895,0,CUST0277
TXN002320,1033.24,Payment,10,1,0,0,2,2411.66,6.0,3016,0,CUST0175
TXN002321,2696.44,Withdrawal,18,5,0,0,2,1981.78,2.5,1876,0,CUST0191
TXN002322,2066.35,Transfer,20,1,0,0,2,2504.85,0.2,2386,0,CUST0171
TXN002323,565.79,Withdrawal,7,2,0,0,2,2835.7,5.3,2881,0,CUST0421
TXN002324,707.36,Payment,10,2,0,0,3,375.05,6.7,2206,0,CUST0333
TXN002325,1721.88,Payment,17,1,0,0,3,7145.77,3.4,2793,0,CUST0190
TXN002326,1901.18,Purchase,12,2,0,0,4,1177.98,2.7,2975,0,CUST0211
TXN002327,395.7,Withdrawal,8,6,0,0,0,3089.83,2.8,623,0,CUST0315
TXN002328,1231.55,Withdrawal,8,6,0,0,4,1820.72,6.5,2989,0,CUST0187
TXN002329,272.16,Transfer,11,3,0,0,3,1840.92,3.4,1386,0,CUST0397
TXN002330,2229.36,Payment,19,5,0,0,2,986.04,3.1,3328,0,CUST0470
TXN002331,10345.54,Transfer,15,0,0,0,1,1571.24,0.0,745,0,CUST0430
TXN002332,2679.77,Payment,20,4,0,0,1,688.78,2.9,1558,0,CUST0288
TXN002333,904.74,Purchase,13,6,0,1,0,663.92,2.8,2994,0,CUST0323
TXN002334,5585.39,Purchase,13,3,0,0,4,2650.34,2.8,1695,0,CUST0457
TXN002335,3587.78,Transfer,10,0,0,0,2,2275.47,13.5,2246,0,CUST0230
TXN002336,431.53,Payment,19,1,0,0,4,5825.37,8.0,436,0,CUST0368
TXN002337,3543.47,Withdrawal,15,1,0,0,1,1011.54,3.5,1283,0,CUST0407
TXN002338,2961.82,Transfer,18,0,0,0,3,4091.13,4.2,2896,0,CUST0369
TXN002339,4334.62,Withdrawal,17,4,0,0,2,3162.01,4.3,1562,0,CUST0154
TXN002340,6981.48,Transfer,13,3,0,0,4,3642.63,10.6,3634,0,CUST0071
TXN002341,3567.42,Payment,19,4,0,1,0,332.75,7.8,1010,0,CUST0266
TXN002342,2651.79,Transfer,15,0,0,0,0,1321.03,3.1,1076,0,CUST0446
TXN002343,6601.06,Payment,16,3,0,0,1,799.49,7.3,2377,0,CUST0389
TXN002344,2164.77,Payment,15,2,0,0,5,6561.2,0.2,1061,0,CUST0374
TXN002345,1315.33,Payment,13,5,0,0,3,1410.93,3.3,3404,0,CUST0208
TXN002346,627.01,Payment,7,5,0,0,2,1106.23,9.4,2909,0,CUST0457
TXN002347,2456.14,Payment,11,1,0,0,3,877.41,5.4,3252,0,CUST0306
TXN002348,50000.0,Payment,17,5,0,0,9,2356.92,1.6,1985,0,CUST0382
TXN002349,583.7,Transfer,11,2,0,0,2,2066.49,4.9,3376,0,CUST0116
TXN002350,8413.15,Purchase,18,6,0,0,3,3595.77,3.9,3519,0,CUST0281
TXN002351,1499.83,Transfer,10,1,0,0,4,1738.03,4.6,759,0,CUST0373
TXN002352,10437.86,Purchase,19,0,0,0,2,571.13,2.6,963,0,CUST0295
TXN002353,6756.07,Transfer,9,5,0,0,5,1901.79,4.3,2380,0,CUST0422
TXN002354,2610.47,Purchase,12,6,0,0,6,1535.8,0.5,808,0,CUST0122
TXN002355,1791.33,Payment,16,1,0,0,3,4795.32,2.6,1883,0,CUST0271
TXN002356,1311.09,Withdrawal,12,5,0,0,1,4100.57,5.4,820,0,CUST0160
TXN002357,3180.65,Withdrawal,17,1,0,0,2,488.13,2.6,2546,0,CUST0445
TXN002358,1338.32,Purchase,19,3,0,0,2,1146.46,3.2,3592,0,CUST0320
TXN002359,265.78,Purchase,7,3,0,0,0,787.19,2.2,2868,0,CUST0052
TXN002360,745.67,Payment,12,6,0,0,3,8369.75,3.1,1183,0,CUST0355
TXN002361,1889.02,Purchase,15,1,1,0,3,591.19,3.4,580,0,CUST0280
TXN002362,1242.14,Withdrawal,16,3,0,0,5,896.92,18.4,2871,0,CUST0484
TXN002363,1785.94,Payment,12,0,0,0,6,4935.51,6.9,3290,0,CUST0424
TXN002364,2517.07,Transfer,9,0,0,1,1,4232.52,8.5,908,0,CUST0441
TXN002365,940.62,Transfer,12,5,0,0,3,504.26,9.1,1280,0,CUST0123
TXN002366,1536.42,Payment,10,3,0,0,4,2615.0,4.0,1682,0,CUST0169
TXN002367,1416.46,Withdrawal,9,6,0,0,1,1007.74,7.4,2747,0,CUST0114
TXN002368,3499.8,Transfer,20,2,0,0,2,1964.28,2.9,1108,0,CUST0090
TXN002369,6989.77,Payment,8,1,0,0,1,4787.61,7.2,1619,0,CUST0101
TXN002370,1114.45,Payment,9,0,0,0,2,511.68,4.2,2193,0,CUST0297
TXN002371,3244.2,Withdrawal,12,3,0,0,4,1449.97,3.0,3225,0,CUST0023
TXN002372,785.99,Withdrawal,15,5,0,0,2,528.14,5.8,3642,0,CUST0019
TXN002373,1083.81,Payment,19,5,0,0,4,4367.3,1.7,1777,0,CUST0174
TXN002374,5436.87,Transfer,7,6,0,0,1,1368.7,1.6,3146,0,CUST0139
TXN002375,2467.37,Transfer,17,6,0,0,2,1884.64,2.2,899,0,CUST0051
TXN002376,668.36,Purchase,11,5,0,0,0,1661.02,4.8,1110,0,CUST0047
TXN002377,6529.57,Payment,16,2,0,0,1,559.83,6.5,2087,0,CUST0018
TXN002378,25446.75,Payment,11,0,0,0,7,2363.59,9.4,1448,0,CUST0092
TXN002379,1910.28,Withdrawal,16,4,0,0,4,1073.38,18.8,2236,0,CUST0207
TXN002380,1782.73,Payment,9,3,0,0,0,1472.43,5.5,2819,0,CUST0490
TXN002381,6010.2,Payment,8,3,1,0,4,6805.11,1.7,1148,0,CUST0424
TXN002382,654.7,Withdrawal,14,5,0,0,2,1357.28,3.3,439,0,CUST0032
TXN002383,1493.87,Withdrawal,8,2,0,0,3,12766.93,1.1,684,0,CUST0463
TXN002384,14611.13,Transfer,14,4,0,0,6,1529.57,4.0,2756,0,CUST0446
TXN002385,568.53,Payment,13,6,0,0,1,2226.54,1.3,1438,0,CUST0427
TXN002386,4884.3,Transfer,16,3,0,0,2,3463.97,3.5,394,0,CUST0421
TXN002387,279.63,Transfer,9,5,0,0,2,2542.0,4.8,189,0,CUST0195
TXN002388,2604.41,Withdrawal,16,0,0,0,3,1728.54,4.7,1905,0,CUST0424
TXN002389,267.91,Payment,13,5,0,0,4,3118.56,5.1,290,0,CUST0179
TXN002390,7161.66,Transfer,17,5,0,0,3,466.86,3.4,1102,0,CUST0460
TXN002391,5551.71,Withdrawal,12,6,0,0,3,2360.14,3.2,412,0,CUST0400
TXN002392,191.41,Transfer,10,2,0,0,1,725.99,2.0,476,0,CUST0197
TXN002393,7400.83,Transfer,20,6,0,0,1,5615.75,2.2,3206,0,CUST0431
TXN002394,8437.5,Transfer,15,6,1,0,2,4131.57,1.3,1273,0,CUST0389
TXN002395,919.92,Purchase,13,1,0,0,2,780.11,2.3,2187,0,CUST0364
TXN002396,339.96,Purchase,17,2,0,0,2,1665.4,5.0,2742,0,CUST0089
TXN002397,2584.05,Transfer,16,6,0,0,1,3051.9,0.4,2864,0,CUST0056
TXN002398,2940.99,Transfer,16,1,0,0,3,1266.81,7.1,3041,0,CUST0376
TXN002399,10997.43,Purchase,7,1,0,0,3,1280.94,1.2,238,0,CUST0372
TXN002400,1509.48,Purchase,13,4,0,0,1,4705.38,0.6,378,0,CUST0139
TXN002401,721.51,Purchase,17,5,0,0,1,1861.64,3.0,1616,0,CUST0040
TXN002402,742.25,Purchase,11,2,0,0,1,5194.6,1.2,2915,0,CUST0266
TXN002403,836.79,Transfer,10,3,0,0,2,1396.34,5.2,2267,0,CUST0123
TXN002404,1012.3,Withdrawal,11,4,0,0,4,619.93,1.2,1959,0,CUST0101
TXN002405,3908.08,Transfer,20,0,0,0,2,4548.07,1.9,2960,0,CUST0136
TXN002406,5793.04,Transfer,9,1,0,0,2,1044.65,6.2,1004,0,CUST0468
TXN002407,24090.28,Withdrawal,15,0,0,0,1,2838.04,3.9,501,0,CUST0381
TXN002408,960.18,Transfer,19,0,0,0,2,1109.46,8.5,501,0,CUST0101
TXN002409,6465.74,Withdrawal,23,0,0,0,3,1225.2,1.4,711,0,CUST0483
TXN002410,690.4,Transfer,14,4,0,0,5,630.76,1.4,2410,0,CUST0157
TXN002411,2199.82,Payment,15,0,0,0,3,1198.23,3.5,2034,0,CUST0417
TXN002412,336.68,Payment,20,4,0,0,4,902.87,3.0,3522,0,CUST0347
TXN002413,1641.29,Transfer,12,4,0,0,2,1480.53,0.7,2545,0,CUST0302
TXN002414,449.46,Payment,13,0,0,0,4,1165.76,2.6,3247,0,CUST0327
TXN002415,4893.1,Purchase,15,3,0,0,3,2961.21,0.3,2569,0,CUST0023
TXN002416,1731.12,Payment,19,2,0,0,1,3342.56,3.5,1469,0,CUST0434
TXN002417,442.9,Payment,18,5,0,0,1,745.2,2.1,2362,0,CUST0376
TXN002418,24050.45,Withdrawal,8,3,0,0,4,5691.58,0.2,2066,0,CUST0091
TXN002419,2986.28,Withdrawal,10,4,0,0,2,829.65,0.6,2351,0,CUST0005
TXN002420,3062.23,Withdrawal,6,0,0,0,2,4182.68,10.3,3311,0,CUST0426
TXN002421,8152.57,Payment,0,0,1,0,5,627.35,310.5,7,1,CUST0395
TXN002422,1229.03,Purchase,13,5,0,0,1,971.98,6.6,2721,0,CUST0245
TXN002423,296.11,Purchase,23,4,0,0,1,2771.45,1.1,1431,0,CUST0329
TXN002424,922.89,Purchase,13,6,0,0,3,382.08,8.4,3567,0,CUST0365
TXN002425,1186.55,Withdrawal,20,5,0,0,3,265.22,0.3,3391,0,CUST0129
TXN002426,3210.05,Payment,14,0,0,0,3,1415.94,24.3,2542,0,CUST0190
TXN002427,3645.22,Withdrawal,19,6,0,0,2,1876.47,1.3,1641,0,CUST0428
TXN002428,770.16,Transfer,21,1,0,0,1,4402.43,15.9,1498,0,CUST0477
TXN002429,3986.33,Transfer,21,5,0,0,3,1625.76,3.0,925,0,CUST0197
TXN002430,8782.71,Payment,21,1,0,0,2,970.55,8.4,3583,0,CUST0080
TXN002431,1088.97,Payment,14,2,0,0,4,901.05,7.9,2732,0,CUST0334
TXN002432,7586.89,Transfer,13,4,0,0,3,560.97,2.8,3304,0,CUST0296
TXN002433,339.97,Payment,16,0,0,0,2,1264.66,6.9,768,0,CUST0320
TXN002434,10087.38,Payment,18,4,0,0,3,2402.84,0.0,1457,0,CUST0401
TXN002435,4000.86,Payment,20,5,0,0,2,2852.63,2.7,2225,0,CUST0329
TXN002436,1673.88,Transfer,11,4,0,0,5,2522.43,1.7,3129,0,CUST0115
TXN002437,473.67,Payment,18,2,0,0,0,222.06,3.9,2870,0,CUST0416
TXN002438,1559.65,Purchase,13,5,1,0,3,4709.34,3.0,1451,0,CUST0225
TXN002439,9560.09,Purchase,9,0,0,0,2,4276.68,3.4,196,0,CUST0042
TXN002440,1021.84,Withdrawal,17,1,0,0,2,8467.18,4.0,767,0,CUST0263
TXN002441,4295.36,Payment,20,0,0,0,4,1437.63,6.0,115,0,CUST0423
TXN002442,6560.77,Transfer,14,5,0,0,7,8154.21,0.1,1098,0,CUST0213
TXN002443,679.6,Transfer,16,5,0,0,1,2245.61,5.0,3273,0,CUST0143
TXN002444,2527.68,Withdrawal,18,5,0,0,0,2050.53,1.9,2119,0,CUST0482
TXN002445,4689.76,Payment,11,5,0,0,3,2524.59,2.8,335,0,CUST0388
TXN002446,1961.13,Transfer,13,2,0,0,4,900.27,6.3,3474,0,CUST0248
TXN002447,1473.1,Transfer,15,2,0,0,1,1323.05,6.0,957,0,CUST0396
TXN002448,6127.55,Payment,17,1,1,0,3,2655.88,3.8,1149,0,CUST0226
TXN002449,2929.34,Withdrawal,10,1,0,0,4,2627.77,2.1,1362,0,CUST0060
TXN002450,627.38,Transfer,8,4,0,0,2,23190.48,5.3,2572,0,CUST0472
TXN002451,8019.24,Transfer,21,0,0,0,4,3187.99,20.6,1753,0,CUST0311
TXN002452,5000.0,Transfer,20,3,0,1,9,526.04,28.6,234,1,CUST0437
TXN002453,1746.41,Purchase,16,6,0,0,2,7003.69,0.3,542,0,CUST0469
TXN002454,11315.14,Payment,16,4,0,0,4,2005.07,5.3,2733,0,CUST0166
TXN002455,1304.15,Purchase,18,1,0,0,1,1473.21,1.1,2679,0,CUST0443
TXN002456,145.35,Transfer,9,0,0,0,2,811.05,0.5,881,0,CUST0491
TXN002457,1510.78,Payment,17,0,0,0,2,5144.9,1.3,3008,0,CUST0113
TXN002458,306.12,Payment,12,5,0,0,0,1546.1,9.8,2304,0,CUST0041
TXN002459,7018.05,Purchase,9,3,0,0,3,1807.19,6.3,1020,0,CUST0128
TXN002460,628.57,Payment,10,1,0,0,3,1195.15,7.6,2240,0,CUST0220
TXN002461,6862.9,Withdrawal,16,6,0,0,0,7398.47,2.4,37,0,CUST0387
TXN002462,2337.37,Transfer,10,0,0,0,0,8238.49,1.7,539,0,CUST0193
TXN002463,1773.99,Payment,22,5,0,0,3,769.11,0.6,1921,0,CUST0168
TXN002464,6398.74,Purchase,11,6,0,0,2,2031.25,3.0,3118,0,CUST0395
TXN002465,4282.21,Payment,13,3,0,0,1,2104.87,6.2,691,0,CUST0372
TXN002466,6414.59,Withdrawal,16,6,0,0,2,639.99,0.5,1159,0,CUST0212
TXN002467,3136.3,Purchase,19,4,0,0,1,2157.46,6.6,216,0,CUST0070
TXN002468,646.83,Payment,19,1,0,0,2,2102.3,0.8,2375,0,CUST0316
TXN002469,702.39,Purchase,13,2,0,0,3,874.58,1.7,1737,0,CUST0246
TXN002470,10924.08,Withdrawal,12,4,0,0,2,3915.38,5.0,340,0,CUST0171
TXN002471,4656.08,Transfer,18,0,0,0,3,746.41,1.2,2074,0,CUST0359
TXN002472,1404.22,Payment,16,1,0,0,1,1571.7,15.0,3439,0,CUST0041
TXN002473,397.35,Transfer,10,4,0,0,1,7272.21,9.3,841,0,CUST0292
TXN002474,1788.1,Withdrawal,11,0,0,0,5,1722.82,0.6,207,0,CUST0152
TXN002475,3738.77,Withdrawal,9,4,0,0,2,2968.83,4.2,2586,0,CUST0313
TXN002476,2273.5,Payment,15,3,0,0,2,3361.05,17.7,1829,0,CUST0311
TXN002477,3393.2,Transfer,17,2,0,0,0,819.68,1.5,2170,0,CUST0110
TXN002478,3493.1,Payment,16,2,0,0,5,719.73,3.4,2501,0,CUST0222
TXN002479,513.34,Transfer,23,5,0,0,0,2889.35,3.8,2818,0,CUST0126
TXN002480,13866.22,Withdrawal,9,3,0,0,5,1187.77,36.0,3504,0,CUST0363
TXN002481,2864.85,Transfer,8,1,0,0,0,8058.91,1.0,2491,0,CUST0298
TXN002482,2445.39,Withdrawal,12,0,0,0,2,10082.91,2.2,827,0,CUST0385
TXN002483,1521.11,Transfer,10,2,0,0,2,7132.71,0.1,1407,0,CUST0218
TXN002484,3588.86,Withdrawal,18,3,0,0,3,789.38,0.8,260,0,CUST0202
TXN002485,7410.79,Transfer,18,1,1,1,2,2225.43,3.8,2180,0,CUST0084
TXN002486,3969.54,Payment,9,1,0,0,5,2059.73,3.2,3524,0,CUST0465
TXN002487,527.14,Purchase,15,1,0,0,4,6277.98,2.1,3179,0,CUST0208
TXN002488,1311.88,Purchase,18,3,0,0,1,10176.25,3.0,1324,0,CUST0480
TXN002489,1103.5,Withdrawal,15,3,0,0,3,1011.92,16.5,3385,0,CUST0009
TXN002490,1427.16,Purchase,16,5,0,0,2,1821.69,2.0,1383,0,CUST0252
TXN002491,1387.77,Withdrawal,10,2,0,0,6,557.07,5.9,2727,0,CUST0095
TXN002492,9394.48,Transfer,8,6,0,0,5,771.84,1.1,3366,0,CUST0155
TXN002493,4469.19,Payment,10,2,0,0,2,1773.73,0.2,3070,0,CUST0150
TXN002494,3721.58,Transfer,19,3,0,0,4,1100.88,0.0,1406,0,CUST0497
TXN002495,909.58,Withdrawal,17,6,0,0,4,2372.42,0.5,309,0,CUST0250
TXN002496,2695.85,Transfer,13,3,1,0,4,1792.13,12.0,2416,0,CUST0431
TXN002497,13967.4,Purchase,16,6,0,0,2,793.76,6.6,1468,0,CUST0469
TXN002498,1707.4,Transfer,12,5,0,0,2,329.48,2.3,1654,0,CUST0165
TXN002499,8644.2,Withdrawal,13,1,0,0,4,3024.95,2.4,1532,0,CUST0234
TXN002500,653.43,Payment,15,1,0,0,1,1690.89,1.8,3191,0,CUST0426
TXN002501,3449.57,Payment,8,2,1,0,1,2664.02,1.0,1023,0,CUST0025
TXN002502,584.15,Transfer,18,1,0,0,3,862.68,1.2,261,0,CUST0259
TXN002503,13093.61,Withdrawal,0,3,1,1,7,1431.2,45.2,46,1,CUST0003
TXN002504,99.86,Payment,16,0,0,0,5,1527.12,0.8,2917,0,CUST0121
TXN002505,5006.73,Purchase,10,3,0,0,2,527.95,5.9,1193,0,CUST0196
TXN002506,1295.35,Payment,16,4,0,0,2,952.97,9.9,1060,0,CUST0301
TXN002507,14303.02,Payment,10,2,0,0,3,1765.79,1.4,865,0,CUST0234
TXN002508,4786.82,Payment,14,6,0,0,2,2987.87,4.5,229,0,CUST0123
TXN002509,5669.31,Transfer,21,3,0,0,1,13398.42,0.9,220,0,CUST0124
TXN002510,7049.12,Payment,21,1,0,0,3,1097.17,0.6,3262,0,CUST0037
TXN002511,23258.32,Payment,5,2,1,1,8,466.12,397.4,241,1,CUST0034
TXN002512,643.86,Transfer,11,1,0,0,5,1267.3,4.2,1002,0,CUST0444
TXN002513,5219.78,Payment,14,4,0,0,0,669.1,9.7,1043,0,CUST0458
TXN002514,738.52,Transfer,22,0,0,0,3,3408.12,6.1,3600,0,CUST0111
TXN002515,4271.12,Payment,10,5,0,0,3,2580.39,6.0,1815,0,CUST0351
TXN002516,615.62,Withdrawal,20,3,0,0,3,1219.97,1.0,2758,0,CUST0217
TXN002517,15446.68,Purchase,10,1,0,0,1,1616.59,0.7,124,0,CUST0130
TXN002518,33434.15,Withdrawal,5,1,1,0,4,1307.74,25.8,355,1,CUST0329
TXN002519,7545.9,Transfer,9,2,0,0,2,877.37,5.1,116,0,CUST0255
TXN002520,2513.69,Withdrawal,10,2,0,0,1,2388.8,0.1,378,0,CUST0094
TXN002521,2187.3,Transfer,14,4,0,0,3,606.87,5.6,2457,0,CUST0089
TXN002522,2927.39,Payment,14,6,0,0,0,534.99,5.2,2691,0,CUST0479
TXN002523,607.77,Payment,13,5,0,0,1,4835.7,2.4,134,0,CUST0029
TXN002524,4147.21,Withdrawal,0,0,0,0,0,3115.08,13.2,267,0,CUST0014
TXN002525,1810.44,Withdrawal,15,4,0,0,6,1197.71,4.1,2131,0,CUST0284
TXN002526,1150.95,Payment,20,5,0,0,1,865.12,3.0,2879,0,CUST0256
TXN002527,1389.33,Payment,13,1,0,0,3,1595.33,4.6,623,0,CUST0136
TXN002528,7735.18,Purchase,13,0,0,0,3,1779.24,0.7,395,0,CUST0295
TXN002529,2842.31,Payment,9,3,0,0,3,2719.36,7.9,3593,0,CUST0043
TXN002530,377.3,Purchase,8,4,1,0,3,1252.52,8.8,1253,0,CUST0037
TXN002531,6499.75,Withdrawal,10,4,0,0,2,3647.96,0.9,1904,0,CUST0027
TXN002532,7872.81,Payment,15,0,0,0,2,4388.92,3.6,2749,0,CUST0181
TXN002533,3020.28,Payment,11,5,0,0,5,3047.57,1.3,2880,0,CUST0329
TXN002534,1860.23,Withdrawal,17,3,0,0,3,5510.46,3.1,1493,0,CUST0077
TXN002535,6472.97,Purchase,21,3,1,0,1,883.65,4.9,488,0,CUST0191
TXN002536,3569.63,Withdrawal,9,6,0,0,2,202.67,4.4,2253,0,CUST0041
TXN002537,2511.79,Purchase,18,4,0,0,2,925.12,1.4,3113,0,CUST0148
TXN002538,984.49,Purchase,14,5,0,0,2,3327.65,8.8,1416,0,CUST0184
TXN002539,7187.79,Transfer,12,5,0,0,2,1607.45,0.0,342,0,CUST0400
TXN002540,1895.01,Withdrawal,15,6,0,0,2,614.67,5.8,289,0,CUST0202
TXN002541,86991.6,Transfer,3,4,0,1,9,550.28,213.1,211,1,CUST0153
TXN002542,242.87,Payment,6,4,0,0,2,406.68,14.3,543,0,CUST0067
TXN002543,557.44,Purchase,7,2,0,0,3,3953.54,10.6,1208,0,CUST0463
TXN002544,3626.17,Purchase,11,5,0,0,1,1420.42,10.1,940,0,CUST0129
TXN002545,1012.27,Payment,17,1,0,0,3,1815.83,18.9,740,0,CUST0241
TXN002546,8716.91,Withdrawal,17,0,0,0,5,775.77,9.3,599,0,CUST0312
TXN002547,1129.98,Purchase,19,0,0,0,1,742.76,1.6,3610,0,CUST0128
TXN002548,2038.63,Payment,11,5,0,0,2,945.41,1.3,2660,0,CUST0271
TXN002549,5000.0,Payment,1,4,1,0,4,2997.19,102.2,173,1,CUST0248
TXN002550,5284.36,Purchase,19,4,0,0,2,958.09,13.1,448,0,CUST0464
TXN002551,1585.3,Purchase,10,0,0,0,2,1219.96,12.4,2859,0,CUST0075
TXN002552,687.74,Payment,12,1,0,0,3,785.03,4.2,1383,0,CUST0121
TXN002553,2978.31,Transfer,13,5,0,0,1,1026.61,5.5,1368,0,CUST0193
TXN002554,2190.86,Transfer,21,4,0,0,1,1583.86,7.8,202,0,CUST0083
TXN002555,5998.71,Payment,10,4,0,0,2,3545.54,0.5,562,0,CUST0266
TXN002556,570.5,Transfer,19,1,0,0,1,409.19,8.7,3379,0,CUST0328
TXN002557,3803.4,Withdrawal,17,3,0,0,2,3461.6,0.5,2945,0,CUST0468
TXN002558,834.74,Withdrawal,17,4,0,0,2,605.6,8.3,928,0,CUST0377
TXN002559,104.74,Payment,9,4,0,1,0,5105.0,1.8,2683,0,CUST0201
TXN002560,1952.0,Purchase,9,1,0,0,0,1070.84,1.7,3475,0,CUST0263
TXN002561,955.67,Purchase,11,5,1,0,3,2253.85,1.4,2024,0,CUST0498
TXN002562,5290.26,Payment,18,2,0,0,2,432.84,14.3,662,0,CUST0314
TXN002563,485.47,Payment,9,1,0,0,2,1670.38,8.6,1220,0,CUST0396
TXN002564,797.75,Payment,22,3,0,0,0,1044.57,3.1,2288,0,CUST0312
TXN002565,2823.8,Transfer,17,4,0,0,3,1474.73,2.3,2995,0,CUST0023
TXN002566,1588.15,Transfer,8,6,0,0,2,340.02,3.0,3068,0,CUST0231
TXN002567,1047.37,Withdrawal,17,0,0,0,1,1933.6,4.6,3323,0,CUST0233
TXN002568,9733.36,Transfer,17,6,0,0,2,2232.14,2.4,3414,0,CUST0192
TXN002569,6982.16,Purchase,11,6,0,0,2,1797.74,1.9,1104,0,CUST0484
TXN002570,4608.6,Transfer,18,0,0,0,5,2534.29,1.8,2777,0,CUST0090
TXN002571,1884.25,Withdrawal,21,1,0,0,0,1699.26,14.3,3119,0,CUST0192
TXN002572,748.87,Transfer,16,2,0,1,2,2460.76,0.2,38,0,CUST0168
TXN002573,5863.68,Payment,15,1,0,0,2,2149.18,8.0,952,0,CUST0202
TXN002574,1283.42,Transfer,8,6,0,0,2,2165.55,1.6,2746,0,CUST0473
TXN002575,2854.79,Payment,21,6,0,0,2,6206.77,33.2,3336,0,CUST0094
TXN002576,1270.98,Transfer,13,3,0,0,1,1691.2,2.5,2558,0,CUST0363
TXN002577,1042.57,Purchase,10,4,1,0,3,1203.83,0.2,544,0,CUST0485
TXN002578,13418.95,Withdrawal,21,2,0,0,2,1222.34,16.2,3611,0,CUST0384
TXN002579,3306.5,Transfer,8,1,0,0,5,5960.12,15.8,2183,0,CUST0234
TXN002580,2439.74,Transfer,15,6,0,0,2,1819.86,3.7,623,0,CUST0033
TXN002581,1836.5,Withdrawal,9,0,0,0,5,4455.25,0.9,3485,0,CUST0435
TXN002582,593.43,Payment,12,6,0,0,2,1931.28,2.3,2848,0,CUST0446
TXN002583,2083.87,Payment,21,5,0,0,1,467.26,0.3,2957,0,CUST0364
TXN002584,6291.1,Transfer,6,5,1,0,7,610.98,1.5,1748,0,CUST0356
TXN002585,6215.19,Transfer,12,2,0,0,0,579.67,1.0,1052,0,CUST0116
TXN002586,4087.77,Withdrawal,14,4,0,0,3,461.53,3.8,1126,0,CUST0107
TXN002587,28807.0,Payment,17,0,0,0,3,3561.75,2.6,836,0,CUST0387
TXN002588,508.27,Purchase,12,6,0,0,4,3877.73,3.6,3024,0,CUST0224
TXN002589,3448.13,Transfer,14,5,0,0,2,3561.41,3.6,2550,0,CUST0291
TXN002590,1755.9,Purchase,18,5,0,0,3,3424.08,6.0,209,0,CUST0146
TXN002591,874.16,Purchase,21,5,0,0,3,1660.75,8.8,51,0,CUST0030
TXN002592,402.19,Transfer,0,5,0,1,3,2630.6,4.7,1776,0,CUST0313
TXN002593,8892.51,Payment,8,6,0,0,3,1311.05,6.3,1294,0,CUST0019
TXN002594,928.11,Transfer,13,2,0,0,4,1053.81,11.2,1513,0,CUST0204
TXN002595,3483.85,Payment,8,4,1,0,0,2015.55,3.7,1758,0,CUST0290
TXN002596,1869.68,Payment,18,5,0,0,4,857.07,1.7,362,0,CUST0388
TXN002597,189.47,Withdrawal,18,2,0,0,3,2251.57,0.3,2197,0,CUST0024
TXN002598,1175.78,Transfer,15,0,0,0,2,3249.15,6.2,718,0,CUST0071
TXN002599,2344.25,Payment,20,0,0,0,4,3067.75,0.4,838,0,CUST0496
TXN002600,23854.05,Withdrawal,17,6,0,0,3,2809.2,6.8,232,0,CUST0081
TXN002601,3363.28,Withdrawal,9,3,0,0,2,2057.19,15.9,1048,0,CUST0303
TXN002602,961.57,Withdrawal,16,3,0,0,4,8281.61,1.9,3200,0,CUST0487
TXN002603,1217.21,Transfer,11,1,0,0,1,1048.81,2.7,2903,0,CUST0370
TXN002604,212.42,Withdrawal,10,3,0,0,1,558.87,6.9,295,0,CUST0280
TXN002605,1580.81,Payment,18,4,0,0,2,1235.33,7.3,833,0,CUST0016
TXN002606,1764.94,Withdrawal,1,6,0,0,1,2095.17,2.1,1114,0,CUST0281
TXN002607,1504.04,Payment,23,1,0,0,2,1373.24,5.2,2567,0,CUST0083
TXN002608,106.45,Payment,19,5,0,0,2,1643.54,7.6,508,0,CUST0410
TXN002609,5299.37,Purchase,10,4,0,1,2,725.17,0.7,948,0,CUST0417
TXN002610,5936.73,Purchase,13,5,0,0,1,3108.05,1.3,3391,0,CUST0334
TXN002611,2689.33,Purchase,20,0,0,1,1,808.0,5.9,150,0,CUST0236
TXN002612,86.09,Payment,10,1,0,0,1,3788.42,1.2,1636,0,CUST0471
TXN002613,3145.0,Payment,20,6,0,0,2,2872.59,16.4,2098,0,CUST0095
TXN002614,1684.4,Payment,14,6,1,0,2,1730.8,0.8,1342,0,CUST0275
TXN002615,1114.39,Transfer,15,6,0,0,2,943.13,5.9,1657,0,CUST0414
TXN002616,19223.19,Withdrawal,13,3,0,0,2,3102.34,10.0,1369,0,CUST0055
TXN002617,1628.87,Payment,18,0,0,0,3,1452.38,0.5,3565,0,CUST0495
TXN002618,808.28,Payment,20,0,0,0,2,1437.4,5.3,1295,0,CUST0154
TXN002619,2684.65,Payment,16,5,0,0,2,5062.36,1.0,1290,0,CUST0072
TXN002620,470.07,Purchase,13,5,0,0,2,1129.47,3.5,1654,0,CUST0086
TXN002621,1840.91,Transfer,2,0,0,0,2,4003.86,4.4,2663,0,CUST0411
TXN002622,586.64,Payment,10,2,0,0,3,4306.84,3.3,1060,0,CUST0478
TXN002623,2185.24,Payment,12,1,0,0,2,2830.07,0.4,2619,0,CUST0098
TXN002624,5317.09,Payment,13,5,0,0,3,621.23,0.3,2408,0,CUST0194
TXN002625,570.58,Payment,20,1,0,0,3,884.48,4.0,1888,0,CUST0077
TXN002626,1663.89,Payment,19,6,0,0,4,625.22,10.9,2623,0,CUST0128
TXN002627,890.99,Transfer,15,3,0,0,4,1276.38,4.5,1499,0,CUST0202
TXN002628,5298.73,Withdrawal,8,0,0,0,2,1021.57,12.5,2591,0,CUST0345
TXN002629,404.55,Purchase,15,1,1,0,1,2453.89,0.0,1733,0,CUST0097
TXN002630,1013.38,Withdrawal,19,5,0,0,2,3348.28,6.5,2185,0,CUST0041
TXN002631,216.17,Payment,9,4,1,0,8,1591.1,1.1,1184,0,CUST0155
TXN002632,7726.93,Payment,13,5,0,0,4,1038.59,0.8,1806,0,CUST0093
TXN002633,937.26,Purchase,14,6,0,0,4,5039.09,0.1,2667,0,CUST0313
TXN002634,3174.7,Payment,18,3,0,0,2,7533.52,19.8,1532,0,CUST0372
TXN002635,797.43,Withdrawal,6,4,0,0,4,906.18,9.8,2319,0,CUST0475
TXN002636,2472.2,Transfer,16,3,0,0,0,1306.11,0.3,1236,0,CUST0039
TXN002637,409.57,Withdrawal,15,3,1,0,3,2105.98,12.6,2013,0,CUST0144
TXN002638,3759.91,Payment,17,3,0,0,1,1596.61,10.2,2150,0,CUST0181
TXN002639,227.13,Withdrawal,15,2,0,0,5,8408.15,5.9,2242,0,CUST0235
TXN002640,1496.49,Withdrawal,12,2,0,0,2,556.32,2.8,3577,0,CUST0477
TXN002641,4389.98,Payment,19,6,0,0,1,516.16,4.3,626,0,CUST0035
TXN002642,7716.71,Transfer,8,3,0,0,4,4313.27,1.2,1477,0,CUST0430
TXN002643,601.07,Purchase,20,0,0,0,3,1403.58,11.4,2114,0,CUST0208
TXN002644,1673.31,Purchase,8,2,0,0,0,680.58,0.2,1681,0,CUST0143
TXN002645,1810.22,Transfer,13,5,0,0,3,1968.36,4.0,1256,0,CUST0027
TXN002646,1821.07,Payment,11,2,0,0,0,5825.04,5.2,3628,0,CUST0481
TXN002647,1417.41,Withdrawal,11,2,0,0,5,2527.04,8.2,1924,0,CUST0089
TXN002648,370.24,Withdrawal,13,2,0,0,5,8112.35,1.0,3631,0,CUST0033
TXN002649,1752.5,Payment,18,4,0,0,1,1279.98,3.0,2078,0,CUST0076
TXN002650,2175.41,Purchase,8,5,0,0,6,228.41,5.1,2234,0,CUST0206
TXN002651,2224.17,Withdrawal,10,1,0,0,3,2015.19,13.0,654,0,CUST0266
TXN002652,3431.81,Transfer,10,6,0,0,2,1655.47,3.6,3144,0,CUST0426
TXN002653,1404.41,Payment,9,6,0,0,1,14995.35,1.6,1222,0,CUST0421
TXN002654,7469.11,Transfer,10,2,0,0,1,806.33,14.5,1709,0,CUST0012
TXN002655,332.63,Withdrawal,15,1,0,0,2,1392.7,4.1,2426,0,CUST0445
TXN002656,1547.39,Transfer,17,3,1,0,3,4264.46,3.7,3529,0,CUST0495
TXN002657,3034.07,Purchase,12,2,0,0,1,2030.75,11.7,275,0,CUST0469
TXN002658,40850.78,Transfer,17,3,0,0,6,4777.18,1.2,3337,0,CUST0228
TXN002659,1670.05,Purchase,6,0,1,0,3,3533.8,1.3,3510,0,CUST0327
TXN002660,2195.37,Payment,17,3,0,0,1,1039.07,0.5,1635,0,CUST0204
TXN002661,2646.06,Purchase,14,0,0,0,5,2439.79,0.2,1046,0,CUST0020
TXN002662,560.23,Transfer,13,5,0,0,4,1546.1,5.2,2849,0,CUST0034
TXN002663,12869.14,Payment,21,2,0,0,5,4741.46,3.0,2212,0,CUST0095
TXN002664,2910.97,Withdrawal,11,5,1,0,2,1174.43,2.3,1016,0,CUST0390
TXN002665,614.0,Purchase,14,5,0,0,3,995.35,9.4,1213,0,CUST0237
TXN002666,678.04,Transfer,15,6,0,0,2,4143.65,4.0,437,0,CUST0042
TXN002667,5458.87,Transfer,18,2,0,0,5,5982.36,1.7,649,0,CUST0260
TXN002668,930.15,Payment,23,2,0,0,2,1130.93,1.8,865,0,CUST0400
TXN002669,296.77,Purchase,7,3,0,1,6,1239.52,5.9,3063,0,CUST0232
TXN002670,1118.55,Transfer,14,1,0,0,2,2318.08,5.1,1617,0,CUST0478
TXN002671,292.77,Payment,18,4,0,0,4,7521.48,6.3,81,0,CUST0288
TXN002672,3347.39,Purchase,20,5,0,0,3,1853.18,15.6,386,0,CUST0412
TXN002673,721.49,Withdrawal,16,6,0,0,0,715.1,5.6,1317,0,CUST0195
TXN002674,431.04,Withdrawal,11,5,0,0,3,725.62,2.9,863,0,CUST0432
TXN002675,687.47,Purchase,10,2,0,0,2,1837.16,2.6,1883,0,CUST0128
TXN002676,1494.82,Payment,16,1,0,0,4,6638.79,6.3,1468,0,CUST0187
TXN002677,247.75,Payment,11,5,0,0,2,2999.78,5.1,569,0,CUST0242
TXN002678,2196.99,Payment,12,3,0,0,3,925.43,5.5,766,0,CUST0067
TXN002679,662.86,Transfer,19,2,0,0,1,859.41,5.6,1134,0,CUST0347
TXN002680,361.31,Payment,17,0,0,0,2,4561.75,0.5,544,0,CUST0376
TXN002681,3621.59,Purchase,20,5,0,0,1,2444.61,4.9,1305,0,CUST0307
TXN002682,3204.75,Payment,13,1,0,0,1,2027.72,1.9,371,0,CUST0169
TXN002683,880.85,Transfer,18,6,0,0,3,3450.84,4.5,2105,0,CUST0349
TXN002684,2843.4,Payment,11,4,0,0,0,317.57,2.1,2416,0,CUST0237
TXN002685,4354.71,Purchase,9,5,0,0,0,3302.54,1.6,1540,0,CUST0013
TXN002686,2150.25,Purchase,17,2,0,0,3,2766.84,3.5,550,0,CUST0429
TXN002687,1502.53,Withdrawal,17,1,0,0,3,3387.67,2.3,1533,0,CUST0064
TXN002688,1092.06,Payment,13,2,0,0,1,2182.4,0.2,1972,0,CUST0495
TXN002689,3532.19,Payment,17,2,0,0,1,2571.82,2.0,1063,0,CUST0052
TXN002690,2908.42,Purchase,15,1,0,0,3,2673.11,4.0,3640,0,CUST0331
TXN002691,4230.52,Purchase,19,3,0,0,4,2121.41,0.3,1096,0,CUST0136
TXN002692,1168.51,Payment,11,4,0,0,1,2836.27,2.3,3540,0,CUST0364
TXN002693,1220.01,Withdrawal,17,6,0,0,1,834.95,15.2,3087,0,CUST0421
TXN002694,1713.16,Payment,8,0,0,0,2,879.31,6.7,3584,0,CUST0157
TXN002695,2948.9,Purchase,21,3,0,0,1,1068.93,1.4,1305,0,CUST0394
TXN002696,2752.03,Payment,13,5,0,0,2,1130.8,0.9,832,0,CUST0247
TXN002697,2595.76,Payment,10,2,0,0,2,1238.48,4.4,2972,0,CUST0047
TXN002698,3277.23,Transfer,17,5,0,0,5,520.92,4.2,2103,0,CUST0167
TXN002699,2549.41,Transfer,13,4,0,0,6,1221.62,3.7,2235,0,CUST0327
TXN002700,2346.49,Purchase,15,1,0,0,1,1735.84,0.6,2545,0,CUST0200
TXN002701,4032.45,Purchase,8,1,0,0,4,4100.39,4.0,143,0,CUST0102
TXN002702,22627.75,Payment,23,2,0,0,2,4363.68,7.6,506,0,CUST0346
TXN002703,8260.86,Withdrawal,10,0,0,0,2,1880.72,0.4,2448,0,CUST0386
TXN002704,493.68,Withdrawal,17,1,0,0,3,7597.77,0.1,2923,0,CUST0484
TXN002705,362.64,Payment,9,0,0,0,4,906.21,6.8,1501,0,CUST0355
TXN002706,2828.19,Payment,11,4,0,0,5,1593.32,0.3,354,0,CUST0139
TXN002707,2682.95,Purchase,16,5,0,0,3,2603.91,8.7,3422,0,CUST0114
TXN002708,966.89,Purchase,12,2,1,1,8,1091.61,2.2,271,0,CUST0408
TXN002709,19818.32,Transfer,21,0,0,0,1,538.05,0.3,3184,0,CUST0285
TXN002710,7197.25,Payment,18,0,0,0,2,929.39,1.6,2341,0,CUST0309
TXN002711,1365.8,Payment,15,6,0,0,1,1630.03,1.4,892,0,CUST0471
TXN002712,870.99,Transfer,9,6,0,0,4,1979.79,4.9,3471,0,CUST0389
TXN002713,1913.42,Payment,9,5,0,0,5,6688.84,27.6,106,0,CUST0024
TXN002714,2146.02,Purchase,9,1,0,0,1,2891.85,13.9,3637,0,CUST0078
TXN002715,1411.6,Transfer,9,0,0,0,3,1446.81,3.7,3321,0,CUST0081
TXN002716,2293.06,Transfer,14,2,0,0,5,1001.02,5.0,735,0,CUST0039
TXN002717,6990.89,Payment,15,5,0,0,2,1995.32,7.8,1514,0,CUST0172
TXN002718,11363.75,Transfer,18,4,0,0,3,823.68,9.7,2799,0,CUST0321
TXN002719,439.1,Payment,23,1,0,0,3,880.47,2.9,3368,0,CUST0140
TXN002720,5674.59,Payment,18,3,0,0,0,1229.93,19.1,2424,0,CUST0230
TXN002721,72059.87,Transfer,9,6,1,1,5,2429.1,197.0,301,1,CUST0437
TXN002722,1000.97,Payment,17,3,0,1,3,7729.93,2.7,3588,0,CUST0236
TXN002723,5207.22,Payment,22,6,0,0,3,8083.62,0.6,2251,0,CUST0080
TXN002724,894.34,Transfer,16,0,0,0,0,1627.96,3.8,2949,0,CUST0036
TXN002725,23346.43,Purchase,10,6,0,0,1,1710.4,1.0,861,0,CUST0003
TXN002726,2753.25,Withdrawal,17,1,0,0,4,2104.36,2.3,3351,0,CUST0436
TXN002727,3496.55,Transfer,11,2,0,0,0,936.54,10.3,2953,0,CUST0296
TXN002728,1501.68,Transfer,11,4,0,0,2,298.29,4.7,3381,0,CUST0379
TXN002729,2648.46,Withdrawal,17,6,0,0,1,1508.79,4.5,1788,0,CUST0069
TXN002730,1310.25,Payment,10,3,1,0,3,1072.04,1.4,1935,0,CUST0288
TXN002731,2864.19,Purchase,14,4,0,0,2,1347.64,0.5,2029,0,CUST0273
TXN002732,1817.55,Transfer,16,5,0,0,1,2780.21,6.5,3174,0,CUST0328
TXN002733,1950.43,Withdrawal,20,3,0,0,3,827.88,9.9,3493,0,CUST0195
TXN002734,1042.59,Payment,11,5,0,1,5,5763.71,1.9,3562,0,CUST0225
TXN002735,3766.68,Payment,7,1,0,0,2,698.42,5.6,3267,0,CUST0403
TXN002736,4738.03,Payment,9,6,0,0,3,2916.3,0.7,2909,0,CUST0439
TXN002737,831.72,Purchase,11,3,0,0,3,1076.2,1.3,2110,0,CUST0490
TXN002738,221.4,Withdrawal,1,2,0,0,4,2064.95,1.6,2809,0,CUST0056
TXN002739,1597.36,Transfer,13,2,0,0,6,12033.73,6.5,2091,0,CUST0304
TXN002740,794.6,Transfer,17,1,0,0,1,2547.11,1.6,1962,0,CUST0041
TXN002741,596.98,Payment,14,3,0,0,4,15762.66,0.1,747,0,CUST0016
TXN002742,1830.18,Transfer,10,2,1,0,1,3249.34,5.9,2105,0,CUST0387
TXN002743,2097.85,Payment,14,6,0,0,3,5019.83,5.7,3186,0,CUST0024
TXN002744,1629.76,Withdrawal,18,3,0,0,4,789.04,10.0,2321,0,CUST0107
TXN002745,5652.64,Transfer,21,4,0,0,2,10585.66,3.5,3467,0,CUST0154
TXN002746,800.01,Payment,9,3,0,0,2,2760.45,0.5,1138,0,CUST0203
TXN002747,5185.61,Transfer,22,5,0,0,1,595.32,1.2,2581,0,CUST0283
TXN002748,8903.31,Purchase,16,3,0,1,3,1132.39,5.8,176,0,CUST0293
TXN002749,502.49,Payment,10,0,0,0,0,1210.92,1.3,2856,0,CUST0331
TXN002750,1008.68,Withdrawal,19,0,0,0,1,2810.68,14.7,2911,0,CUST0098
TXN002751,1645.99,Payment,13,5,0,0,4,2148.88,0.6,900,0,CUST0441
TXN002752,6346.83,Withdrawal,19,2,0,1,6,567.32,85.9,122,1,CUST0254
TXN002753,390.49,Withdrawal,15,5,0,0,2,1682.51,2.2,3259,0,CUST0373
TXN002754,662.26,Withdrawal,21,3,0,0,3,2769.37,16.7,135,0,CUST0316
TXN002755,414.74,Withdrawal,11,1,0,0,6,2938.42,0.4,512,0,CUST0198
TXN002756,4131.61,Payment,11,2,0,0,2,2810.45,5.9,115,0,CUST0423
TXN002757,980.01,Withdrawal,18,6,0,0,3,887.04,2.3,3633,0,CUST0241
TXN002758,2339.64,Purchase,8,3,0,0,1,328.32,4.3,2081,0,CUST0195
TXN002759,1772.07,Payment,16,6,0,0,2,6950.86,1.1,3592,0,CUST0420
TXN002760,1485.82,Transfer,8,3,0,0,1,3711.13,1.9,781,0,CUST0354
TXN002761,5812.36,Payment,21,1,1,0,1,2031.43,1.9,3304,0,CUST0484
TXN002762,2071.29,Withdrawal,10,3,0,0,2,2989.91,4.2,352,0,CUST0056
TXN002763,1834.06,Transfer,14,3,0,0,3,1148.88,3.6,2708,0,CUST0207
TXN002764,3637.14,Purchase,7,6,0,0,4,1656.99,5.5,859,0,CUST0498
TXN002765,551.28,Payment,14,1,0,0,1,1427.1,0.2,2899,0,CUST0417
TXN002766,4036.59,Purchase,12,6,0,0,1,4050.08,4.1,2164,0,CUST0033
TXN002767,980.02,Purchase,14,3,0,0,3,1104.89,4.4,2393,0,CUST0005
TXN002768,735.99,Payment,15,3,0,0,4,803.03,8.4,2274,0,CUST0005
TXN002769,2285.21,Transfer,8,0,0,0,2,1500.89,0.7,1833,0,CUST0115
TXN002770,782.6,Purchase,16,1,0,0,4,1568.74,0.7,2659,0,CUST0003
TXN002771,2706.2,Purchase,10,4,0,0,1,1407.64,14.6,72,0,CUST0491
TXN002772,1381.04,Transfer,17,0,0,0,6,2292.47,18.5,277,0,CUST0287
TXN002773,2998.79,Transfer,12,4,0,0,3,1674.86,1.2,939,0,CUST0303
TXN002774,411.11,Transfer,20,5,0,0,4,2043.57,5.7,1380,0,CUST0156
TXN002775,3245.49,Payment,11,4,0,0,3,536.51,11.1,3164,0,CUST0133
TXN002776,1085.84,Transfer,12,2,0,0,3,855.7,3.8,1152,0,CUST0158
TXN002777,783.92,Payment,10,1,0,0,3,399.2,3.0,3491,0,CUST0273
TXN002778,2489.36,Transfer,17,6,0,0,1,957.68,2.6,415,0,CUST0053
TXN002779,4354.5,Purchase,14,2,0,0,5,3505.07,7.8,2627,0,CUST0311
TXN002780,3496.96,Payment,10,6,0,0,2,688.06,2.5,2156,0,CUST0080
TXN002781,9922.05,Withdrawal,12,2,0,0,1,2127.69,3.4,1462,0,CUST0189
TXN002782,3694.53,Transfer,11,5,0,0,2,1791.37,9.2,985,0,CUST0072
TXN002783,5841.58,Payment,9,6,0,0,3,628.81,0.4,2016,0,CUST0160
TXN002784,1112.87,Purchase,9,0,0,0,3,1028.52,6.9,1987,0,CUST0055
TXN002785,1639.4,Withdrawal,10,1,0,0,2,752.59,4.0,2182,0,CUST0015
TXN002786,3705.38,Payment,23,6,0,0,2,5778.01,1.2,1762,0,CUST0079
TXN002787,4365.15,Payment,12,6,0,0,3,2054.24,1.9,1360,0,CUST0030
TXN002788,305.61,Payment,17,3,0,0,3,1903.93,0.6,3588,0,CUST0232
TXN002789,22861.29,Transfer,15,3,1,1,6,584.21,41.7,167,1,CUST0448
TXN002790,1538.73,Purchase,16,1,0,0,6,13769.62,0.4,2040,0,CUST0293
TXN002791,2742.01,Payment,14,4,0,0,2,4364.92,8.9,2838,0,CUST0360
TXN002792,2139.79,Transfer,12,4,0,0,2,2570.91,7.9,2044,0,CUST0289
TXN002793,1559.93,Purchase,23,6,0,0,1,674.48,5.3,3507,0,CUST0153
TXN002794,1434.68,Transfer,16,1,0,0,1,1585.18,3.5,2136,0,CUST0465
TXN002795,3588.97,Purchase,17,3,0,0,3,3110.59,22.0,2629,0,CUST0249
TXN002796,2977.06,Transfer,16,3,0,0,2,4492.83,2.0,945,0,CUST0499
TXN002797,2605.54,Withdrawal,16,5,0,0,2,664.82,4.3,2061,0,CUST0259
TXN002798,494.31,Withdrawal,12,5,0,0,2,6499.42,4.3,1170,0,CUST0018
TXN002799,1319.13,Payment,17,4,0,0,1,1225.63,6.4,3377,0,CUST0299
TXN002800,353.54,Payment,12,3,0,0,1,2477.82,0.5,2374,0,CUST0438
TXN002801,734.98,Transfer,20,6,0,0,2,1347.91,1.6,3457,0,CUST0391
TXN002802,1226.75,Transfer,21,3,0,0,5,4621.63,2.3,2229,0,CUST0217
TXN002803,19773.73,Purchase,17,4,0,0,4,500.63,0.4,1083,0,CUST0046
TXN002804,3004.41,Transfer,18,3,0,0,5,912.89,10.4,917,0,CUST0463
TXN002805,11474.32,Transfer,17,4,0,0,2,12646.96,6.4,2046,0,CUST0202
TXN002806,436.44,Withdrawal,20,0,0,0,3,618.55,1.0,639,0,CUST0208
TXN002807,767.27,Transfer,12,3,0,0,2,1912.88,10.7,141,0,CUST0410
TXN002808,1409.41,Payment,9,2,0,0,5,2478.58,6.1,1588,0,CUST0405
TXN002809,8884.16,Transfer,22,0,0,0,1,1484.68,2.6,2589,0,CUST0060
TXN002810,2426.55,Transfer,18,6,0,0,5,615.34,4.2,2285,0,CUST0189
TXN002811,545.45,Payment,11,3,0,0,4,1834.76,18.6,1408,0,CUST0010
TXN002812,3980.15,Payment,20,1,0,0,2,645.6,5.3,1151,0,CUST0459
TXN002813,1028.45,Withdrawal,10,2,0,0,3,912.87,1.6,3212,0,CUST0431
TXN002814,1630.38,Purchase,16,2,0,0,0,517.2,6.4,2256,0,CUST0084
TXN002815,893.27,Purchase,9,2,0,0,3,669.36,3.7,2066,0,CUST0098
TXN002816,673.26,Transfer,10,2,0,0,0,1110.01,4.5,2296,0,CUST0167
TXN002817,4596.86,Payment,18,4,0,0,2,3548.56,1.8,1319,0,CUST0148
TXN002818,2595.14,Purchase,19,2,0,0,0,1840.28,1.2,2921,0,CUST0242
TXN002819,152.68,Transfer,16,5,0,0,5,6466.14,1.1,860,0,CUST0205
TXN002820,1898.58,Payment,14,1,0,0,1,1495.34,0.1,1154,0,CUST0087
TXN002821,2284.78,Transfer,17,3,0,0,1,4328.7,13.0,1428,0,CUST0398
TXN002822,3862.16,Purchase,10,4,0,0,2,2790.6,7.7,133,0,CUST0412
TXN002823,201.95,Transfer,16,0,0,0,4,2834.63,2.3,1570,0,CUST0106
TXN002824,1214.94,Transfer,0,6,0,0,7,3343.88,0.5,2377,0,CUST0215
TXN002825,4741.72,Payment,10,6,0,0,2,2000.09,4.6,461,0,CUST0104
TXN002826,1595.72,Payment,13,3,0,0,2,1111.44,0.1,3448,0,CUST0004
TXN002827,829.57,Transfer,10,4,0,0,1,829.37,3.4,985,0,CUST0226
TXN002828,963.06,Purchase,19,1,0,0,5,2345.63,5.0,2449,0,CUST0496
TXN002829,1301.96,Withdrawal,12,5,0,0,2,586.67,10.6,1152,0,CUST0034
TXN002830,2261.51,Transfer,17,1,0,0,4,1224.17,14.4,610,0,CUST0380
TXN002831,2008.77,Transfer,18,1,1,0,3,7259.07,1.9,1331,0,CUST0467
TXN002832,747.06,Purchase,8,1,0,0,4,1506.29,1.3,824,0,CUST0410
TXN002833,14616.1,Payment,6,4,0,1,9,1576.52,64.2,141,1,CUST0395
TXN002834,1849.43,Transfer,16,3,0,0,3,2665.21,2.2,3249,0,CUST0158
TXN002835,7335.02,Withdrawal,2,5,1,1,7,786.96,66.9,281,1,CUST0402
TXN002836,424.71,Payment,20,5,0,0,4,6446.88,18.0,2726,0,CUST0414
TXN002837,1154.91,Purchase,16,0,0,0,1,1233.48,3.2,2279,0,CUST0018
TXN002838,671.09,Payment,9,0,0,0,2,233.5,0.1,2490,0,CUST0186
TXN002839,3452.67,Payment,9,3,0,0,5,2408.87,1.1,901,0,CUST0331
TXN002840,4794.38,Withdrawal,10,2,0,0,1,1762.03,15.1,1059,0,CUST0066
TXN002841,378.18,Transfer,11,4,0,0,2,10070.39,1.0,1400,0,CUST0019
TXN002842,1212.11,Purchase,10,3,1,0,0,6511.18,0.0,1000,0,CUST0021
TXN002843,811.17,Payment,10,4,0,0,1,2655.97,2.1,3609,0,CUST0252
TXN002844,278.73,Purchase,9,1,0,0,1,126.46,1.3,487,0,CUST0379
TXN002845,999.89,Transfer,13,2,0,0,2,1645.33,0.9,1788,0,CUST0273
TXN002846,558.8,Payment,9,2,0,0,4,4387.19,2.8,1426,0,CUST0162
TXN002847,608.86,Transfer,13,0,0,0,3,3180.89,12.4,612,0,CUST0236
TXN002848,2305.11,Transfer,23,5,0,0,3,1780.41,0.4,2572,0,CUST0496
TXN002849,632.58,Transfer,15,2,0,0,1,796.0,9.9,1397,0,CUST0335
TXN002850,4062.66,Payment,11,0,0,0,4,1065.68,7.2,2415,0,CUST0124
TXN002851,9034.27,Payment,21,3,0,0,0,1681.11,1.1,452,0,CUST0039
TXN002852,1300.56,Withdrawal,13,0,0,0,4,2024.09,1.5,671,0,CUST0165
TXN002853,917.23,Withdrawal,12,0,0,0,2,1818.58,0.4,336,0,CUST0084
TXN002854,3186.26,Purchase,17,5,0,0,4,1616.22,0.7,533,0,CUST0132
TXN002855,1383.48,Payment,19,5,0,0,1,895.42,1.4,2814,0,CUST0273
TXN002856,1277.55,Payment,15,3,0,0,5,1442.93,7.6,2079,0,CUST0281
TXN002857,1112.8,Payment,7,0,1,0,0,4447.04,4.1,1472,0,CUST0264
TXN002858,428.92,Withdrawal,18,3,0,0,4,9753.88,0.2,615,0,CUST0441
TXN002859,109.74,Payment,16,4,0,0,4,300.04,19.5,1740,0,CUST0374
TXN002860,475.39,Payment,23,3,0,0,1,2797.0,5.7,208,0,CUST0361
TXN002861,1328.12,Purchase,16,0,0,0,4,3246.74,0.6,2368,0,CUST0283
TXN002862,955.94,Purchase,8,6,0,0,2,4003.98,3.5,3426,0,CUST0312
TXN002863,944.56,Purchase,20,2,0,0,2,480.43,1.1,813,0,CUST0159
TXN002864,14196.46,Withdrawal,6,0,0,0,2,1515.45,7.0,1002,0,CUST0072
TXN002865,2680.81,Transfer,14,4,0,0,3,4663.06,16.4,465,0,CUST0281
TXN002866,2350.92,Withdrawal,16,3,0,0,1,3401.18,1.8,147,0,CUST0316
TXN002867,1037.66,Payment,13,6,0,0,1,571.85,3.7,981,0,CUST0073
TXN002868,2069.76,Purchase,13,2,0,0,3,1274.81,0.2,1025,0,CUST0042
TXN002869,2767.9,Payment,7,5,0,0,7,4400.81,13.0,1882,0,CUST0300
TXN002870,551.7,Payment,9,0,0,1,3,6200.24,8.3,1641,0,CUST0235
TXN002871,7217.56,Transfer,18,5,0,0,3,2768.09,0.6,734,0,CUST0001
TXN002872,395.69,Purchase,9,6,0,0,6,5721.23,1.0,501,0,CUST0100
TXN002873,855.35,Transfer,14,6,0,0,2,2496.35,5.4,351,0,CUST0222
TXN002874,1239.51,Transfer,17,4,0,0,3,926.21,0.7,2410,0,CUST0368
TXN002875,1452.94,Purchase,11,5,0,0,3,2756.41,15.6,624,0,CUST0113
TXN002876,458.67,Payment,21,1,0,0,2,2525.54,4.1,1465,0,CUST0310
TXN002877,3642.08,Purchase,19,6,0,0,3,1279.46,6.1,2218,0,CUST0242
TXN002878,2438.88,Withdrawal,10,2,0,0,0,1297.02,4.4,3437,0,CUST0368
TXN002879,23703.07,Payment,9,4,0,0,3,4612.86,20.9,523,0,CUST0238
TXN002880,1176.85,Purchase,17,3,0,0,1,2312.9,16.6,718,0,CUST0439
TXN002881,722.34,Purchase,15,1,1,0,7,459.56,4.2,1285,0,CUST0270
TXN002882,1836.62,Withdrawal,20,4,0,0,3,2312.76,10.4,777,0,CUST0313
TXN002883,3037.51,Purchase,11,4,0,0,1,733.42,0.8,523,0,CUST0042
TXN002884,6786.87,Purchase,19,5,0,0,5,1338.61,1.2,3635,0,CUST0304
TXN002885,767.57,Payment,9,3,0,0,1,1916.58,3.7,984,0,CUST0238
TXN002886,329.02,Withdrawal,17,3,0,0,1,1354.19,7.5,2729,0,CUST0068
TXN002887,267.13,Payment,19,1,0,0,2,953.79,3.8,2098,0,CUST0410
TXN002888,3374.9,Transfer,12,3,0,0,0,1091.64,1.8,1766,0,CUST0014
TXN002889,1584.25,Transfer,13,0,0,0,4,1283.92,0.0,469,0,CUST0448
TXN002890,4287.8,Transfer,7,0,0,0,1,2284.1,0.8,1442,0,CUST0186
TXN002891,2500.74,Withdrawal,11,4,0,1,0,1842.91,2.0,62,0,CUST0424
TXN002892,1630.72,Withdrawal,11,1,0,0,3,2344.48,2.9,1557,0,CUST0301
TXN002893,1118.83,Withdrawal,12,4,0,0,1,1882.68,0.0,1397,0,CUST0292
TXN002894,2098.14,Transfer,13,0,0,0,4,3479.93,0.8,2641,0,CUST0431
TXN002895,3316.82,Transfer,9,5,0,0,0,1209.92,0.9,1376,0,CUST0003
TXN002896,585.19,Payment,20,2,0,0,4,1538.78,1.0,3471,0,CUST0186
TXN002897,1115.63,Payment,6,2,0,0,3,5358.99,5.0,1071,0,CUST0468
TXN002898,1552.36,Transfer,15,2,0,0,1,1725.76,6.4,814,0,CUST0378
TXN002899,5946.44,Withdrawal,13,3,1,0,1,2109.99,19.0,1300,0,CUST0070
TXN002900,2187.76,Payment,7,2,0,0,1,164.93,17.4,3546,0,CUST0277
TXN002901,606.58,Purchase,10,6,0,0,3,726.2,5.2,1687,0,CUST0395
TXN002902,470.91,Payment,18,5,0,0,1,3492.14,10.0,2104,0,CUST0091
TXN002903,2111.86,Payment,11,3,0,0,1,3788.97,1.4,3378,0,CUST0478
TXN002904,2906.29,Withdrawal,19,4,0,0,1,3780.69,1.0,1709,0,CUST0439
TXN002905,1305.56,Purchase,18,5,1,0,0,3050.03,2.0,2657,0,CUST0398
TXN002906,700.4,Payment,17,5,0,0,2,3159.61,6.8,1629,0,CUST0431
TXN002907,4050.83,Payment,11,6,0,1,3,1192.3,10.1,2611,0,CUST0338
TXN002908,3670.59,Purchase,9,3,0,0,3,2508.99,0.7,697,0,CUST0070
TXN002909,1080.54,Transfer,10,0,0,0,4,1442.74,1.4,2896,0,CUST0300
TXN002910,2037.71,Payment,10,6,1,0,3,2326.48,0.2,1949,0,CUST0425
TXN002911,9021.32,Transfer,18,6,0,0,1,1773.79,5.8,3346,0,CUST0224
TXN002912,762.66,Transfer,8,3,0,0,7,1423.12,16.5,195,0,CUST0097
TXN002913,978.36,Withdrawal,10,3,0,0,2,2246.53,6.5,2900,0,CUST0064
TXN002914,781.16,Withdrawal,13,5,0,0,3,1364.98,4.4,327,0,CUST0372
TXN002915,6576.6,Transfer,13,5,0,0,1,4380.69,6.5,2687,0,CUST0256
TXN002916,469.79,Withdrawal,18,5,0,0,1,4673.09,0.6,3533,0,CUST0119
TXN002917,404.46,Payment,17,1,0,0,3,1453.34,9.7,2560,0,CUST0332
TXN002918,2121.45,Transfer,18,3,0,0,3,8665.73,2.6,1092,0,CUST0324
TXN002919,395.85,Transfer,12,0,0,0,5,744.92,0.0,1397,0,CUST0178
TXN002920,6091.6,Payment,2,0,0,0,2,1102.41,0.5,655,0,CUST0438
TXN002921,2460.92,Withdrawal,11,2,1,0,4,7776.82,4.8,2031,0,CUST0100
TXN002922,192.82,Transfer,18,1,0,0,3,1071.43,4.8,2666,0,CUST0433
TXN002923,5778.38,Transfer,19,4,0,0,0,323.65,1.5,3567,0,CUST0363
TXN002924,3555.88,Payment,1,3,0,0,1,4246.55,12.5,3583,0,CUST0064
TXN002925,887.16,Payment,17,1,0,0,0,2784.12,1.6,2526,0,CUST0203
TXN002926,1290.91,Transfer,8,3,0,0,3,2535.56,0.3,2790,0,CUST0228
TXN002927,294.92,Payment,13,3,0,0,1,1332.92,0.8,60,0,CUST0335
TXN002928,286.9,Payment,13,3,0,0,4,723.31,1.0,957,0,CUST0216
TXN002929,737.61,Payment,12,6,0,0,1,1731.42,8.1,1853,0,CUST0055
TXN002930,11769.87,Purchase,13,3,0,0,5,5151.94,0.0,1408,0,CUST0289
TXN002931,842.81,Payment,16,4,0,0,2,1477.0,0.2,663,0,CUST0476
TXN002932,14440.29,Transfer,10,4,0,0,2,603.88,0.9,906,0,CUST0168
TXN002933,196.69,Withdrawal,16,4,1,0,2,2196.76,10.1,663,0,CUST0260
TXN002934,4740.54,Payment,11,6,0,0,2,1703.64,5.9,3257,0,CUST0204
TXN002935,902.21,Payment,12,2,0,0,2,2061.27,1.7,788,0,CUST0464
TXN002936,1322.56,Payment,11,3,0,0,2,803.51,9.6,2518,0,CUST0140
TXN002937,1947.1,Withdrawal,19,2,0,1,8,3162.47,13.2,2877,0,CUST0302
TXN002938,792.73,Payment,12,4,0,0,1,818.55,3.3,1375,0,CUST0341
TXN002939,3124.71,Transfer,9,3,1,0,1,902.58,4.8,3267,0,CUST0410
TXN002940,1364.68,Payment,11,6,0,0,5,1978.66,0.2,232,0,CUST0457
TXN002941,2873.21,Purchase,14,4,0,0,4,2370.67,2.2,3629,0,CUST0148
TXN002942,1371.04,Payment,5,2,0,0,3,14813.02,4.2,2544,0,CUST0370
TXN002943,8873.24,Purchase,21,6,0,0,3,1046.48,8.5,1827,0,CUST0118
TXN002944,992.9,Purchase,10,5,0,0,2,881.33,1.2,2773,0,CUST0213
TXN002945,557.7,Withdrawal,13,5,0,0,4,748.5,4.4,531,0,CUST0042
TXN002946,1063.3,Purchase,18,1,0,0,1,3195.87,0.2,3048,0,CUST0069
TXN002947,1312.52,Payment,10,5,0,0,1,2160.42,2.3,2352,0,CUST0500
TXN002948,780.17,Purchase,10,0,0,0,3,13642.7,1.8,2030,0,CUST0445
TXN002949,12597.04,Payment,16,4,0,0,1,1960.38,0.5,765,0,CUST0139
TXN002950,14073.84,Payment,11,4,0,0,4,1305.48,5.8,562,0,CUST0252
TXN002951,1569.43,Payment,15,3,0,0,2,2225.17,1.0,1417,0,CUST0197
TXN002952,3227.12,Payment,20,5,0,0,3,8049.39,1.9,1363,0,CUST0208
TXN002953,1696.68,Payment,13,6,0,0,1,370.59,1.2,3565,0,CUST0396
TXN002954,2394.65,Payment,14,6,0,0,3,2181.47,1.5,965,0,CUST0101
TXN002955,1865.89,Payment,13,0,0,0,1,2428.36,15.5,1598,0,CUST0226
TXN002956,1930.99,Purchase,9,3,0,0,0,8740.42,4.2,3184,0,CUST0126
TXN002957,7409.06,Payment,10,4,0,0,1,2050.29,4.1,2979,0,CUST0320
TXN002958,294.45,Transfer,8,1,0,0,5,406.15,12.1,1604,0,CUST0150
TXN002959,3218.13,Withdrawal,16,3,0,0,3,695.32,2.0,2153,0,CUST0015
TXN002960,351.99,Transfer,14,3,0,0,1,3007.74,20.2,2986,0,CUST0352
TXN002961,10743.74,Withdrawal,1,3,1,0,8,1218.57,89.7,287,1,CUST0481
TXN002962,1250.6,Withdrawal,10,5,0,0,2,1919.3,1.5,3117,0,CUST0099
TXN002963,1362.21,Withdrawal,17,3,0,0,5,1318.32,5.1,1997,0,CUST0068
TXN002964,2730.82,Transfer,10,3,0,0,1,400.85,5.9,1696,0,CUST0464
TXN002965,4830.43,Payment,8,3,0,0,1,1724.67,5.2,40,0,CUST0120
TXN002966,8062.17,Transfer,21,0,0,0,1,4299.14,0.0,1810,0,CUST0458
TXN002967,891.85,Payment,22,2,0,0,1,985.38,0.1,903,0,CUST0365
TXN002968,5749.3,Withdrawal,12,6,0,0,1,508.68,0.6,2134,0,CUST0427
TXN002969,5711.67,Withdrawal,7,1,0,0,1,1295.79,0.5,354,0,CUST0225
TXN002970,3816.09,Transfer,16,6,0,0,0,3512.06,4.0,545,0,CUST0332
TXN002971,2909.07,Payment,20,4,1,0,1,1174.38,2.0,101,0,CUST0189
TXN002972,10348.37,Payment,11,6,0,0,3,1277.01,0.5,1770,0,CUST0251
TXN002973,371.51,Transfer,11,2,0,0,1,414.07,4.3,250,0,CUST0335
TXN002974,1626.49,Withdrawal,8,0,0,0,1,5811.57,0.3,3229,0,CUST0415
TXN002975,1553.53,Payment,14,3,0,0,2,2338.67,0.9,2594,0,CUST0099
TXN002976,885.31,Payment,9,1,0,0,2,2080.11,1.8,1121,0,CUST0176
TXN002977,1468.33,Payment,18,3,0,0,6,2002.69,0.0,1640,0,CUST0471
TXN002978,5271.92,Withdrawal,16,6,0,0,0,927.22,1.3,2678,0,CUST0416
TXN002979,1937.87,Payment,18,3,0,0,5,1029.52,20.3,601,0,CUST0240
TXN002980,8529.15,Payment,9,6,0,0,3,464.17,0.0,1064,0,CUST0473
TXN002981,3499.39,Transfer,20,0,0,0,3,2311.46,0.0,3175,0,CUST0197
TXN002982,639.18,Withdrawal,12,6,0,0,1,2017.57,2.7,1878,0,CUST0117
TXN002983,2838.31,Withdrawal,16,2,0,0,3,10990.3,2.7,1482,0,CUST0442
TXN002984,4620.62,Withdrawal,20,3,0,0,5,7562.36,0.4,2649,0,CUST0373
TXN002985,758.42,Transfer,18,4,0,0,4,2048.79,0.0,207,0,CUST0425
TXN002986,3080.3,Payment,15,4,0,0,3,1277.29,5.6,324,0,CUST0206
TXN002987,848.28,Withdrawal,16,6,0,0,3,1877.42,0.8,375,0,CUST0287
TXN002988,975.34,Payment,11,5,0,0,5,4807.58,4.4,1227,0,CUST0432
TXN002989,948.5,Transfer,0,0,0,0,1,1676.44,0.1,2548,0,CUST0206
TXN002990,1023.64,Withdrawal,19,4,0,0,4,4166.67,4.1,1936,0,CUST0042
TXN002991,3370.15,Transfer,12,2,0,0,0,2101.13,3.8,1376,0,CUST0014
TXN002992,4369.47,Purchase,12,3,0,0,1,8855.88,0.5,1182,0,CUST0318
TXN002993,2156.93,Withdrawal,14,1,0,0,1,3338.45,1.4,228,0,CUST0198
TXN002994,516.2,Payment,8,6,0,0,3,4036.29,9.1,3523,0,CUST0317
TXN002995,1239.69,Transfer,16,5,0,0,3,4356.46,4.2,657,0,CUST0059
TXN002996,4896.46,Payment,17,1,0,0,4,1783.13,4.4,1174,0,CUST0473
TXN002997,1064.93,Payment,20,5,0,0,1,479.12,20.5,2265,0,CUST0300
TXN002998,442.76,Withdrawal,11,1,0,0,3,1917.84,3.9,1637,0,CUST0220
TXN002999,1589.76,Withdrawal,16,1,0,0,5,877.08,1.2,2750,0,CUST0433
TXN003000,3732.48,Transfer,15,0,0,0,3,2565.93,1.8,3571,0,CUST0465
TXN003001,550.23,Payment,14,0,0,0,3,1435.34,0.2,2342,0,CUST0252
TXN003002,2230.56,Withdrawal,17,5,0,0,2,867.92,7.0,2541,0,CUST0388
TXN003003,804.12,Transfer,13,1,1,0,3,280.4,5.2,1330,0,CUST0284
TXN003004,1574.18,Purchase,12,4,0,0,3,1841.69,1.4,3540,0,CUST0199
TXN003005,465.93,Payment,6,5,0,0,2,2034.34,6.6,2947,0,CUST0362
TXN003006,594.92,Transfer,19,3,1,0,2,1856.54,1.7,3627,0,CUST0249
TXN003007,3024.31,Payment,15,0,0,0,0,781.75,6.3,471,0,CUST0262
TXN003008,1002.35,Withdrawal,19,4,0,0,2,768.03,14.9,2944,0,CUST0106
TXN003009,508.03,Withdrawal,10,2,0,0,1,1470.58,1.8,2592,0,CUST0440
TXN003010,1630.13,Purchase,8,6,0,0,1,916.04,3.6,631,0,CUST0485
TXN003011,2999.37,Purchase,12,6,0,0,0,1250.99,10.0,141,0,CUST0314
TXN003012,529.3,Transfer,10,5,0,0,3,3108.74,14.7,2560,0,CUST0491
TXN003013,4971.43,Payment,14,0,0,0,0,736.16,0.3,2106,0,CUST0241
TXN003014,2468.21,Purchase,12,2,0,0,3,977.24,0.9,2058,0,CUST0477
TXN003015,3294.23,Withdrawal,14,5,0,0,1,825.14,14.4,1016,0,CUST0128
TXN003016,4706.52,Payment,12,2,0,0,2,2234.0,2.7,1256,0,CUST0092
TXN003017,2355.44,Purchase,13,2,0,0,2,3176.26,5.2,519,0,CUST0083
TXN003018,1742.3,Purchase,10,2,0,0,2,2890.0,6.8,1286,0,CUST0078
TXN003019,576.32,Withdrawal,9,6,0,0,3,17630.52,8.6,2335,0,CUST0110
TXN003020,467.93,Payment,17,4,0,0,2,977.31,5.6,3426,0,CUST0013
TXN003021,2434.42,Transfer,19,3,0,0,1,307.46,0.3,1964,0,CUST0029
TXN003022,3827.24,Transfer,19,2,0,0,1,16663.19,10.8,3289,0,CUST0163
TXN003023,2430.05,Payment,17,4,0,0,0,1739.73,1.3,838,0,CUST0297
TXN003024,352.86,Payment,17,5,0,0,1,992.64,1.3,617,0,CUST0445
TXN003025,1877.21,Purchase,9,2,0,0,0,9430.55,4.8,520,0,CUST0002
TXN003026,1868.28,Transfer,8,2,0,0,3,6163.41,11.5,177,0,CUST0066
TXN003027,1052.08,Transfer,18,0,0,0,1,1579.57,7.2,3399,0,CUST0282
TXN003028,18477.58,Withdrawal,21,4,0,0,6,666.47,146.1,19,1,CUST0129
TXN003029,771.07,Payment,18,2,0,0,3,1915.97,1.7,877,0,CUST0220
TXN003030,1063.69,Transfer,19,4,0,0,4,2399.73,2.0,3480,0,CUST0165
TXN003031,2889.31,Transfer,13,4,0,0,1,728.52,3.0,2170,0,CUST0482
TXN003032,6076.17,Payment,13,6,0,0,1,1964.52,3.2,2701,0,CUST0110
TXN003033,3758.86,Withdrawal,19,5,0,0,3,875.87,7.4,3618,0,CUST0024
TXN003034,1257.26,Payment,18,2,0,0,8,807.15,12.6,736,0,CUST0177
TXN003035,1332.16,Payment,12,4,0,1,1,2491.81,0.3,2872,0,CUST0188
TXN003036,2797.06,Purchase,9,4,0,0,1,1625.49,8.8,3439,0,CUST0112
TXN003037,1737.33,Payment,19,4,0,0,0,1426.9,0.5,3498,0,CUST0349
TXN003038,4573.42,Purchase,21,3,0,0,1,13965.23,6.6,2791,0,CUST0476
TXN003039,1108.89,Withdrawal,9,3,0,0,1,2503.15,6.9,1529,0,CUST0482
TXN003040,6075.04,Transfer,15,1,0,0,2,1268.63,13.6,1127,0,CUST0252
TXN003041,1664.71,Withdrawal,19,6,0,0,0,3460.03,0.4,2361,0,CUST0118
TXN003042,14042.06,Purchase,20,1,0,0,3,3392.21,2.9,616,0,CUST0481
TXN003043,4781.71,Withdrawal,13,0,0,0,2,890.03,7.4,1002,0,CUST0038
TXN003044,562.18,Transfer,10,1,0,0,1,998.15,4.3,1416,0,CUST0290
TXN003045,3894.45,Transfer,10,3,0,0,1,445.4,2.8,2423,0,CUST0453
TXN003046,2236.29,Purchase,16,3,0,1,4,496.74,6.8,1670,0,CUST0222
TXN003047,9595.23,Payment,5,0,0,0,2,4524.26,1.6,475,0,CUST0470
TXN003048,2994.35,Payment,19,6,0,0,1,1370.26,3.3,230,0,CUST0131
TXN003049,300.93,Transfer,15,3,0,0,3,1855.68,9.9,2501,0,CUST0157
TXN003050,1698.26,Payment,15,0,0,0,0,847.97,15.0,1490,0,CUST0287
TXN003051,5000.0,Transfer,20,4,0,1,8,1181.25,74.6,64,1,CUST0094
TXN003052,968.97,Transfer,19,5,0,0,0,5380.02,9.1,3337,0,CUST0349
TXN003053,14298.45,Transfer,15,3,0,0,5,857.86,3.6,1795,0,CUST0415
TXN003054,12520.89,Transfer,16,1,0,1,4,1639.2,1.4,2760,0,CUST0344
TXN003055,3097.33,Purchase,18,1,0,0,3,1800.77,3.6,752,0,CUST0361
TXN003056,882.55,Payment,12,3,0,0,4,1656.44,2.5,3579,0,CUST0151
TXN003057,2154.98,Withdrawal,16,1,0,0,2,2979.05,8.5,1731,0,CUST0176
TXN003058,3906.76,Payment,9,2,0,0,2,1517.4,5.3,3236,0,CUST0166
TXN003059,2974.37,Transfer,9,5,0,0,4,440.66,0.6,406,0,CUST0122
TXN003060,4830.39,Payment,9,0,0,0,3,486.39,3.3,1018,0,CUST0181
TXN003061,1363.59,Payment,18,3,0,0,5,6439.62,9.1,545,0,CUST0177
TXN003062,2111.5,Payment,10,1,0,0,1,2390.82,35.0,875,0,CUST0369
TXN003063,2707.36,Purchase,10,2,0,0,5,1587.8,0.9,2012,0,CUST0162
TXN003064,2866.44,Transfer,8,4,0,0,2,711.49,1.6,2788,0,CUST0088
TXN003065,1179.82,Transfer,9,6,0,0,2,1435.93,3.9,489,0,CUST0153
TXN003066,1429.93,Withdrawal,13,1,1,0,4,587.75,1.1,1277,0,CUST0254
TXN003067,12626.19,Payment,21,1,0,0,3,2379.39,2.6,106,0,CUST0386
TXN003068,803.63,Purchase,14,0,0,0,3,1577.65,0.7,564,0,CUST0070
TXN003069,1613.9,Transfer,12,0,1,0,1,2087.68,0.8,926,0,CUST0169
TXN003070,861.35,Transfer,12,0,0,0,2,3107.74,1.9,2995,0,CUST0442
TXN003071,9937.85,Payment,14,3,0,0,4,416.65,2.4,2464,0,CUST0096
TXN003072,1958.24,Payment,18,1,0,0,1,2872.74,13.0,2529,0,CUST0364
TXN003073,4577.61,Payment,16,6,0,0,3,202.56,5.5,909,0,CUST0205
TXN003074,4348.33,Payment,18,2,0,0,1,2223.67,2.7,491,0,CUST0400
TXN003075,6187.1,Payment,19,0,0,0,4,1216.22,4.8,1193,0,CUST0090
TXN003076,1143.52,Withdrawal,12,1,0,0,3,1716.98,17.8,31,0,CUST0394
TXN003077,2109.13,Purchase,11,0,0,0,1,2668.46,7.3,2806,0,CUST0260
TXN003078,391.6,Purchase,19,6,0,0,2,2469.38,0.5,401,0,CUST0270
TXN003079,866.79,Purchase,18,0,0,0,2,4246.69,3.7,2949,0,CUST0408
TXN003080,2006.61,Transfer,16,1,0,0,1,1006.28,8.1,492,0,CUST0230
TXN003081,2657.04,Transfer,6,1,0,0,3,1406.37,0.7,1519,0,CUST0229
TXN003082,1798.02,Payment,19,2,0,1,2,1462.89,0.0,1645,0,CUST0359
TXN003083,267.38,Purchase,18,1,0,0,3,6891.02,1.6,2453,0,CUST0087
TXN003084,7817.95,Purchase,14,0,0,0,1,672.94,7.6,600,0,CUST0459
TXN003085,2784.78,Transfer,21,4,0,0,1,4922.54,5.5,2457,0,CUST0008
TXN003086,5791.0,Payment,15,4,0,0,4,2660.36,9.2,871,0,CUST0134
TXN003087,269.17,Payment,18,3,0,0,1,15969.57,7.0,2118,0,CUST0482
TXN003088,2983.44,Payment,12,2,0,0,1,4696.87,0.5,2833,0,CUST0165
TXN003089,2839.05,Withdrawal,16,5,0,0,4,2166.52,2.0,2443,0,CUST0097
TXN003090,1554.18,Transfer,19,6,0,0,0,578.2,5.8,3338,0,CUST0237
TXN003091,1160.91,Payment,12,1,0,0,0,1276.3,20.2,3283,0,CUST0311
TXN003092,2190.51,Purchase,9,5,0,0,1,1662.55,4.4,3017,0,CUST0384
TXN003093,6823.95,Transfer,15,3,0,0,2,1206.26,14.0,1663,0,CUST0458
TXN003094,2273.54,Transfer,13,1,0,0,5,1957.88,4.8,3586,0,CUST0356
TXN003095,1318.06,Transfer,10,3,0,0,5,134.89,0.7,320,0,CUST0135
TXN003096,3653.45,Purchase,23,3,0,0,2,3840.84,22.5,2117,0,CUST0435
TXN003097,4421.49,Payment,10,0,0,0,2,17042.92,0.9,889,0,CUST0081
TXN003098,444.58,Payment,6,3,0,0,2,5484.51,3.4,616,0,CUST0468
TXN003099,409.3,Transfer,20,6,0,0,2,2018.11,4.6,3591,0,CUST0495
TXN003100,9637.84,Transfer,12,4,0,1,5,975.91,10.7,2100,0,CUST0028
TXN003101,3763.31,Transfer,14,3,0,0,3,1160.43,13.6,3045,0,CUST0472
TXN003102,22004.04,Transfer,0,3,1,0,7,931.94,48.8,18,1,CUST0294
TXN003103,1843.86,Payment,11,5,0,0,5,1674.93,1.7,2440,0,CUST0457
TXN003104,815.64,Withdrawal,12,4,0,0,1,925.06,0.8,1560,0,CUST0310
TXN003105,293.54,Purchase,13,1,0,0,1,611.7,7.7,3147,0,CUST0478
TXN003106,1120.18,Purchase,18,5,0,0,5,1808.51,12.6,2077,0,CUST0295
TXN003107,3991.25,Transfer,14,3,0,0,4,3039.4,1.1,924,0,CUST0309
TXN003108,525.24,Transfer,9,0,0,0,4,1243.17,1.2,1494,0,CUST0164
TXN003109,496.15,Transfer,15,4,0,0,1,3698.85,14.1,2161,0,CUST0145
TXN003110,7352.49,Payment,10,3,0,0,3,2043.16,7.0,2562,0,CUST0190
TXN003111,27451.31,Transfer,17,2,0,0,0,1302.22,0.9,2694,0,CUST0244
TXN003112,807.13,Payment,14,1,0,0,2,626.44,2.3,3134,0,CUST0144
TXN003113,25252.21,Payment,16,5,0,0,3,1182.5,1.4,2683,0,CUST0062
TXN003114,1133.91,Purchase,19,3,0,0,0,1218.33,1.8,1534,0,CUST0034
TXN003115,10677.42,Withdrawal,3,5,0,0,7,650.66,10.0,7,1,CUST0107
TXN003116,1611.95,Purchase,13,2,0,0,1,2853.74,0.2,1969,0,CUST0263
TXN003117,17196.06,Transfer,11,3,0,0,2,2021.74,6.5,3565,0,CUST0219
TXN003118,259.17,Transfer,10,1,0,0,5,685.85,1.3,1601,0,CUST0499
TXN003119,2497.81,Purchase,10,2,0,0,1,9012.63,4.7,1203,0,CUST0391
TXN003120,1548.98,Payment,18,4,0,0,1,2054.62,10.5,3560,0,CUST0433
TXN003121,3116.86,Withdrawal,10,2,0,0,3,2840.79,15.7,1526,0,CUST0352
TXN003122,11477.1,Transfer,8,1,0,0,2,1513.65,13.9,3138,0,CUST0336
TXN003123,366.98,Withdrawal,16,4,0,0,2,1161.49,10.0,2970,0,CUST0339
TXN003124,1405.92,Transfer,16,0,0,0,2,1736.76,5.0,3062,0,CUST0497
TXN003125,3383.07,Transfer,19,1,0,0,5,5771.08,3.1,2950,0,CUST0026
TXN003126,1503.39,Transfer,21,6,0,0,1,2309.34,1.7,1072,0,CUST0449
TXN003127,8087.68,Withdrawal,11,4,0,0,1,2369.48,3.8,1615,0,CUST0128
TXN003128,1514.49,Payment,6,5,0,0,3,1791.13,4.9,1724,0,CUST0107
TXN003129,975.77,Purchase,13,5,0,0,2,3960.98,6.5,838,0,CUST0158
TXN003130,2174.91,Payment,16,3,0,0,2,857.01,11.7,498,0,CUST0171
TXN003131,6058.58,Payment,11,4,0,0,2,6247.3,0.3,2219,0,CUST0335
TXN003132,3350.97,Purchase,22,3,0,0,3,2520.56,3.9,1898,0,CUST0438
TXN003133,1060.55,Transfer,15,1,0,0,4,1292.28,3.2,2440,0,CUST0067
TXN003134,1891.68,Transfer,17,4,0,0,2,415.74,15.5,797,0,CUST0148
TXN003135,1268.97,Withdrawal,18,5,0,0,4,1699.29,0.1,2828,0,CUST0467
TXN003136,3723.36,Transfer,11,5,0,0,2,1541.15,6.3,453,0,CUST0027
TXN003137,715.73,Payment,22,1,0,0,1,1253.23,16.1,3151,0,CUST0257
TXN003138,1569.25,Transfer,20,3,0,0,2,5664.13,0.9,1868,0,CUST0429
TXN003139,31882.75,Payment,14,6,1,0,5,593.56,10.0,188,1,CUST0180
TXN003140,5000.0,Transfer,3,6,0,1,10,1870.78,133.3,256,1,CUST0269
TXN003141,3540.22,Payment,9,3,0,0,9,287.45,7.2,1425,0,CUST0319
TXN003142,1869.53,Transfer,9,1,1,0,3,1458.1,2.7,297,0,CUST0161
TXN003143,6114.88,Purchase,1,5,0,0,2,569.15,8.3,852,0,CUST0063
TXN003144,1675.32,Transfer,19,5,0,0,1,7480.35,7.7,2746,0,CUST0171
TXN003145,577.66,Transfer,23,5,0,0,3,4932.16,1.3,100,0,CUST0152
TXN003146,1034.01,Withdrawal,10,5,0,0,3,8962.5,28.4,1600,0,CUST0075
TXN003147,1754.15,Payment,10,3,1,0,0,4866.75,3.2,3422,0,CUST0453
TXN003148,458.12,Transfer,10,4,0,0,1,1472.4,11.4,2801,0,CUST0128
TXN003149,730.89,Transfer,15,1,0,0,3,542.81,0.5,2974,0,CUST0235
TXN003150,1197.66,Transfer,13,6,0,1,2,1634.69,4.2,135,0,CUST0127
TXN003151,1703.05,Purchase,9,3,0,0,3,1308.84,1.8,3243,0,CUST0112
TXN003152,348.84,Purchase,19,3,0,0,2,431.44,4.9,650,0,CUST0224
TXN003153,2776.14,Transfer,19,2,0,0,1,1349.38,0.6,95,0,CUST0318
TXN003154,747.16,Transfer,9,2,0,0,2,2533.25,2.2,3543,0,CUST0227
TXN003155,23593.04,Purchase,21,4,1,1,8,1480.28,35.3,191,1,CUST0500
TXN003156,7664.94,Payment,20,0,0,0,3,12189.47,5.2,456,0,CUST0499
TXN003157,829.63,Payment,9,0,0,0,2,624.27,9.1,698,0,CUST0083
TXN003158,4179.01,Purchase,21,4,0,0,1,2856.36,14.6,1977,0,CUST0445
TXN003159,3109.46,Payment,9,1,0,0,1,625.15,9.4,1451,0,CUST0449
TXN003160,3536.94,Transfer,7,2,0,0,2,523.15,9.8,857,0,CUST0143
TXN003161,1846.03,Payment,11,0,0,0,1,1170.6,0.9,3172,0,CUST0339
TXN003162,3750.98,Purchase,13,5,0,0,3,1878.46,1.6,2879,0,CUST0388
TXN003163,789.19,Purchase,12,4,0,0,2,674.58,1.9,3380,0,CUST0217
TXN003164,1716.5,Purchase,19,1,0,0,5,679.75,4.0,1520,0,CUST0046
TXN003165,4438.7,Payment,17,2,1,0,1,2574.46,3.9,3558,0,CUST0228
TXN003166,1822.35,Payment,10,6,0,0,2,1987.46,8.9,3220,0,CUST0392
TXN003167,4059.92,Transfer,20,2,0,0,4,1011.04,0.0,1593,0,CUST0045
TXN003168,948.07,Purchase,19,2,0,0,3,950.05,7.4,583,0,CUST0113
TXN003169,5882.43,Payment,15,5,0,0,2,479.2,14.9,1473,0,CUST0026
TXN003170,10006.89,Withdrawal,6,3,0,0,3,2043.91,2.4,1969,0,CUST0356
TXN003171,1637.47,Payment,10,1,0,0,2,884.57,0.5,2133,0,CUST0018
TXN003172,2171.9,Withdrawal,21,3,0,0,2,1712.36,2.9,3030,0,CUST0028
TXN003173,751.09,Withdrawal,20,3,0,0,1,3555.34,19.5,1350,0,CUST0225
TXN003174,5000.0,Payment,16,2,0,1,13,669.22,60.0,264,1,CUST0228
TXN003175,1099.19,Purchase,18,6,0,0,2,587.38,8.5,1298,0,CUST0197
TXN003176,947.12,Transfer,16,5,0,0,2,3731.09,2.9,2499,0,CUST0246
TXN003177,3653.69,Purchase,16,4,0,0,1,3673.01,2.3,3378,0,CUST0356
TXN003178,1175.65,Payment,11,3,0,0,1,581.78,6.5,3452,0,CUST0435
TXN003179,1685.44,Transfer,9,0,0,0,3,3890.17,4.9,1065,0,CUST0028
TXN003180,655.79,Payment,12,2,0,0,0,2128.44,2.2,2616,0,CUST0337
TXN003181,5216.41,Payment,7,4,0,0,3,1342.9,5.3,3263,0,CUST0078
TXN003182,954.36,Transfer,14,2,0,0,3,2668.18,9.1,2799,0,CUST0185
TXN003183,728.68,Transfer,17,5,0,0,3,961.45,7.5,1383,0,CUST0285
TXN003184,5000.0,Transfer,4,4,1,0,6,517.04,50.0,347,1,CUST0128
TXN003185,1513.84,Payment,18,4,0,0,4,2307.36,2.1,3145,0,CUST0309
TXN003186,1755.15,Transfer,20,2,0,0,1,420.6,14.1,1082,0,CUST0079
TXN003187,1250.2,Purchase,11,4,0,0,1,3222.39,1.3,503,0,CUST0451
TXN003188,1735.55,Payment,20,3,0,0,5,5383.64,3.3,1049,0,CUST0387
TXN003189,6493.62,Payment,8,2,0,0,3,3300.63,8.5,2437,0,CUST0275
TXN003190,13512.64,Withdrawal,20,6,0,0,9,1522.47,125.9,268,1,CUST0311
TXN003191,3994.65,Payment,20,0,0,0,2,657.12,13.8,2602,0,CUST0481
TXN003192,937.59,Purchase,11,4,0,0,4,3719.48,3.4,1378,0,CUST0484
TXN003193,20984.34,Withdrawal,5,0,0,0,7,734.76,17.4,134,1,CUST0496
TXN003194,2011.09,Transfer,12,0,0,0,2,392.05,8.1,125,0,CUST0282
TXN003195,1953.07,Purchase,15,6,0,0,1,296.23,2.1,3281,0,CUST0295
TXN003196,850.4,Payment,13,3,0,0,3,918.99,2.1,1146,0,CUST0144
TXN003197,2101.91,Withdrawal,7,2,0,0,1,1225.23,0.5,2597,0,CUST0128
TXN003198,1394.66,Payment,22,3,0,0,2,765.2,8.3,393,0,CUST0499
TXN003199,1783.79,Withdrawal,17,5,0,0,3,13814.48,15.9,933,0,CUST0472
TXN003200,1831.7,Purchase,20,1,0,0,0,2995.99,2.1,2979,0,CUST0093
TXN003201,131.88,Purchase,21,3,0,0,1,1224.06,2.9,1177,0,CUST0040
TXN003202,5000.0,Transfer,22,3,0,0,10,386.72,105.4,63,1,CUST0109
TXN003203,498.54,Purchase,12,5,0,0,2,1299.79,1.2,66,0,CUST0091
TXN003204,4162.71,Transfer,18,3,1,0,1,3994.83,15.0,1334,0,CUST0071
TXN003205,1801.18,Payment,8,1,0,0,7,719.18,19.9,336,0,CUST0382
TXN003206,1252.54,Transfer,15,6,0,0,2,1244.79,1.3,1146,0,CUST0009
TXN003207,106082.93,Transfer,12,0,1,1,10,511.5,12.2,142,1,CUST0359
TXN003208,2258.12,Withdrawal,13,2,0,0,6,360.48,2.5,2525,0,CUST0045
TXN003209,890.77,Purchase,13,0,0,0,4,3362.58,1.4,1349,0,CUST0247
TXN003210,792.62,Payment,18,6,0,1,5,294.5,1.9,2726,0,CUST0004
TXN003211,251.62,Payment,20,3,0,0,3,3495.66,1.4,3447,0,CUST0190
TXN003212,4763.06,Payment,15,6,0,0,2,824.49,12.3,1036,0,CUST0357
TXN003213,677.68,Transfer,12,0,0,0,2,1139.79,9.6,1588,0,CUST0098
TXN003214,5279.99,Transfer,20,0,0,0,2,150.73,4.0,1095,0,CUST0327
TXN003215,11476.31,Transfer,19,0,0,0,5,8968.99,1.9,175,0,CUST0452
TXN003216,673.81,Transfer,12,6,0,0,0,1736.75,2.7,1010,0,CUST0201
TXN003217,95.55,Transfer,18,5,0,0,2,923.29,11.1,1185,0,CUST0386
TXN003218,3829.84,Transfer,10,1,0,0,0,2427.19,0.7,538,0,CUST0312
TXN003219,3424.09,Payment,16,3,0,0,2,1422.17,4.2,2480,0,CUST0382
TXN003220,2360.95,Purchase,9,2,0,0,2,832.26,1.3,865,0,CUST0311
TXN003221,10912.74,Payment,14,4,0,0,4,510.02,2.8,3578,0,CUST0411
TXN003222,3335.35,Withdrawal,18,2,0,0,1,1164.71,0.6,2867,0,CUST0382
TXN003223,11717.26,Withdrawal,18,2,0,0,0,308.96,2.6,1333,0,CUST0224
TXN003224,1527.85,Transfer,16,1,0,0,1,1654.39,1.2,2578,0,CUST0020
TXN003225,2275.76,Transfer,16,3,0,0,4,1734.14,0.2,1264,0,CUST0313
TXN003226,512.77,Withdrawal,20,1,0,0,6,1879.5,2.3,1885,0,CUST0247
TXN003227,1450.21,Payment,9,0,0,0,1,1574.02,5.1,1297,0,CUST0213
TXN003228,599.92,Payment,14,5,0,0,1,1404.92,3.2,3482,0,CUST0145
TXN003229,479.24,Transfer,15,5,0,0,3,965.1,0.3,1930,0,CUST0170
TXN003230,2988.42,Withdrawal,16,2,0,0,0,1205.67,3.0,817,0,CUST0427
TXN003231,3323.94,Payment,18,3,0,0,1,2470.35,4.4,3216,0,CUST0435
TXN003232,2935.38,Payment,10,1,0,0,2,343.13,12.1,2744,0,CUST0141
TXN003233,2465.13,Purchase,14,6,0,0,3,1834.81,15.4,2897,0,CUST0024
TXN003234,2088.73,Payment,1,6,0,0,2,8023.98,0.1,2750,0,CUST0198
TXN003235,3214.93,Payment,3,4,0,0,2,1686.23,1.6,2089,0,CUST0346
TXN003236,2548.24,Withdrawal,15,3,0,0,0,1114.22,7.2,1345,0,CUST0124
TXN003237,116.13,Withdrawal,13,3,0,0,3,759.05,14.4,1514,0,CUST0288
TXN003238,4105.75,Payment,10,0,0,0,3,1021.55,9.0,1899,0,CUST0055
TXN003239,3099.23,Payment,11,3,0,0,3,1386.22,10.8,576,0,CUST0194
TXN003240,414.0,Withdrawal,10,6,0,0,0,933.73,3.2,1322,0,CUST0133
TXN003241,3940.0,Payment,19,3,0,0,3,1553.76,2.0,2311,0,CUST0261
TXN003242,245.79,Transfer,8,4,0,0,4,6250.5,0.3,2987,0,CUST0206
TXN003243,143.7,Payment,16,6,0,0,7,2317.67,0.6,1810,0,CUST0499
TXN003244,2556.64,Transfer,12,0,0,0,1,1648.78,0.7,3192,0,CUST0006
TXN003245,1090.63,Payment,7,0,0,0,3,21697.02,21.4,1984,0,CUST0084
TXN003246,3271.82,Payment,12,0,0,0,5,4863.59,3.5,1474,0,CUST0290
TXN003247,257.35,Payment,10,5,0,0,1,367.56,2.6,2133,0,CUST0401
TXN003248,858.2,Payment,21,2,0,0,5,3574.32,0.2,3515,0,CUST0131
TXN003249,4676.51,Payment,11,4,0,0,0,1630.82,1.1,2641,0,CUST0183
TXN003250,764.8,Transfer,7,0,0,0,4,3899.38,7.5,2000,0,CUST0033
TXN003251,12049.68,Withdrawal,14,0,0,0,3,1117.99,1.2,256,0,CUST0329
TXN003252,510.17,Purchase,12,2,0,0,5,308.5,3.9,51,0,CUST0326
TXN003253,744.47,Transfer,19,0,0,0,1,2514.96,14.4,3387,0,CUST0137
TXN003254,1329.01,Withdrawal,22,1,0,0,1,2739.06,1.3,1206,0,CUST0466
TXN003255,1921.35,Payment,8,4,0,0,3,9868.77,4.4,2420,0,CUST0360
TXN003256,3520.19,Payment,11,1,0,0,0,2102.65,13.5,1793,0,CUST0392
TXN003257,2857.45,Payment,1,6,0,0,0,6999.3,4.4,3072,0,CUST0337
TXN003258,936.13,Purchase,15,6,0,0,3,2395.39,2.4,306,0,CUST0119
TXN003259,2079.71,Withdrawal,12,6,0,0,4,11479.54,5.6,428,0,CUST0281
TXN003260,1329.76,Transfer,11,4,0,0,3,827.54,1.8,1346,0,CUST0345
TXN003261,4966.05,Purchase,11,0,0,0,5,4688.29,3.2,3561,0,CUST0117
TXN003262,1284.57,Payment,7,6,0,0,3,6921.18,1.0,1948,0,CUST0393
TXN003263,5737.01,Payment,23,4,0,0,2,2984.85,4.3,1423,0,CUST0315
TXN003264,2456.25,Withdrawal,10,6,0,0,3,2514.51,0.6,73,0,CUST0329
TXN003265,3566.62,Payment,8,4,0,0,1,1203.33,10.6,2495,0,CUST0196
TXN003266,3269.29,Payment,18,3,0,0,3,3185.34,2.6,1903,0,CUST0463
TXN003267,224.57,Transfer,6,2,0,0,7,1151.99,4.3,3075,0,CUST0458
TXN003268,9441.91,Withdrawal,21,0,0,0,2,485.8,1.4,820,0,CUST0015
TXN003269,404.98,Transfer,17,4,0,0,1,464.97,2.6,1014,0,CUST0017
TXN003270,489.13,Transfer,11,4,0,0,1,1732.64,3.1,2188,0,CUST0038
TXN003271,8125.27,Payment,3,3,0,0,2,3337.93,1.6,1010,0,CUST0357
TXN003272,5210.47,Payment,5,6,0,0,1,2094.33,2.2,1565,0,CUST0387
TXN003273,9005.76,Payment,14,5,0,0,3,3161.32,2.9,774,0,CUST0147
TXN003274,7260.87,Purchase,8,5,0,0,0,1681.31,5.6,1218,0,CUST0189
TXN003275,3160.03,Transfer,17,5,0,0,3,1944.11,3.5,1293,0,CUST0149
TXN003276,688.89,Transfer,14,3,0,0,2,1669.99,6.2,3060,0,CUST0182
TXN003277,1508.36,Payment,16,2,1,0,3,3556.17,0.8,3583,0,CUST0054
TXN003278,439.06,Purchase,8,0,0,0,1,8595.71,3.2,1220,0,CUST0231
TXN003279,1339.84,Payment,9,4,1,0,1,1565.99,1.3,3244,0,CUST0129
TXN003280,2595.83,Withdrawal,9,6,0,0,3,1978.61,1.7,2318,0,CUST0472
TXN003281,4426.46,Transfer,10,0,0,0,2,2118.92,1.4,72,0,CUST0018
TXN003282,1077.0,Withdrawal,18,5,0,0,3,6923.87,0.4,97,0,CUST0465
TXN003283,461.73,Transfer,13,5,0,0,7,3806.79,17.2,3508,0,CUST0416
TXN003284,419.68,Withdrawal,21,1,0,0,1,5084.38,7.2,2369,0,CUST0477
TXN003285,1341.91,Payment,18,6,0,0,2,6783.96,10.0,3140,0,CUST0240
TXN003286,1299.69,Withdrawal,7,4,0,0,4,5488.56,1.0,714,0,CUST0194
TXN003287,1411.86,Withdrawal,8,6,0,0,2,3063.27,0.5,1169,0,CUST0064
TXN003288,569.38,Transfer,13,5,0,0,2,1045.76,16.9,680,0,CUST0233
TXN003289,5416.58,Withdrawal,19,6,0,0,3,11067.87,9.3,3182,0,CUST0067
TXN003290,486.64,Purchase,16,2,0,0,3,1672.7,3.2,3110,0,CUST0060
TXN003291,955.01,Payment,18,3,0,0,2,5136.29,10.0,2294,0,CUST0007
TXN003292,3257.05,Transfer,10,2,0,0,2,1066.22,2.6,2747,0,CUST0150
TXN003293,860.5,Payment,14,6,0,0,5,1869.96,1.2,3313,0,CUST0166
TXN003294,538.52,Purchase,21,0,0,0,3,16975.11,2.8,364,0,CUST0328
TXN003295,715.26,Purchase,20,3,0,0,2,1512.25,1.2,3391,0,CUST0099
TXN003296,15370.34,Purchase,21,2,0,1,7,1898.04,38.0,7,1,CUST0324
TXN003297,1943.32,Purchase,15,0,0,0,1,2318.05,11.5,1305,0,CUST0491
TXN003298,4702.91,Transfer,10,5,0,0,0,1788.47,3.1,2161,0,CUST0107
TXN003299,1220.05,Withdrawal,15,2,0,0,2,695.47,3.5,2041,0,CUST0021
TXN003300,723.6,Transfer,17,4,0,0,5,1679.71,3.2,2909,0,CUST0421
TXN003301,1164.14,Payment,8,2,0,0,2,862.46,0.0,359,0,CUST0207
TXN003302,5866.42,Payment,8,2,0,0,2,1719.31,10.0,2435,0,CUST0173
TXN003303,1197.25,Withdrawal,7,5,0,0,3,783.11,0.2,3277,0,CUST0476
TXN003304,12498.45,Transfer,12,6,0,0,0,2226.56,0.3,870,0,CUST0058
TXN003305,3340.15,Transfer,9,5,0,0,3,2410.45,2.7,981,0,CUST0426
TXN003306,2421.56,Payment,18,2,0,0,6,936.04,0.2,1545,0,CUST0175
TXN003307,3962.4,Withdrawal,16,5,0,0,0,1092.19,5.3,2392,0,CUST0325
TXN003308,659.55,Payment,17,2,0,0,1,1055.36,3.3,108,0,CUST0289
TXN003309,1837.89,Payment,12,6,0,0,2,940.58,2.5,1278,0,CUST0316
TXN003310,2876.62,Payment,18,2,0,0,0,1688.77,2.6,2953,0,CUST0388
TXN003311,468.75,Payment,14,5,0,0,2,1237.83,7.6,2469,0,CUST0069
TXN003312,3320.59,Payment,18,3,0,0,1,1851.69,4.8,1418,0,CUST0365
TXN003313,2143.03,Payment,9,2,0,0,1,1337.04,15.1,1995,0,CUST0053
TXN003314,5201.62,Withdrawal,6,4,0,0,4,4783.97,7.8,1517,0,CUST0067
TXN003315,1613.95,Withdrawal,6,3,0,0,2,4433.12,0.9,3157,0,CUST0183
TXN003316,2365.14,Transfer,18,6,0,0,5,827.73,6.9,2983,0,CUST0341
TXN003317,2562.13,Purchase,17,5,0,0,2,3481.73,0.9,1132,0,CUST0070
TXN003318,468.46,Purchase,8,1,0,0,1,983.67,6.1,929,0,CUST0075
TXN003319,2279.54,Transfer,0,2,0,0,2,2792.38,0.0,3571,0,CUST0473
TXN003320,4564.09,Transfer,16,1,0,0,4,2852.55,3.2,3104,0,CUST0008
TXN003321,1811.29,Transfer,13,1,0,0,0,831.11,19.7,242,0,CUST0437
TXN003322,3112.86,Withdrawal,20,3,0,0,3,3663.95,6.4,261,0,CUST0348
TXN003323,3514.68,Purchase,10,2,0,0,5,353.44,1.8,38,0,CUST0500
TXN003324,731.47,Payment,9,2,1,0,3,1072.36,3.8,1501,0,CUST0449
TXN003325,6608.18,Payment,14,3,0,0,2,4281.53,4.9,592,0,CUST0437
TXN003326,143.99,Transfer,8,2,0,0,0,4161.68,8.7,614,0,CUST0116
TXN003327,2667.72,Payment,14,1,0,0,2,12140.48,21.9,1547,0,CUST0026
TXN003328,1453.83,Purchase,19,6,0,1,5,967.45,3.9,1146,0,CUST0096
TXN003329,290.5,Purchase,19,6,0,0,2,3620.01,4.6,1107,0,CUST0068
TXN003330,845.84,Payment,9,2,0,0,3,650.37,0.0,3149,0,CUST0495
TXN003331,1804.74,Payment,8,5,0,0,4,1050.22,0.1,376,0,CUST0152
TXN003332,2288.05,Transfer,12,2,0,0,2,1078.98,2.0,2627,0,CUST0107
TXN003333,860.5,Transfer,14,4,0,0,2,687.53,2.6,1817,0,CUST0482
TXN003334,1741.39,Transfer,8,0,0,0,4,5673.5,0.2,1284,0,CUST0047
TXN003335,9281.68,Payment,19,2,1,0,4,5455.77,3.8,1275,0,CUST0024
TXN003336,1982.38,Payment,15,2,0,0,2,2455.08,3.3,2357,0,CUST0047
TXN003337,2821.14,Payment,12,3,0,0,3,3499.01,1.6,2475,0,CUST0415
TXN003338,675.2,Payment,14,5,0,0,2,1401.38,8.4,464,0,CUST0314
TXN003339,7356.72,Transfer,12,6,0,0,4,1915.18,3.8,2075,0,CUST0073
TXN003340,711.16,Transfer,17,4,0,0,3,3510.04,7.2,523,0,CUST0177
TXN003341,7535.11,Transfer,21,3,0,0,3,2498.65,2.5,3266,0,CUST0314
TXN003342,2004.97,Transfer,11,2,0,0,3,3413.42,11.1,922,0,CUST0179
TXN003343,1327.2,Transfer,18,6,0,0,4,4953.43,0.6,2026,0,CUST0015
TXN003344,916.69,Purchase,12,3,0,0,2,1365.81,2.6,158,0,CUST0157
TXN003345,380.4,Transfer,17,2,0,0,3,1530.92,7.8,482,0,CUST0330
TXN003346,5365.32,Transfer,14,0,0,0,1,3136.26,5.5,2232,0,CUST0241
TXN003347,1996.07,Transfer,18,5,0,0,0,2480.94,5.4,2284,0,CUST0205
TXN003348,1202.96,Payment,16,4,0,0,0,2273.29,4.4,234,0,CUST0450
TXN003349,1487.07,Payment,14,5,0,0,3,4302.69,8.5,130,0,CUST0334
TXN003350,3505.37,Payment,12,1,0,0,2,411.61,11.9,794,0,CUST0245
TXN003351,1010.62,Payment,10,1,0,0,1,2055.79,2.3,2111,0,CUST0236
TXN003352,5340.88,Payment,19,3,0,0,4,533.29,6.7,2698,0,CUST0169
TXN003353,2536.04,Purchase,8,0,0,0,3,820.14,23.9,1121,0,CUST0336
TXN003354,1791.52,Purchase,22,6,0,0,4,1934.72,15.0,2851,0,CUST0315
TXN003355,1475.8,Payment,13,4,0,0,3,3939.57,6.7,1320,0,CUST0068
TXN003356,1198.2,Payment,13,4,0,0,3,4296.13,11.7,2732,0,CUST0214
TXN003357,3030.99,Withdrawal,17,6,0,0,1,2662.61,12.3,578,0,CUST0286
TXN003358,438.68,Purchase,18,3,0,0,3,3178.93,8.7,1656,0,CUST0469
TXN003359,571.92,Payment,8,0,0,0,1,3257.1,3.7,2787,0,CUST0360
TXN003360,3983.51,Transfer,14,3,0,0,4,3576.69,7.7,2605,0,CUST0008
TXN003361,3035.41,Purchase,14,4,0,0,3,3245.69,6.2,3602,0,CUST0100
TXN003362,468.21,Payment,11,2,0,0,2,1593.31,3.7,2029,0,CUST0062
TXN003363,1009.21,Purchase,11,6,0,0,3,3377.98,0.1,702,0,CUST0015
TXN003364,1714.5,Payment,11,6,0,0,1,2059.23,2.1,518,0,CUST0458
TXN003365,1517.83,Payment,22,4,0,0,9,794.61,10.1,193,0,CUST0318
TXN003366,2250.63,Payment,11,6,0,0,4,1077.7,1.7,520,0,CUST0306
TXN003367,7476.02,Transfer,16,4,0,0,4,2399.16,6.6,3159,0,CUST0242
TXN003368,3494.88,Transfer,21,0,0,0,2,2848.71,10.5,1048,0,CUST0224
TXN003369,1470.0,Withdrawal,16,5,0,0,4,4494.28,1.7,1649,0,CUST0080
TXN003370,2464.69,Purchase,20,3,0,0,1,2512.84,5.7,716,0,CUST0111
TXN003371,2425.88,Payment,11,1,0,0,3,3395.39,21.5,3032,0,CUST0335
TXN003372,5020.99,Withdrawal,16,5,0,0,3,957.45,0.8,1182,0,CUST0295
TXN003373,718.21,Transfer,22,4,0,0,2,3151.73,8.7,2369,0,CUST0103
TXN003374,454.82,Payment,13,3,0,0,4,2396.69,5.5,1797,0,CUST0492
TXN003375,1047.29,Payment,13,4,0,0,2,636.77,5.8,2072,0,CUST0257
TXN003376,2924.11,Transfer,20,5,0,0,4,7870.25,3.5,3335,0,CUST0387
TXN003377,782.69,Purchase,20,2,0,0,3,1227.5,13.8,34,0,CUST0053
TXN003378,1698.34,Withdrawal,11,0,0,0,1,4078.86,1.4,1595,0,CUST0273
TXN003379,1096.35,Payment,9,5,0,0,2,977.95,19.7,357,0,CUST0439
TXN003380,6829.0,Transfer,17,3,0,0,0,11627.38,5.7,2576,0,CUST0126
TXN003381,5000.0,Withdrawal,2,0,1,1,7,245.13,34.1,225,1,CUST0396
TXN003382,1601.95,Transfer,15,2,0,0,3,6466.19,5.5,392,0,CUST0369
TXN003383,4061.33,Withdrawal,9,1,0,0,3,3483.51,3.9,2384,0,CUST0099
TXN003384,10090.78,Withdrawal,20,4,0,0,5,2263.26,7.6,125,0,CUST0119
TXN003385,964.25,Payment,11,4,0,0,4,3453.06,7.9,783,0,CUST0258
TXN003386,2182.17,Payment,8,2,0,0,1,824.98,0.5,2746,0,CUST0291
TXN003387,2089.93,Transfer,13,3,0,0,5,6797.67,2.1,2699,0,CUST0203
TXN003388,1362.1,Withdrawal,13,0,0,0,4,2755.91,0.3,145,0,CUST0155
TXN003389,5756.65,Payment,18,3,0,0,2,726.82,1.1,1776,0,CUST0186
TXN003390,5151.78,Withdrawal,19,5,0,0,0,4771.51,0.8,1665,0,CUST0403
TXN003391,4634.63,Transfer,9,1,0,0,0,7674.44,0.3,3361,0,CUST0148
TXN003392,1501.28,Payment,18,2,0,0,3,2996.89,0.0,2164,0,CUST0075
TXN003393,2540.34,Transfer,19,1,0,0,2,8093.75,0.6,147,0,CUST0156
TXN003394,3634.49,Purchase,13,4,0,0,1,1373.65,0.0,2382,0,CUST0145
TXN003395,2933.28,Transfer,11,0,0,0,5,6096.65,2.1,2624,0,CUST0140
TXN003396,12227.21,Withdrawal,16,0,0,0,3,1268.41,3.7,2038,0,CUST0453
TXN003397,598.42,Purchase,17,0,0,0,4,7425.85,15.2,2828,0,CUST0423
TXN003398,386.4,Transfer,12,1,0,0,3,1216.84,1.0,2086,0,CUST0247
TXN003399,583.43,Transfer,13,6,0,0,3,1457.64,0.1,2056,0,CUST0410
TXN003400,420.64,Payment,20,4,0,0,5,5501.49,5.0,728,0,CUST0215
TXN003401,942.15,Transfer,20,1,0,0,2,933.43,1.3,2095,0,CUST0360
TXN003402,5000.0,Withdrawal,0,0,0,0,6,968.43,17.9,234,1,CUST0204
TXN003403,7089.64,Payment,13,1,0,0,1,1131.67,3.2,539,0,CUST0322
TXN003404,3882.42,Purchase,17,4,0,0,2,8997.96,3.9,3564,0,CUST0199
TXN003405,2317.45,Withdrawal,22,4,0,0,3,795.27,12.9,2017,0,CUST0396
TXN003406,5000.0,Transfer,8,2,0,1,13,501.09,63.7,199,1,CUST0491
TXN003407,2826.72,Transfer,18,1,0,0,3,1954.25,16.5,3206,0,CUST0459
TXN003408,2003.17,Transfer,11,2,0,0,1,1123.04,2.9,2955,0,CUST0024
TXN003409,1227.38,Transfer,21,6,0,0,1,1147.92,0.2,3313,0,CUST0085
TXN003410,5484.6,Payment,22,2,0,0,2,1669.22,1.5,3408,0,CUST0497
TXN003411,392.62,Withdrawal,13,6,0,0,4,1149.39,7.2,2703,0,CUST0471
TXN003412,269.09,Purchase,11,0,0,0,1,1482.89,1.9,2271,0,CUST0204
TXN003413,7942.19,Purchase,17,1,0,0,0,583.48,3.1,2130,0,CUST0448
TXN003414,413.85,Transfer,11,5,0,1,5,2031.06,1.4,3518,0,CUST0045
TXN003415,339.38,Transfer,7,0,0,0,2,3206.29,0.4,2557,0,CUST0156
TXN003416,12138.49,Withdrawal,11,2,0,0,3,871.14,1.6,263,0,CUST0496
TXN003417,305.34,Transfer,17,2,0,0,2,1780.94,9.6,2787,0,CUST0226
TXN003418,1340.08,Payment,15,2,1,0,2,553.61,1.3,2901,0,CUST0037
TXN003419,15863.92,Withdrawal,15,4,0,0,0,1397.9,0.7,1045,0,CUST0193
TXN003420,295.31,Transfer,10,4,0,0,5,361.45,6.2,103,0,CUST0198
TXN003421,1114.19,Withdrawal,20,0,0,0,2,2196.87,5.0,2874,0,CUST0384
TXN003422,5000.0,Transfer,2,2,0,0,8,2742.03,10.0,103,1,CUST0375
TXN003423,1727.6,Payment,19,5,0,0,4,2139.79,1.4,1554,0,CUST0388
TXN003424,5049.58,Payment,15,0,0,0,2,1458.39,2.6,3015,0,CUST0104
TXN003425,2500.03,Withdrawal,10,6,0,0,2,3247.78,1.1,2061,0,CUST0058
TXN003426,822.39,Withdrawal,17,1,0,0,1,1637.72,0.6,2822,0,CUST0426
TXN003427,6840.22,Withdrawal,15,0,0,0,2,2099.51,7.2,2124,0,CUST0318
TXN003428,1287.52,Payment,17,1,0,0,1,5982.13,3.1,2212,0,CUST0269
TXN003429,8455.29,Transfer,13,1,0,0,1,781.68,1.2,2961,0,CUST0403
TXN003430,11156.44,Payment,17,4,0,0,1,1310.81,19.5,1114,0,CUST0341
TXN003431,2130.89,Transfer,7,1,1,0,2,1089.17,3.2,1698,0,CUST0317
TXN003432,679.92,Transfer,10,2,0,0,2,2497.32,0.8,570,0,CUST0226
TXN003433,1596.73,Purchase,16,4,0,0,2,2027.92,4.2,2772,0,CUST0473
TXN003434,1841.35,Payment,17,4,0,0,1,760.52,0.6,2696,0,CUST0125
TXN003435,1436.84,Payment,18,1,0,0,2,1305.06,6.1,357,0,CUST0471
TXN003436,7001.45,Transfer,7,4,0,0,3,4439.02,1.4,2021,0,CUST0471
TXN003437,1332.45,Transfer,12,3,0,0,5,818.51,4.7,1792,0,CUST0006
TXN003438,620.06,Payment,13,1,0,0,4,1415.18,0.2,1807,0,CUST0018
TXN003439,728.23,Purchase,8,3,0,0,4,1019.6,18.0,3384,0,CUST0387
TXN003440,906.38,Payment,12,6,0,0,3,3162.59,14.5,1220,0,CUST0296
TXN003441,931.54,Transfer,14,1,0,0,6,1328.18,1.5,1859,0,CUST0034
TXN003442,5468.58,Payment,16,1,0,0,4,2125.99,3.2,3322,0,CUST0198
TXN003443,1933.31,Withdrawal,11,4,0,0,1,3663.13,0.1,625,0,CUST0034
TXN003444,4689.71,Withdrawal,12,2,0,0,2,1477.28,7.6,709,0,CUST0045
TXN003445,2207.08,Transfer,10,5,1,0,4,4981.37,11.7,2236,0,CUST0322
TXN003446,2527.67,Purchase,16,4,0,0,0,1206.95,13.4,395,0,CUST0463
TXN003447,2774.85,Payment,14,1,0,0,1,1188.96,0.0,346,0,CUST0095
TXN003448,4673.18,Payment,10,0,0,0,3,1214.52,3.9,3492,0,CUST0353
TXN003449,2104.34,Purchase,19,6,0,0,2,810.29,15.9,441,0,CUST0299
TXN003450,4343.59,Payment,18,5,0,0,2,2143.0,11.3,3582,0,CUST0382
TXN003451,3794.55,Payment,11,6,0,0,4,2863.97,0.3,3302,0,CUST0052
TXN003452,1385.87,Purchase,18,2,0,0,4,3164.28,3.5,222,0,CUST0002
TXN003453,1265.18,Payment,13,5,0,0,4,5343.52,1.1,1265,0,CUST0477
TXN003454,1452.29,Withdrawal,17,4,0,0,3,1530.66,3.6,2664,0,CUST0008
TXN003455,1261.38,Withdrawal,22,0,0,0,3,2376.57,17.3,2235,0,CUST0132
TXN003456,8457.48,Purchase,13,5,0,0,2,3240.54,3.4,2333,0,CUST0193
TXN003457,2766.83,Purchase,18,0,0,0,2,1704.33,8.2,3528,0,CUST0256
TXN003458,401.08,Payment,8,4,0,0,5,360.25,4.1,2067,0,CUST0126
TXN003459,8113.9,Transfer,11,4,0,0,2,1735.35,6.2,2766,0,CUST0059
TXN003460,1895.8,Transfer,1,2,0,0,0,524.62,2.4,1215,0,CUST0065
TXN003461,4943.97,Purchase,19,6,0,0,1,1977.03,3.5,66,0,CUST0128
TXN003462,2756.67,Payment,21,0,0,0,2,1889.26,3.5,3282,0,CUST0495
TXN003463,1361.43,Payment,15,0,0,0,0,2782.73,1.4,3380,0,CUST0029
TXN003464,2128.84,Transfer,18,0,0,0,0,1638.81,5.0,703,0,CUST0044
TXN003465,1529.78,Transfer,8,2,0,0,3,1415.73,3.6,2374,0,CUST0294
TXN003466,962.13,Payment,9,6,0,1,1,801.71,17.9,129,0,CUST0217
TXN003467,10494.65,Payment,19,0,0,0,1,2094.18,10.3,3545,0,CUST0146
TXN003468,1469.51,Payment,16,4,0,0,0,598.17,3.1,528,0,CUST0460
TXN003469,3451.24,Transfer,16,4,0,0,3,6150.73,0.6,892,0,CUST0139
TXN003470,1441.55,Withdrawal,7,2,0,0,3,1387.7,0.8,1450,0,CUST0005
TXN003471,686.74,Purchase,20,5,0,0,5,2769.55,1.2,2575,0,CUST0445
TXN003472,5578.67,Transfer,19,2,0,0,0,3531.68,5.2,2804,0,CUST0135
TXN003473,3182.78,Transfer,10,4,0,0,4,841.93,1.4,287,0,CUST0443
TXN003474,1327.15,Purchase,9,4,0,0,3,2014.64,1.2,486,0,CUST0437
TXN003475,33041.02,Withdrawal,3,0,0,1,9,2298.98,25.8,33,1,CUST0293
TXN003476,325.05,Payment,14,4,0,0,2,3050.84,7.4,1144,0,CUST0491
TXN003477,35784.1,Transfer,16,6,0,0,2,3926.25,0.7,2021,0,CUST0445
TXN003478,2981.38,Purchase,17,3,0,0,3,1249.63,3.9,2829,0,CUST0419
TXN003479,1585.64,Withdrawal,7,3,0,0,2,2164.17,1.8,446,0,CUST0161
TXN003480,140.67,Purchase,11,3,0,0,3,2490.73,4.1,3274,0,CUST0201
TXN003481,4843.78,Payment,12,1,0,0,2,630.19,0.9,1242,0,CUST0401
TXN003482,1230.18,Transfer,10,2,0,0,0,5541.42,6.6,710,0,CUST0316
TXN003483,2231.88,Payment,15,0,0,0,3,1495.65,3.6,2295,0,CUST0239
TXN003484,2836.98,Payment,14,1,0,0,1,3423.57,2.9,3423,0,CUST0431
TXN003485,1770.04,Purchase,12,1,0,0,2,851.62,6.3,3129,0,CUST0451
TXN003486,1016.56,Payment,15,6,0,0,0,2492.85,6.8,2297,0,CUST0488
TXN003487,1119.35,Payment,8,0,0,0,5,1679.63,2.5,2785,0,CUST0145
TXN003488,1331.4,Transfer,14,0,0,0,2,918.17,4.7,3542,0,CUST0103
TXN003489,1252.33,Purchase,18,0,0,0,5,2230.1,5.1,235,0,CUST0333
TXN003490,4507.39,Transfer,13,5,0,0,3,2820.32,0.0,464,0,CUST0003
TXN003491,565.63,Transfer,9,6,0,0,4,1053.61,20.3,1865,0,CUST0467
TXN003492,3864.22,Payment,11,3,0,0,0,3242.84,0.4,91,0,CUST0165
TXN003493,2413.16,Withdrawal,16,0,0,0,4,525.01,0.0,3634,0,CUST0174
TXN003494,393.21,Withdrawal,15,4,0,0,2,1206.74,2.2,1824,0,CUST0454
TXN003495,1226.96,Withdrawal,9,2,0,0,3,4889.27,12.3,751,0,CUST0162
TXN003496,259.34,Payment,8,4,0,0,3,4246.45,15.7,2425,0,CUST0355
TXN003497,497.23,Purchase,11,6,0,0,1,1047.05,2.8,444,0,CUST0039
TXN003498,2453.43,Transfer,9,2,0,0,1,536.55,17.6,2041,0,CUST0462
TXN003499,916.92,Payment,10,2,0,0,1,913.06,0.3,3346,0,CUST0268
TXN003500,1612.21,Withdrawal,13,1,1,1,5,1764.77,0.8,1450,0,CUST0412
TXN003501,1555.47,Purchase,15,3,0,0,6,2306.57,5.1,1018,0,CUST0423
TXN003502,1022.8,Payment,10,5,0,0,2,2160.39,7.8,1951,0,CUST0194
TXN003503,6167.41,Payment,10,4,0,0,2,753.0,0.7,3440,0,CUST0167
TXN003504,7105.55,Payment,11,6,0,0,4,356.6,1.9,3597,0,CUST0113
TXN003505,775.27,Payment,10,2,0,0,1,3093.86,3.3,3081,0,CUST0422
TXN003506,2609.24,Transfer,12,2,0,0,1,544.68,5.7,2141,0,CUST0217
TXN003507,3569.64,Payment,12,6,0,0,3,2002.93,7.5,710,0,CUST0091
TXN003508,884.21,Transfer,10,6,0,0,3,4339.81,7.4,224,0,CUST0381
TXN003509,18354.62,Payment,13,5,0,0,0,478.16,0.2,760,0,CUST0312
TXN003510,50.0,Payment,10,3,0,0,2,1625.94,4.8,377,0,CUST0379
TXN003511,2873.51,Payment,15,5,0,0,2,964.33,4.9,2746,0,CUST0290
TXN003512,1142.66,Payment,11,0,0,0,0,1650.63,5.4,1204,0,CUST0256
TXN003513,2024.63,Purchase,20,2,0,0,5,917.83,9.3,225,0,CUST0249
TXN003514,1805.11,Payment,17,5,0,1,1,1397.76,4.3,3206,0,CUST0412
TXN003515,3139.96,Payment,17,2,0,0,1,2580.52,8.8,514,0,CUST0491
TXN003516,2758.48,Purchase,21,4,0,0,2,6240.16,0.1,430,0,CUST0490
TXN003517,180.92,Payment,11,3,0,1,3,2173.92,21.4,1853,0,CUST0062
TXN003518,3808.56,Transfer,15,2,0,0,5,1046.65,5.9,2691,0,CUST0046
TXN003519,2829.11,Transfer,17,5,0,0,3,1308.94,2.2,1361,0,CUST0411
TXN003520,1372.11,Transfer,14,3,0,0,2,1319.93,5.2,791,0,CUST0073
TXN003521,1079.18,Payment,14,1,0,0,2,2000.28,7.4,2059,0,CUST0349
TXN003522,310.81,Transfer,18,3,1,0,1,4030.21,2.0,1958,0,CUST0456
TXN003523,7327.71,Purchase,23,3,0,0,3,933.97,3.8,1034,0,CUST0308
TXN003524,615.39,Withdrawal,12,4,0,0,1,978.69,3.6,484,0,CUST0359
TXN003525,2135.89,Payment,9,6,0,0,2,846.57,7.6,1019,0,CUST0386
TXN003526,1695.72,Transfer,9,2,0,0,3,833.34,0.0,253,0,CUST0081
TXN003527,556.17,Transfer,10,6,0,0,2,5577.9,1.7,2329,0,CUST0231
TXN003528,515.93,Transfer,11,4,0,0,3,3249.27,3.9,3343,0,CUST0230
TXN003529,1322.05,Transfer,17,0,0,0,6,4463.23,21.8,1045,0,CUST0292
TXN003530,4482.89,Payment,5,6,0,0,4,991.43,1.5,2879,0,CUST0462
TXN003531,24122.46,Transfer,18,1,1,0,10,888.99,98.7,66,1,CUST0151
TXN003532,7346.72,Transfer,16,0,0,0,2,1127.6,4.1,1996,0,CUST0257
TXN003533,18097.52,Transfer,19,2,1,1,10,874.43,93.9,95,1,CUST0321
TXN003534,1242.87,Transfer,11,6,0,0,3,1700.86,14.6,2719,0,CUST0323
TXN003535,2260.07,Payment,22,6,0,0,1,931.65,9.9,1956,0,CUST0488
TXN003536,192.11,Payment,16,2,0,0,1,739.15,0.4,1130,0,CUST0087
TXN003537,1264.69,Payment,17,0,1,0,2,1021.78,2.6,236,0,CUST0156
TXN003538,350.24,Payment,13,0,0,0,5,4694.5,8.3,2558,0,CUST0208
TXN003539,3196.33,Purchase,11,5,0,0,3,744.9,5.7,2399,0,CUST0349
TXN003540,1446.35,Payment,9,6,0,0,5,1071.67,1.3,1528,0,CUST0225
TXN003541,1993.08,Transfer,15,1,0,1,3,1115.16,0.9,457,0,CUST0416
TXN003542,2052.52,Withdrawal,6,1,0,0,6,2399.34,3.8,263,0,CUST0375
TXN003543,5526.99,Payment,3,6,0,0,3,2457.45,4.2,590,0,CUST0239
TXN003544,4899.35,Transfer,8,0,0,0,7,1653.23,9.4,1040,0,CUST0023
TXN003545,949.99,Withdrawal,22,4,0,0,3,1431.51,1.8,729,0,CUST0175
TXN003546,3254.7,Payment,9,6,0,0,0,4191.9,3.2,2096,0,CUST0175
TXN003547,3464.94,Transfer,19,3,0,0,0,1421.83,9.0,1198,0,CUST0253
TXN003548,3097.76,Transfer,10,3,0,0,5,381.68,9.0,3276,0,CUST0046
TXN003549,11681.65,Transfer,12,4,0,0,4,3607.72,11.6,2890,0,CUST0117
TXN003550,963.7,Transfer,12,4,0,0,4,1276.58,7.9,1599,0,CUST0161
TXN003551,1195.81,Withdrawal,18,4,0,0,1,7125.5,4.4,1957,0,CUST0375
TXN003552,1576.57,Transfer,18,2,0,0,4,812.69,7.2,1620,0,CUST0251
TXN003553,1499.18,Payment,11,6,1,0,3,2850.45,7.9,554,0,CUST0378
TXN003554,786.77,Withdrawal,20,1,0,0,0,5823.11,8.0,404,0,CUST0426
TXN003555,3618.53,Payment,12,5,0,0,1,1238.24,1.6,744,0,CUST0225
TXN003556,1697.44,Payment,17,3,0,0,2,717.34,4.5,3604,0,CUST0294
TXN003557,2054.79,Withdrawal,10,0,0,0,1,4519.2,8.3,2542,0,CUST0451
TXN003558,5000.0,Transfer,14,1,0,1,10,980.75,87.4,49,1,CUST0162
TXN003559,865.21,Payment,21,0,0,0,2,1354.37,2.8,1178,0,CUST0177
TXN003560,1222.23,Transfer,15,5,0,0,2,6041.28,6.5,2573,0,CUST0412
TXN003561,1751.94,Purchase,18,5,0,0,2,1916.78,1.4,1567,0,CUST0392
TXN003562,452.81,Purchase,12,6,0,0,5,1425.7,7.4,3284,0,CUST0433
TXN003563,2666.24,Purchase,21,4,0,1,2,2355.88,2.7,1191,0,CUST0201
TXN003564,1556.01,Payment,23,6,0,0,1,2778.56,0.2,884,0,CUST0389
TXN003565,753.07,Transfer,20,4,0,0,2,2274.46,5.3,1351,0,CUST0159
TXN003566,4077.36,Withdrawal,17,1,0,0,3,985.59,4.6,1657,0,CUST0053
TXN003567,2853.35,Withdrawal,19,0,0,0,2,2019.69,7.5,1511,0,CUST0291
TXN003568,2121.8,Transfer,15,6,0,0,1,2938.07,5.1,2245,0,CUST0442
TXN003569,7483.86,Payment,16,2,0,0,2,2190.76,0.9,328,0,CUST0355
TXN003570,8744.43,Payment,11,1,0,0,0,1067.21,4.2,406,0,CUST0389
TXN003571,12055.65,Transfer,18,3,0,0,3,7099.38,0.9,2977,0,CUST0417
TXN003572,9026.46,Purchase,22,1,0,0,2,825.04,2.1,914,0,CUST0495
TXN003573,2125.36,Payment,12,1,0,0,1,195.78,0.1,654,0,CUST0013
TXN003574,1527.79,Transfer,9,1,0,0,2,1568.41,7.8,574,0,CUST0153
TXN003575,1212.09,Payment,13,4,0,0,1,753.43,2.1,2300,0,CUST0107
TXN003576,1110.28,Payment,10,5,0,0,2,1004.82,0.4,3104,0,CUST0024
TXN003577,2732.57,Purchase,10,4,0,0,5,5560.01,5.0,2863,0,CUST0011
TXN003578,370.19,Payment,14,4,0,0,5,336.1,4.2,2311,0,CUST0243
TXN003579,1740.81,Withdrawal,16,5,0,0,4,1873.22,3.9,1824,0,CUST0339
TXN003580,21063.57,Transfer,6,3,0,0,4,703.06,2.6,2628,0,CUST0011
TXN003581,689.04,Transfer,10,2,0,0,4,401.54,12.0,472,0,CUST0353
TXN003582,2307.22,Transfer,11,0,0,0,4,6238.19,1.1,1759,0,CUST0286
TXN003583,2301.32,Purchase,10,5,0,0,2,1056.48,11.7,2167,0,CUST0142
TXN003584,1439.58,Withdrawal,19,3,0,0,2,1864.72,3.0,1373,0,CUST0065
TXN003585,344.76,Transfer,11,3,0,0,2,509.91,7.2,1664,0,CUST0095
TXN003586,1142.49,Payment,22,2,0,0,2,934.17,11.6,1881,0,CUST0323
TXN003587,1054.06,Transfer,8,5,0,0,2,11802.89,4.1,734,0,CUST0107
TXN003588,1772.61,Payment,7,0,0,0,1,984.6,2.0,2085,0,CUST0153
TXN003589,21476.48,Withdrawal,18,2,1,0,8,345.36,51.5,203,1,CUST0409
TXN003590,2961.11,Withdrawal,17,6,0,0,2,595.73,4.4,3329,0,CUST0307
TXN003591,5453.07,Payment,16,3,0,0,1,712.77,15.1,1137,0,CUST0246
TXN003592,608.12,Payment,16,4,0,0,1,2648.58,2.4,506,0,CUST0018
TXN003593,1382.09,Payment,20,3,0,0,1,1942.31,4.9,938,0,CUST0044
TXN003594,2314.4,Withdrawal,12,5,0,0,3,579.06,3.0,2311,0,CUST0058
TXN003595,313.62,Purchase,6,6,0,0,1,2905.23,7.6,3504,0,CUST0054
TXN003596,5895.18,Purchase,16,0,0,0,4,2686.59,3.4,2142,0,CUST0290
TXN003597,1883.57,Payment,15,1,0,0,1,527.83,0.1,642,0,CUST0142
TXN003598,412.85,Payment,12,4,0,0,5,3020.34,1.0,471,0,CUST0109
TXN003599,2482.33,Purchase,12,2,0,0,3,692.09,8.5,2427,0,CUST0044
TXN003600,4052.33,Purchase,8,0,0,0,1,1996.33,3.0,1873,0,CUST0155
TXN003601,496.4,Withdrawal,19,3,0,1,1,722.1,5.5,1406,0,CUST0064
TXN003602,5045.87,Transfer,0,2,1,1,9,648.4,32.0,43,1,CUST0223
TXN003603,1575.97,Payment,17,2,0,0,1,1096.36,4.5,2305,0,CUST0299
TXN003604,988.33,Payment,14,5,0,0,3,5312.28,4.6,1981,0,CUST0386
TXN003605,2432.26,Purchase,11,5,0,0,2,1890.52,12.1,3176,0,CUST0054
TXN003606,10289.21,Withdrawal,15,3,0,0,2,4924.79,11.2,1299,0,CUST0288
TXN003607,5665.82,Withdrawal,17,5,0,0,3,1405.51,1.8,986,0,CUST0293
TXN003608,2001.46,Payment,20,2,0,0,5,6702.05,1.9,1337,0,CUST0098
TXN003609,14595.12,Transfer,11,5,0,0,4,2710.25,2.0,2644,0,CUST0122
TXN003610,1099.54,Purchase,14,3,0,0,5,4231.83,7.6,2762,0,CUST0034
TXN003611,1192.77,Transfer,12,1,0,0,4,1662.79,13.5,1950,0,CUST0478
TXN003612,2085.97,Payment,11,4,0,0,0,1238.75,26.5,1149,0,CUST0161
TXN003613,4552.85,Payment,12,4,0,0,1,934.9,1.3,1204,0,CUST0152
TXN003614,1241.43,Payment,22,3,0,0,4,1111.18,3.6,1784,0,CUST0417
TXN003615,1709.97,Payment,10,5,0,0,3,805.23,15.9,3484,0,CUST0282
TXN003616,562.36,Payment,10,4,0,0,2,630.77,1.1,3053,0,CUST0253
TXN003617,872.99,Payment,17,4,0,0,2,2725.58,0.6,3605,0,CUST0297
TXN003618,514.62,Transfer,11,0,0,0,4,2077.56,2.5,3457,0,CUST0356
TXN003619,10173.52,Payment,0,6,0,0,2,2080.92,1.9,963,0,CUST0041
TXN003620,1428.37,Payment,12,4,0,0,3,3042.12,15.5,1367,0,CUST0187
TXN003621,681.38,Transfer,17,3,0,0,3,5157.92,10.5,1334,0,CUST0006
TXN003622,995.28,Payment,17,2,0,0,4,592.18,1.6,1249,0,CUST0313
TXN003623,430.13,Transfer,12,5,0,0,5,1706.34,6.3,899,0,CUST0401
TXN003624,5000.0,Transfer,4,5,0,1,13,960.54,33.7,131,1,CUST0344
TXN003625,6386.37,Purchase,14,4,0,0,0,1031.58,5.4,992,0,CUST0016
TXN003626,5438.89,Payment,10,3,0,0,1,3271.1,10.3,623,0,CUST0044
TXN003627,7905.83,Transfer,9,6,0,0,2,454.92,6.9,2424,0,CUST0024
TXN003628,1489.72,Transfer,14,1,0,0,0,2007.53,2.8,929,0,CUST0453
TXN003629,632.31,Transfer,16,1,0,0,2,2549.27,15.3,2984,0,CUST0128
TXN003630,4991.0,Transfer,15,0,0,0,3,460.19,2.3,860,0,CUST0344
TXN003631,204.98,Withdrawal,19,5,0,0,2,1327.39,15.1,1086,0,CUST0346
TXN003632,944.48,Transfer,10,2,0,0,0,2322.28,0.1,1502,0,CUST0468
TXN003633,5161.64,Withdrawal,12,1,0,0,7,3779.7,5.0,837,0,CUST0348
TXN003634,5204.97,Withdrawal,14,4,0,0,3,2368.21,6.8,2018,0,CUST0148
TXN003635,1911.92,Purchase,17,4,0,0,7,3835.46,9.1,219,0,CUST0349
TXN003636,1203.54,Transfer,16,2,0,0,1,1216.63,3.4,1536,0,CUST0354
TXN003637,14406.01,Withdrawal,17,1,0,0,2,597.97,3.4,1867,0,CUST0249
TXN003638,1034.53,Payment,9,5,0,0,4,1572.81,8.1,863,0,CUST0307
TXN003639,1588.4,Purchase,15,1,0,0,2,4366.81,4.3,929,0,CUST0054
TXN003640,6980.34,Payment,20,3,0,0,1,915.46,12.2,121,0,CUST0412
TXN003641,4196.41,Transfer,14,2,0,0,5,5869.15,4.1,216,0,CUST0184
TXN003642,4441.15,Payment,13,6,0,0,2,1165.09,6.8,3030,0,CUST0218
TXN003643,818.5,Purchase,10,6,0,0,1,649.05,5.8,3296,0,CUST0111
TXN003644,1778.26,Withdrawal,18,0,0,0,3,1927.81,11.6,2708,0,CUST0256
TXN003645,1157.54,Payment,17,6,0,0,2,119.27,3.2,2799,0,CUST0160
TXN003646,229.27,Payment,17,5,0,0,2,2873.94,1.5,3293,0,CUST0149
TXN003647,6466.75,Purchase,20,6,0,0,2,675.27,20.4,1125,0,CUST0061
TXN003648,1549.99,Purchase,9,3,0,0,3,678.61,3.6,2945,0,CUST0210
TXN003649,373.76,Transfer,10,1,0,0,3,1971.72,2.9,3582,0,CUST0204
TXN003650,1221.13,Purchase,21,3,1,0,3,982.61,9.0,1570,0,CUST0419
TXN003651,371.97,Transfer,14,1,0,0,4,699.51,1.5,312,0,CUST0278
TXN003652,1224.24,Transfer,11,6,0,0,5,1508.16,0.4,3048,0,CUST0117
TXN003653,2520.76,Withdrawal,15,5,0,0,4,10435.07,2.4,3165,0,CUST0313
TXN003654,2122.98,Payment,18,4,0,0,4,1735.14,7.1,1606,0,CUST0349
TXN003655,1720.02,Purchase,14,4,0,0,1,4242.76,3.7,1069,0,CUST0403
TXN003656,3675.38,Transfer,19,4,0,0,2,2104.63,2.6,739,0,CUST0274
TXN003657,1332.5,Withdrawal,11,2,0,0,1,1841.17,8.4,2154,0,CUST0312
TXN003658,4178.74,Transfer,0,1,0,0,4,624.01,3.9,2249,0,CUST0274
TXN003659,781.42,Transfer,15,2,0,0,5,1615.31,1.5,452,0,CUST0448
TXN003660,10177.8,Purchase,19,3,0,0,4,1238.62,3.5,2518,0,CUST0428
TXN003661,2820.31,Purchase,14,5,1,0,2,2848.98,11.6,1447,0,CUST0317
TXN003662,5470.26,Transfer,17,6,0,0,5,6189.6,4.9,3063,0,CUST0047
TXN003663,1258.47,Transfer,16,0,0,0,3,5018.13,9.6,2063,0,CUST0177
TXN003664,2423.16,Payment,17,0,0,0,6,1910.6,1.5,474,0,CUST0464
TXN003665,1110.73,Payment,17,4,0,0,3,1261.11,3.8,2530,0,CUST0364
TXN003666,1923.07,Transfer,20,6,0,0,2,1220.98,2.5,544,0,CUST0122
TXN003667,2852.32,Payment,19,3,0,0,2,5152.91,1.5,1858,0,CUST0187
TXN003668,831.0,Payment,8,6,0,0,1,6635.25,2.7,142,0,CUST0312
TXN003669,1696.99,Withdrawal,19,5,0,0,2,4415.7,5.7,2959,0,CUST0083
TXN003670,2882.55,Transfer,23,5,0,0,3,2545.62,4.2,3270,0,CUST0177
TXN003671,3785.04,Withdrawal,12,3,0,0,1,560.23,25.1,480,0,CUST0500
TXN003672,88.28,Transfer,10,5,0,0,2,8017.02,3.6,3380,0,CUST0393
TXN003673,4369.19,Payment,15,0,0,0,1,1581.15,7.6,2286,0,CUST0033
TXN003674,4699.94,Transfer,12,5,0,0,2,552.64,3.9,564,0,CUST0440
TXN003675,1966.14,Purchase,13,0,0,0,2,1141.41,9.6,2002,0,CUST0333
TXN003676,8723.14,Withdrawal,11,5,0,0,1,266.83,1.1,1660,0,CUST0203
TXN003677,3198.66,Payment,10,4,0,0,1,1659.74,11.1,1340,0,CUST0253
TXN003678,3070.8,Payment,10,4,0,0,3,1453.45,3.7,3037,0,CUST0481
TXN003679,588.32,Purchase,19,5,0,0,0,514.75,14.6,2734,0,CUST0485
TXN003680,604.09,Withdrawal,18,3,0,0,5,3959.64,11.9,1372,0,CUST0286
TXN003681,12061.42,Payment,18,3,0,0,3,1469.71,4.6,408,0,CUST0487
TXN003682,14664.69,Payment,11,3,0,0,2,1280.83,8.4,3214,0,CUST0302
TXN003683,2544.66,Payment,11,5,0,0,1,1485.91,7.9,212,0,CUST0393
TXN003684,917.51,Purchase,10,3,0,0,3,1134.27,0.2,494,0,CUST0279
TXN003685,1015.95,Transfer,17,5,0,0,2,2533.61,7.0,3554,0,CUST0088
TXN003686,2239.44,Purchase,21,3,0,0,0,2786.46,8.3,605,0,CUST0096
TXN003687,3014.54,Payment,11,4,0,0,7,1792.81,6.3,2229,0,CUST0113
TXN003688,6307.56,Payment,12,0,0,0,1,1412.3,0.4,436,0,CUST0486
TXN003689,7045.67,Purchase,19,3,0,0,5,1823.53,3.3,1000,0,CUST0004
TXN003690,2647.17,Payment,18,3,0,0,3,954.75,16.5,1339,0,CUST0044
TXN003691,5281.31,Transfer,19,6,0,0,1,3213.08,4.5,3187,0,CUST0169
TXN003692,669.9,Purchase,5,5,0,0,4,7348.13,2.2,2512,0,CUST0302
TXN003693,4410.93,Transfer,17,3,0,0,2,1289.72,12.9,790,0,CUST0283
TXN003694,16152.06,Payment,10,3,0,1,3,3786.19,17.4,1615,0,CUST0395
TXN003695,496.14,Withdrawal,16,4,0,0,1,548.43,3.3,981,0,CUST0085
TXN003696,2298.18,Payment,10,1,0,1,5,12197.48,8.3,1130,0,CUST0206
TXN003697,1290.67,Withdrawal,14,6,0,0,1,4845.76,1.2,3159,0,CUST0338
TXN003698,2734.76,Transfer,7,5,0,0,1,2555.34,13.0,289,0,CUST0381
TXN003699,1556.29,Payment,14,1,0,0,2,3192.85,14.6,822,0,CUST0088
TXN003700,3379.58,Transfer,13,6,1,0,1,1611.5,8.5,3165,0,CUST0148
TXN003701,307.82,Withdrawal,16,2,0,0,1,3203.71,0.4,1811,0,CUST0105
TXN003702,2883.24,Withdrawal,16,1,0,0,2,2083.06,8.4,997,0,CUST0218
TXN003703,561.09,Payment,8,4,0,0,3,1956.11,2.5,731,0,CUST0031
TXN003704,1310.76,Payment,12,5,0,0,2,488.98,4.5,436,0,CUST0372
TXN003705,973.48,Transfer,6,3,0,0,5,1689.53,0.5,2597,0,CUST0208
TXN003706,2093.92,Payment,21,1,0,0,3,672.49,4.3,1339,0,CUST0297
TXN003707,1576.07,Withdrawal,8,2,0,0,4,2185.3,0.5,2108,0,CUST0048
TXN003708,298.28,Purchase,19,3,0,0,2,563.61,1.0,2682,0,CUST0490
TXN003709,737.77,Purchase,16,0,0,0,2,2167.12,8.1,3028,0,CUST0487
TXN003710,1081.29,Withdrawal,17,1,0,0,0,2846.75,19.4,3131,0,CUST0275
TXN003711,1655.13,Withdrawal,15,3,1,0,1,2595.15,3.3,1711,0,CUST0455
TXN003712,1734.59,Purchase,12,3,0,0,3,1538.99,1.0,1495,0,CUST0436
TXN003713,1202.22,Withdrawal,13,3,0,0,1,1207.55,22.9,2332,0,CUST0144
TXN003714,704.47,Transfer,18,5,0,0,0,2261.17,4.8,2048,0,CUST0408
TXN003715,1450.96,Withdrawal,19,2,0,0,3,3080.2,1.9,3367,0,CUST0198
TXN003716,4105.81,Purchase,7,1,0,0,2,5561.22,0.0,487,0,CUST0488
TXN003717,1068.88,Payment,8,0,0,0,1,4357.31,11.3,3349,0,CUST0336
TXN003718,2894.33,Payment,18,4,0,0,3,7275.68,0.3,1013,0,CUST0249
TXN003719,881.47,Payment,16,4,0,0,5,6381.05,2.3,3246,0,CUST0100
TXN003720,686.53,Payment,10,3,0,0,2,7670.23,13.9,1976,0,CUST0167
TXN003721,981.04,Withdrawal,17,6,0,0,0,757.91,0.8,1360,0,CUST0399
TXN003722,6042.11,Payment,20,0,0,0,4,395.25,6.4,2165,0,CUST0232
TXN003723,3755.43,Transfer,17,1,0,0,5,811.24,0.7,221,0,CUST0242
TXN003724,1630.33,Transfer,17,0,0,0,3,9344.25,1.4,1611,0,CUST0260
TXN003725,9274.89,Payment,15,4,0,0,7,666.1,1.5,1427,0,CUST0440
TXN003726,3072.8,Transfer,18,4,0,0,3,4915.05,6.9,891,0,CUST0002
TXN003727,96.6,Transfer,9,5,0,0,2,1045.27,1.7,3270,0,CUST0334
TXN003728,1193.67,Transfer,5,6,1,0,2,3614.23,1.5,693,0,CUST0384
TXN003729,641.65,Transfer,14,2,0,0,3,1239.23,0.4,2798,0,CUST0124
TXN003730,1146.91,Payment,14,6,0,0,3,3336.63,3.5,103,0,CUST0406
TXN003731,8861.23,Payment,10,3,0,0,2,1643.25,4.7,1098,0,CUST0066
TXN003732,953.22,Transfer,21,4,0,0,1,959.84,2.9,3426,0,CUST0020
TXN003733,865.43,Payment,16,0,1,0,3,458.62,2.8,1834,0,CUST0004
TXN003734,8942.21,Withdrawal,14,1,0,0,1,1221.49,1.0,2076,0,CUST0244
TXN003735,8333.44,Payment,13,5,0,0,2,3646.1,3.0,550,0,CUST0226
TXN003736,396.28,Transfer,10,1,0,0,1,4571.38,17.8,274,0,CUST0338
TXN003737,1145.16,Purchase,10,0,0,0,2,819.14,4.6,2673,0,CUST0370
TXN003738,6221.6,Purchase,22,1,0,0,4,2170.56,2.7,2298,0,CUST0176
TXN003739,263.6,Transfer,15,5,0,0,3,818.73,0.2,1252,0,CUST0183
TXN003740,911.88,Payment,17,2,1,0,4,2846.51,10.6,2353,0,CUST0239
TXN003741,191.16,Payment,9,4,0,0,3,1719.11,1.9,1848,0,CUST0497
TXN003742,2079.02,Payment,9,4,0,0,5,3756.45,13.9,3578,0,CUST0340
TXN003743,411.81,Purchase,18,0,0,0,6,2266.54,2.5,2497,0,CUST0090
TXN003744,2418.65,Payment,10,4,0,0,2,764.74,4.3,1559,0,CUST0071
TXN003745,1397.76,Payment,8,2,0,0,1,2474.5,0.7,3402,0,CUST0054
TXN003746,717.41,Withdrawal,9,2,0,0,2,745.02,0.9,952,0,CUST0339
TXN003747,2507.58,Withdrawal,23,3,0,0,0,1054.94,6.8,1873,0,CUST0024
TXN003748,944.83,Withdrawal,21,5,0,0,2,1930.54,2.6,3467,0,CUST0395
TXN003749,4510.11,Payment,21,2,0,0,3,1766.11,10.6,219,0,CUST0400
TXN003750,1494.51,Withdrawal,15,2,0,0,3,804.59,2.7,2625,0,CUST0065
TXN003751,3323.37,Withdrawal,14,5,0,0,5,3056.59,0.3,3509,0,CUST0484
TXN003752,648.09,Transfer,15,2,0,0,0,811.95,8.7,1255,0,CUST0476
TXN003753,7141.36,Purchase,8,0,0,0,1,922.92,0.7,712,0,CUST0013
TXN003754,4290.12,Payment,17,1,0,0,4,1506.28,0.6,1285,0,CUST0459
TXN003755,2921.43,Transfer,11,2,0,0,4,1653.07,5.2,2673,0,CUST0246
TXN003756,2245.0,Payment,16,0,0,0,2,5209.18,0.0,1468,0,CUST0006
TXN003757,568.26,Withdrawal,13,0,0,0,1,1283.06,0.3,2073,0,CUST0251
TXN003758,265.4,Transfer,20,1,0,0,0,2262.75,2.0,1740,0,CUST0350
TXN003759,1369.89,Purchase,8,2,0,0,3,1766.9,0.6,3442,0,CUST0180
TXN003760,7802.93,Payment,17,0,0,0,2,962.42,2.7,111,0,CUST0314
TXN003761,1594.87,Transfer,18,4,0,0,0,799.43,13.3,1988,0,CUST0101
TXN003762,14843.2,Withdrawal,10,0,0,0,3,3634.72,0.9,900,0,CUST0034
TXN003763,2601.83,Purchase,13,0,0,0,6,645.9,3.7,3432,0,CUST0178
TXN003764,4950.07,Withdrawal,18,0,0,0,3,1759.66,1.1,1368,0,CUST0284
TXN003765,3528.59,Purchase,13,0,0,0,0,521.27,5.7,2954,0,CUST0201
TXN003766,1604.14,Transfer,17,3,0,0,1,765.41,4.5,1714,0,CUST0479
TXN003767,1943.09,Purchase,17,6,0,0,1,1043.25,2.6,1213,0,CUST0326
TXN003768,975.3,Payment,13,4,0,0,5,2382.02,10.5,1044,0,CUST0060
TXN003769,1064.79,Payment,11,4,0,0,6,605.36,0.5,2061,0,CUST0314
TXN003770,409.91,Transfer,15,0,0,0,5,1527.92,4.1,2828,0,CUST0198
TXN003771,4733.15,Transfer,16,2,0,0,3,1135.64,2.1,2951,0,CUST0228
TXN003772,1600.79,Transfer,20,3,0,0,1,6790.37,5.7,568,0,CUST0276
TXN003773,834.79,Transfer,10,1,1,0,4,2257.78,4.2,3370,0,CUST0424
TXN003774,3080.64,Transfer,11,3,0,0,3,3003.34,7.2,235,0,CUST0480
TXN003775,1877.23,Payment,23,1,0,0,0,719.52,3.4,917,0,CUST0190
TXN003776,1984.13,Payment,10,6,0,0,4,1580.04,0.3,1117,0,CUST0111
TXN003777,619.52,Purchase,15,1,0,0,4,731.4,16.4,197,0,CUST0113
TXN003778,1077.33,Withdrawal,8,6,0,0,0,949.92,3.4,2153,0,CUST0224
TXN003779,956.97,Transfer,16,6,0,0,1,1878.45,3.2,1363,0,CUST0389
TXN003780,304.94,Transfer,5,4,0,0,4,1262.68,2.5,1685,0,CUST0294
TXN003781,1704.93,Purchase,19,4,0,0,1,2199.87,0.1,2568,0,CUST0485
TXN003782,5821.4,Payment,11,0,0,0,2,1483.33,5.6,1887,0,CUST0010
TXN003783,1041.21,Purchase,22,5,0,0,2,1125.67,10.2,2542,0,CUST0357
TXN003784,11940.46,Purchase,10,5,0,0,3,983.15,12.0,1737,0,CUST0111
TXN003785,947.45,Withdrawal,9,3,0,0,1,1704.27,1.6,1051,0,CUST0194
TXN003786,4562.71,Transfer,14,4,0,0,3,1840.96,0.3,2308,0,CUST0455
TXN003787,14154.83,Transfer,15,0,0,1,2,5052.23,4.5,1446,0,CUST0075
TXN003788,661.15,Payment,4,1,0,0,5,728.2,1.5,1172,0,CUST0193
TXN003789,6296.46,Transfer,16,6,0,0,2,5790.49,5.6,3135,0,CUST0206
TXN003790,2409.87,Transfer,9,6,0,0,6,1982.69,1.8,831,0,CUST0085
TXN003791,4699.92,Payment,19,0,0,0,1,3287.43,2.9,2017,0,CUST0006
TXN003792,2122.8,Payment,18,1,0,0,3,3215.92,1.0,602,0,CUST0112
TXN003793,2761.44,Transfer,21,2,0,0,1,6184.65,10.2,3146,0,CUST0218
TXN003794,2047.32,Withdrawal,7,3,0,0,4,3816.54,0.5,2312,0,CUST0017
TXN003795,939.39,Transfer,9,6,0,0,0,2207.59,3.9,516,0,CUST0026
TXN003796,11661.51,Purchase,9,1,0,0,2,1080.84,3.4,2492,0,CUST0135
TXN003797,2802.91,Payment,22,4,0,0,3,4122.86,7.7,1525,0,CUST0304
TXN003798,19313.07,Withdrawal,4,4,0,1,12,1130.96,18.1,326,1,CUST0193
TXN003799,2511.82,Payment,10,1,0,0,2,1659.38,5.0,3031,0,CUST0079
TXN003800,2225.78,Transfer,9,4,0,0,3,3003.55,0.6,2127,0,CUST0095
TXN003801,1994.34,Purchase,9,3,0,0,1,1369.82,3.7,2048,0,CUST0164
TXN003802,9595.69,Purchase,18,0,0,0,2,1773.98,16.9,223,0,CUST0070
TXN003803,4046.37,Payment,11,4,0,0,1,8152.23,7.5,1075,0,CUST0275
TXN003804,528.73,Withdrawal,18,2,0,0,2,439.08,4.8,2818,0,CUST0256
TXN003805,2944.11,Purchase,16,5,0,0,3,1236.2,3.8,2188,0,CUST0262
TXN003806,7436.74,Withdrawal,10,4,0,0,2,3299.77,5.5,548,0,CUST0286
TXN003807,3026.15,Transfer,9,0,0,0,0,1774.54,0.5,867,0,CUST0163
TXN003808,2611.34,Purchase,7,3,0,0,2,3219.85,22.1,3444,0,CUST0237
TXN003809,774.0,Transfer,19,3,0,0,3,1258.62,12.1,1002,0,CUST0185
TXN003810,645.5,Transfer,20,2,0,0,3,576.06,2.3,172,0,CUST0273
TXN003811,493.57,Withdrawal,16,2,0,0,2,483.36,8.4,1615,0,CUST0336
TXN003812,1859.98,Transfer,14,2,0,0,2,695.61,0.8,2867,0,CUST0190
TXN003813,1282.81,Payment,18,5,0,0,5,4809.49,3.7,3338,0,CUST0010
TXN003814,5060.17,Payment,0,3,0,1,2,2575.23,0.5,472,0,CUST0100
TXN003815,9110.77,Payment,12,6,0,0,1,996.48,5.4,1465,0,CUST0365
TXN003816,1387.62,Transfer,11,5,1,0,3,354.99,0.8,914,0,CUST0146
TXN003817,1427.32,Payment,19,5,0,0,1,1042.51,1.0,1557,0,CUST0074
TXN003818,6950.52,Transfer,8,0,0,0,3,865.0,11.4,3287,0,CUST0244
TXN003819,850.68,Payment,17,2,0,1,4,4753.28,2.8,1621,0,CUST0101
TXN003820,770.09,Transfer,19,6,0,0,5,1660.5,0.4,3002,0,CUST0132
TXN003821,719.49,Payment,16,4,0,0,3,957.08,9.7,2090,0,CUST0252
TXN003822,2282.93,Payment,15,5,0,0,6,3919.65,11.2,3046,0,CUST0456
TXN003823,16479.22,Transfer,10,5,0,0,1,1409.57,3.2,604,0,CUST0280
TXN003824,1330.02,Payment,16,4,0,0,4,3966.5,1.5,2628,0,CUST0320
TXN003825,1602.65,Payment,16,0,0,0,4,1530.9,2.3,2176,0,CUST0239
TXN003826,5157.03,Transfer,20,0,0,0,0,3330.75,8.4,963,0,CUST0098
TXN003827,1102.17,Purchase,11,4,0,0,1,1331.85,6.5,2813,0,CUST0332
TXN003828,1916.41,Transfer,9,2,0,0,2,1489.11,7.0,53,0,CUST0344
TXN003829,2474.33,Purchase,20,5,0,0,1,3382.71,5.3,1928,0,CUST0122
TXN003830,4026.7,Payment,12,2,0,0,2,930.32,11.9,937,0,CUST0298
TXN003831,2203.22,Payment,13,3,0,0,1,6171.36,16.3,2607,0,CUST0492
TXN003832,245.13,Withdrawal,10,3,0,0,5,1816.42,12.1,2395,0,CUST0155
TXN003833,2620.57,Purchase,17,2,0,0,6,456.59,0.2,2280,0,CUST0185
TXN003834,765.39,Payment,12,1,0,0,0,1864.56,1.3,2765,0,CUST0166
TXN003835,3771.14,Transfer,14,4,0,0,3,677.82,19.3,965,0,CUST0052
TXN003836,7383.0,Purchase,16,6,0,0,2,1565.91,2.8,2508,0,CUST0209
TXN003837,910.02,Purchase,11,4,0,0,3,7096.37,8.6,3052,0,CUST0370
TXN003838,2061.24,Purchase,15,5,0,0,4,606.2,5.7,189,0,CUST0016
TXN003839,7075.02,Withdrawal,11,1,0,0,2,278.24,2.1,2099,0,CUST0303
TXN003840,3151.12,Payment,13,3,0,0,5,2466.94,2.3,3246,0,CUST0297
TXN003841,2222.44,Purchase,12,2,0,0,1,3685.25,10.0,2322,0,CUST0027
TXN003842,3518.97,Withdrawal,8,4,0,0,2,1312.36,4.6,816,0,CUST0099
TXN003843,2534.54,Purchase,18,3,0,0,4,342.67,0.7,2604,0,CUST0433
TXN003844,800.42,Withdrawal,10,0,0,0,5,1248.51,11.2,572,0,CUST0026
TXN003845,372.19,Payment,15,5,0,0,3,5958.23,1.3,2338,0,CUST0496
TXN003846,4081.22,Payment,12,2,0,0,8,1104.18,3.9,3016,0,CUST0438
TXN003847,504.56,Withdrawal,11,3,0,0,3,7941.17,5.9,915,0,CUST0390
TXN003848,2444.75,Transfer,13,2,0,0,3,932.67,4.8,77,0,CUST0365
TXN003849,1121.69,Purchase,12,0,0,0,6,2454.93,33.6,1701,0,CUST0110
TXN003850,1682.42,Transfer,11,1,0,0,4,1589.88,7.5,2195,0,CUST0385
TXN003851,4273.48,Purchase,17,3,1,1,3,643.7,4.0,1098,0,CUST0484
TXN003852,2017.06,Purchase,12,4,0,0,3,5082.86,5.0,1260,0,CUST0019
TXN003853,2210.78,Purchase,10,6,0,0,4,2413.97,13.2,3067,0,CUST0244
TXN003854,1424.95,Transfer,17,0,0,0,2,867.4,2.2,3330,0,CUST0290
TXN003855,3196.34,Payment,12,5,0,0,1,10905.69,8.6,2226,0,CUST0134
TXN003856,6113.13,Payment,17,1,0,0,2,2410.5,0.1,1193,0,CUST0069
TXN003857,3671.5,Transfer,15,3,0,0,2,2695.96,0.7,1177,0,CUST0167
TXN003858,1703.34,Payment,15,4,0,0,2,1113.82,2.6,3620,0,CUST0287
TXN003859,1339.86,Transfer,11,6,0,0,2,2034.5,0.9,2392,0,CUST0423
TXN003860,1174.44,Purchase,11,0,0,0,2,8642.46,7.1,3389,0,CUST0106
TXN003861,1105.93,Purchase,11,5,0,0,4,2629.06,3.6,602,0,CUST0135
TXN003862,11873.03,Payment,16,5,0,0,3,5975.48,6.5,2425,0,CUST0119
TXN003863,1764.82,Payment,11,1,0,0,5,3279.97,3.4,2718,0,CUST0005
TXN003864,555.12,Purchase,12,5,0,0,4,6087.78,4.9,1506,0,CUST0099
TXN003865,2861.73,Payment,17,4,0,0,5,682.63,16.5,1447,0,CUST0028
TXN003866,8864.76,Payment,18,1,0,0,1,3520.35,17.0,1288,0,CUST0091
TXN003867,1398.21,Purchase,14,0,0,0,3,693.9,4.1,1240,0,CUST0070
TXN003868,3742.95,Payment,13,2,0,0,6,4040.81,2.6,2728,0,CUST0040
TXN003869,7173.45,Withdrawal,13,1,0,0,0,748.01,18.1,1038,0,CUST0018
TXN003870,1706.32,Payment,6,4,0,0,2,1995.96,6.3,3118,0,CUST0401
TXN003871,2139.29,Transfer,11,0,0,1,6,453.45,6.7,2767,0,CUST0375
TXN003872,2959.82,Transfer,14,3,0,0,5,4316.08,9.8,2857,0,CUST0257
TXN003873,763.79,Transfer,0,3,0,0,6,946.26,2.7,51,0,CUST0275
TXN003874,3157.1,Purchase,12,5,1,0,4,3245.46,3.3,1267,0,CUST0133
TXN003875,1493.83,Payment,16,3,0,0,2,1394.0,0.6,2601,0,CUST0330
TXN003876,148.5,Withdrawal,18,4,0,0,2,966.04,2.9,2365,0,CUST0330
TXN003877,5029.4,Payment,17,4,0,0,2,10312.14,6.4,1786,0,CUST0216
TXN003878,18099.48,Withdrawal,9,3,0,0,2,2799.22,9.8,3451,0,CUST0444
TXN003879,16060.16,Withdrawal,11,4,0,0,0,5522.26,14.2,1612,0,CUST0130
TXN003880,1337.02,Payment,13,4,1,0,4,2639.59,10.3,876,0,CUST0395
TXN003881,3436.82,Purchase,23,0,0,0,2,3554.76,0.2,3638,0,CUST0260
TXN003882,856.69,Withdrawal,8,2,0,1,0,2371.91,20.2,314,0,CUST0087
TXN003883,39296.11,Transfer,18,2,0,0,0,5571.48,2.9,2494,0,CUST0327
TXN003884,3107.15,Payment,1,3,0,0,1,1305.07,12.9,3333,0,CUST0207
TXN003885,1136.17,Transfer,11,2,0,0,2,1715.0,1.0,2285,0,CUST0279
TXN003886,1627.88,Payment,18,4,0,0,2,1150.21,1.5,3161,0,CUST0035
TXN003887,443.38,Transfer,10,1,0,0,1,1263.39,0.6,234,0,CUST0459
TXN003888,853.71,Payment,17,4,0,0,2,4569.66,8.7,489,0,CUST0167
TXN003889,16423.51,Transfer,20,4,0,1,0,1995.28,0.1,3479,0,CUST0031
TXN003890,1486.09,Payment,17,0,0,0,3,4876.2,2.8,3528,0,CUST0130
TXN003891,604.34,Transfer,16,3,1,0,1,3711.64,4.0,1579,0,CUST0138
TXN003892,1696.76,Withdrawal,18,1,0,0,1,675.41,0.1,1816,0,CUST0432
TXN003893,3453.68,Payment,15,2,0,0,1,267.68,34.2,2079,0,CUST0261
TXN003894,815.55,Transfer,15,2,0,0,3,2823.7,4.4,3310,0,CUST0076
TXN003895,3765.17,Withdrawal,12,4,0,0,6,753.68,1.4,1650,0,CUST0210
TXN003896,6003.39,Transfer,14,6,0,0,5,745.57,10.4,481,0,CUST0028
TXN003897,1386.81,Payment,19,5,0,0,3,2004.39,3.0,2314,0,CUST0136
TXN003898,3591.6,Purchase,14,1,0,0,2,1566.32,0.6,1910,0,CUST0324
TXN003899,1676.27,Purchase,13,1,0,1,0,1444.41,3.3,3491,0,CUST0209
TXN003900,2245.51,Payment,10,1,0,0,4,957.61,6.1,1707,0,CUST0093
TXN003901,1143.64,Purchase,16,0,0,0,3,1051.24,9.9,1975,0,CUST0393
TXN003902,353.78,Payment,7,5,0,0,2,246.01,16.2,2335,0,CUST0014
TXN003903,2673.46,Payment,17,3,0,0,0,9198.14,8.7,1872,0,CUST0296
TXN003904,18177.07,Withdrawal,10,0,0,0,1,7802.14,0.3,2838,0,CUST0125
TXN003905,5295.06,Withdrawal,18,4,0,0,2,3182.74,6.4,3085,0,CUST0137
TXN003906,555.92,Withdrawal,9,1,0,0,2,2596.77,0.4,2578,0,CUST0358
TXN003907,1360.82,Purchase,15,3,0,0,5,876.7,6.9,754,0,CUST0265
TXN003908,253.06,Transfer,10,0,0,0,6,1971.12,0.8,1612,0,CUST0244
TXN003909,1212.25,Withdrawal,18,5,0,0,2,300.15,1.2,2208,0,CUST0180
TXN003910,6606.91,Purchase,23,2,0,0,2,3321.04,4.8,3374,0,CUST0041
TXN003911,553.34,Payment,2,5,0,0,2,4500.88,0.2,2322,0,CUST0267
TXN003912,1458.38,Purchase,15,4,0,0,4,1669.24,2.3,957,0,CUST0278
TXN003913,2774.82,Payment,19,2,0,0,3,2367.76,3.5,285,0,CUST0489
TXN003914,1590.94,Payment,16,5,0,0,3,1229.84,1.3,1936,0,CUST0301
TXN003915,3589.82,Transfer,20,4,0,0,1,3445.63,0.2,1046,0,CUST0251
TXN003916,200.84,Withdrawal,19,2,0,1,2,1715.66,0.5,2521,0,CUST0027
TXN003917,1230.26,Transfer,9,0,0,0,2,1522.93,8.1,3626,0,CUST0478
TXN003918,1079.33,Payment,11,5,0,0,3,6408.95,0.3,71,0,CUST0134
TXN003919,3700.93,Transfer,15,6,0,0,2,3528.79,0.9,1754,0,CUST0353
TXN003920,1897.11,Transfer,15,1,0,0,3,2343.6,3.3,869,0,CUST0253
TXN003921,9473.07,Transfer,10,3,0,0,0,6884.41,9.3,1853,0,CUST0278
TXN003922,469.57,Transfer,12,5,0,0,3,2394.6,0.8,1138,0,CUST0282
TXN003923,454.59,Payment,10,0,0,0,4,2185.96,2.9,1538,0,CUST0198
TXN003924,1856.05,Purchase,13,0,0,0,3,285.67,8.3,3540,0,CUST0353
TXN003925,18300.04,Transfer,12,1,0,0,2,1289.45,0.2,433,0,CUST0330
TXN003926,1653.74,Withdrawal,15,4,0,0,2,1782.72,5.3,2657,0,CUST0101
TXN003927,402.23,Transfer,11,0,0,0,4,897.05,0.1,2953,0,CUST0321
TXN003928,1128.86,Withdrawal,11,5,0,0,5,1707.08,2.9,276,0,CUST0492
TXN003929,2100.93,Purchase,8,6,0,0,2,919.01,0.7,1697,0,CUST0271
TXN003930,3379.87,Purchase,9,1,0,0,3,1779.66,4.2,2463,0,CUST0087
TXN003931,3144.43,Payment,12,1,0,0,2,935.86,6.3,449,0,CUST0076
TXN003932,5000.0,Transfer,8,3,1,1,11,820.54,27.3,32,1,CUST0210
TXN003933,2743.79,Transfer,9,3,0,0,5,16233.33,4.7,2577,0,CUST0239
TXN003934,6042.27,Transfer,9,2,0,0,2,5861.99,2.8,1880,0,CUST0113
TXN003935,1134.35,Purchase,18,0,0,0,3,1810.44,0.9,3243,0,CUST0272
TXN003936,1346.07,Withdrawal,16,1,0,0,4,2354.21,0.1,3029,0,CUST0347
TXN003937,802.28,Payment,13,3,0,0,2,449.35,2.2,322,0,CUST0184
TXN003938,9003.39,Payment,12,3,0,0,1,8185.36,2.2,1134,0,CUST0304
TXN003939,5014.24,Payment,11,2,0,0,5,410.35,6.6,1692,0,CUST0092
TXN003940,713.72,Payment,0,1,0,0,5,1544.56,4.1,1969,0,CUST0009
TXN003941,1262.74,Transfer,9,6,0,0,3,1108.15,5.1,1053,0,CUST0340
TXN003942,9891.55,Payment,11,0,0,0,1,734.64,5.6,1598,0,CUST0481
TXN003943,602.8,Transfer,8,0,0,0,2,4015.68,5.2,1500,0,CUST0185
TXN003944,4282.93,Purchase,16,1,0,0,8,6334.65,5.4,3397,0,CUST0410
TXN003945,1844.56,Payment,14,6,0,0,1,990.18,4.3,3373,0,CUST0029
TXN003946,1441.62,Payment,12,4,0,0,1,958.87,7.7,2559,0,CUST0349
TXN003947,131.0,Withdrawal,10,3,0,0,1,2035.05,1.2,2025,0,CUST0065
TXN003948,2112.26,Withdrawal,8,2,0,0,7,881.88,1.0,2071,0,CUST0465
TXN003949,5000.0,Withdrawal,21,3,1,1,11,2365.41,235.8,27,1,CUST0044
TXN003950,1974.31,Payment,17,0,0,0,2,6477.37,7.9,1863,0,CUST0128
TXN003951,321.9,Transfer,13,4,1,0,5,13256.14,1.5,1431,0,CUST0145
TXN003952,2056.21,Transfer,11,2,0,0,3,1184.34,2.2,3447,0,CUST0480
TXN003953,216.87,Withdrawal,9,5,0,0,4,597.29,3.6,3003,0,CUST0273
TXN003954,8277.66,Purchase,23,3,0,0,6,857.39,5.3,2837,0,CUST0421
TXN003955,1125.32,Transfer,10,3,0,0,3,1414.68,11.0,188,0,CUST0332
TXN003956,3151.41,Purchase,16,6,0,0,5,1126.88,1.9,3636,0,CUST0267
TXN003957,1220.07,Purchase,18,1,0,0,3,6490.56,3.5,2160,0,CUST0156
TXN003958,1678.5,Payment,19,3,0,0,0,5513.21,25.4,2446,0,CUST0213
TXN003959,2264.85,Withdrawal,21,0,0,0,2,2008.61,0.4,2676,0,CUST0322
TXN003960,2747.37,Transfer,21,2,0,0,3,30000.0,2.5,356,0,CUST0057
TXN003961,1905.55,Purchase,8,2,0,0,4,1810.16,3.1,2364,0,CUST0404
TXN003962,1293.62,Purchase,11,5,0,0,2,4139.51,3.3,509,0,CUST0148
TXN003963,4445.29,Transfer,11,6,0,0,3,982.02,7.2,3388,0,CUST0420
TXN003964,5751.66,Payment,10,5,0,0,1,2312.73,2.0,3304,0,CUST0127
TXN003965,1327.15,Payment,12,2,0,1,2,3839.87,1.2,254,0,CUST0497
TXN003966,769.84,Payment,16,4,0,0,1,6938.17,1.4,1805,0,CUST0240
TXN003967,1206.69,Payment,9,0,0,0,3,1224.66,9.9,428,0,CUST0481
TXN003968,345.54,Withdrawal,19,5,0,0,2,1139.96,9.3,86,0,CUST0081
TXN003969,2632.52,Purchase,15,3,1,0,5,5060.14,9.8,250,0,CUST0053
TXN003970,1230.35,Payment,6,0,0,0,2,711.04,23.8,1722,0,CUST0273
TXN003971,20658.29,Payment,18,1,1,1,12,1660.11,25.3,154,1,CUST0467
TXN003972,2564.84,Transfer,11,5,0,0,4,374.78,2.5,1883,0,CUST0069
TXN003973,12410.35,Transfer,20,5,0,0,0,1462.82,1.7,1659,0,CUST0270
TXN003974,2374.21,Withdrawal,15,6,0,0,4,979.05,1.7,437,0,CUST0398
TXN003975,546.45,Payment,17,6,0,0,4,1005.43,1.3,861,0,CUST0423
TXN003976,355.85,Purchase,11,5,0,0,2,5544.39,5.9,2240,0,CUST0336
TXN003977,2273.32,Transfer,11,0,0,0,3,1830.62,4.7,927,0,CUST0369
TXN003978,3701.86,Payment,18,2,1,0,2,1585.8,6.6,3616,0,CUST0260
TXN003979,1695.82,Withdrawal,9,2,0,0,2,5386.63,1.1,2231,0,CUST0394
TXN003980,3508.14,Transfer,21,3,0,0,2,854.58,0.3,3040,0,CUST0435
TXN003981,904.24,Payment,19,5,0,0,3,2268.11,1.4,3144,0,CUST0024
TXN003982,2852.37,Payment,18,4,0,0,5,696.69,2.4,3604,0,CUST0414
TXN003983,2623.08,Payment,10,0,0,0,3,3588.61,10.8,1422,0,CUST0287
TXN003984,450.24,Purchase,17,1,0,0,1,3032.46,2.2,729,0,CUST0302
TXN003985,423.59,Payment,8,5,0,0,3,1131.31,8.7,1246,0,CUST0253
TXN003986,1595.31,Payment,15,3,0,0,1,647.44,0.2,3261,0,CUST0280
TXN003987,417.81,Purchase,19,1,0,0,4,3450.69,2.2,1863,0,CUST0446
TXN003988,1435.21,Payment,14,2,0,0,1,1118.54,13.6,3468,0,CUST0219
TXN003989,1520.89,Purchase,9,5,0,0,1,1536.94,7.2,1594,0,CUST0416
TXN003990,41143.32,Transfer,7,6,0,1,10,671.91,26.7,322,1,CUST0392
TXN003991,4655.89,Payment,10,6,0,0,2,1699.37,10.4,1905,0,CUST0221
TXN003992,6737.93,Transfer,20,5,0,0,3,1828.68,0.0,3600,0,CUST0208
TXN003993,2597.88,Withdrawal,20,6,0,0,1,496.84,15.0,603,0,CUST0197
TXN003994,834.26,Purchase,9,5,0,0,3,1495.47,14.3,313,0,CUST0148
TXN003995,586.37,Payment,2,3,0,0,3,10984.67,4.2,936,0,CUST0207
TXN003996,584.61,Purchase,20,4,0,0,4,2854.24,3.9,948,0,CUST0399
TXN003997,8122.21,Purchase,11,2,0,0,4,3514.07,0.5,1605,0,CUST0315
TXN003998,5076.56,Purchase,10,5,0,0,2,4663.38,5.8,1739,0,CUST0212
TXN003999,1698.25,Payment,23,4,0,0,5,1422.37,1.5,568,0,CUST0137
TXN004000,61744.92,Transfer,4,3,0,0,8,725.93,112.2,199,1,CUST0028
TXN004001,2472.99,Transfer,9,3,0,0,2,452.22,0.7,3265,0,CUST0231
TXN004002,6390.6,Withdrawal,13,0,0,0,1,6667.92,21.9,2578,0,CUST0434
TXN004003,1985.0,Purchase,10,0,0,0,2,3110.09,0.6,2114,0,CUST0044
TXN004004,7684.63,Payment,13,1,0,0,4,1546.7,13.7,1056,0,CUST0071
TXN004005,526.18,Payment,11,1,0,0,1,6055.14,0.3,2856,0,CUST0151
TXN004006,263.49,Transfer,11,1,0,0,0,1529.57,1.7,788,0,CUST0280
TXN004007,1813.74,Transfer,9,1,0,0,4,2270.36,1.1,2724,0,CUST0144
TXN004008,153152.93,Transfer,2,4,1,0,4,2808.97,35.1,135,1,CUST0056
TXN004009,2460.33,Withdrawal,7,1,0,0,6,2063.64,3.1,1333,0,CUST0022
TXN004010,9666.22,Payment,15,4,0,0,0,8419.46,1.5,1846,0,CUST0123
TXN004011,14703.54,Purchase,14,5,0,0,0,2153.06,2.2,3359,0,CUST0407
TXN004012,5677.65,Payment,12,4,0,0,3,3001.2,0.1,1557,0,CUST0275
TXN004013,178.37,Payment,15,5,0,0,2,630.39,2.7,2856,0,CUST0204
TXN004014,2710.32,Purchase,9,5,0,0,4,2654.94,0.5,3265,0,CUST0371
TXN004015,4372.59,Purchase,10,2,0,0,3,5893.23,5.9,132,0,CUST0346
TXN004016,7273.57,Purchase,16,6,0,1,4,3056.22,9.5,968,0,CUST0241
TXN004017,1466.56,Payment,8,4,0,0,0,3006.15,2.7,3187,0,CUST0248
TXN004018,405.75,Transfer,20,6,0,0,1,5973.5,0.4,2434,0,CUST0289
TXN004019,3095.27,Payment,17,0,1,0,1,1843.47,8.9,417,0,CUST0379
TXN004020,19291.39,Withdrawal,12,1,0,0,4,556.51,2.7,1727,0,CUST0059
TXN004021,614.92,Purchase,18,3,0,0,2,1358.56,0.9,3090,0,CUST0297
TXN004022,546.64,Payment,19,1,0,0,5,1285.1,5.1,1549,0,CUST0039
TXN004023,672.09,Payment,19,5,0,0,3,3835.89,1.0,649,0,CUST0130
TXN004024,610.3,Purchase,13,0,0,0,1,1516.97,5.6,2903,0,CUST0180
TXN004025,3123.58,Purchase,22,3,1,0,7,1007.5,13.5,1564,0,CUST0185
TXN004026,1883.56,Withdrawal,10,3,0,0,3,1781.52,3.6,2902,0,CUST0249
TXN004027,5867.51,Payment,11,5,0,0,1,3268.22,1.6,2219,0,CUST0017
TXN004028,49432.47,Withdrawal,13,1,0,1,8,967.24,55.2,161,1,CUST0187
TXN004029,571.83,Payment,10,6,0,0,1,935.47,1.8,1616,0,CUST0011
TXN004030,1249.73,Withdrawal,18,4,0,0,3,1451.92,2.6,3633,0,CUST0126
TXN004031,4797.37,Purchase,12,2,0,0,4,1546.92,13.1,3429,0,CUST0133
TXN004032,805.53,Purchase,14,2,0,0,2,810.9,1.7,2533,0,CUST0425
TXN004033,1643.94,Purchase,17,1,0,0,4,15663.43,5.4,564,0,CUST0072
TXN004034,1467.0,Transfer,17,0,0,0,2,4056.99,2.9,1769,0,CUST0379
TXN004035,677.79,Transfer,15,4,0,0,3,352.81,10.3,3091,0,CUST0064
TXN004036,7246.96,Transfer,16,2,0,0,1,934.83,2.6,2993,0,CUST0297
TXN004037,2173.97,Transfer,16,2,0,0,1,855.48,7.5,422,0,CUST0084
TXN004038,532.65,Payment,9,5,0,0,3,1250.81,4.3,657,0,CUST0219
TXN004039,2663.43,Withdrawal,19,0,0,0,2,2432.28,2.0,3224,0,CUST0313
TXN004040,5879.91,Purchase,16,3,0,0,1,1980.51,14.4,3031,0,CUST0191
TXN004041,3295.17,Payment,6,6,0,0,0,2105.52,0.7,1584,0,CUST0155
TXN004042,606.91,Payment,10,6,0,0,2,811.06,6.8,2200,0,CUST0055
TXN004043,8633.57,Payment,11,5,0,0,3,2484.6,2.3,927,0,CUST0030
TXN004044,2086.8,Withdrawal,17,0,0,0,4,6901.25,2.3,3112,0,CUST0162
TXN004045,670.8,Purchase,8,1,0,1,3,2989.54,5.5,595,0,CUST0042
TXN004046,1759.34,Transfer,6,1,0,0,0,3409.22,0.3,2493,0,CUST0280
TXN004047,1504.89,Withdrawal,10,3,1,0,3,3908.12,5.7,187,0,CUST0396
TXN004048,1656.67,Purchase,13,5,0,0,3,502.58,0.9,671,0,CUST0285
TXN004049,4228.5,Payment,17,4,0,0,2,4516.65,3.7,1045,0,CUST0060
TXN004050,2691.7,Payment,15,6,0,0,2,2578.59,15.6,154,0,CUST0312
TXN004051,5143.35,Payment,20,2,0,0,2,1401.35,12.7,566,0,CUST0046
TXN004052,3627.82,Purchase,7,2,0,1,5,812.95,1.4,1108,0,CUST0201
TXN004053,6953.09,Payment,10,6,0,0,2,1157.21,7.4,3517,0,CUST0186
TXN004054,1280.36,Withdrawal,8,0,0,0,3,8455.88,9.8,2981,0,CUST0398
TXN004055,1293.65,Payment,10,0,0,0,2,4700.8,24.4,1265,0,CUST0275
TXN004056,2297.1,Purchase,16,4,0,0,2,1262.78,13.1,656,0,CUST0297
TXN004057,20737.04,Purchase,1,4,1,1,8,548.92,37.6,193,1,CUST0238
TXN004058,1755.98,Transfer,16,2,0,0,2,4454.18,7.3,2442,0,CUST0246
TXN004059,5000.0,Transfer,0,5,0,0,6,1183.32,12.9,324,1,CUST0185
TXN004060,5176.83,Withdrawal,14,1,0,0,2,615.47,6.0,2642,0,CUST0414
TXN004061,1334.95,Purchase,17,0,0,0,4,1916.51,2.6,1215,0,CUST0075
TXN004062,350.91,Payment,14,6,0,0,1,4606.8,5.4,1733,0,CUST0150
TXN004063,4376.68,Transfer,12,1,1,1,5,2850.64,8.0,954,0,CUST0108
TXN004064,1528.04,Payment,11,6,0,0,4,4987.73,3.1,1058,0,CUST0224
TXN004065,1935.89,Purchase,20,2,1,0,0,3574.86,1.1,920,0,CUST0100
TXN004066,1411.85,Payment,16,5,0,0,6,1162.62,4.3,2564,0,CUST0165
TXN004067,2716.37,Withdrawal,16,1,0,0,1,662.42,17.3,3391,0,CUST0133
TXN004068,999.78,Purchase,9,1,0,0,3,2486.22,1.4,1988,0,CUST0275
TXN004069,2120.62,Withdrawal,9,4,0,0,3,2283.89,20.2,3368,0,CUST0174
TXN004070,329.18,Payment,10,0,0,0,0,479.9,2.1,1135,0,CUST0485
TXN004071,98.08,Payment,14,3,0,0,3,1914.61,0.8,3038,0,CUST0488
TXN004072,1714.53,Payment,17,5,0,0,2,1012.87,8.2,1732,0,CUST0468
TXN004073,3845.79,Purchase,19,5,0,0,0,1983.73,1.7,3065,0,CUST0407
TXN004074,2195.25,Transfer,8,5,0,1,4,1540.09,2.8,1290,0,CUST0463
TXN004075,8267.54,Withdrawal,21,0,0,0,6,1479.42,0.6,739,0,CUST0161
TXN004076,796.06,Transfer,8,3,0,0,2,2180.04,1.4,2950,0,CUST0195
TXN004077,754.13,Payment,14,2,0,0,0,5873.99,4.1,516,0,CUST0300
TXN004078,1304.75,Payment,15,3,0,0,4,1312.87,6.6,40,0,CUST0404
TXN004079,1599.25,Payment,14,1,0,0,2,4247.78,0.2,1997,0,CUST0453
TXN004080,1372.03,Payment,14,4,0,0,2,2956.42,3.0,3136,0,CUST0356
TXN004081,381.22,Transfer,10,3,0,0,1,991.6,13.2,769,0,CUST0342
TXN004082,321.88,Withdrawal,12,3,0,1,6,9381.71,1.3,433,0,CUST0273
TXN004083,376.38,Withdrawal,11,2,0,0,0,2232.79,4.6,1942,0,CUST0175
TXN004084,1644.47,Transfer,12,6,0,0,3,1349.47,14.7,2799,0,CUST0423
TXN004085,842.03,Payment,18,6,0,0,1,781.22,3.9,145,0,CUST0401
TXN004086,4718.62,Withdrawal,10,2,0,0,4,19455.04,1.5,3508,0,CUST0441
TXN004087,6884.1,Payment,18,4,0,0,3,1089.28,3.9,3150,0,CUST0070
TXN004088,391.59,Purchase,11,4,0,0,3,1882.68,4.9,3443,0,CUST0114
TXN004089,967.12,Purchase,18,5,0,0,2,1303.29,3.2,662,0,CUST0336
TXN004090,1460.53,Withdrawal,12,3,0,0,2,5719.51,2.3,3618,0,CUST0066
TXN004091,1108.3,Withdrawal,21,6,0,0,3,5197.11,0.4,142,0,CUST0079
TXN004092,5048.74,Withdrawal,8,0,0,0,4,1606.82,8.8,263,0,CUST0454
TXN004093,13542.04,Transfer,18,3,0,0,5,1559.66,1.2,2835,0,CUST0105
TXN004094,3901.58,Payment,20,0,0,0,3,2906.29,9.6,3513,0,CUST0194
TXN004095,20142.65,Withdrawal,0,2,1,1,10,2527.59,218.6,203,1,CUST0116
TXN004096,1963.41,Transfer,9,2,0,0,4,1735.47,12.6,2486,0,CUST0319
TXN004097,599.64,Purchase,16,4,0,0,2,7105.34,4.1,3222,0,CUST0259
TXN004098,8292.64,Withdrawal,21,6,0,0,4,503.63,15.7,3355,0,CUST0005
TXN004099,1037.66,Transfer,13,3,0,0,1,1735.51,1.4,1370,0,CUST0218
TXN004100,1062.93,Transfer,10,3,0,0,1,1590.46,12.1,2605,0,CUST0342
TXN004101,409.69,Withdrawal,16,5,0,0,2,3475.8,2.7,3166,0,CUST0357
TXN004102,3888.89,Payment,16,3,0,0,3,774.54,14.6,775,0,CUST0394
TXN004103,1194.36,Payment,14,0,0,1,0,2583.88,2.2,3536,0,CUST0344
TXN004104,10144.6,Payment,17,0,0,0,2,5703.89,1.2,3303,0,CUST0358
TXN004105,2262.2,Transfer,7,2,0,1,0,2589.38,13.8,1332,0,CUST0335
TXN004106,1063.16,Payment,15,0,0,0,2,2490.27,3.8,1278,0,CUST0230
TXN004107,10560.9,Purchase,18,6,0,0,4,1673.07,3.6,3017,0,CUST0492
TXN004108,3935.52,Transfer,17,0,0,0,6,2208.35,3.1,1391,0,CUST0397
TXN004109,461.45,Payment,7,1,0,0,1,3362.15,6.8,2162,0,CUST0352
TXN004110,5067.39,Purchase,13,6,0,0,3,1631.24,7.1,3107,0,CUST0234
TXN004111,1903.02,Purchase,7,3,0,0,2,3082.53,2.4,515,0,CUST0389
TXN004112,10638.68,Transfer,13,4,0,0,1,2510.61,6.8,765,0,CUST0108
TXN004113,3999.08,Transfer,12,3,0,0,5,2733.74,1.6,1767,0,CUST0333
TXN004114,2387.45,Purchase,15,3,0,0,1,3967.63,3.3,2233,0,CUST0139
TXN004115,797.74,Payment,16,2,0,0,1,4920.86,0.5,952,0,CUST0034
TXN004116,682.97,Purchase,16,1,0,0,4,2342.49,7.8,2383,0,CUST0290
TXN004117,2200.75,Payment,9,3,0,0,2,997.28,0.4,2924,0,CUST0500
TXN004118,1551.13,Payment,18,2,0,0,1,2094.09,4.9,1101,0,CUST0183
TXN004119,648.25,Transfer,17,1,0,0,2,590.31,0.9,562,0,CUST0242
TXN004120,4231.12,Payment,12,5,0,0,3,949.23,2.6,432,0,CUST0073
TXN004121,7477.12,Payment,10,2,0,0,1,556.13,3.7,1557,0,CUST0027
TXN004122,1490.58,Payment,8,2,0,0,4,1291.42,9.2,2698,0,CUST0490
TXN004123,6200.15,Purchase,7,0,0,0,4,10409.84,9.9,549,0,CUST0286
TXN004124,5141.44,Transfer,18,1,0,0,3,696.45,7.6,2313,0,CUST0163
TXN004125,3824.88,Purchase,9,4,0,0,1,550.43,14.2,3603,0,CUST0131
TXN004126,6726.31,Withdrawal,16,3,0,0,2,562.78,2.7,3311,0,CUST0492
TXN004127,5026.96,Transfer,9,3,0,0,3,2921.03,7.2,1568,0,CUST0152
TXN004128,1893.16,Transfer,7,1,0,0,3,3674.71,0.1,1721,0,CUST0249
TXN004129,699.2,Payment,7,3,0,0,4,2504.87,2.0,509,0,CUST0040
TXN004130,2462.26,Transfer,17,1,0,0,5,553.46,2.7,1527,0,CUST0285
TXN004131,1795.35,Payment,10,3,0,0,0,3794.71,0.5,2413,0,CUST0332
TXN004132,2565.54,Purchase,12,3,0,0,3,819.4,5.6,1971,0,CUST0421
TXN004133,6016.43,Purchase,11,3,0,0,4,3060.74,1.0,1929,0,CUST0020
TXN004134,1169.36,Payment,12,6,0,0,4,1725.95,1.1,224,0,CUST0258
TXN004135,4359.3,Payment,11,3,0,0,1,2708.19,5.4,363,0,CUST0200
TXN004136,230.64,Purchase,17,5,0,0,3,1928.43,0.8,2075,0,CUST0144
TXN004137,739.82,Transfer,9,5,0,0,2,1308.24,0.6,3370,0,CUST0124
TXN004138,1349.17,Withdrawal,16,2,0,0,2,777.29,10.9,33,0,CUST0027
TXN004139,1082.97,Transfer,15,6,0,0,0,2040.19,0.3,1132,0,CUST0161
TXN004140,7802.47,Payment,13,5,0,0,3,2556.92,5.0,3207,0,CUST0088
TXN004141,652.1,Payment,6,6,0,0,1,1514.64,0.6,1815,0,CUST0042
TXN004142,1548.03,Payment,21,5,0,0,1,4535.53,12.8,3450,0,CUST0333
TXN004143,1895.62,Payment,18,5,0,0,7,5798.17,6.8,402,0,CUST0215
TXN004144,459.53,Transfer,11,4,0,0,0,3551.35,3.9,211,0,CUST0220
TXN004145,1664.57,Withdrawal,15,3,0,0,3,895.58,3.6,3632,0,CUST0268
TXN004146,2974.24,Payment,9,1,0,0,2,3695.55,2.3,1257,0,CUST0002
TXN004147,9919.07,Payment,11,3,0,0,1,1831.68,3.1,974,0,CUST0371
TXN004148,1045.34,Purchase,16,4,0,0,1,668.31,20.6,1348,0,CUST0461
TXN004149,1045.86,Transfer,10,1,0,0,5,1797.12,5.1,3562,0,CUST0270
TXN004150,427.21,Payment,5,3,0,0,1,954.85,2.2,301,0,CUST0175
TXN004151,540.36,Withdrawal,18,4,0,1,2,402.75,4.4,796,0,CUST0171
TXN004152,4838.32,Payment,16,4,0,0,6,1754.4,4.5,2901,0,CUST0154
TXN004153,62761.83,Withdrawal,0,3,1,1,6,1337.56,62.7,206,1,CUST0022
TXN004154,10080.56,Payment,11,3,0,0,4,2058.94,0.8,1758,0,CUST0226
TXN004155,2603.37,Transfer,11,5,0,0,4,1277.18,1.2,2166,0,CUST0321
TXN004156,458.33,Payment,16,6,0,0,0,1317.43,11.9,1686,0,CUST0236
TXN004157,5293.94,Transfer,16,2,0,0,3,1243.71,7.1,2727,0,CUST0452
TXN004158,711.15,Payment,10,6,0,0,2,3482.42,2.1,805,0,CUST0208
TXN004159,6117.88,Purchase,19,3,0,0,3,2803.0,2.4,93,0,CUST0073
TXN004160,2175.16,Transfer,13,2,0,0,2,466.47,9.8,3545,0,CUST0436
TXN004161,1058.57,Purchase,11,3,0,0,1,1037.29,1.7,420,0,CUST0499
TXN004162,1028.93,Purchase,16,5,1,0,4,3706.33,5.7,1621,0,CUST0166
TXN004163,7263.69,Transfer,16,4,0,0,2,640.29,3.3,1532,0,CUST0111
TXN004164,1810.05,Transfer,17,3,0,1,4,1691.99,8.1,1452,0,CUST0172
TXN004165,5000.0,Withdrawal,4,0,1,0,7,965.19,97.8,316,1,CUST0031
TXN004166,1118.14,Purchase,6,6,0,0,0,1733.42,2.0,1459,0,CUST0057
TXN004167,3200.75,Payment,13,6,0,0,5,1995.83,2.6,2775,0,CUST0406
TXN004168,4147.81,Transfer,14,3,0,0,4,2807.68,3.0,1170,0,CUST0386
TXN004169,12749.65,Transfer,19,3,0,0,0,3986.43,0.1,485,0,CUST0497
TXN004170,900.75,Transfer,11,6,0,0,4,2267.33,5.7,427,0,CUST0134
TXN004171,1216.55,Payment,14,4,0,0,2,7369.25,17.1,882,0,CUST0143
TXN004172,4115.62,Withdrawal,12,5,0,0,2,4449.1,5.9,2790,0,CUST0182
TXN004173,991.64,Purchase,16,2,0,0,5,3251.9,3.1,2845,0,CUST0402
TXN004174,1821.76,Payment,18,1,0,0,2,2592.96,0.3,3278,0,CUST0488
TXN004175,2537.6,Purchase,11,3,0,0,3,2146.4,11.0,773,0,CUST0244
TXN004176,4852.91,Payment,16,5,0,0,0,1022.72,0.9,3346,0,CUST0392
TXN004177,714.61,Payment,9,1,0,0,5,1765.29,18.6,1958,0,CUST0498
TXN004178,1312.4,Payment,15,3,0,0,3,1874.11,3.5,1982,0,CUST0156
TXN004179,5479.14,Payment,11,0,0,0,4,4155.84,0.0,2892,0,CUST0027
TXN004180,6775.01,Purchase,9,1,0,0,3,7415.59,6.3,1905,0,CUST0053
TXN004181,384.15,Payment,7,5,0,0,2,1848.58,2.0,1113,0,CUST0347
TXN004182,3418.33,Transfer,14,5,0,1,6,2378.16,11.0,1014,0,CUST0027
TXN004183,2792.72,Transfer,12,0,0,0,1,533.05,8.6,732,0,CUST0330
TXN004184,7113.15,Withdrawal,18,0,0,0,1,6231.63,8.0,3045,0,CUST0108
TXN004185,1036.17,Purchase,23,2,0,0,2,1521.58,1.1,2676,0,CUST0098
TXN004186,2026.57,Transfer,17,6,0,0,6,1075.85,10.8,3058,0,CUST0096
TXN004187,2090.3,Purchase,9,4,0,0,2,563.79,4.4,1755,0,CUST0396
TXN004188,2342.4,Withdrawal,20,6,0,1,4,652.66,1.8,772,0,CUST0218
TXN004189,6269.61,Purchase,11,4,0,0,2,1064.86,2.6,414,0,CUST0241
TXN004190,2536.36,Payment,18,3,0,0,2,2627.36,2.7,3113,0,CUST0155
TXN004191,3755.59,Transfer,13,2,0,0,2,731.95,2.2,1808,0,CUST0204
TXN004192,360.43,Transfer,12,1,0,0,1,1117.89,2.7,895,0,CUST0485
TXN004193,2233.24,Transfer,13,0,0,0,3,5227.46,0.4,1717,0,CUST0415
TXN004194,119.99,Transfer,15,6,0,0,2,1496.62,0.2,2614,0,CUST0417
TXN004195,618.85,Payment,14,5,1,0,2,246.04,7.1,1323,0,CUST0129
TXN004196,13244.93,Transfer,15,1,0,0,4,718.2,12.5,3604,0,CUST0397
TXN004197,749.14,Payment,14,3,0,0,1,1648.28,2.7,140,0,CUST0094
TXN004198,1319.14,Withdrawal,16,3,0,0,3,5801.73,8.3,2791,0,CUST0240
TXN004199,1835.7,Payment,9,6,0,0,5,2194.18,1.9,3346,0,CUST0314
TXN004200,1264.65,Payment,23,1,0,0,3,2208.35,2.6,918,0,CUST0022
TXN004201,9632.21,Transfer,19,4,0,0,4,980.02,6.1,3578,0,CUST0458
TXN004202,2117.46,Purchase,9,2,0,0,2,1558.92,8.3,1860,0,CUST0143
TXN004203,4800.29,Transfer,12,1,0,0,4,3659.74,12.5,1133,0,CUST0112
TXN004204,1524.99,Payment,15,4,0,0,2,1399.04,0.8,1710,0,CUST0007
TXN004205,10400.16,Withdrawal,11,2,0,0,1,1317.96,2.5,233,0,CUST0258
TXN004206,10460.28,Purchase,7,0,0,0,1,738.82,6.5,3193,0,CUST0322
TXN004207,852.91,Purchase,16,2,0,0,1,1700.09,0.9,1090,0,CUST0468
TXN004208,3542.45,Purchase,13,6,0,0,0,2548.45,0.5,1833,0,CUST0135
TXN004209,4825.96,Payment,18,4,0,0,1,4122.24,13.2,3350,0,CUST0497
TXN004210,3316.69,Payment,16,5,0,0,1,1333.84,0.1,1141,0,CUST0320
TXN004211,1826.64,Payment,23,4,0,0,3,3228.78,6.0,2356,0,CUST0093
TXN004212,799.66,Payment,16,0,1,0,3,1618.87,10.4,1830,0,CUST0197
TXN004213,1647.57,Payment,18,6,0,0,3,2134.78,1.8,55,0,CUST0440
TXN004214,4900.34,Payment,11,4,0,0,3,873.21,3.1,195,0,CUST0132
TXN004215,4415.84,Payment,10,1,0,0,2,1474.24,0.7,355,0,CUST0168
TXN004216,2395.13,Transfer,20,3,0,0,3,3068.28,9.8,2626,0,CUST0334
TXN004217,7534.93,Payment,18,4,0,0,3,1172.95,6.8,1473,0,CUST0109
TXN004218,3934.72,Payment,15,0,0,0,1,819.31,2.8,2724,0,CUST0321
TXN004219,3777.6,Payment,16,3,0,1,2,2248.39,6.8,844,0,CUST0144
TXN004220,401.53,Withdrawal,16,5,0,0,4,1977.32,12.5,2494,0,CUST0280
TXN004221,2650.25,Payment,10,1,0,0,7,579.67,6.1,39,0,CUST0088
TXN004222,1537.99,Withdrawal,17,4,0,0,0,653.02,0.8,1811,0,CUST0258
TXN004223,11491.49,Transfer,10,0,0,0,2,717.58,13.5,3134,0,CUST0078
TXN004224,2188.78,Transfer,18,3,0,0,4,5059.34,0.0,3343,0,CUST0452
TXN004225,1657.89,Payment,17,2,0,0,5,3300.26,8.6,1373,0,CUST0079
TXN004226,5000.0,Withdrawal,3,0,1,1,11,566.11,169.8,194,1,CUST0194
TXN004227,888.9,Purchase,19,6,0,0,3,2752.75,3.1,174,0,CUST0435
TXN004228,2444.98,Payment,11,3,0,0,3,4830.15,3.8,46,0,CUST0217
TXN004229,1809.0,Purchase,22,4,0,0,3,282.79,7.7,31,0,CUST0378
TXN004230,5000.0,Payment,21,3,1,0,7,2040.07,160.7,6,1,CUST0292
TXN004231,225.41,Transfer,8,1,0,0,9,982.18,0.1,1109,0,CUST0369
TXN004232,3846.65,Payment,11,6,0,0,6,2232.51,3.0,1526,0,CUST0097
TXN004233,433.15,Transfer,9,6,0,0,3,4148.56,3.9,865,0,CUST0194
TXN004234,842.64,Withdrawal,9,2,0,0,1,1991.47,2.3,662,0,CUST0283
TXN004235,1490.06,Payment,17,0,0,0,0,2153.55,16.8,218,0,CUST0439
TXN004236,3335.14,Transfer,18,1,0,0,4,2281.37,10.2,1875,0,CUST0265
TXN004237,1212.09,Payment,16,5,0,0,0,1441.67,1.2,2047,0,CUST0449
TXN004238,1248.24,Payment,10,3,0,0,6,2039.96,3.5,870,0,CUST0373
TXN004239,6423.07,Payment,9,5,0,0,0,2669.63,1.9,1925,0,CUST0060
TXN004240,1208.26,Payment,15,2,0,0,1,3344.07,7.9,2509,0,CUST0122
TXN004241,4755.02,Transfer,11,4,0,0,2,1294.97,6.3,3555,0,CUST0491
TXN004242,1168.8,Purchase,13,5,0,0,4,3552.67,1.5,3418,0,CUST0074
TXN004243,4017.85,Purchase,21,2,0,0,1,2805.19,14.3,1989,0,CUST0271
TXN004244,399.99,Purchase,14,0,0,0,1,591.66,3.1,2175,0,CUST0103
TXN004245,976.17,Withdrawal,11,2,0,0,2,2737.68,11.2,3051,0,CUST0007
TXN004246,7587.9,Transfer,17,0,0,0,3,1329.08,7.7,3013,0,CUST0301
TXN004247,1543.56,Purchase,18,3,0,0,2,1599.4,3.0,2110,0,CUST0321
TXN004248,2831.71,Transfer,16,0,0,0,3,1980.95,1.2,206,0,CUST0079
TXN004249,883.09,Transfer,15,1,0,0,2,3542.6,2.2,2491,0,CUST0257
TXN004250,9409.55,Withdrawal,8,0,0,0,2,348.54,2.1,1561,0,CUST0198
TXN004251,2682.36,Payment,19,3,0,0,3,2286.65,6.0,776,0,CUST0469
TXN004252,1934.95,Transfer,8,2,0,0,4,995.41,0.9,3167,0,CUST0090
TXN004253,8606.35,Payment,10,6,0,0,2,2970.83,2.6,198,0,CUST0327
TXN004254,1409.95,Transfer,21,6,0,0,3,282.19,5.3,454,0,CUST0112
TXN004255,762.05,Payment,12,0,0,0,0,2404.44,2.1,1827,0,CUST0190
TXN004256,1198.93,Purchase,13,0,0,0,1,1019.37,4.2,2894,0,CUST0350
TXN004257,25144.19,Transfer,16,6,0,0,1,682.83,3.8,1809,0,CUST0097
TXN004258,556.07,Purchase,14,3,0,0,3,2801.46,9.8,520,0,CUST0401
TXN004259,864.32,Payment,10,4,0,0,2,5680.71,5.3,2283,0,CUST0190
TXN004260,1073.88,Purchase,16,6,0,0,4,794.52,3.4,1178,0,CUST0435
TXN004261,6233.25,Payment,19,3,0,0,3,2407.34,11.8,1538,0,CUST0039
TXN004262,139.44,Withdrawal,16,3,0,0,2,8138.82,1.7,2607,0,CUST0229
TXN004263,834.61,Transfer,9,0,0,0,2,1185.97,2.7,828,0,CUST0231
TXN004264,9313.84,Payment,19,1,0,0,3,1796.89,5.6,1663,0,CUST0364
TXN004265,12202.75,Purchase,16,2,0,0,4,850.96,1.1,2528,0,CUST0329
TXN004266,1298.09,Payment,10,5,0,0,2,1632.53,0.8,2117,0,CUST0427
TXN004267,5000.0,Transfer,4,1,1,1,13,924.87,28.3,129,1,CUST0260
TXN004268,102.28,Transfer,21,1,0,0,4,182.69,7.7,252,0,CUST0364
TXN004269,1726.88,Transfer,9,1,0,0,4,2673.72,10.0,2387,0,CUST0209
TXN004270,904.24,Payment,12,5,0,0,2,3214.14,12.2,2387,0,CUST0452
TXN004271,3574.69,Transfer,17,6,0,0,5,1564.06,1.3,2134,0,CUST0300
TXN004272,1283.46,Transfer,12,5,0,0,3,2700.96,28.3,2038,0,CUST0240
TXN004273,689.15,Transfer,19,0,0,0,1,1482.14,2.3,2802,0,CUST0058
TXN004274,564.16,Purchase,22,0,0,0,3,329.68,6.5,1341,0,CUST0361
TXN004275,1011.79,Withdrawal,19,4,0,0,1,1489.62,4.3,1884,0,CUST0065
TXN004276,990.92,Purchase,12,3,0,0,3,4473.67,1.1,1549,0,CUST0303
TXN004277,515.86,Purchase,5,3,0,0,3,639.9,7.1,3580,0,CUST0266
TXN004278,1328.71,Payment,11,6,0,0,3,1178.07,11.5,1536,0,CUST0493
TXN004279,5262.59,Transfer,19,3,0,0,2,2051.85,13.6,3200,0,CUST0239
TXN004280,806.26,Purchase,18,5,0,0,3,3235.83,0.9,2785,0,CUST0021
TXN004281,1110.84,Payment,11,6,0,0,2,4097.46,0.8,1237,0,CUST0312
TXN004282,1433.29,Payment,17,2,0,0,5,964.35,10.2,793,0,CUST0120
TXN004283,999.85,Transfer,13,6,0,0,3,3040.42,7.1,3201,0,CUST0224
TXN004284,3790.02,Transfer,11,6,0,0,1,375.43,6.9,2974,0,CUST0222
TXN004285,1503.35,Withdrawal,16,0,0,0,3,3124.35,1.7,1817,0,CUST0267
TXN004286,3471.46,Payment,10,2,0,0,0,8910.49,0.8,2709,0,CUST0375
TXN004287,2537.65,Payment,16,1,0,0,6,1195.21,8.2,2178,0,CUST0113
TXN004288,2196.47,Transfer,12,0,0,0,2,4231.57,22.7,2018,0,CUST0148
TXN004289,1848.89,Transfer,12,1,0,0,5,5131.07,5.3,2085,0,CUST0424
TXN004290,1100.44,Withdrawal,18,2,0,0,2,846.34,3.4,611,0,CUST0120
TXN004291,3574.21,Payment,18,4,0,0,2,810.86,1.6,975,0,CUST0369
TXN004292,2264.83,Withdrawal,20,2,0,0,4,1724.77,12.7,3060,0,CUST0284
TXN004293,6037.94,Withdrawal,16,3,0,0,1,3282.63,0.0,2340,0,CUST0265
TXN004294,1253.25,Transfer,18,6,0,0,3,902.3,2.4,69,0,CUST0302
TXN004295,602.94,Payment,9,2,0,0,1,2783.68,11.8,56,0,CUST0053
TXN004296,1423.29,Payment,18,0,0,0,2,2753.76,16.5,1111,0,CUST0379
TXN004297,4127.46,Transfer,17,0,0,0,1,725.87,8.9,917,0,CUST0445
TXN004298,2179.32,Purchase,18,2,0,0,5,2897.93,19.9,2640,0,CUST0054
TXN004299,4464.97,Payment,11,2,0,0,1,2718.88,9.4,3165,0,CUST0276
TXN004300,2778.37,Purchase,19,4,0,0,2,5924.79,4.8,3065,0,CUST0134
TXN004301,1435.31,Purchase,20,1,0,0,3,3391.21,4.5,3326,0,CUST0307
TXN004302,2596.49,Purchase,9,6,0,0,4,2989.94,0.1,1732,0,CUST0255
TXN004303,1878.52,Withdrawal,16,0,0,0,4,1110.76,20.9,2609,0,CUST0345
TXN004304,535.45,Transfer,15,4,0,0,3,1980.06,7.7,2871,0,CUST0037
TXN004305,2993.77,Payment,21,5,0,0,3,1604.36,0.0,3606,0,CUST0455
TXN004306,5654.17,Purchase,18,6,0,0,3,1800.7,2.2,2505,0,CUST0264
TXN004307,659.93,Payment,10,0,0,0,0,2032.76,3.7,1966,0,CUST0420
TXN004308,2520.9,Withdrawal,22,6,0,0,1,2333.83,10.0,276,0,CUST0007
TXN004309,780.77,Payment,10,1,0,0,3,748.58,8.2,2278,0,CUST0468
TXN004310,991.94,Transfer,10,5,0,0,3,6130.63,1.4,2138,0,CUST0325
TXN004311,1797.1,Payment,16,3,0,0,2,829.94,2.3,1814,0,CUST0184
TXN004312,3422.24,Transfer,15,4,1,0,5,483.83,4.8,1630,0,CUST0421
TXN004313,2636.75,Purchase,18,1,0,0,1,4126.23,1.9,1770,0,CUST0308
TXN004314,812.45,Withdrawal,12,4,1,0,2,1931.97,3.1,1902,0,CUST0065
TXN004315,9305.49,Purchase,8,5,1,0,2,1129.88,4.3,3629,0,CUST0071
TXN004316,2195.98,Transfer,10,2,0,0,3,2838.36,3.5,1801,0,CUST0343
TXN004317,34052.47,Purchase,18,6,0,0,2,3004.27,0.6,1571,0,CUST0421
TXN004318,1620.34,Withdrawal,16,6,0,0,2,1099.24,2.4,2540,0,CUST0092
TXN004319,3366.31,Payment,17,1,0,0,1,199.18,10.1,608,0,CUST0229
TXN004320,452.15,Payment,19,4,0,0,4,1853.1,7.8,2600,0,CUST0368
TXN004321,5426.14,Transfer,16,1,0,0,2,6406.6,4.5,722,0,CUST0262
TXN004322,6658.77,Transfer,2,5,1,1,7,1367.1,10.0,90,1,CUST0377
TXN004323,839.37,Transfer,19,6,0,0,2,1949.93,11.2,3277,0,CUST0299
TXN004324,1484.25,Payment,23,1,0,0,1,457.15,1.9,322,0,CUST0475
TXN004325,1422.97,Withdrawal,19,4,0,0,4,435.18,8.3,605,0,CUST0264
TXN004326,3029.47,Purchase,16,3,0,0,5,1438.2,2.6,1476,0,CUST0056
TXN004327,12315.41,Transfer,15,0,0,0,2,2024.91,1.4,1499,0,CUST0056
TXN004328,2642.3,Transfer,16,1,0,0,4,2177.66,6.0,562,0,CUST0226
TXN004329,7835.68,Transfer,21,1,0,0,4,1739.11,3.6,1143,0,CUST0037
TXN004330,987.17,Transfer,22,5,0,0,3,316.91,2.0,3386,0,CUST0489
TXN004331,982.61,Purchase,19,6,0,0,3,781.43,3.3,651,0,CUST0410
TXN004332,1360.51,Transfer,16,6,0,0,2,982.26,2.9,363,0,CUST0325
TXN004333,2445.18,Payment,11,3,0,0,2,1476.65,15.8,1448,0,CUST0111
TXN004334,2254.18,Payment,9,5,0,0,3,1521.79,3.1,2523,0,CUST0148
TXN004335,8304.2,Payment,18,4,0,0,3,4125.09,8.1,1678,0,CUST0196
TXN004336,19855.56,Withdrawal,15,4,1,0,4,3821.24,35.2,73,1,CUST0019
TXN004337,2047.09,Payment,0,6,0,0,3,4345.14,3.0,600,0,CUST0248
TXN004338,698.61,Withdrawal,21,5,0,0,3,2289.85,10.9,1948,0,CUST0453
TXN004339,300.69,Payment,13,1,0,0,7,2085.96,13.3,2403,0,CUST0165
TXN004340,962.92,Payment,9,3,0,0,2,5232.16,6.2,330,0,CUST0065
TXN004341,2785.59,Payment,10,3,0,0,2,1161.45,3.6,1271,0,CUST0490
TXN004342,415.25,Payment,7,6,0,0,2,702.04,8.4,1022,0,CUST0138
TXN004343,3637.02,Transfer,12,4,0,0,3,353.19,3.2,1389,0,CUST0136
TXN004344,333.89,Transfer,8,1,0,0,1,4354.4,8.9,1873,0,CUST0434
TXN004345,7187.45,Payment,17,0,0,0,2,445.09,1.6,1856,0,CUST0184
TXN004346,1389.49,Payment,1,3,0,0,2,2981.11,1.3,2336,0,CUST0139
TXN004347,1846.58,Payment,9,5,0,0,2,5762.85,0.4,747,0,CUST0389
TXN004348,1142.67,Payment,10,5,0,0,10,3513.62,1.3,588,0,CUST0310
TXN004349,28557.08,Payment,21,1,0,0,0,5106.76,2.3,218,0,CUST0337
TXN004350,907.88,Withdrawal,16,1,0,0,2,8193.52,0.4,898,0,CUST0280
TXN004351,735.98,Payment,14,1,0,0,4,6763.31,4.3,1233,0,CUST0128
TXN004352,208.24,Purchase,17,0,0,0,1,2591.99,8.0,1272,0,CUST0364
TXN004353,3483.88,Transfer,11,0,0,0,2,1930.19,2.3,2442,0,CUST0234
TXN004354,3326.0,Payment,16,1,0,0,1,1998.02,2.8,3478,0,CUST0108
TXN004355,4096.51,Withdrawal,15,0,0,0,0,1015.1,2.5,265,0,CUST0434
TXN004356,3269.94,Payment,18,5,0,0,3,2378.7,1.6,180,0,CUST0127
TXN004357,1097.46,Withdrawal,13,1,0,0,1,4944.22,0.7,3020,0,CUST0134
TXN004358,1381.76,Purchase,10,0,0,0,6,3003.46,4.0,2269,0,CUST0346
TXN004359,742.84,Withdrawal,18,4,0,0,2,2687.03,1.4,2361,0,CUST0195
TXN004360,1444.73,Transfer,9,5,0,0,1,7840.09,1.3,1767,0,CUST0299
TXN004361,2995.86,Payment,15,2,0,0,3,1407.68,0.9,2100,0,CUST0465
TXN004362,1972.42,Transfer,15,5,0,0,5,652.76,6.9,488,0,CUST0036
TXN004363,12234.38,Purchase,8,0,0,0,1,940.6,1.0,116,0,CUST0055
TXN004364,2197.39,Transfer,10,5,0,0,1,1189.8,1.4,1792,0,CUST0248
TXN004365,2165.26,Transfer,19,0,0,0,3,1007.7,3.5,2621,0,CUST0392
TXN004366,468.82,Withdrawal,9,5,0,0,3,706.91,0.6,2976,0,CUST0137
TXN004367,3346.84,Purchase,19,4,0,0,1,6281.34,0.7,678,0,CUST0120
TXN004368,4386.08,Transfer,11,4,0,0,0,4451.02,3.5,488,0,CUST0183
TXN004369,1292.35,Purchase,18,3,0,0,2,3480.25,10.1,244,0,CUST0172
TXN004370,1862.73,Transfer,16,4,0,0,2,8163.85,0.7,1389,0,CUST0471
TXN004371,7582.77,Payment,15,1,0,0,2,481.53,0.4,68,0,CUST0212
TXN004372,623.77,Transfer,12,5,0,0,4,2526.73,19.2,2501,0,CUST0357
TXN004373,1425.38,Transfer,15,1,0,0,3,628.99,2.0,2632,0,CUST0143
TXN004374,1055.77,Payment,15,4,0,0,1,348.59,0.1,1458,0,CUST0398
TXN004375,204.8,Payment,20,2,0,0,1,982.51,10.4,46,0,CUST0406
TXN004376,2517.54,Payment,7,4,0,0,2,1057.57,4.1,2377,0,CUST0363
TXN004377,1027.35,Transfer,13,4,0,0,2,3049.93,2.0,3405,0,CUST0491
TXN004378,3338.46,Payment,13,1,0,0,3,867.4,0.8,2034,0,CUST0143
TXN004379,547.56,Payment,15,5,0,0,2,2189.3,3.8,1342,0,CUST0368
TXN004380,1540.6,Purchase,12,6,0,0,2,10415.83,7.1,3302,0,CUST0492
TXN004381,1226.17,Payment,6,4,0,0,3,6316.71,2.3,1322,0,CUST0101
TXN004382,1292.35,Transfer,17,3,1,0,2,1175.13,0.7,1026,0,CUST0048
TXN004383,5384.66,Payment,9,6,0,0,8,1536.98,0.9,816,0,CUST0396
TXN004384,1699.75,Payment,16,3,0,0,1,1185.01,9.1,2898,0,CUST0085
TXN004385,3741.22,Payment,21,0,0,0,1,2228.12,0.7,853,0,CUST0232
TXN004386,821.11,Purchase,9,6,0,0,2,1016.76,1.5,2807,0,CUST0200
TXN004387,1336.51,Payment,10,6,0,0,3,1425.89,1.6,3162,0,CUST0278
TXN004388,1134.52,Payment,0,1,0,0,0,4836.66,7.9,715,0,CUST0303
TXN004389,536.9,Withdrawal,20,1,0,0,1,2087.04,13.9,823,0,CUST0488
TXN004390,1820.86,Withdrawal,18,0,0,0,2,3693.49,10.3,3520,0,CUST0391
TXN004391,7062.56,Transfer,21,2,1,0,3,2159.93,11.2,2263,0,CUST0253
TXN004392,868.28,Transfer,17,5,0,0,2,8639.85,1.2,1554,0,CUST0230
TXN004393,652.17,Payment,22,0,0,0,3,1592.08,0.0,2791,0,CUST0437
TXN004394,696.49,Payment,13,6,0,0,6,2789.08,7.4,3296,0,CUST0496
TXN004395,261.13,Payment,12,5,0,0,0,2029.72,3.2,2623,0,CUST0388
TXN004396,717.0,Purchase,14,3,0,0,3,489.28,0.7,2890,0,CUST0441
TXN004397,1359.55,Transfer,8,4,0,0,4,2634.72,4.3,2197,0,CUST0006
TXN004398,979.67,Payment,18,6,0,0,4,2696.58,2.1,2834,0,CUST0051
TXN004399,11701.38,Payment,1,2,0,0,2,3283.25,0.0,3277,0,CUST0158
TXN004400,1440.71,Transfer,11,3,0,0,2,1523.45,1.4,822,0,CUST0001
TXN004401,381.1,Payment,20,1,0,0,0,28809.45,1.9,933,0,CUST0472
TXN004402,2975.0,Withdrawal,18,6,0,0,2,1170.92,2.9,2775,0,CUST0032
TXN004403,713.99,Payment,16,3,0,0,6,4888.73,4.6,1306,0,CUST0342
TXN004404,2715.2,Purchase,9,4,0,0,2,1579.55,3.0,1197,0,CUST0248
TXN004405,988.47,Withdrawal,7,4,0,0,4,1811.97,3.0,133,0,CUST0128
TXN004406,5387.33,Purchase,19,1,0,0,4,819.27,0.4,3054,0,CUST0241
TXN004407,2675.33,Transfer,19,5,0,0,5,3249.01,2.9,498,0,CUST0056
TXN004408,12119.34,Transfer,22,2,0,0,3,1083.89,5.1,273,0,CUST0077
TXN004409,963.66,Payment,6,6,0,0,3,5065.05,7.7,2060,0,CUST0239
TXN004410,8293.59,Payment,17,1,0,0,1,1163.34,1.6,2648,0,CUST0300
TXN004411,2251.05,Payment,15,5,0,0,0,11715.55,4.4,930,0,CUST0165
TXN004412,1701.3,Withdrawal,12,6,0,0,2,2678.77,3.1,3553,0,CUST0412
TXN004413,5000.0,Withdrawal,22,2,1,0,6,403.68,24.8,40,1,CUST0259
TXN004414,1780.12,Transfer,23,4,0,0,1,6294.61,1.3,1326,0,CUST0070
TXN004415,12689.29,Withdrawal,23,2,1,0,8,690.28,12.8,93,1,CUST0002
TXN004416,698.58,Purchase,12,5,0,0,2,863.56,2.1,1405,0,CUST0419
TXN004417,3354.54,Transfer,18,1,0,0,3,1410.92,1.5,68,0,CUST0021
TXN004418,781.17,Purchase,14,0,0,0,3,1790.45,1.3,3294,0,CUST0251
TXN004419,58759.04,Transfer,5,2,1,1,9,1257.28,174.3,250,1,CUST0341
TXN004420,5539.03,Transfer,7,1,0,0,1,1700.18,0.7,1056,0,CUST0175
TXN004421,1749.78,Payment,17,2,0,0,2,2584.91,0.7,2504,0,CUST0031
TXN004422,1140.05,Payment,21,3,0,0,1,1116.36,2.0,88,0,CUST0398
TXN004423,1638.08,Withdrawal,9,2,0,0,3,1639.34,4.4,3007,0,CUST0136
TXN004424,5631.84,Payment,20,5,0,0,1,1328.81,8.1,843,0,CUST0496
TXN004425,583.94,Withdrawal,20,1,0,0,1,4735.46,2.8,1139,0,CUST0220
TXN004426,5170.14,Withdrawal,10,5,0,0,2,973.35,0.2,3527,0,CUST0042
TXN004427,1399.43,Withdrawal,16,2,0,0,2,495.39,1.6,2077,0,CUST0160
TXN004428,159084.43,Payment,16,4,0,0,6,2240.18,69.0,320,1,CUST0016
TXN004429,1299.73,Withdrawal,17,3,0,0,5,799.71,0.7,1531,0,CUST0493
TXN004430,2209.89,Withdrawal,17,2,0,0,3,559.92,13.7,1336,0,CUST0165
TXN004431,3711.42,Withdrawal,10,5,0,0,6,1112.52,1.9,3116,0,CUST0223
TXN004432,777.18,Transfer,8,5,0,0,2,854.63,2.3,773,0,CUST0038
TXN004433,435.77,Payment,20,1,0,0,1,1519.42,3.5,3635,0,CUST0011
TXN004434,9326.5,Payment,17,6,0,0,3,454.76,0.5,3233,0,CUST0110
TXN004435,640.35,Payment,10,6,0,0,1,2129.33,0.6,737,0,CUST0385
TXN004436,2242.61,Purchase,15,0,0,0,3,399.96,3.3,1683,0,CUST0321
TXN004437,3380.0,Transfer,15,0,0,0,1,1165.62,3.5,2405,0,CUST0053
TXN004438,7687.15,Withdrawal,12,6,0,0,4,4116.03,1.6,2719,0,CUST0359
TXN004439,13664.96,Transfer,15,3,0,0,3,7313.55,1.8,335,0,CUST0182
TXN004440,1229.9,Purchase,13,5,0,1,3,2648.48,1.0,1075,0,CUST0369
TXN004441,9715.64,Payment,12,3,0,0,3,5073.42,11.9,2470,0,CUST0283
TXN004442,738.52,Payment,10,6,0,0,2,1573.72,9.6,3175,0,CUST0145
TXN004443,14026.56,Transfer,17,0,0,0,2,3080.84,4.7,1212,0,CUST0079
TXN004444,2051.61,Payment,19,4,0,0,2,2212.59,0.4,2021,0,CUST0399
TXN004445,1446.6,Withdrawal,17,4,0,0,2,1049.42,0.4,3475,0,CUST0002
TXN004446,7232.57,Payment,17,0,0,0,1,1061.35,1.1,2803,0,CUST0014
TXN004447,2349.76,Payment,11,2,0,0,2,1174.12,0.9,2955,0,CUST0125
TXN004448,849.38,Transfer,9,3,0,1,3,634.16,3.6,2384,0,CUST0472
TXN004449,4536.32,Withdrawal,16,0,0,0,0,1082.64,10.4,1342,0,CUST0038
TXN004450,4771.02,Payment,17,0,0,0,5,2592.52,0.9,263,0,CUST0120
TXN004451,8817.51,Payment,10,0,0,0,2,1587.52,1.6,2273,0,CUST0256
TXN004452,1228.92,Transfer,7,5,0,0,3,2711.28,0.5,427,0,CUST0251
TXN004453,629.49,Payment,13,5,0,0,1,1243.89,1.4,3326,0,CUST0165
TXN004454,206.11,Payment,13,1,0,0,2,1311.27,0.8,3056,0,CUST0344
TXN004455,5804.39,Payment,11,4,0,0,4,809.89,2.9,182,0,CUST0096
TXN004456,1806.76,Transfer,10,3,0,0,3,4895.95,6.1,229,0,CUST0190
TXN004457,870.22,Withdrawal,17,6,0,0,8,780.89,6.2,797,0,CUST0022
TXN004458,3081.61,Payment,12,0,0,0,4,1015.16,3.1,2296,0,CUST0140
TXN004459,1445.97,Transfer,20,5,0,0,3,4634.28,4.9,311,0,CUST0203
TXN004460,3001.96,Transfer,19,2,0,0,2,738.42,3.7,1104,0,CUST0369
TXN004461,3074.74,Transfer,8,0,0,0,3,2776.87,13.8,244,0,CUST0093
TXN004462,5218.35,Payment,10,0,0,0,2,696.55,1.5,614,0,CUST0131
TXN004463,2331.86,Payment,16,2,0,0,4,335.23,3.6,1936,0,CUST0068
TXN004464,684.29,Withdrawal,14,2,0,0,1,6909.65,3.2,1477,0,CUST0275
TXN004465,3797.49,Transfer,14,0,0,0,6,874.82,2.1,2301,0,CUST0035
TXN004466,1456.8,Payment,18,4,0,0,3,1364.99,2.3,3277,0,CUST0396
TXN004467,17110.83,Purchase,6,3,1,1,8,1069.68,61.7,61,1,CUST0330
TXN004468,2458.48,Payment,18,0,0,0,7,10845.78,0.1,282,0,CUST0010
TXN004469,1653.88,Withdrawal,17,4,0,0,2,1737.81,1.5,1088,0,CUST0394
TXN004470,1840.97,Payment,8,0,0,0,4,6635.38,1.8,1755,0,CUST0209
TXN004471,6026.28,Payment,9,6,0,0,1,1146.87,8.2,1286,0,CUST0215
TXN004472,2103.6,Payment,10,5,1,0,5,2888.29,12.9,318,0,CUST0399
TXN004473,4951.84,Payment,10,6,0,0,4,2631.24,0.5,2405,0,CUST0013
TXN004474,7918.32,Withdrawal,19,0,0,0,3,6089.81,3.0,2911,0,CUST0015
TXN004475,4529.9,Payment,18,6,0,0,0,5727.0,6.3,3524,0,CUST0136
TXN004476,1763.07,Purchase,9,5,0,0,5,1159.35,4.4,996,0,CUST0199
TXN004477,813.86,Payment,12,6,0,0,3,7441.63,15.0,1613,0,CUST0464
TXN004478,4454.76,Payment,20,5,0,0,3,2012.52,6.9,163,0,CUST0486
TXN004479,2159.76,Withdrawal,18,5,0,0,1,1325.23,10.9,1471,0,CUST0153
TXN004480,2753.7,Payment,14,2,0,0,1,824.7,9.4,2184,0,CUST0375
TXN004481,2393.8,Payment,12,5,0,0,0,2046.47,3.3,1339,0,CUST0321
TXN004482,2757.06,Purchase,15,3,0,0,4,918.51,2.3,716,0,CUST0060
TXN004483,3386.68,Transfer,20,0,0,0,1,1589.95,3.3,980,0,CUST0062
TXN004484,1992.2,Payment,15,4,1,0,0,3557.62,11.5,783,0,CUST0041
TXN004485,10013.69,Payment,14,5,0,0,1,3301.59,0.7,3310,0,CUST0157
TXN004486,359.28,Payment,14,5,0,0,3,4172.88,16.6,3176,0,CUST0259
TXN004487,1928.33,Payment,20,0,0,0,2,1510.6,22.2,1082,0,CUST0156
TXN004488,2045.67,Payment,15,1,0,0,2,682.64,4.4,1129,0,CUST0343
TXN004489,3813.31,Transfer,11,5,0,0,3,1971.1,9.5,1766,0,CUST0335
TXN004490,679.98,Purchase,9,3,0,0,3,1401.39,7.5,1704,0,CUST0050
TXN004491,3026.9,Transfer,11,0,0,0,4,1675.74,8.7,1127,0,CUST0416
TXN004492,1450.82,Payment,21,6,0,0,3,2278.71,7.3,2287,0,CUST0409
TXN004493,2537.05,Payment,16,3,0,0,4,1190.36,0.2,2147,0,CUST0404
TXN004494,614.29,Purchase,18,2,0,0,2,3632.98,0.4,347,0,CUST0072
TXN004495,2030.07,Payment,11,6,1,0,4,1623.62,5.1,2267,0,CUST0022
TXN004496,1536.55,Payment,11,3,0,0,2,6082.48,5.7,3503,0,CUST0153
TXN004497,965.75,Payment,17,6,0,0,3,5258.12,17.7,1256,0,CUST0165
TXN004498,1033.88,Transfer,16,0,0,0,5,2332.64,17.3,1422,0,CUST0010
TXN004499,3580.74,Payment,15,0,0,0,3,6609.14,0.7,694,0,CUST0208
TXN004500,1030.41,Purchase,11,0,0,0,2,1316.53,3.2,2880,0,CUST0451
TXN004501,2174.67,Purchase,15,0,0,0,3,1725.8,1.8,1034,0,CUST0046
TXN004502,5501.02,Payment,17,5,0,0,2,5504.91,0.1,1823,0,CUST0155
TXN004503,1092.83,Payment,12,1,0,0,1,2150.5,1.4,2901,0,CUST0415
TXN004504,17871.14,Payment,20,2,0,0,2,2586.17,9.8,2906,0,CUST0146
TXN004505,12298.83,Withdrawal,18,2,0,0,3,5960.17,5.9,2615,0,CUST0275
TXN004506,421.97,Withdrawal,23,0,0,0,4,3908.29,1.2,2912,0,CUST0066
TXN004507,1544.19,Payment,9,2,0,0,2,895.16,0.8,3346,0,CUST0469
TXN004508,1711.66,Payment,10,3,0,0,1,2253.18,7.6,2827,0,CUST0271
TXN004509,1235.51,Purchase,19,5,0,0,3,1283.02,2.0,2134,0,CUST0301
TXN004510,1030.53,Transfer,16,0,0,0,1,2300.7,3.6,859,0,CUST0459
TXN004511,1854.53,Payment,7,3,0,0,0,2241.77,10.3,2757,0,CUST0319
TXN004512,2248.01,Payment,14,1,0,0,4,1469.66,18.9,785,0,CUST0391
TXN004513,7433.63,Purchase,21,3,0,0,0,3560.75,5.0,2610,0,CUST0108
TXN004514,4529.27,Payment,19,5,0,0,5,3082.37,3.6,1770,0,CUST0463
TXN004515,574.12,Withdrawal,7,0,0,0,4,3719.17,3.7,898,0,CUST0417
TXN004516,1928.52,Withdrawal,12,1,1,0,2,8896.33,2.5,2041,0,CUST0291
TXN004517,3861.95,Payment,18,3,1,0,4,7103.06,4.2,2180,0,CUST0038
TXN004518,1509.61,Transfer,7,5,0,0,6,2393.07,6.9,700,0,CUST0139
TXN004519,547.14,Purchase,22,4,0,0,4,1268.65,1.8,2421,0,CUST0001
TXN004520,1476.84,Purchase,11,5,0,0,1,2315.5,8.2,1312,0,CUST0056
TXN004521,2345.66,Transfer,10,0,0,0,1,822.74,1.9,3485,0,CUST0277
TXN004522,1123.5,Purchase,18,3,0,0,4,2546.62,4.8,2109,0,CUST0478
TXN004523,1123.95,Payment,8,5,0,0,2,1761.65,1.3,2017,0,CUST0246
TXN004524,2520.91,Withdrawal,17,1,0,0,2,6131.38,0.8,1727,0,CUST0027
TXN004525,498.89,Payment,17,0,0,0,6,1944.28,3.5,186,0,CUST0338
TXN004526,1675.94,Purchase,15,4,0,0,1,1239.65,7.5,542,0,CUST0225
TXN004527,5000.0,Purchase,14,4,1,0,8,1072.31,10.0,260,1,CUST0385
TXN004528,4198.63,Withdrawal,19,0,0,0,2,363.64,26.6,1621,0,CUST0084
TXN004529,980.27,Payment,19,0,0,0,0,674.76,5.3,1755,0,CUST0157
TXN004530,11803.73,Withdrawal,14,5,0,0,3,8155.58,6.5,1231,0,CUST0013
TXN004531,1919.25,Payment,13,3,0,0,1,5169.21,4.0,2726,0,CUST0107
TXN004532,2695.19,Purchase,18,4,0,0,4,1498.89,3.2,551,0,CUST0182
TXN004533,2592.11,Payment,11,6,0,0,0,484.46,1.8,2634,0,CUST0177
TXN004534,1022.17,Transfer,11,2,0,0,2,3390.06,1.9,1140,0,CUST0167
TXN004535,11862.73,Purchase,19,0,0,0,1,1962.38,0.6,1788,0,CUST0103
TXN004536,1655.58,Withdrawal,8,3,0,0,2,926.83,0.7,2179,0,CUST0226
TXN004537,5763.67,Purchase,19,3,0,0,4,1680.07,2.1,1862,0,CUST0343
TXN004538,3627.59,Transfer,21,0,0,1,5,2914.02,0.1,361,0,CUST0368
TXN004539,1617.57,Payment,19,2,0,0,1,2640.8,1.7,1438,0,CUST0205
TXN004540,1364.05,Payment,16,2,0,0,1,3322.49,2.0,483,0,CUST0384
TXN004541,1505.45,Payment,21,0,0,0,4,5894.83,1.3,3037,0,CUST0322
TXN004542,3298.45,Purchase,9,2,1,0,3,6539.13,3.8,1522,0,CUST0412
TXN004543,311.62,Transfer,12,5,0,0,5,1357.81,0.4,2926,0,CUST0068
TXN004544,412.19,Transfer,19,4,0,0,0,2636.69,0.7,2835,0,CUST0178
TXN004545,835.0,Transfer,19,6,0,0,2,2347.53,3.6,300,0,CUST0231
TXN004546,863.77,Payment,9,5,0,0,1,720.48,1.1,2069,0,CUST0416
TXN004547,2197.24,Payment,17,2,0,0,3,1136.25,7.4,1990,0,CUST0106
TXN004548,1291.36,Purchase,11,1,0,0,4,1098.18,1.5,3341,0,CUST0432
TXN004549,1395.69,Transfer,11,3,0,1,3,3603.35,0.5,3047,0,CUST0331
TXN004550,6572.47,Payment,11,2,0,0,1,714.99,6.1,332,0,CUST0224
TXN004551,1444.28,Transfer,9,6,0,0,3,7445.17,5.5,2891,0,CUST0433
TXN004552,15260.66,Purchase,19,0,0,0,1,2894.55,0.6,3331,0,CUST0281
TXN004553,1338.53,Withdrawal,10,5,0,0,1,1427.08,5.1,542,0,CUST0380
TXN004554,1966.81,Withdrawal,13,3,0,0,2,1548.23,9.2,382,0,CUST0053
TXN004555,1645.08,Payment,14,6,0,0,2,866.21,0.7,2165,0,CUST0325
TXN004556,661.43,Payment,10,1,0,0,5,412.2,9.1,1030,0,CUST0379
TXN004557,1497.78,Transfer,20,6,0,0,6,191.26,5.7,3599,0,CUST0143
TXN004558,616.05,Withdrawal,15,2,0,0,3,1559.8,0.9,2800,0,CUST0384
TXN004559,1114.75,Transfer,14,1,0,0,3,1753.36,2.5,2384,0,CUST0246
TXN004560,3758.96,Transfer,17,0,0,0,2,1379.71,19.2,2874,0,CUST0485
TXN004561,889.78,Payment,16,2,0,0,6,1683.44,4.4,2969,0,CUST0286
TXN004562,1576.58,Payment,10,2,0,0,4,418.24,2.2,1925,0,CUST0388
TXN004563,275.89,Purchase,18,3,0,0,1,5106.0,2.7,2446,0,CUST0196
TXN004564,2088.61,Transfer,23,2,0,0,1,4280.57,5.5,3594,0,CUST0072
TXN004565,432.35,Payment,15,0,0,0,4,1220.13,1.1,2085,0,CUST0248
TXN004566,3996.51,Payment,16,6,0,0,3,1015.69,3.4,2206,0,CUST0398
TXN004567,394.18,Transfer,14,3,0,0,3,1491.35,13.8,713,0,CUST0273
TXN004568,6265.58,Payment,10,3,0,0,3,2577.68,2.9,1608,0,CUST0075
TXN004569,4770.35,Transfer,19,6,0,0,2,2310.29,9.2,337,0,CUST0262
TXN004570,4436.65,Transfer,6,1,0,0,10,936.71,3.8,101,0,CUST0223
TXN004571,4160.26,Withdrawal,10,1,0,0,3,793.14,10.4,934,0,CUST0012
TXN004572,2249.94,Purchase,8,4,0,0,4,2881.16,1.1,3237,0,CUST0489
TXN004573,149.48,Payment,12,0,0,0,2,2014.11,1.1,712,0,CUST0371
TXN004574,1991.72,Purchase,12,1,0,0,4,754.52,3.0,3388,0,CUST0166
TXN004575,3219.79,Payment,12,3,0,0,2,608.48,1.4,3509,0,CUST0347
TXN004576,6527.75,Payment,10,2,0,0,2,695.81,0.3,70,0,CUST0250
TXN004577,840.4,Payment,10,2,0,0,3,1900.49,2.5,1944,0,CUST0005
TXN004578,705.99,Payment,12,1,0,0,5,2676.22,0.2,1647,0,CUST0093
TXN004579,558.99,Withdrawal,12,4,0,0,4,3592.41,3.1,744,0,CUST0369
TXN004580,784.99,Transfer,10,6,0,0,1,1833.58,20.2,1517,0,CUST0350
TXN004581,6908.1,Purchase,17,5,0,0,3,2608.53,1.7,1635,0,CUST0382
TXN004582,16161.98,Payment,18,6,0,0,3,394.23,14.5,1852,0,CUST0333
TXN004583,2194.24,Purchase,17,4,0,0,4,5095.22,0.1,2420,0,CUST0141
TXN004584,2205.43,Withdrawal,20,2,0,0,4,1937.69,8.8,3441,0,CUST0252
TXN004585,5843.73,Payment,14,1,0,0,2,3612.78,1.2,3496,0,CUST0057
TXN004586,1243.23,Transfer,11,6,0,1,3,603.14,10.5,2127,0,CUST0184
TXN004587,482.24,Withdrawal,7,6,0,0,4,7519.32,20.3,2433,0,CUST0377
TXN004588,4112.98,Purchase,11,6,0,0,4,543.58,1.3,2235,0,CUST0285
TXN004589,5416.22,Payment,15,0,0,0,2,782.49,1.7,2510,0,CUST0429
TXN004590,166.62,Transfer,14,5,1,0,2,2744.22,13.0,1603,0,CUST0325
TXN004591,553.77,Transfer,7,4,0,0,1,1191.07,1.5,1692,0,CUST0334
TXN004592,5021.66,Payment,19,3,0,0,7,1246.61,1.7,372,0,CUST0342
TXN004593,2135.56,Withdrawal,7,4,0,0,0,2536.22,4.2,2225,0,CUST0307
TXN004594,1850.82,Transfer,9,4,0,0,1,605.51,1.4,2428,0,CUST0401
TXN004595,2169.17,Payment,1,6,0,0,3,5372.89,1.3,3309,0,CUST0211
TXN004596,656.78,Transfer,11,4,0,0,5,1449.28,0.1,2182,0,CUST0430
TXN004597,790.86,Purchase,10,3,0,0,2,4143.56,2.9,3012,0,CUST0245
TXN004598,818.5,Transfer,18,1,0,0,6,10441.18,4.8,549,0,CUST0173
TXN004599,3329.53,Purchase,21,6,0,0,3,2482.51,11.8,3180,0,CUST0233
TXN004600,10456.02,Transfer,10,1,0,0,3,4031.78,1.8,838,0,CUST0246
TXN004601,160.15,Transfer,18,3,0,0,6,2976.85,4.9,3342,0,CUST0484
TXN004602,1134.0,Transfer,21,1,1,0,3,1191.14,8.9,2937,0,CUST0368
TXN004603,190.67,Withdrawal,16,3,0,0,3,2913.53,1.7,1290,0,CUST0396
TXN004604,550.62,Payment,16,0,0,0,2,1221.83,10.2,2547,0,CUST0217
TXN004605,2024.89,Payment,12,3,0,0,2,7465.06,2.8,439,0,CUST0247
TXN004606,364.71,Purchase,15,4,0,0,1,6735.9,0.6,2598,0,CUST0151
TXN004607,1701.63,Transfer,17,1,0,0,2,2098.74,7.4,244,0,CUST0209
TXN004608,1676.12,Transfer,10,6,0,0,7,737.21,3.1,3094,0,CUST0483
TXN004609,9969.94,Withdrawal,8,0,0,0,3,2326.45,26.1,495,0,CUST0295
TXN004610,1784.15,Payment,18,5,0,0,2,1542.8,8.0,424,0,CUST0088
TXN004611,2675.27,Transfer,3,5,0,0,2,1368.64,2.2,2489,0,CUST0254
TXN004612,4893.65,Payment,11,6,0,0,3,1589.14,3.5,867,0,CUST0422
TXN004613,7166.56,Transfer,17,0,0,0,5,9579.41,1.4,2436,0,CUST0104
TXN004614,9195.14,Payment,19,6,0,0,2,1855.55,7.9,3172,0,CUST0119
TXN004615,2195.87,Withdrawal,20,6,1,0,3,671.6,12.8,2526,0,CUST0460
TXN004616,8028.58,Withdrawal,23,6,0,1,9,562.99,36.2,219,1,CUST0058
TXN004617,3943.52,Transfer,11,2,0,0,5,1168.37,2.9,153,0,CUST0043
TXN004618,1997.85,Transfer,19,3,0,0,2,2643.66,2.7,2341,0,CUST0038
TXN004619,1404.79,Purchase,9,2,0,0,3,1831.49,6.9,2581,0,CUST0122
TXN004620,5124.17,Payment,9,2,0,0,2,2173.55,5.5,3369,0,CUST0078
TXN004621,13754.42,Transfer,18,3,1,0,9,1613.77,28.0,297,1,CUST0206
TXN004622,2372.02,Payment,11,3,0,0,2,789.26,4.0,1936,0,CUST0458
TXN004623,243.75,Transfer,12,6,0,0,4,4589.42,2.8,2983,0,CUST0367
TXN004624,1560.34,Withdrawal,12,1,0,0,3,1201.7,1.8,1995,0,CUST0321
TXN004625,604.55,Payment,18,2,0,0,2,464.58,0.9,392,0,CUST0471
TXN004626,5000.0,Transfer,19,2,1,0,7,1638.67,208.6,66,1,CUST0092
TXN004627,2811.03,Payment,18,5,0,0,2,2179.95,2.8,1315,0,CUST0071
TXN004628,3251.45,Transfer,14,6,0,0,2,1280.45,14.7,2698,0,CUST0253
TXN004629,3009.98,Payment,17,5,0,0,3,3252.94,0.2,1568,0,CUST0224
TXN004630,846.43,Withdrawal,9,3,0,0,1,4149.44,10.4,69,0,CUST0107
TXN004631,571.53,Transfer,16,3,0,0,5,1750.19,0.1,3274,0,CUST0203
TXN004632,3209.17,Withdrawal,16,0,0,0,0,1614.84,6.9,2046,0,CUST0265
TXN004633,1418.45,Purchase,11,1,0,0,3,1701.43,4.1,2649,0,CUST0408
TXN004634,1159.46,Transfer,11,0,0,0,0,2625.4,8.3,3024,0,CUST0488
TXN004635,1390.07,Transfer,5,5,0,0,0,562.99,5.4,347,0,CUST0452
TXN004636,1931.19,Payment,12,4,0,0,4,2356.17,3.3,1070,0,CUST0081
TXN004637,4457.18,Purchase,17,1,0,0,2,2612.04,6.7,3173,0,CUST0320
TXN004638,570.73,Payment,19,6,0,0,2,4960.96,0.7,826,0,CUST0443
TXN004639,2395.5,Purchase,12,6,0,0,5,4158.36,2.3,3490,0,CUST0405
TXN004640,1843.0,Purchase,9,1,0,0,1,2140.65,11.1,2489,0,CUST0281
TXN004641,2167.33,Purchase,10,1,0,0,1,1370.65,2.0,3087,0,CUST0097
TXN004642,2543.3,Transfer,8,1,0,0,3,1562.5,0.6,838,0,CUST0387
TXN004643,300.7,Payment,22,5,0,0,2,614.89,3.7,1591,0,CUST0132
TXN004644,849.91,Transfer,17,2,0,0,3,5532.85,12.9,3558,0,CUST0491
TXN004645,1504.2,Transfer,9,5,0,0,2,3475.3,0.3,2381,0,CUST0461
TXN004646,1141.66,Withdrawal,13,6,0,0,0,2120.48,6.8,1681,0,CUST0310
TXN004647,370.96,Payment,20,1,0,0,3,2536.68,0.3,3039,0,CUST0380
TXN004648,6347.12,Transfer,8,0,1,0,1,1005.86,1.6,2762,0,CUST0285
TXN004649,1236.91,Transfer,12,4,0,0,3,4954.51,23.7,250,0,CUST0371
TXN004650,3457.43,Withdrawal,18,4,0,0,0,5567.13,8.3,523,0,CUST0164
TXN004651,2812.27,Payment,10,2,0,0,2,2844.47,3.4,415,0,CUST0134
TXN004652,1868.75,Transfer,17,5,0,0,3,1380.98,6.0,2084,0,CUST0483
TXN004653,2444.04,Transfer,17,2,0,0,6,968.51,2.3,2169,0,CUST0462
TXN004654,1899.43,Purchase,8,2,0,0,6,2509.82,1.6,1941,0,CUST0193
TXN004655,6651.45,Transfer,11,4,0,0,3,3422.55,0.0,2119,0,CUST0071
TXN004656,4574.47,Purchase,19,3,0,0,3,3070.6,3.7,1341,0,CUST0448
TXN004657,9312.54,Payment,18,5,0,0,2,2952.88,6.6,1402,0,CUST0479
TXN004658,1587.92,Transfer,8,4,0,0,6,2964.25,16.8,1041,0,CUST0432
TXN004659,1966.23,Payment,22,6,0,0,0,2309.64,9.1,3300,0,CUST0038
TXN004660,1138.27,Transfer,10,4,0,0,2,2693.8,1.4,1638,0,CUST0169
TXN004661,8687.4,Payment,15,0,0,0,5,6157.57,2.8,3196,0,CUST0364
TXN004662,4712.3,Purchase,9,3,0,0,1,757.13,1.5,1339,0,CUST0446
TXN004663,477.02,Transfer,15,0,0,0,1,2765.68,13.5,2815,0,CUST0148
TXN004664,1070.15,Purchase,21,6,0,0,3,2505.94,0.5,123,0,CUST0477
TXN004665,3256.2,Payment,19,4,0,1,4,454.73,5.3,2452,0,CUST0383
TXN004666,365.26,Transfer,8,6,0,0,4,2501.56,6.2,2908,0,CUST0091
TXN004667,2572.17,Transfer,10,0,0,0,4,1190.6,1.6,188,0,CUST0150
TXN004668,570.0,Withdrawal,21,2,0,0,6,1814.1,1.6,1968,0,CUST0373
TXN004669,1045.24,Withdrawal,21,6,0,0,8,4761.97,4.9,2701,0,CUST0271
TXN004670,1590.18,Payment,17,1,0,0,4,906.4,25.4,3385,0,CUST0318
TXN004671,6752.02,Payment,6,6,0,0,7,907.05,4.0,2744,0,CUST0451
TXN004672,1225.96,Payment,19,5,0,0,3,4169.41,3.3,507,0,CUST0050
TXN004673,662.51,Transfer,8,2,0,0,2,4321.05,10.5,2821,0,CUST0013
TXN004674,674.7,Payment,11,4,0,0,2,2256.15,10.8,1684,0,CUST0116
TXN004675,1194.02,Purchase,22,6,0,0,1,3632.01,0.7,49,0,CUST0118
TXN004676,3011.39,Purchase,10,0,0,0,4,1248.21,2.2,581,0,CUST0031
TXN004677,1219.83,Payment,13,1,0,0,3,1516.62,9.2,2614,0,CUST0267
TXN004678,1409.56,Purchase,15,2,0,0,1,2348.94,3.5,1220,0,CUST0120
TXN004679,25596.13,Payment,3,6,1,1,6,991.39,10.0,200,1,CUST0125
TXN004680,1764.95,Transfer,14,6,0,0,2,587.86,5.5,2213,0,CUST0351
TXN004681,707.74,Transfer,9,6,0,0,1,2498.49,2.5,2887,0,CUST0099
TXN004682,733.03,Transfer,9,5,0,0,6,5433.91,1.1,1876,0,CUST0158
TXN004683,603.47,Transfer,11,3,0,0,3,1315.85,2.6,805,0,CUST0061
TXN004684,16492.97,Transfer,22,0,0,0,4,6929.56,3.5,105,0,CUST0420
TXN004685,15131.84,Transfer,9,6,0,0,1,18355.94,3.9,78,0,CUST0151
TXN004686,4557.97,Payment,8,2,0,0,1,1816.8,6.5,2762,0,CUST0015
TXN004687,89.33,Payment,17,6,0,0,2,1014.44,3.0,3288,0,CUST0306
TXN004688,2672.3,Payment,17,4,1,0,2,1804.13,4.8,2922,0,CUST0253
TXN004689,1034.01,Payment,18,1,0,0,3,1708.06,7.2,1007,0,CUST0294
TXN004690,4787.32,Withdrawal,16,5,0,0,2,2342.68,1.6,3138,0,CUST0488
TXN004691,1138.04,Payment,14,5,0,0,2,792.26,1.2,229,0,CUST0294
TXN004692,6830.5,Purchase,9,3,0,0,2,4679.45,6.5,3602,0,CUST0067
TXN004693,2209.61,Transfer,16,4,0,0,1,1839.4,16.6,483,0,CUST0317
TXN004694,2944.74,Payment,11,6,0,0,1,949.08,3.2,1983,0,CUST0023
TXN004695,7975.39,Purchase,15,0,0,0,5,4520.55,2.8,2163,0,CUST0120
TXN004696,523.43,Payment,16,6,0,0,3,2111.69,4.9,903,0,CUST0149
TXN004697,3201.02,Payment,10,1,0,0,1,1470.88,2.8,143,0,CUST0183
TXN004698,7013.37,Withdrawal,19,0,0,0,2,1048.76,6.1,756,0,CUST0059
TXN004699,2175.11,Transfer,20,3,0,0,0,2589.38,2.3,1687,0,CUST0261
TXN004700,1136.37,Payment,12,3,0,0,3,379.46,7.4,31,0,CUST0153
TXN004701,120.6,Transfer,21,5,0,0,2,1441.04,5.8,1405,0,CUST0266
TXN004702,2428.36,Transfer,12,6,0,0,3,3002.43,6.9,2213,0,CUST0368
TXN004703,3434.21,Payment,7,4,0,0,2,2052.32,2.0,1556,0,CUST0204
TXN004704,1120.19,Payment,9,2,0,0,2,1145.63,6.2,3607,0,CUST0352
TXN004705,5744.55,Transfer,12,3,0,0,3,559.44,7.1,653,0,CUST0278
TXN004706,525.47,Withdrawal,7,4,1,0,3,558.23,3.0,1371,0,CUST0058
TXN004707,213.65,Payment,16,4,0,0,3,1642.67,1.7,372,0,CUST0373
TXN004708,2353.1,Purchase,11,3,0,0,3,1922.89,0.0,2525,0,CUST0159
TXN004709,678.54,Payment,15,0,0,0,3,2936.51,14.5,59,0,CUST0317
TXN004710,1768.65,Purchase,19,6,0,0,2,7776.22,3.4,1170,0,CUST0418
TXN004711,1889.05,Purchase,13,4,1,0,1,2744.67,10.2,2351,0,CUST0158
TXN004712,1046.62,Payment,23,2,0,0,1,4804.9,4.4,1667,0,CUST0246
TXN004713,501.2,Purchase,15,5,0,0,4,5556.48,5.4,3154,0,CUST0082
TXN004714,5497.79,Payment,17,5,0,0,4,650.93,2.4,243,0,CUST0203
TXN004715,286.6,Withdrawal,9,0,0,0,4,8616.94,6.3,682,0,CUST0291
TXN004716,3273.25,Payment,7,4,0,0,1,329.41,6.5,3241,0,CUST0220
TXN004717,2441.76,Payment,17,6,0,0,1,725.98,0.1,946,0,CUST0466
TXN004718,3881.05,Transfer,13,3,0,0,2,2122.54,12.1,2484,0,CUST0449
TXN004719,4077.67,Purchase,11,3,0,0,2,980.4,5.7,3453,0,CUST0186
TXN004720,7326.32,Withdrawal,13,4,0,0,8,878.29,6.1,1985,0,CUST0418
TXN004721,2386.43,Payment,9,2,0,0,4,878.08,18.4,1248,0,CUST0194
TXN004722,581.63,Transfer,7,6,0,0,3,6566.1,2.0,1105,0,CUST0439
TXN004723,669.42,Transfer,12,5,0,0,2,2355.24,6.0,848,0,CUST0389
TXN004724,4573.76,Purchase,11,6,0,0,0,3334.19,0.3,3485,0,CUST0135
TXN004725,946.78,Purchase,20,0,0,0,3,723.87,0.5,1127,0,CUST0378
TXN004726,1096.77,Payment,20,2,0,0,1,2373.15,16.7,1060,0,CUST0338
TXN004727,1490.24,Transfer,18,3,0,0,3,2967.49,4.8,300,0,CUST0342
TXN004728,1084.65,Transfer,7,6,0,0,3,1868.37,4.6,2484,0,CUST0477
TXN004729,3383.32,Payment,9,4,0,0,2,2460.33,3.0,734,0,CUST0431
TXN004730,2183.04,Payment,16,4,0,0,1,1175.58,4.2,253,0,CUST0220
TXN004731,4594.39,Withdrawal,16,4,0,0,2,509.0,0.5,2738,0,CUST0487
TXN004732,955.77,Transfer,14,1,0,0,5,1139.25,11.9,3613,0,CUST0376
TXN004733,3153.38,Transfer,17,0,0,0,2,1982.1,1.3,2818,0,CUST0341
TXN004734,308.46,Purchase,13,2,0,0,3,1027.63,3.6,307,0,CUST0334
TXN004735,9862.12,Transfer,20,0,0,0,1,856.63,7.8,2731,0,CUST0500
TXN004736,38585.99,Withdrawal,2,5,1,1,5,3375.76,89.2,61,1,CUST0153
TXN004737,427.56,Payment,9,0,0,0,3,4044.34,1.5,1890,0,CUST0001
TXN004738,1239.22,Withdrawal,7,5,0,0,3,2051.38,2.5,3180,0,CUST0021
TXN004739,3925.13,Purchase,21,2,0,0,2,2372.33,8.9,2435,0,CUST0288
TXN004740,4289.49,Payment,13,2,0,0,0,2457.33,12.1,874,0,CUST0094
TXN004741,829.78,Purchase,9,6,0,0,5,2170.1,1.3,3448,0,CUST0363
TXN004742,1581.01,Payment,20,6,0,0,5,2972.97,7.7,670,0,CUST0051
TXN004743,627.09,Payment,16,1,0,0,2,1340.9,0.6,2910,0,CUST0264
TXN004744,2462.78,Withdrawal,18,5,0,0,3,3027.62,0.8,2478,0,CUST0046
TXN004745,866.51,Purchase,15,0,0,0,5,838.07,7.1,3493,0,CUST0422
TXN004746,2928.51,Payment,15,6,0,0,3,824.89,12.5,898,0,CUST0228
TXN004747,252.82,Payment,16,2,0,0,1,1546.66,1.6,1684,0,CUST0388
TXN004748,1164.39,Transfer,16,0,0,0,0,3019.17,5.4,2452,0,CUST0088
TXN004749,15135.09,Withdrawal,16,6,0,0,2,4616.47,2.9,2282,0,CUST0329
TXN004750,1870.63,Purchase,17,6,0,0,2,851.1,0.0,3536,0,CUST0385
TXN004751,94.23,Payment,6,4,0,0,0,2142.29,24.2,3561,0,CUST0475
TXN004752,33462.26,Transfer,16,3,0,0,3,1755.91,14.9,3048,0,CUST0225
TXN004753,1916.87,Payment,21,3,0,0,1,658.42,15.5,70,0,CUST0061
TXN004754,4209.75,Transfer,11,1,0,0,1,2800.31,3.5,275,0,CUST0221
TXN004755,1260.16,Transfer,18,2,1,0,2,2996.65,1.9,265,0,CUST0057
TXN004756,768.1,Purchase,10,1,0,0,1,1664.89,0.5,273,0,CUST0127
TXN004757,4264.75,Payment,10,6,0,0,5,1908.19,5.7,2252,0,CUST0064
TXN004758,798.17,Withdrawal,15,1,0,0,3,11042.25,2.3,1428,0,CUST0100
TXN004759,962.71,Transfer,11,6,0,0,2,1697.24,10.7,2262,0,CUST0362
TXN004760,8266.38,Payment,9,1,0,0,4,1578.84,13.7,1627,0,CUST0047
TXN004761,1239.64,Withdrawal,15,5,0,0,3,1871.34,2.9,1809,0,CUST0374
TXN004762,879.88,Transfer,0,5,0,0,2,1094.63,2.3,2469,0,CUST0261
TXN004763,7684.37,Purchase,17,2,0,0,4,6509.99,5.9,2258,0,CUST0221
TXN004764,2229.78,Transfer,9,2,0,0,3,1675.18,10.0,1102,0,CUST0329
TXN004765,1803.76,Transfer,10,6,0,0,4,1862.35,5.3,3006,0,CUST0227
TXN004766,10428.22,Payment,9,0,0,0,3,11524.89,7.3,1095,0,CUST0133
TXN004767,443.72,Withdrawal,11,2,0,0,2,2051.84,1.7,2029,0,CUST0126
TXN004768,1655.27,Payment,13,6,0,0,2,3405.44,7.2,409,0,CUST0448
TXN004769,1957.79,Payment,9,3,0,0,3,2952.67,3.8,3542,0,CUST0036
TXN004770,1342.39,Transfer,17,1,0,0,3,911.99,8.6,193,0,CUST0487
TXN004771,3698.69,Transfer,11,5,0,0,1,5036.83,2.9,1694,0,CUST0035
TXN004772,9942.68,Withdrawal,14,2,0,0,1,1391.24,6.3,1404,0,CUST0111
TXN004773,1765.96,Transfer,13,4,0,0,2,642.33,7.3,1631,0,CUST0462
TXN004774,1626.05,Payment,8,2,0,0,5,878.71,9.3,1119,0,CUST0002
TXN004775,1281.65,Withdrawal,11,0,0,0,2,2212.5,0.8,1324,0,CUST0071
TXN004776,7316.19,Withdrawal,19,2,0,0,4,1205.13,2.4,3233,0,CUST0271
TXN004777,12744.41,Withdrawal,0,5,1,1,5,896.13,51.9,221,1,CUST0332
TXN004778,1529.78,Transfer,9,6,0,0,2,2882.91,5.4,3288,0,CUST0486
TXN004779,378.72,Withdrawal,20,5,0,0,4,851.07,0.4,120,0,CUST0479
TXN004780,290.13,Purchase,15,5,0,1,1,1824.03,9.0,1459,0,CUST0367
TXN004781,2084.0,Transfer,11,3,1,0,2,434.76,0.3,2861,0,CUST0232
TXN004782,986.65,Payment,7,3,0,0,3,1573.14,0.1,2159,0,CUST0137
TXN004783,1871.91,Payment,17,6,0,0,1,1529.43,12.5,1439,0,CUST0406
TXN004784,1225.9,Withdrawal,18,3,0,0,4,1937.73,19.0,3606,0,CUST0254
TXN004785,2740.25,Transfer,19,4,1,0,2,1930.97,0.8,825,0,CUST0222
TXN004786,426.15,Purchase,13,1,0,0,2,3284.86,14.2,2987,0,CUST0107
TXN004787,11973.37,Withdrawal,20,5,1,0,4,2249.27,4.2,1316,0,CUST0422
TXN004788,250.64,Payment,14,6,0,0,1,263.41,4.6,1335,0,CUST0253
TXN004789,4107.14,Payment,17,4,0,0,3,2966.91,0.7,145,0,CUST0408
TXN004790,774.28,Transfer,11,2,0,0,1,985.23,1.2,3313,0,CUST0092
TXN004791,2220.43,Transfer,18,1,0,0,5,3119.29,1.7,3482,0,CUST0381
TXN004792,1424.03,Transfer,11,0,0,0,1,673.73,0.8,1538,0,CUST0016
TXN004793,1279.32,Purchase,13,5,0,0,1,5723.41,0.6,1089,0,CUST0401
TXN004794,2315.73,Payment,14,3,0,0,5,1045.61,6.5,1456,0,CUST0207
TXN004795,560.13,Purchase,23,1,0,0,1,2294.8,8.7,666,0,CUST0460
TXN004796,2443.31,Payment,23,6,0,0,0,1274.03,8.1,845,0,CUST0097
TXN004797,2168.66,Purchase,10,5,0,0,1,1754.25,3.5,1671,0,CUST0110
TXN004798,2278.89,Purchase,12,1,0,0,0,2650.64,22.5,3355,0,CUST0412
TXN004799,4391.84,Transfer,10,4,0,0,2,9034.52,2.7,1087,0,CUST0388
TXN004800,3160.0,Payment,17,5,0,0,1,1173.8,0.2,2869,0,CUST0341
TXN004801,8796.57,Payment,22,2,0,0,4,2181.89,0.9,3406,0,CUST0046
TXN004802,1454.36,Purchase,22,4,0,0,2,3028.24,22.6,87,0,CUST0149
TXN004803,5584.71,Payment,13,2,0,0,4,3145.81,4.6,661,0,CUST0389
TXN004804,899.41,Payment,8,2,0,0,3,2057.99,5.0,162,0,CUST0055
TXN004805,1212.62,Payment,11,1,0,0,2,1174.05,3.7,3588,0,CUST0268
TXN004806,3541.46,Transfer,8,4,0,1,2,2024.7,4.3,1930,0,CUST0237
TXN004807,768.03,Withdrawal,21,3,0,0,3,971.28,0.3,725,0,CUST0244
TXN004808,675.43,Withdrawal,6,1,0,0,1,961.27,0.6,2686,0,CUST0200
TXN004809,559.9,Purchase,12,0,0,0,3,1079.58,2.3,400,0,CUST0076
TXN004810,5164.44,Transfer,11,0,0,0,1,3484.04,11.4,144,0,CUST0459
TXN004811,16211.07,Transfer,18,4,0,0,2,11243.63,1.4,2884,0,CUST0351
TXN004812,8378.58,Payment,16,0,0,0,4,2445.32,2.5,956,0,CUST0141
TXN004813,1894.93,Purchase,13,6,0,0,1,2890.83,5.4,2637,0,CUST0224
TXN004814,826.67,Withdrawal,22,6,0,0,3,3187.93,8.4,1389,0,CUST0057
TXN004815,3253.19,Payment,12,4,0,0,4,2645.27,0.1,2831,0,CUST0058
TXN004816,364.61,Transfer,21,0,0,0,3,5654.27,7.3,2567,0,CUST0463
TXN004817,438.99,Payment,17,4,1,0,1,1718.27,5.6,2332,0,CUST0381
TXN004818,830.4,Transfer,14,5,0,0,3,2435.17,1.0,1846,0,CUST0094
TXN004819,404.54,Transfer,15,6,0,0,2,3455.88,6.8,1350,0,CUST0454
TXN004820,2210.22,Purchase,13,1,0,0,0,1352.97,2.3,2442,0,CUST0200
TXN004821,1992.36,Purchase,19,1,0,0,2,4787.41,10.3,1940,0,CUST0271
TXN004822,2827.03,Transfer,11,0,0,0,2,3123.5,0.0,1920,0,CUST0124
TXN004823,2955.57,Purchase,12,2,0,0,1,1015.46,1.4,2023,0,CUST0095
TXN004824,9109.24,Withdrawal,16,3,0,0,4,444.32,16.2,1930,0,CUST0398
TXN004825,3012.53,Payment,17,3,1,0,2,1724.21,1.1,2243,0,CUST0073
TXN004826,668.91,Payment,16,6,1,0,1,666.39,5.0,2337,0,CUST0156
TXN004827,1437.2,Payment,9,6,0,0,4,1969.77,7.6,548,0,CUST0062
TXN004828,11743.73,Transfer,20,6,0,0,4,986.98,0.7,355,0,CUST0019
TXN004829,1723.8,Payment,8,3,0,0,2,1869.65,1.2,161,0,CUST0176
TXN004830,13142.86,Payment,7,3,0,0,6,3540.88,0.3,1074,0,CUST0073
TXN004831,19173.22,Withdrawal,1,5,1,1,9,1177.27,354.4,238,1,CUST0055
TXN004832,2326.78,Purchase,10,3,0,0,2,1787.29,3.0,1293,0,CUST0462
TXN004833,3723.6,Transfer,7,4,0,0,2,1236.12,5.8,1807,0,CUST0057
TXN004834,3772.99,Payment,11,2,0,0,1,2310.66,0.9,248,0,CUST0291
TXN004835,1139.94,Payment,9,1,0,0,4,3088.82,0.6,1535,0,CUST0220
TXN004836,1534.33,Purchase,14,0,0,0,6,628.92,3.8,2144,0,CUST0043
TXN004837,183.87,Purchase,13,4,0,0,1,863.05,0.8,853,0,CUST0483
TXN004838,412.18,Payment,11,5,0,0,4,4825.05,1.5,3262,0,CUST0170
TXN004839,1594.34,Purchase,18,2,0,0,2,1277.41,3.3,1854,0,CUST0277
TXN004840,1322.35,Transfer,21,1,0,0,3,1801.93,1.8,1062,0,CUST0451
TXN004841,912.66,Transfer,16,4,0,0,2,2857.23,3.5,2327,0,CUST0465
TXN004842,2320.52,Purchase,16,5,0,0,0,2277.62,1.1,830,0,CUST0193
TXN004843,1135.61,Transfer,8,0,0,0,3,6658.85,6.2,2207,0,CUST0316
TXN004844,2004.44,Transfer,15,5,0,0,3,6302.65,5.2,1301,0,CUST0329
TXN004845,6223.53,Payment,18,6,0,0,3,5023.47,12.6,1489,0,CUST0159
TXN004846,1997.5,Purchase,12,6,0,0,4,669.04,4.0,2639,0,CUST0034
TXN004847,2923.65,Transfer,11,3,0,0,2,804.28,5.5,42,0,CUST0283
TXN004848,1602.98,Transfer,21,0,0,0,5,2890.74,8.9,2755,0,CUST0112
TXN004849,438.66,Payment,3,4,0,0,4,2580.22,1.6,1249,0,CUST0415
TXN004850,555.87,Purchase,19,1,0,1,1,2604.81,0.3,3444,0,CUST0164
TXN004851,3152.72,Payment,18,6,0,0,2,794.17,3.4,2318,0,CUST0290
TXN004852,2224.46,Payment,10,1,0,0,3,729.99,1.4,2820,0,CUST0301
TXN004853,3597.28,Payment,16,2,0,0,7,2330.67,7.7,299,0,CUST0464
TXN004854,5042.37,Payment,9,5,0,0,2,910.24,4.4,1769,0,CUST0043
TXN004855,1137.0,Purchase,13,5,0,0,3,2018.1,0.8,595,0,CUST0343
TXN004856,676.89,Purchase,17,2,0,0,4,5999.61,2.4,747,0,CUST0342
TXN004857,5400.14,Purchase,17,4,0,0,7,1348.24,2.7,2804,0,CUST0308
TXN004858,7861.64,Withdrawal,5,3,1,1,11,865.18,179.8,144,1,CUST0132
TXN004859,2919.02,Withdrawal,20,0,0,0,0,841.89,3.9,1152,0,CUST0131
TXN004860,4663.52,Payment,12,0,0,0,4,2377.88,4.4,1484,0,CUST0463
TXN004861,31785.87,Purchase,2,3,1,1,6,1744.47,140.7,62,1,CUST0289
TXN004862,16256.09,Payment,16,6,0,0,3,2390.42,0.2,1642,0,CUST0315
TXN004863,2525.84,Transfer,10,1,0,0,2,2650.63,2.3,1887,0,CUST0264
TXN004864,2389.94,Payment,17,1,0,0,4,1046.53,3.7,2390,0,CUST0124
TXN004865,736.22,Payment,16,1,0,0,0,949.73,1.2,2998,0,CUST0206
TXN004866,7328.21,Transfer,19,2,0,1,2,1054.55,5.9,391,0,CUST0100
TXN004867,5986.41,Purchase,11,2,0,0,5,1103.74,2.7,450,0,CUST0166
TXN004868,13127.58,Payment,18,5,0,0,2,2187.98,1.7,3184,0,CUST0191
TXN004869,1317.63,Payment,17,4,0,0,2,1762.23,1.2,1478,0,CUST0142
TXN004870,2882.59,Transfer,18,4,0,0,3,3091.37,2.7,3628,0,CUST0228
TXN004871,3207.12,Payment,14,2,0,0,1,4398.67,12.6,3411,0,CUST0220
TXN004872,6005.4,Withdrawal,14,6,0,0,3,438.55,10.7,1516,0,CUST0174
TXN004873,2858.83,Payment,12,2,0,0,2,2355.7,8.7,636,0,CUST0223
TXN004874,2929.16,Transfer,13,1,0,0,1,770.97,1.2,1227,0,CUST0427
TXN004875,807.55,Purchase,16,3,0,0,4,517.29,3.2,1282,0,CUST0257
TXN004876,3053.25,Purchase,16,3,0,0,1,969.29,0.5,886,0,CUST0176
TXN004877,1773.8,Transfer,12,3,0,0,2,2129.37,1.5,723,0,CUST0415
TXN004878,2175.39,Withdrawal,0,1,1,0,1,3343.5,0.8,2306,0,CUST0478
TXN004879,746.95,Purchase,10,6,0,0,1,1941.44,5.5,2816,0,CUST0332
TXN004880,14633.87,Purchase,21,1,1,1,5,2773.54,0.9,2221,0,CUST0462
TXN004881,528.91,Purchase,19,2,0,0,1,2793.82,10.1,3346,0,CUST0357
TXN004882,5170.76,Purchase,18,4,0,0,3,3316.54,1.3,2004,0,CUST0326
TXN004883,606.72,Payment,15,0,0,0,1,1341.72,1.7,369,0,CUST0444
TXN004884,1387.05,Payment,16,6,0,0,1,4327.27,4.6,276,0,CUST0158
TXN004885,1349.26,Payment,8,4,0,0,0,6436.32,2.0,2023,0,CUST0250
TXN004886,2405.6,Transfer,14,2,0,0,2,533.58,0.6,2830,0,CUST0017
TXN004887,1593.17,Transfer,10,6,0,0,2,4554.02,11.5,1412,0,CUST0439
TXN004888,244.27,Withdrawal,10,5,0,0,1,2464.27,1.8,151,0,CUST0077
TXN004889,5000.0,Transfer,9,4,1,0,10,1344.86,191.8,16,1,CUST0250
TXN004890,4161.08,Payment,19,4,0,0,3,4397.99,20.4,1670,0,CUST0432
TXN004891,417.05,Payment,19,0,0,0,2,1957.82,0.2,2093,0,CUST0166
TXN004892,6729.3,Purchase,19,4,0,0,4,2843.84,2.8,2980,0,CUST0464
TXN004893,1425.56,Payment,21,1,0,0,0,1320.74,3.1,3120,0,CUST0048
TXN004894,12645.13,Transfer,1,1,0,1,3,638.07,55.0,164,1,CUST0313
TXN004895,649.85,Payment,11,3,0,0,2,2577.03,10.3,3481,0,CUST0156
TXN004896,1355.55,Withdrawal,15,4,0,0,2,7712.72,0.7,1123,0,CUST0332
TXN004897,190.03,Transfer,15,6,0,0,4,3422.94,0.3,643,0,CUST0420
TXN004898,42521.76,Payment,10,2,0,0,1,3486.69,10.4,1001,0,CUST0464
TXN004899,50.0,Purchase,11,2,0,1,2,2090.77,2.6,2229,0,CUST0012
TXN004900,1967.52,Payment,16,1,0,0,5,826.04,3.1,1408,0,CUST0449
TXN004901,10999.16,Purchase,17,3,0,0,1,2586.42,9.4,309,0,CUST0275
TXN004902,2685.99,Withdrawal,12,5,0,0,3,2659.91,4.4,2055,0,CUST0198
TXN004903,5187.39,Payment,13,5,0,0,2,2148.61,5.8,738,0,CUST0262
TXN004904,21854.98,Payment,10,0,0,0,1,2017.41,0.9,362,0,CUST0210
TXN004905,1521.38,Payment,17,4,0,0,1,8522.84,12.2,1532,0,CUST0128
TXN004906,5785.81,Transfer,11,6,0,0,1,1987.04,16.1,606,0,CUST0048
TXN004907,1070.53,Transfer,10,2,0,0,3,1555.11,40.6,606,0,CUST0028
TXN004908,2655.01,Purchase,12,4,0,0,1,1813.38,0.4,3054,0,CUST0076
TXN004909,8852.43,Purchase,7,1,0,0,1,3092.66,1.6,1309,0,CUST0159
TXN004910,19569.23,Transfer,15,6,0,0,2,251.7,0.9,1797,0,CUST0091
TXN004911,4142.89,Transfer,16,4,0,0,1,1787.95,1.0,420,0,CUST0110
TXN004912,5065.88,Transfer,17,5,0,0,2,2073.8,3.1,46,0,CUST0177
TXN004913,157.48,Transfer,18,1,0,0,4,3862.46,4.4,3200,0,CUST0200
TXN004914,1206.94,Payment,9,4,0,0,4,4091.04,3.9,2509,0,CUST0011
TXN004915,2888.64,Purchase,15,5,0,0,1,280.32,5.6,2473,0,CUST0263
TXN004916,941.1,Transfer,12,4,0,0,1,1270.05,0.9,1277,0,CUST0252
TXN004917,6125.91,Payment,11,3,0,0,2,842.75,10.4,686,0,CUST0342
TXN004918,287.57,Purchase,15,2,0,0,3,2060.45,18.0,2701,0,CUST0276
TXN004919,2424.43,Withdrawal,6,1,0,0,2,11954.61,0.1,1245,0,CUST0147
TXN004920,196.84,Purchase,16,1,0,0,2,1804.99,2.5,2765,0,CUST0002
TXN004921,523.45,Withdrawal,10,2,0,0,4,4703.59,2.2,1980,0,CUST0497
TXN004922,1002.8,Transfer,9,1,0,0,4,1717.18,2.1,3536,0,CUST0493
TXN004923,4344.71,Withdrawal,9,2,0,0,2,5651.11,1.2,2350,0,CUST0027
TXN004924,1739.33,Transfer,13,2,0,0,5,2895.82,1.3,2516,0,CUST0120
TXN004925,555.44,Payment,18,3,0,0,6,879.18,4.5,2415,0,CUST0409
TXN004926,1000.0,Withdrawal,20,4,0,0,3,3997.86,0.8,1365,0,CUST0302
TXN004927,3584.77,Withdrawal,15,2,0,0,3,871.69,9.2,3169,0,CUST0331
TXN004928,5730.68,Transfer,8,3,0,1,4,826.02,6.2,422,0,CUST0009
TXN004929,1014.13,Purchase,18,1,0,0,3,5010.96,1.4,2089,0,CUST0090
TXN004930,1390.39,Transfer,15,1,0,0,1,2144.69,8.4,1576,0,CUST0223
TXN004931,2185.46,Withdrawal,20,0,0,0,2,952.6,5.9,238,0,CUST0489
TXN004932,2719.63,Payment,15,5,0,0,2,2334.68,13.2,1776,0,CUST0177
TXN004933,2669.41,Withdrawal,13,0,0,0,1,3857.03,6.0,844,0,CUST0241
TXN004934,641.42,Payment,11,6,0,0,7,6322.12,1.9,1438,0,CUST0312
TXN004935,727.31,Payment,14,6,0,0,3,770.14,3.0,683,0,CUST0459
TXN004936,3285.35,Payment,14,5,0,0,5,1118.21,9.0,1451,0,CUST0012
TXN004937,1061.04,Purchase,21,5,0,0,3,1476.15,27.8,315,0,CUST0445
TXN004938,662.29,Withdrawal,11,1,0,0,4,1097.24,0.5,798,0,CUST0446
TXN004939,539.44,Payment,11,2,0,0,2,4325.04,4.1,1308,0,CUST0043
TXN004940,648.23,Withdrawal,19,2,0,0,2,397.49,1.6,912,0,CUST0394
TXN004941,4672.99,Payment,11,2,0,0,2,4767.11,5.0,1756,0,CUST0410
TXN004942,3250.92,Purchase,17,0,0,0,0,2011.39,0.0,1209,0,CUST0009
TXN004943,2476.11,Transfer,7,4,0,0,4,1145.55,2.9,2767,0,CUST0274
TXN004944,1263.85,Payment,20,3,0,0,1,954.65,0.2,1434,0,CUST0281
TXN004945,10521.63,Transfer,17,0,0,0,1,1821.35,2.7,2247,0,CUST0466
TXN004946,1525.1,Transfer,15,3,0,0,3,1213.49,9.8,3505,0,CUST0235
TXN004947,2361.68,Purchase,12,3,0,0,1,5381.5,1.4,774,0,CUST0113
TXN004948,1026.66,Transfer,9,6,0,1,1,1268.35,2.4,193,0,CUST0252
TXN004949,8856.8,Transfer,12,3,0,0,3,5157.53,10.5,3612,0,CUST0108
TXN004950,1197.01,Purchase,12,3,0,0,2,895.27,1.1,2448,0,CUST0246
TXN004951,5062.44,Transfer,16,1,0,0,1,1992.89,0.1,2460,0,CUST0189
TXN004952,1125.92,Payment,11,4,0,0,3,811.24,7.5,2903,0,CUST0270
TXN004953,734.08,Payment,16,2,0,0,2,1262.94,14.9,3438,0,CUST0411
TXN004954,994.78,Transfer,10,2,0,0,3,846.95,1.1,902,0,CUST0086
TXN004955,7039.54,Withdrawal,11,2,0,0,4,871.28,0.1,2065,0,CUST0315
TXN004956,4766.93,Payment,13,2,0,0,3,1123.74,1.1,1753,0,CUST0420
TXN004957,1003.14,Payment,16,5,1,0,1,6741.86,1.3,2942,0,CUST0017
TXN004958,652.19,Transfer,8,1,0,0,2,2663.96,12.3,3213,0,CUST0268
TXN004959,7958.22,Purchase,13,0,0,0,4,1135.36,4.9,196,0,CUST0142
TXN004960,2776.56,Purchase,12,6,0,0,1,1105.69,5.8,441,0,CUST0326
TXN004961,5811.01,Withdrawal,20,3,1,0,3,1389.06,3.4,2271,0,CUST0384
TXN004962,362.32,Payment,11,0,0,0,4,7990.71,5.7,2874,0,CUST0010
TXN004963,4776.26,Payment,17,4,0,0,2,1937.1,8.8,1614,0,CUST0043
TXN004964,717.47,Payment,12,0,0,0,4,5796.42,10.7,3049,0,CUST0237
TXN004965,5949.64,Withdrawal,11,6,0,0,6,944.91,5.9,2354,0,CUST0206
TXN004966,14000.69,Purchase,12,2,0,0,3,3912.98,10.4,1605,0,CUST0086
TXN004967,1706.81,Transfer,12,1,0,0,1,1534.15,0.0,1843,0,CUST0128
TXN004968,1575.85,Withdrawal,10,2,0,0,4,1412.0,1.6,1738,0,CUST0237
TXN004969,1494.67,Transfer,9,2,0,0,1,16592.68,0.1,1145,0,CUST0256
TXN004970,8118.92,Payment,11,4,0,0,2,2508.76,3.5,1376,0,CUST0451
TXN004971,1514.82,Transfer,17,4,0,0,1,2350.81,5.1,910,0,CUST0264
TXN004972,215.14,Transfer,16,2,1,0,1,1463.23,1.5,2068,0,CUST0102
TXN004973,2320.14,Payment,22,6,0,0,0,1696.62,5.3,1615,0,CUST0245
TXN004974,326.96,Transfer,18,2,0,0,2,1940.98,0.4,866,0,CUST0164
TXN004975,306.05,Transfer,19,1,1,0,1,2890.95,2.1,1666,0,CUST0453
TXN004976,5000.0,Payment,18,3,0,1,8,1210.95,164.1,84,1,CUST0290
TXN004977,3241.94,Purchase,18,4,0,0,2,2623.98,0.2,1694,0,CUST0321
TXN004978,6325.51,Transfer,8,5,0,0,3,3524.85,10.8,2981,0,CUST0261
TXN004979,1394.04,Payment,17,5,0,0,3,2780.28,0.9,439,0,CUST0077
TXN004980,164.67,Payment,17,1,0,0,4,3169.54,11.2,1872,0,CUST0154
TXN004981,6130.51,Payment,8,6,0,0,3,623.2,2.2,2410,0,CUST0046
TXN004982,2094.51,Transfer,14,6,0,0,1,781.49,2.7,3440,0,CUST0042
TXN004983,2301.51,Purchase,15,6,0,0,4,1018.48,5.5,1460,0,CUST0162
TXN004984,5949.67,Withdrawal,10,6,0,0,2,957.49,2.9,1763,0,CUST0235
TXN004985,491.35,Withdrawal,8,4,0,0,4,2337.41,0.4,1472,0,CUST0095
TXN004986,6670.69,Transfer,16,1,0,0,1,853.87,3.0,2269,0,CUST0435
TXN004987,1846.99,Payment,15,3,0,0,0,3010.59,0.4,635,0,CUST0294
TXN004988,3990.46,Transfer,10,3,0,0,1,1697.11,16.3,209,0,CUST0150
TXN004989,106.37,Payment,12,2,1,0,2,683.88,1.5,530,0,CUST0412
TXN004990,2019.36,Transfer,10,4,0,0,5,3792.58,3.9,1282,0,CUST0055
TXN004991,1198.12,Withdrawal,16,0,0,0,2,2465.36,1.5,1082,0,CUST0074
TXN004992,791.69,Purchase,15,5,0,0,3,1632.12,1.1,1175,0,CUST0340
TXN004993,25685.76,Withdrawal,21,2,1,0,8,1063.13,92.0,191,1,CUST0111
TXN004994,13565.36,Purchase,11,5,0,0,3,1177.86,0.8,190,0,CUST0140
TXN004995,417.52,Transfer,18,5,0,0,1,2602.86,2.3,1645,0,CUST0210
TXN004996,434.41,Transfer,10,5,0,1,0,6220.05,0.1,3249,0,CUST0485
TXN004997,2196.75,Payment,23,0,0,0,4,831.99,2.2,1958,0,CUST0317
TXN004998,791.95,Payment,12,5,0,0,2,827.67,2.7,392,0,CUST0101
TXN004999,2328.93,Transfer,12,0,0,0,1,1018.21,4.7,3359,0,CUST0329
TXN005000,7131.46,Transfer,11,5,0,0,2,3191.54,4.1,1578,0,CUST0091
TXN005001,2870.1,Transfer,12,0,0,0,1,2522.12,8.9,2777,0,CUST0374
TXN005002,692.25,Purchase,20,6,0,0,1,2259.36,2.2,892,0,CUST0300
TXN005003,984.79,Withdrawal,14,2,0,0,2,2778.27,2.9,3535,0,CUST0364
TXN005004,1027.22,Transfer,18,4,0,0,3,1843.61,13.7,778,0,CUST0465
TXN005005,220.16,Withdrawal,8,6,0,0,2,1897.34,0.1,3467,0,CUST0194
TXN005006,759.02,Transfer,18,4,0,0,2,399.21,1.4,2584,0,CUST0193
TXN005007,1614.65,Payment,11,2,0,0,2,9650.65,0.1,328,0,CUST0042
TXN005008,1043.63,Transfer,12,0,0,1,4,753.06,4.6,3171,0,CUST0045
TXN005009,1308.3,Purchase,18,0,0,0,3,3516.33,0.0,1473,0,CUST0143
TXN005010,791.47,Purchase,18,3,0,0,1,3116.44,5.8,830,0,CUST0268
TXN005011,7563.97,Payment,18,2,0,0,2,887.99,2.6,2518,0,CUST0466
TXN005012,4191.17,Payment,20,2,0,0,3,2208.15,4.2,347,0,CUST0088
TXN005013,1000.67,Transfer,16,1,0,0,5,3959.3,1.5,2054,0,CUST0225
TXN005014,3248.36,Payment,10,0,0,0,2,705.36,0.6,816,0,CUST0491
TXN005015,881.44,Transfer,19,6,0,0,2,851.85,7.3,1792,0,CUST0184
TXN005016,8774.21,Withdrawal,18,2,0,0,0,2376.82,5.6,2622,0,CUST0442
TXN005017,6786.59,Transfer,18,1,0,0,1,2310.11,3.8,296,0,CUST0496
TXN005018,776.54,Payment,21,1,1,0,1,779.88,1.0,726,0,CUST0036
TXN005019,983.88,Transfer,7,2,0,0,2,388.17,0.9,291,0,CUST0095
TXN005020,2161.8,Purchase,16,0,0,0,2,1185.94,14.6,2654,0,CUST0084
TXN005021,358.6,Purchase,10,2,0,0,2,1002.2,5.0,2422,0,CUST0358
TXN005022,2618.46,Purchase,19,2,0,0,2,322.17,8.4,1815,0,CUST0412
TXN005023,1334.45,Payment,8,2,0,0,5,745.33,4.7,42,0,CUST0459
TXN005024,8417.23,Withdrawal,11,5,0,0,1,4655.49,1.1,597,0,CUST0091
TXN005025,143.77,Transfer,12,2,0,0,3,1305.15,0.2,3166,0,CUST0328
TXN005026,1173.44,Payment,9,3,0,0,1,2684.43,4.8,414,0,CUST0333
TXN005027,10351.24,Payment,15,0,0,0,4,991.12,1.2,641,0,CUST0085
TXN005028,1049.12,Payment,18,1,0,0,2,3763.77,5.0,2771,0,CUST0387
TXN005029,665.61,Transfer,14,1,0,0,2,4036.07,2.4,3627,0,CUST0310
TXN005030,2096.07,Transfer,18,1,0,0,2,2692.51,6.2,1041,0,CUST0165
TXN005031,5950.16,Payment,11,5,0,0,4,650.39,7.3,674,0,CUST0052
TXN005032,508.7,Transfer,15,4,0,0,1,165.42,1.4,2512,0,CUST0305
TXN005033,942.6,Transfer,10,3,0,0,2,1353.89,13.3,1120,0,CUST0171
TXN005034,2740.34,Payment,13,4,1,0,3,622.66,1.3,1481,0,CUST0071
TXN005035,1370.75,Payment,23,1,0,1,2,658.83,2.7,447,0,CUST0335
TXN005036,12568.25,Withdrawal,10,4,0,0,3,542.38,32.7,1216,0,CUST0389
TXN005037,3897.95,Purchase,15,5,0,0,5,1601.75,1.9,1680,0,CUST0054
TXN005038,2882.55,Withdrawal,16,4,0,0,2,2307.13,3.9,399,0,CUST0290
TXN005039,6495.51,Payment,11,4,0,0,1,1701.65,7.1,2342,0,CUST0403
TXN005040,4217.01,Payment,16,3,0,0,3,4381.44,1.2,1926,0,CUST0417
TXN005041,2935.79,Payment,21,6,0,0,1,2106.33,1.4,1854,0,CUST0323
TXN005042,2001.77,Transfer,12,2,0,0,2,1302.94,1.8,270,0,CUST0302
TXN005043,9095.93,Payment,19,1,0,0,3,3775.66,5.4,1897,0,CUST0133
TXN005044,6923.81,Purchase,12,3,0,0,1,1758.68,0.5,3152,0,CUST0339
TXN005045,3291.52,Payment,21,5,0,0,4,3225.69,2.1,2020,0,CUST0234
TXN005046,955.52,Transfer,11,5,0,0,1,485.62,8.3,419,0,CUST0386
TXN005047,9467.56,Withdrawal,22,3,0,0,9,1805.02,97.6,163,1,CUST0198
TXN005048,1766.84,Payment,23,0,0,0,6,1942.91,0.7,198,0,CUST0255
TXN005049,1228.39,Transfer,23,3,0,0,2,539.27,18.5,3441,0,CUST0378
TXN005050,927.25,Transfer,10,3,0,0,2,389.61,7.4,3095,0,CUST0103
TXN005051,2902.24,Purchase,10,4,0,0,3,4381.13,1.0,811,0,CUST0462
TXN005052,1658.93,Purchase,21,0,0,0,1,6303.11,14.6,812,0,CUST0388
TXN005053,3670.98,Withdrawal,11,3,0,0,1,892.89,5.8,2391,0,CUST0276
TXN005054,9536.97,Purchase,11,1,0,0,3,520.04,1.1,2411,0,CUST0001
TXN005055,1693.56,Purchase,16,4,0,0,0,3108.72,0.2,2576,0,CUST0034
TXN005056,4476.26,Payment,13,3,0,0,1,1186.6,7.5,2406,0,CUST0413
TXN005057,809.43,Purchase,13,0,0,0,7,2892.96,0.7,524,0,CUST0359
TXN005058,2197.5,Withdrawal,11,1,0,0,2,3231.07,0.2,3535,0,CUST0380
TXN005059,1649.38,Purchase,15,1,0,0,3,3318.87,5.3,2959,0,CUST0173
TXN005060,2608.68,Transfer,11,2,0,0,4,5170.49,3.0,1646,0,CUST0436
TXN005061,2135.49,Withdrawal,12,2,0,0,3,2707.87,0.5,1441,0,CUST0117
TXN005062,402.2,Purchase,9,3,0,0,2,1996.15,2.1,1064,0,CUST0414
TXN005063,3085.18,Withdrawal,15,5,0,0,6,773.94,4.9,3054,0,CUST0308
TXN005064,10400.24,Transfer,10,0,0,0,2,939.91,2.0,1578,0,CUST0011
TXN005065,5274.35,Transfer,15,1,1,0,1,949.97,8.6,1319,0,CUST0368
TXN005066,3155.41,Payment,18,2,0,0,5,2504.33,0.3,722,0,CUST0340
TXN005067,1148.38,Transfer,10,4,0,0,2,563.68,2.6,1828,0,CUST0421
TXN005068,1516.09,Purchase,8,4,0,0,2,549.17,3.7,585,0,CUST0444
TXN005069,1962.22,Transfer,10,6,0,0,2,2396.45,3.5,147,0,CUST0085
TXN005070,7927.33,Payment,14,2,0,0,2,1068.83,4.4,2779,0,CUST0153
TXN005071,330.09,Transfer,7,6,0,0,2,1657.2,2.2,2471,0,CUST0292
TXN005072,9023.42,Payment,13,1,0,0,2,5182.44,4.2,1334,0,CUST0388
TXN005073,2081.79,Payment,18,4,0,0,3,1090.61,5.7,1516,0,CUST0407
TXN005074,2846.67,Transfer,11,2,0,0,2,3459.55,3.4,149,0,CUST0134
TXN005075,1442.59,Transfer,16,2,0,0,6,818.22,8.2,1360,0,CUST0346
TXN005076,5233.59,Payment,6,0,0,0,3,2436.25,5.7,3565,0,CUST0284
TXN005077,873.81,Transfer,11,5,0,0,2,898.01,1.1,3082,0,CUST0320
TXN005078,5470.32,Payment,12,6,1,1,6,2987.97,91.8,61,1,CUST0216
TXN005079,2277.2,Transfer,8,1,0,0,5,1090.86,1.8,1513,0,CUST0058
TXN005080,9544.62,Purchase,14,1,0,0,1,7831.61,1.5,945,0,CUST0104
TXN005081,1726.31,Withdrawal,21,5,0,0,1,1432.44,0.2,3273,0,CUST0369
TXN005082,181053.81,Withdrawal,17,0,0,1,8,453.4,38.4,83,1,CUST0033
TXN005083,3302.98,Payment,13,5,0,0,3,1335.13,13.5,3123,0,CUST0474
TXN005084,4946.38,Withdrawal,9,6,0,0,2,2213.79,8.0,2511,0,CUST0410
TXN005085,956.38,Payment,10,5,0,0,4,2688.9,1.7,503,0,CUST0153
TXN005086,1298.82,Transfer,17,0,0,0,1,1717.54,4.1,3048,0,CUST0414
TXN005087,4403.07,Withdrawal,9,1,1,0,5,4956.13,0.7,3240,0,CUST0102
TXN005088,2799.83,Purchase,10,1,0,0,1,3207.08,5.4,712,0,CUST0420
TXN005089,2615.64,Payment,9,3,0,0,2,502.59,0.5,2199,0,CUST0148
TXN005090,210.0,Purchase,19,2,0,0,1,891.82,0.2,973,0,CUST0181
TXN005091,675.51,Payment,11,2,0,0,4,2785.17,1.0,2094,0,CUST0356
TXN005092,921.69,Purchase,14,2,0,0,2,1510.71,1.1,823,0,CUST0197
TXN005093,1721.99,Payment,10,4,0,0,5,369.52,2.6,2076,0,CUST0032
TXN005094,864.6,Payment,14,3,0,0,2,1780.83,1.9,3572,0,CUST0490
TXN005095,11433.77,Transfer,13,1,1,1,11,927.41,89.2,55,1,CUST0478
TXN005096,1347.16,Payment,18,1,0,0,0,6879.93,8.0,384,0,CUST0298
TXN005097,749.38,Transfer,11,4,0,0,4,771.87,20.7,1204,0,CUST0091
TXN005098,7737.55,Payment,18,1,0,0,4,1996.35,3.5,1394,0,CUST0472
TXN005099,2467.87,Payment,13,2,0,0,0,1328.32,3.9,3561,0,CUST0244
TXN005100,807.65,Payment,19,4,0,0,6,6532.14,3.7,309,0,CUST0085
TXN005101,3088.56,Payment,21,5,1,0,3,1154.53,7.3,1940,0,CUST0065
TXN005102,624.51,Transfer,18,1,0,0,3,9847.67,0.9,456,0,CUST0080
TXN005103,561.45,Purchase,14,0,0,0,3,440.14,3.3,1720,0,CUST0142
TXN005104,721.89,Payment,18,1,0,0,2,1714.08,0.2,1900,0,CUST0062
TXN005105,1219.95,Withdrawal,10,1,0,0,5,1151.89,0.3,986,0,CUST0074
TXN005106,872.65,Payment,21,5,0,0,0,2033.65,2.9,2220,0,CUST0092
TXN005107,675.44,Withdrawal,17,5,0,0,3,2050.39,8.7,226,0,CUST0420
TXN005108,1812.18,Withdrawal,14,0,0,0,2,1771.73,2.8,1372,0,CUST0211
TXN005109,530.72,Purchase,21,6,0,0,1,942.78,6.1,1240,0,CUST0332
TXN005110,4118.2,Transfer,13,3,0,0,2,2191.19,2.4,2051,0,CUST0466
TXN005111,756.93,Withdrawal,17,0,0,0,3,1818.5,5.2,2218,0,CUST0246
TXN005112,1618.39,Withdrawal,17,2,0,0,3,1716.11,5.0,1954,0,CUST0335
TXN005113,1277.7,Payment,14,6,0,0,4,4659.61,2.5,1115,0,CUST0403
TXN005114,14425.43,Transfer,12,1,0,0,4,2791.91,2.1,2251,0,CUST0360
TXN005115,397.13,Transfer,15,4,0,1,2,289.7,8.0,1105,0,CUST0082
TXN005116,6492.82,Purchase,20,4,0,0,2,1289.62,13.2,2056,0,CUST0187
TXN005117,4257.34,Purchase,16,6,0,0,3,1448.74,4.6,1470,0,CUST0476
TXN005118,1678.33,Purchase,18,4,0,0,7,5706.85,3.2,2975,0,CUST0445
TXN005119,2413.25,Payment,15,3,1,0,1,2874.2,9.1,1177,0,CUST0017
TXN005120,2366.4,Transfer,15,4,0,0,1,3233.76,6.7,2430,0,CUST0435
TXN005121,195.67,Withdrawal,9,3,0,0,2,5949.42,3.3,1074,0,CUST0445
TXN005122,570.38,Payment,18,0,0,1,3,1593.09,0.9,2779,0,CUST0085
TXN005123,463.11,Purchase,12,5,0,0,0,951.78,1.7,3120,0,CUST0092
TXN005124,902.61,Purchase,12,3,0,1,5,3375.15,10.8,3391,0,CUST0144
TXN005125,3731.22,Payment,12,5,0,0,2,579.69,24.2,2806,0,CUST0282
TXN005126,6269.35,Payment,17,1,0,0,6,4261.63,1.4,2243,0,CUST0083
TXN005127,706.26,Withdrawal,14,3,0,0,8,820.16,2.9,679,0,CUST0257
TXN005128,810.56,Withdrawal,16,6,0,0,3,2177.84,6.5,2902,0,CUST0413
TXN005129,258.13,Transfer,14,0,0,0,2,2051.6,2.9,1792,0,CUST0406
TXN005130,1359.84,Payment,14,6,0,0,1,213.78,14.5,781,0,CUST0160
TXN005131,130.23,Payment,14,4,0,0,1,946.22,4.0,3038,0,CUST0364
TXN005132,9647.87,Transfer,8,6,0,0,2,197.6,1.0,525,0,CUST0082
TXN005133,23390.48,Payment,0,2,0,0,3,1127.81,16.4,1653,0,CUST0228
TXN005134,1962.54,Purchase,18,2,1,0,1,1514.98,2.4,1279,0,CUST0263
TXN005135,8416.35,Transfer,11,2,0,0,3,783.97,2.8,3629,0,CUST0317
TXN005136,3761.75,Transfer,13,1,0,0,6,2897.22,8.4,3012,0,CUST0436
TXN005137,482.75,Transfer,10,6,0,0,3,2434.52,7.2,1421,0,CUST0328
TXN005138,506.97,Transfer,16,4,0,0,2,1886.14,0.2,1503,0,CUST0497
TXN005139,664.47,Payment,11,1,0,0,1,3351.84,19.5,2915,0,CUST0108
TXN005140,2815.8,Transfer,19,6,0,0,5,6356.22,3.9,772,0,CUST0141
TXN005141,955.46,Withdrawal,11,4,0,0,1,6720.88,0.1,1992,0,CUST0454
TXN005142,2978.26,Payment,17,5,0,0,1,4829.79,7.0,550,0,CUST0014
TXN005143,3021.82,Transfer,19,3,0,0,0,1247.84,8.7,564,0,CUST0424
TXN005144,3575.61,Purchase,17,5,0,0,0,1163.18,1.8,1281,0,CUST0065
TXN005145,936.51,Payment,8,1,0,0,6,288.4,4.3,3107,0,CUST0276
TXN005146,2124.52,Payment,10,3,0,0,2,760.83,0.7,1332,0,CUST0369
TXN005147,5808.75,Transfer,13,4,0,0,2,686.52,2.4,3398,0,CUST0211
TXN005148,2287.32,Transfer,10,3,0,0,5,655.23,14.6,240,0,CUST0320
TXN005149,376.91,Transfer,16,0,0,0,4,463.02,0.6,3568,0,CUST0087
TXN005150,5441.11,Transfer,19,6,0,1,3,3874.24,3.7,1028,0,CUST0135
TXN005151,698.42,Withdrawal,12,1,0,0,5,2284.72,0.1,3570,0,CUST0151
TXN005152,6998.52,Payment,18,1,0,1,2,2414.01,7.6,2990,0,CUST0089
TXN005153,275.07,Withdrawal,11,2,0,1,4,838.7,3.5,1552,0,CUST0113
TXN005154,3713.6,Purchase,9,1,0,0,0,2143.82,13.5,303,0,CUST0295
TXN005155,764.52,Purchase,11,5,0,0,4,1434.34,8.5,905,0,CUST0263
TXN005156,7909.97,Withdrawal,12,6,0,0,3,837.38,4.9,2832,0,CUST0097
TXN005157,3098.76,Transfer,10,6,0,0,2,1325.65,0.2,2391,0,CUST0500
TXN005158,2277.22,Payment,23,6,0,0,1,4587.68,0.5,2460,0,CUST0076
TXN005159,273.27,Purchase,17,4,0,0,1,3565.31,0.0,501,0,CUST0018
TXN005160,1604.2,Withdrawal,17,6,0,0,1,1880.46,5.7,2159,0,CUST0097
TXN005161,1095.28,Transfer,17,5,0,0,3,5673.24,0.5,262,0,CUST0377
TXN005162,4326.25,Withdrawal,19,6,0,0,7,1372.58,0.4,788,0,CUST0111
TXN005163,1334.67,Purchase,17,2,0,0,2,681.01,0.0,1339,0,CUST0235
TXN005164,717.5,Transfer,17,6,0,0,3,2618.26,1.0,173,0,CUST0045
TXN005165,15835.02,Withdrawal,5,3,1,0,5,442.7,104.4,277,1,CUST0004
TXN005166,866.86,Purchase,21,3,0,0,2,367.65,2.9,2330,0,CUST0104
TXN005167,4104.85,Withdrawal,10,2,0,0,3,762.46,8.2,139,0,CUST0238
TXN005168,3814.68,Payment,9,3,0,0,1,1895.56,3.1,1149,0,CUST0474
TXN005169,3856.42,Transfer,22,3,0,0,2,1109.91,6.1,1616,0,CUST0291
TXN005170,286.06,Payment,11,3,0,1,5,1276.34,4.8,2033,0,CUST0234
TXN005171,4133.33,Payment,17,6,0,0,4,5326.27,1.1,281,0,CUST0371
TXN005172,939.61,Transfer,19,2,0,0,2,1640.79,0.4,1361,0,CUST0316
TXN005173,3449.18,Purchase,19,1,0,0,1,3339.5,6.0,806,0,CUST0181
TXN005174,2167.71,Payment,13,4,0,0,3,705.97,2.1,2532,0,CUST0023
TXN005175,11460.22,Payment,11,6,0,0,8,521.97,5.7,3116,0,CUST0057
TXN005176,3180.44,Withdrawal,15,6,0,0,1,13497.48,26.2,3059,0,CUST0348
TXN005177,1408.04,Transfer,17,3,0,0,3,4179.65,3.5,460,0,CUST0099
TXN005178,1623.96,Payment,10,5,0,0,4,1835.93,7.5,797,0,CUST0470
TXN005179,1479.78,Withdrawal,12,2,0,0,3,357.62,1.3,3188,0,CUST0100
TXN005180,2920.84,Payment,21,4,0,0,4,3327.94,8.0,3215,0,CUST0392
TXN005181,2096.64,Purchase,15,3,0,0,4,1297.53,2.6,1799,0,CUST0326
TXN005182,654.14,Withdrawal,16,3,0,0,3,140.32,1.2,443,0,CUST0040
TXN005183,4813.89,Transfer,18,2,0,1,1,1832.63,1.4,867,0,CUST0066
TXN005184,2280.37,Purchase,15,4,0,0,3,871.66,4.3,1679,0,CUST0076
TXN005185,1499.71,Payment,17,2,0,0,2,2576.56,4.9,3529,0,CUST0285
TXN005186,4822.99,Payment,19,5,0,0,2,1053.85,0.5,557,0,CUST0331
TXN005187,58511.18,Purchase,20,1,0,1,11,1271.59,26.3,93,1,CUST0246
TXN005188,1649.2,Payment,18,1,0,0,1,4224.11,3.0,2299,0,CUST0308
TXN005189,7059.52,Payment,20,2,0,0,3,1678.18,2.0,567,0,CUST0275
TXN005190,450.44,Purchase,20,4,0,0,3,2751.31,2.0,3146,0,CUST0249
TXN005191,1157.88,Transfer,3,1,0,0,1,5762.6,2.0,31,0,CUST0365
TXN005192,6492.71,Payment,23,0,0,0,2,3728.66,7.5,2617,0,CUST0375
TXN005193,500.4,Purchase,0,5,0,0,4,6548.79,7.1,2743,0,CUST0451
TXN005194,458.3,Transfer,18,4,0,0,1,4448.51,2.0,1478,0,CUST0305
TXN005195,1993.83,Transfer,10,0,0,0,3,457.36,3.4,3167,0,CUST0110
TXN005196,7733.07,Purchase,10,5,0,0,3,3187.18,31.0,193,0,CUST0341
TXN005197,2229.09,Purchase,9,0,0,0,6,1846.77,9.1,2694,0,CUST0154
TXN005198,1804.95,Purchase,18,1,0,0,1,778.82,0.9,1476,0,CUST0475
TXN005199,2697.28,Purchase,18,6,0,0,2,1746.46,15.3,1323,0,CUST0059
TXN005200,639.56,Transfer,8,1,0,0,3,9405.53,3.0,2723,0,CUST0349
TXN005201,1300.51,Payment,10,4,0,0,2,1469.3,5.4,2534,0,CUST0014
TXN005202,5442.12,Withdrawal,2,2,1,1,6,799.26,165.9,182,1,CUST0193
TXN005203,2128.9,Payment,6,0,0,0,3,1464.03,11.7,585,0,CUST0434
TXN005204,6702.99,Transfer,16,6,1,0,1,3987.07,16.4,1624,0,CUST0211
TXN005205,715.25,Purchase,8,5,0,0,3,612.73,2.1,2817,0,CUST0036
TXN005206,6573.22,Payment,11,3,0,0,0,3028.27,7.3,358,0,CUST0390
TXN005207,4399.09,Withdrawal,8,1,0,0,2,1428.48,2.9,108,0,CUST0378
TXN005208,396.56,Transfer,14,0,0,0,1,857.12,2.7,543,0,CUST0244
TXN005209,1841.65,Purchase,11,6,0,0,3,1818.94,5.7,1357,0,CUST0333
TXN005210,6237.18,Transfer,0,0,0,0,3,2809.32,10.5,1542,0,CUST0403
TXN005211,7101.63,Transfer,16,5,0,0,3,1420.94,1.8,1408,0,CUST0249
TXN005212,6853.75,Payment,10,0,0,0,0,3763.39,0.8,1421,0,CUST0299
TXN005213,6455.67,Transfer,16,4,1,0,7,3497.74,7.7,2639,0,CUST0196
TXN005214,30461.55,Payment,12,6,0,0,2,1088.05,0.8,2692,0,CUST0434
TXN005215,13456.26,Withdrawal,12,5,1,1,10,717.73,92.8,287,1,CUST0088
TXN005216,775.22,Transfer,18,5,0,0,3,2476.05,8.5,618,0,CUST0101
TXN005217,8254.1,Transfer,3,5,1,0,10,798.69,227.7,17,1,CUST0361
TXN005218,3191.04,Purchase,10,4,0,0,4,3413.01,4.5,2048,0,CUST0288
TXN005219,2203.75,Payment,10,6,0,0,2,2109.47,1.0,246,0,CUST0180
TXN005220,541.3,Payment,11,2,0,0,2,3811.0,6.1,2798,0,CUST0278
TXN005221,1540.16,Payment,15,5,0,0,2,6552.51,1.9,3038,0,CUST0352
TXN005222,660.55,Payment,17,4,0,0,3,1219.36,4.7,2186,0,CUST0209
TXN005223,1699.34,Purchase,14,5,0,0,2,1270.94,1.7,1216,0,CUST0166
TXN005224,3865.27,Withdrawal,18,5,0,0,3,408.09,8.8,2439,0,CUST0442
TXN005225,3682.73,Payment,19,0,0,0,2,1301.24,10.5,1762,0,CUST0078
TXN005226,1226.38,Payment,20,5,0,0,3,3756.9,7.1,1855,0,CUST0245
TXN005227,731.71,Payment,15,0,0,0,2,3062.1,0.7,3363,0,CUST0333
TXN005228,1764.46,Payment,10,5,0,0,0,1321.41,0.1,3075,0,CUST0215
TXN005229,4807.21,Payment,17,3,0,0,5,673.26,6.5,42,0,CUST0085
TXN005230,11486.83,Payment,17,5,1,0,0,5127.41,3.6,606,0,CUST0155
TXN005231,1022.66,Withdrawal,23,2,0,0,4,1466.06,0.6,3094,0,CUST0262
TXN005232,133.73,Payment,13,6,0,0,2,3589.34,0.8,2399,0,CUST0012
TXN005233,1619.93,Payment,11,2,0,0,3,726.38,0.9,265,0,CUST0305
TXN005234,149.42,Transfer,8,1,0,0,1,2327.7,7.8,2092,0,CUST0074
TXN005235,6191.14,Payment,18,5,0,0,5,1675.37,0.7,3242,0,CUST0467
TXN005236,1589.94,Purchase,21,4,0,0,4,3948.45,2.6,1053,0,CUST0190
TXN005237,448.32,Transfer,9,0,0,0,2,1713.59,3.2,183,0,CUST0012
TXN005238,3358.18,Transfer,14,2,0,0,3,1675.54,2.7,50,0,CUST0101
TXN005239,1231.04,Transfer,17,4,0,0,3,3537.42,1.1,1817,0,CUST0361
TXN005240,5412.52,Purchase,15,1,0,0,2,486.57,5.5,3107,0,CUST0309
TXN005241,959.84,Transfer,12,1,0,0,5,251.46,8.2,3280,0,CUST0267
TXN005242,3687.53,Purchase,14,4,0,0,3,2835.41,1.4,1049,0,CUST0204
TXN005243,654.59,Transfer,12,6,0,0,5,5949.2,2.2,563,0,CUST0177
TXN005244,1458.1,Payment,17,1,0,0,1,2094.34,2.1,3009,0,CUST0252
TXN005245,23670.75,Payment,18,5,0,0,5,1156.15,7.0,672,0,CUST0304
TXN005246,893.36,Payment,13,1,0,0,3,1589.45,2.6,2021,0,CUST0114
TXN005247,511.44,Payment,12,6,0,0,1,2379.41,3.2,518,0,CUST0253
TXN005248,234.69,Transfer,8,6,0,0,3,812.28,2.0,3085,0,CUST0326
TXN005249,1094.68,Purchase,7,3,0,0,3,1959.23,0.2,599,0,CUST0346
TXN005250,21231.52,Payment,11,3,0,0,1,2212.55,20.0,2818,0,CUST0396
TXN005251,2195.34,Purchase,11,1,0,0,5,119.86,1.2,2207,0,CUST0131
TXN005252,481.81,Transfer,10,6,0,0,3,872.66,0.6,1452,0,CUST0345
TXN005253,3372.89,Payment,23,2,0,0,5,946.23,2.6,1077,0,CUST0233
TXN005254,2731.98,Payment,14,4,1,0,9,1299.85,4.6,2810,0,CUST0187
TXN005255,2744.8,Purchase,18,1,0,0,2,4886.8,1.7,3210,0,CUST0436
TXN005256,6712.28,Transfer,9,1,0,0,1,816.11,5.6,139,0,CUST0260
TXN005257,2306.16,Transfer,12,5,0,0,0,2790.41,15.3,2753,0,CUST0151
TXN005258,1793.43,Purchase,20,5,0,0,4,788.12,4.8,2329,0,CUST0184
TXN005259,1435.71,Payment,11,3,0,0,1,1597.44,1.5,1084,0,CUST0193
TXN005260,4923.75,Purchase,19,2,0,0,3,1877.58,1.2,3555,0,CUST0324
TXN005261,34513.11,Transfer,12,0,0,0,6,1664.08,4.9,1897,0,CUST0465
TXN005262,1893.3,Payment,22,5,0,0,3,4501.99,18.2,95,0,CUST0009
TXN005263,1044.96,Payment,11,3,0,0,0,728.24,0.7,1484,0,CUST0146
TXN005264,21991.92,Payment,13,5,0,0,1,1880.66,2.4,1504,0,CUST0401
TXN005265,1923.46,Payment,14,2,0,0,4,3236.13,4.2,1357,0,CUST0337
TXN005266,1980.63,Purchase,20,2,0,0,1,450.0,5.3,655,0,CUST0147
TXN005267,751.25,Purchase,13,1,0,0,5,1302.64,4.2,566,0,CUST0104
TXN005268,5934.85,Purchase,10,0,0,0,2,2435.09,3.3,3586,0,CUST0405
TXN005269,1408.59,Payment,9,2,0,0,2,5215.6,4.3,171,0,CUST0482
TXN005270,792.02,Purchase,15,3,0,0,2,5112.89,3.6,561,0,CUST0479
TXN005271,2101.53,Purchase,17,6,0,0,3,1426.79,0.4,1432,0,CUST0348
TXN005272,2140.19,Payment,16,3,0,0,2,3453.37,2.8,1677,0,CUST0214
TXN005273,4075.96,Payment,14,0,0,0,1,3872.55,13.9,3083,0,CUST0120
TXN005274,1309.87,Transfer,7,2,0,0,4,269.3,3.0,1055,0,CUST0240
TXN005275,8871.35,Transfer,19,3,0,0,2,1602.99,3.3,1717,0,CUST0244
TXN005276,1063.19,Payment,16,0,0,0,2,687.83,2.0,2757,0,CUST0100
TXN005277,2285.32,Payment,10,6,0,0,2,2376.86,3.5,2195,0,CUST0098
TXN005278,2192.06,Transfer,19,0,0,0,0,606.64,4.9,2013,0,CUST0245
TXN005279,6905.85,Payment,23,4,0,1,4,2405.78,36.0,138,1,CUST0203
TXN005280,2156.3,Purchase,16,2,0,0,1,1276.73,14.4,1302,0,CUST0199
TXN005281,5096.47,Transfer,10,0,0,0,2,2432.23,1.8,2531,0,CUST0381
TXN005282,4271.98,Purchase,18,5,0,0,2,3464.54,20.7,1154,0,CUST0443
TXN005283,3392.63,Withdrawal,10,5,0,0,1,1747.65,1.1,2740,0,CUST0182
TXN005284,7282.15,Withdrawal,16,5,0,0,4,367.01,1.4,3247,0,CUST0342
TXN005285,2725.43,Purchase,8,2,0,0,3,1029.37,15.2,663,0,CUST0379
TXN005286,1938.57,Transfer,12,1,0,0,3,8514.18,0.0,3569,0,CUST0277
TXN005287,5571.58,Payment,15,1,0,0,5,1340.02,2.4,1012,0,CUST0427
TXN005288,779.13,Purchase,8,2,0,1,2,1012.74,15.1,3421,0,CUST0039
TXN005289,671.41,Purchase,15,4,0,0,3,1032.87,1.9,1471,0,CUST0203
TXN005290,5022.21,Payment,19,4,0,0,2,1911.46,4.3,824,0,CUST0327
TXN005291,2015.37,Withdrawal,8,6,0,0,2,1255.96,4.7,1218,0,CUST0003
TXN005292,2667.29,Withdrawal,10,6,0,0,0,3475.24,22.0,2361,0,CUST0487
TXN005293,792.12,Payment,16,5,0,1,1,1846.52,4.6,1363,0,CUST0047
TXN005294,2490.37,Payment,8,6,0,0,0,15398.46,0.8,2393,0,CUST0484
TXN005295,520.79,Purchase,17,5,0,1,1,1766.35,3.8,2441,0,CUST0082
TXN005296,1503.74,Payment,13,2,0,0,2,2147.21,0.5,2030,0,CUST0071
TXN005297,1904.44,Payment,17,0,0,0,2,5457.42,4.7,2130,0,CUST0158
TXN005298,436.06,Withdrawal,0,6,0,0,2,1690.78,3.4,2558,0,CUST0243
TXN005299,1396.82,Purchase,18,4,0,0,7,3060.13,1.1,2375,0,CUST0304
TXN005300,3522.99,Purchase,9,2,0,0,2,2424.28,8.6,527,0,CUST0475
TXN005301,1014.43,Transfer,12,3,0,0,2,1853.68,0.0,3124,0,CUST0169
TXN005302,682.2,Transfer,10,5,1,0,0,2298.12,5.9,301,0,CUST0066
TXN005303,5186.44,Purchase,11,1,0,0,2,6109.57,1.6,98,0,CUST0466
TXN005304,3890.87,Transfer,9,4,0,0,2,4541.79,4.6,2078,0,CUST0021
TXN005305,395.33,Withdrawal,11,6,0,0,2,727.07,2.3,1690,0,CUST0448
TXN005306,5554.56,Payment,18,5,0,0,1,3015.34,9.6,2799,0,CUST0158
TXN005307,4341.81,Payment,9,3,0,0,2,581.26,1.1,2085,0,CUST0491
TXN005308,1146.57,Transfer,10,0,0,0,4,2628.0,5.6,2541,0,CUST0138
TXN005309,1249.47,Payment,12,5,0,0,1,970.29,12.7,2158,0,CUST0025
TXN005310,1035.36,Payment,18,1,0,0,5,915.16,9.0,942,0,CUST0232
TXN005311,4456.38,Transfer,12,4,0,0,1,1176.89,1.2,2506,0,CUST0102
TXN005312,5762.2,Transfer,14,1,0,0,1,1875.69,12.4,2305,0,CUST0298
TXN005313,2752.51,Withdrawal,9,6,0,0,2,1458.78,6.2,627,0,CUST0019
TXN005314,1085.65,Transfer,16,5,0,0,1,3369.73,5.2,813,0,CUST0205
TXN005315,645.68,Payment,18,1,0,0,3,8223.29,0.1,833,0,CUST0245
TXN005316,2456.4,Withdrawal,9,3,0,0,3,1740.16,2.3,213,0,CUST0116
TXN005317,2232.03,Payment,12,4,0,0,2,855.52,3.3,1622,0,CUST0165
TXN005318,2193.78,Purchase,18,5,0,0,3,1447.04,1.2,3371,0,CUST0153
TXN005319,2535.19,Purchase,10,4,0,0,3,568.27,4.6,570,0,CUST0069
TXN005320,804.82,Payment,11,0,0,0,1,1005.64,7.8,3009,0,CUST0260
TXN005321,312.04,Withdrawal,10,0,0,0,5,2670.87,0.2,2910,0,CUST0018
TXN005322,3006.73,Withdrawal,15,2,0,0,1,2349.13,5.4,1520,0,CUST0238
TXN005323,2901.66,Payment,15,1,0,0,1,1504.38,22.5,184,0,CUST0228
TXN005324,815.61,Withdrawal,18,0,0,0,2,2469.68,1.8,3499,0,CUST0498
TXN005325,2305.39,Purchase,17,4,0,0,3,3404.49,28.6,1204,0,CUST0076
TXN005326,836.14,Transfer,9,1,0,0,3,1564.73,1.0,3243,0,CUST0145
TXN005327,1203.65,Purchase,18,1,0,0,4,1749.33,3.1,894,0,CUST0239
TXN005328,835.67,Transfer,13,1,0,0,5,848.41,10.0,425,0,CUST0358
TXN005329,2896.96,Payment,9,3,0,0,1,2226.99,2.5,609,0,CUST0213
TXN005330,1013.35,Payment,11,4,0,0,1,1527.76,2.6,2667,0,CUST0015
TXN005331,1471.68,Transfer,9,4,0,0,3,1302.52,4.7,325,0,CUST0273
TXN005332,1969.8,Transfer,10,1,0,0,1,4678.84,8.1,1319,0,CUST0145
TXN005333,364.94,Payment,12,1,0,0,3,268.12,0.6,1508,0,CUST0304
TXN005334,11040.29,Transfer,12,1,0,1,2,7668.79,2.7,3016,0,CUST0206
TXN005335,2268.85,Withdrawal,21,5,0,0,4,1093.63,4.7,407,0,CUST0157
TXN005336,2684.96,Payment,19,4,0,0,2,2370.89,2.3,767,0,CUST0289
TXN005337,762.97,Payment,8,6,0,0,1,4437.08,3.0,1936,0,CUST0383
TXN005338,3627.16,Transfer,19,2,0,0,7,4600.66,0.9,1256,0,CUST0192
TXN005339,944.1,Transfer,13,1,0,0,3,5295.71,1.3,60,0,CUST0035
TXN005340,1586.16,Payment,12,2,0,0,2,2960.71,0.8,1396,0,CUST0079
TXN005341,1791.56,Transfer,20,6,0,1,3,1071.13,11.4,2936,0,CUST0209
TXN005342,2823.35,Purchase,8,4,0,0,2,1821.27,2.1,3267,0,CUST0140
TXN005343,473.68,Transfer,13,3,0,0,3,5826.65,9.2,2902,0,CUST0177
TXN005344,2057.45,Payment,11,2,0,0,1,1157.2,9.0,2123,0,CUST0437
TXN005345,823.39,Transfer,11,5,0,0,5,1695.34,7.5,2024,0,CUST0427
TXN005346,594.69,Transfer,7,1,0,0,3,12594.21,2.6,2516,0,CUST0389
TXN005347,3333.16,Withdrawal,20,4,0,0,0,1412.37,2.1,621,0,CUST0079
TXN005348,3663.15,Transfer,10,3,0,0,1,1522.82,0.4,535,0,CUST0186
TXN005349,711.68,Payment,16,5,0,0,2,1138.42,7.3,201,0,CUST0173
TXN005350,1420.47,Purchase,10,6,0,1,2,1375.98,5.3,1664,0,CUST0489
TXN005351,1632.55,Payment,21,0,0,0,3,2454.91,7.1,610,0,CUST0306
TXN005352,660.37,Payment,11,0,0,0,2,632.23,0.7,1188,0,CUST0493
TXN005353,2174.49,Payment,14,4,0,0,4,591.86,4.7,3104,0,CUST0099
TXN005354,7383.32,Withdrawal,12,1,0,1,4,847.35,83.6,23,1,CUST0034
TXN005355,2103.59,Withdrawal,7,6,0,0,3,1413.58,37.3,2614,0,CUST0468
TXN005356,1138.79,Purchase,11,1,0,0,0,820.38,3.1,185,0,CUST0194
TXN005357,4767.46,Purchase,17,1,0,0,5,3957.74,1.8,1239,0,CUST0154
TXN005358,1790.65,Transfer,13,5,0,0,0,1666.09,5.1,776,0,CUST0129
TXN005359,3405.77,Payment,13,1,0,0,2,377.72,0.7,873,0,CUST0261
TXN005360,2226.94,Payment,12,6,0,0,2,1506.2,3.2,1073,0,CUST0416
TXN005361,1106.38,Transfer,16,4,0,0,4,2622.21,5.5,582,0,CUST0130
TXN005362,4666.4,Withdrawal,14,2,0,0,2,3057.27,2.9,883,0,CUST0154
TXN005363,1437.87,Purchase,13,3,0,0,2,655.91,3.4,2212,0,CUST0266
TXN005364,314.93,Purchase,15,5,0,0,2,1555.74,11.6,603,0,CUST0429
TXN005365,1116.2,Payment,11,3,0,0,3,1684.49,14.2,2127,0,CUST0080
TXN005366,2284.41,Withdrawal,19,3,1,0,2,2225.06,9.6,381,0,CUST0347
TXN005367,1962.3,Payment,16,4,0,0,4,3657.48,5.1,231,0,CUST0333
TXN005368,4131.53,Transfer,18,4,0,0,3,1668.11,9.2,1787,0,CUST0187
TXN005369,599.82,Purchase,15,5,0,0,4,1921.69,3.8,1124,0,CUST0344
TXN005370,902.71,Payment,10,2,0,0,1,2885.79,1.9,169,0,CUST0186
TXN005371,4278.84,Purchase,11,2,0,0,0,497.16,9.8,1687,0,CUST0061
TXN005372,2856.29,Purchase,12,1,0,0,0,970.61,2.2,1579,0,CUST0469
TXN005373,1511.57,Transfer,9,0,0,0,3,1542.68,5.6,1293,0,CUST0261
TXN005374,1337.95,Withdrawal,9,6,0,0,4,2722.96,3.8,2431,0,CUST0122
TXN005375,1885.4,Purchase,19,0,0,0,8,2074.42,0.7,1742,0,CUST0334
TXN005376,2320.67,Payment,10,3,0,0,3,880.33,9.7,2611,0,CUST0210
TXN005377,2338.35,Payment,17,3,0,0,3,2580.25,1.9,1570,0,CUST0435
TXN005378,6714.23,Purchase,9,6,0,1,3,766.92,1.8,2474,0,CUST0171
TXN005379,134901.74,Transfer,22,0,1,0,8,1266.45,104.9,7,1,CUST0103
TXN005380,1801.95,Transfer,17,3,0,0,5,2693.56,2.3,592,0,CUST0221
TXN005381,1949.98,Purchase,7,6,0,0,1,1973.31,3.7,514,0,CUST0380
TXN005382,30165.28,Transfer,3,6,0,1,9,789.02,50.8,211,1,CUST0425
TXN005383,2422.89,Withdrawal,12,5,0,0,4,3288.08,3.2,1994,0,CUST0375
TXN005384,1168.66,Transfer,15,5,0,0,2,616.69,2.2,3019,0,CUST0466
TXN005385,359.69,Purchase,8,1,0,0,5,2432.29,2.3,3069,0,CUST0448
TXN005386,581.82,Purchase,12,1,1,0,3,1076.93,0.7,3350,0,CUST0201
TXN005387,7146.93,Transfer,13,1,0,0,2,2080.42,4.6,332,0,CUST0271
TXN005388,1555.24,Payment,14,6,0,0,2,1281.36,8.2,1355,0,CUST0297
TXN005389,2458.6,Payment,10,6,0,0,4,1528.99,4.1,263,0,CUST0449
TXN005390,991.89,Withdrawal,17,3,0,0,5,1236.16,9.8,2873,0,CUST0336
TXN005391,1149.14,Transfer,12,3,0,0,4,2141.35,5.7,2225,0,CUST0291
TXN005392,6286.03,Purchase,12,4,0,0,4,1983.48,0.8,3594,0,CUST0271
TXN005393,388.5,Payment,16,6,0,0,7,822.95,15.5,1847,0,CUST0082
TXN005394,321.82,Transfer,18,2,0,0,2,463.79,19.5,1127,0,CUST0036
TXN005395,2093.75,Payment,16,1,0,0,1,2353.63,6.1,928,0,CUST0422
TXN005396,8878.61,Purchase,20,1,0,0,2,541.23,10.3,2370,0,CUST0276
TXN005397,4222.46,Purchase,6,5,0,0,5,1316.18,2.5,909,0,CUST0332
TXN005398,974.92,Transfer,12,1,0,0,1,1634.33,4.0,2694,0,CUST0490
TXN005399,2082.36,Transfer,9,1,0,0,1,830.06,2.4,80,0,CUST0419
TXN005400,2819.02,Payment,17,2,0,0,1,1074.34,0.1,647,0,CUST0331
TXN005401,3980.08,Transfer,8,1,0,0,3,261.26,1.3,3431,0,CUST0149
TXN005402,5653.71,Payment,17,3,0,0,2,2262.4,1.4,3223,0,CUST0382
TXN005403,1598.57,Payment,16,4,0,0,2,1154.8,0.9,3368,0,CUST0400
TXN005404,3455.38,Payment,16,0,0,0,3,1144.96,1.0,77,0,CUST0259
TXN005405,1547.04,Transfer,20,1,1,0,2,4149.25,3.3,2956,0,CUST0482
TXN005406,1289.64,Withdrawal,15,5,0,0,1,3031.22,1.9,2525,0,CUST0280
TXN005407,3138.45,Purchase,12,6,0,0,6,1353.72,3.6,3389,0,CUST0016
TXN005408,5157.48,Payment,11,5,0,0,6,5204.68,3.4,1718,0,CUST0229
TXN005409,2031.6,Withdrawal,20,0,0,0,0,3689.78,6.0,3486,0,CUST0164
TXN005410,343.26,Withdrawal,17,0,0,1,2,1067.13,0.6,936,0,CUST0193
TXN005411,1574.46,Transfer,6,3,0,0,3,1233.94,8.4,2152,0,CUST0252
TXN005412,586.87,Payment,11,5,0,0,0,2316.07,12.9,360,0,CUST0088
TXN005413,733.63,Transfer,18,1,0,0,1,1850.78,2.7,2620,0,CUST0408
TXN005414,1336.39,Purchase,16,5,0,0,2,5789.84,1.1,1224,0,CUST0231
TXN005415,1114.81,Purchase,14,1,0,0,1,4001.34,11.7,3339,0,CUST0049
TXN005416,641.88,Purchase,8,3,0,0,2,1919.41,0.2,410,0,CUST0114
TXN005417,679.68,Withdrawal,6,2,0,0,1,2211.22,5.8,743,0,CUST0078
TXN005418,3576.25,Transfer,7,3,0,0,1,6717.88,0.6,1033,0,CUST0418
TXN005419,934.19,Payment,13,6,0,0,5,1103.39,5.2,65,0,CUST0063
TXN005420,6147.84,Payment,18,0,0,0,5,2007.36,1.8,2640,0,CUST0058
TXN005421,1355.73,Purchase,15,6,0,0,2,1700.95,1.8,1179,0,CUST0379
TXN005422,1202.19,Payment,10,1,0,0,2,2774.56,1.6,1449,0,CUST0170
TXN005423,499.9,Withdrawal,23,5,0,0,4,704.64,10.3,823,0,CUST0229
TXN005424,3291.16,Payment,5,3,0,0,5,1575.37,2.8,1829,0,CUST0395
TXN005425,2403.68,Transfer,21,1,1,0,1,1378.8,1.3,683,0,CUST0131
TXN005426,1342.29,Purchase,20,6,0,0,4,1408.84,5.9,2569,0,CUST0475
TXN005427,6634.16,Purchase,15,1,0,0,3,799.69,19.0,2828,0,CUST0251
TXN005428,1946.65,Purchase,16,5,0,0,4,3645.18,2.2,537,0,CUST0172
TXN005429,725.27,Transfer,17,1,0,0,0,2744.22,4.9,2014,0,CUST0434
TXN005430,539.35,Payment,16,4,0,0,4,628.09,17.1,1653,0,CUST0428
TXN005431,550.37,Purchase,0,0,0,0,4,1934.6,0.6,2616,0,CUST0029
TXN005432,3344.07,Purchase,10,6,0,0,0,4369.18,1.8,2026,0,CUST0407
TXN005433,18244.46,Transfer,20,6,1,1,6,1548.14,127.4,90,1,CUST0277
TXN005434,3043.48,Payment,9,4,0,0,0,1296.15,1.2,3086,0,CUST0456
TXN005435,3493.4,Withdrawal,13,1,0,0,2,1681.32,13.9,1885,0,CUST0356
TXN005436,936.95,Payment,10,3,0,0,3,3273.37,10.3,3115,0,CUST0021
TXN005437,8046.18,Payment,9,5,0,0,3,537.52,5.0,797,0,CUST0152
TXN005438,1396.87,Payment,18,1,0,0,2,949.53,2.6,3278,0,CUST0140
TXN005439,1843.57,Transfer,17,1,0,0,2,857.37,18.6,3387,0,CUST0048
TXN005440,33768.04,Withdrawal,16,6,0,0,1,3841.69,14.0,3533,0,CUST0211
TXN005441,1039.93,Purchase,15,3,0,0,1,2072.91,3.0,3105,0,CUST0295
TXN005442,658.13,Payment,13,0,0,0,3,4805.5,7.2,3138,0,CUST0019
TXN005443,2677.01,Purchase,9,2,1,0,0,1244.12,7.1,353,0,CUST0177
TXN005444,1489.65,Purchase,19,2,0,0,3,4208.1,0.5,617,0,CUST0419
TXN005445,1232.97,Purchase,11,3,1,0,2,2856.29,2.3,1918,0,CUST0356
TXN005446,1715.56,Transfer,9,1,0,0,1,2896.32,5.4,3401,0,CUST0005
TXN005447,2122.33,Withdrawal,17,5,0,0,4,3898.29,7.5,3115,0,CUST0203
TXN005448,1697.83,Withdrawal,8,6,0,0,3,958.81,12.5,1277,0,CUST0454
TXN005449,16586.49,Withdrawal,23,3,1,0,13,1684.37,75.2,349,1,CUST0089
TXN005450,429.11,Transfer,16,4,0,0,0,3242.53,10.6,2372,0,CUST0308
TXN005451,2028.08,Purchase,11,5,0,0,1,1967.03,0.1,3595,0,CUST0248
TXN005452,4259.79,Transfer,15,3,0,0,4,1351.02,9.5,2532,0,CUST0332
TXN005453,4891.08,Payment,16,6,0,0,0,1231.44,5.7,302,0,CUST0336
TXN005454,680.88,Withdrawal,10,1,0,0,1,1508.12,19.0,61,0,CUST0079
TXN005455,1955.96,Purchase,16,6,0,0,3,906.07,1.8,442,0,CUST0243
TXN005456,1355.39,Payment,8,1,0,0,2,9108.73,1.3,2643,0,CUST0426
TXN005457,1169.99,Payment,9,5,0,1,1,552.76,8.0,2034,0,CUST0238
TXN005458,524.44,Purchase,8,1,0,0,1,438.02,9.9,310,0,CUST0235
TXN005459,268.75,Withdrawal,20,0,0,0,3,2225.94,0.8,228,0,CUST0115
TXN005460,2487.85,Payment,12,1,0,0,1,888.46,4.5,1859,0,CUST0129
TXN005461,512.41,Payment,9,2,0,0,2,1405.45,5.3,2630,0,CUST0117
TXN005462,10798.98,Purchase,2,0,1,0,15,1173.91,235.3,186,1,CUST0098
TXN005463,616.23,Purchase,11,4,0,0,1,7951.07,3.5,1695,0,CUST0290
TXN005464,5560.41,Payment,16,1,0,0,4,642.75,3.0,3299,0,CUST0365
TXN005465,2239.69,Withdrawal,9,5,0,0,0,1442.08,10.8,2245,0,CUST0119
TXN005466,1077.84,Transfer,9,3,0,0,2,2222.47,1.2,3341,0,CUST0360
TXN005467,19961.96,Purchase,19,2,0,0,3,409.63,1.3,1521,0,CUST0223
TXN005468,2682.7,Payment,9,5,0,0,2,2384.05,6.1,1943,0,CUST0312
TXN005469,2435.42,Withdrawal,17,6,0,0,2,4187.52,7.7,592,0,CUST0053
TXN005470,1181.15,Transfer,9,5,0,0,2,1494.99,2.6,841,0,CUST0315
TXN005471,2943.35,Withdrawal,14,2,0,0,2,841.57,0.9,2390,0,CUST0125
TXN005472,922.98,Withdrawal,0,6,0,0,1,9794.83,5.6,1043,0,CUST0330
TXN005473,477.85,Purchase,18,3,0,0,0,1523.19,8.7,77,0,CUST0457
TXN005474,1342.95,Payment,8,2,0,0,1,2151.89,0.0,3463,0,CUST0492
TXN005475,6330.49,Withdrawal,18,3,0,0,3,1499.54,1.3,1681,0,CUST0183
TXN005476,389.33,Payment,15,3,0,0,2,1375.74,0.3,439,0,CUST0070
TXN005477,3025.66,Withdrawal,16,3,0,0,2,2095.07,3.9,3262,0,CUST0383
TXN005478,6269.21,Withdrawal,13,3,1,0,2,2855.59,3.2,2276,0,CUST0414
TXN005479,9166.0,Payment,15,6,0,0,8,3207.98,5.4,1088,0,CUST0021
TXN005480,2295.15,Payment,6,3,0,0,3,2652.58,12.7,2382,0,CUST0118
TXN005481,3009.96,Transfer,15,0,0,0,0,255.69,1.7,1921,0,CUST0285
TXN005482,199.22,Payment,11,2,0,0,1,667.93,1.1,3616,0,CUST0346
TXN005483,1308.92,Purchase,6,2,0,0,3,1946.91,0.0,960,0,CUST0320
TXN005484,932.82,Purchase,20,4,0,0,1,6893.82,0.6,1678,0,CUST0227
TXN005485,1013.21,Payment,9,0,0,0,6,1185.1,3.5,380,0,CUST0407
TXN005486,3331.14,Payment,14,6,0,0,1,8795.4,13.4,1615,0,CUST0496
TXN005487,775.64,Purchase,11,0,1,0,4,3025.68,4.2,2335,0,CUST0025
TXN005488,4258.78,Payment,19,2,0,0,1,645.55,8.0,1834,0,CUST0098
TXN005489,231222.83,Withdrawal,0,4,1,1,11,967.39,115.7,352,1,CUST0393
TXN005490,1096.42,Transfer,10,1,0,0,3,2697.23,2.1,977,0,CUST0109
TXN005491,620.12,Payment,19,5,0,0,2,937.39,5.6,887,0,CUST0136
TXN005492,628.85,Withdrawal,15,2,0,0,4,748.21,5.1,3449,0,CUST0244
TXN005493,807.93,Purchase,8,4,0,0,2,2459.57,1.9,2208,0,CUST0064
TXN005494,588.9,Withdrawal,11,6,0,0,3,549.12,11.9,3188,0,CUST0161
TXN005495,1593.15,Payment,21,4,0,0,5,2101.54,0.1,1817,0,CUST0212
TXN005496,11146.7,Payment,9,5,0,0,1,3703.71,6.0,3198,0,CUST0306
TXN005497,2557.31,Purchase,13,4,0,0,1,3560.86,13.2,2393,0,CUST0145
TXN005498,5558.95,Transfer,20,2,0,1,6,1846.0,115.2,352,1,CUST0442
TXN005499,570.59,Withdrawal,17,6,0,0,1,5572.63,4.0,2389,0,CUST0144
TXN005500,3556.41,Payment,15,1,0,0,1,4069.08,1.9,3469,0,CUST0463
TXN005501,4100.15,Payment,18,6,0,0,1,3070.64,1.8,1184,0,CUST0397
TXN005502,2358.11,Withdrawal,15,4,0,0,3,1185.34,8.8,767,0,CUST0197
TXN005503,2859.46,Purchase,10,4,0,0,3,4674.85,1.0,3277,0,CUST0358
TXN005504,42279.46,Purchase,11,5,0,0,4,1268.27,1.6,2508,0,CUST0142
TXN005505,524.82,Purchase,16,0,1,0,3,4211.58,3.2,703,0,CUST0241
TXN005506,5465.61,Purchase,15,4,0,0,4,1122.28,4.9,527,0,CUST0372
TXN005507,788.05,Payment,16,0,0,0,4,1643.57,9.6,2130,0,CUST0402
TXN005508,1786.32,Payment,8,3,0,0,2,4785.11,1.7,890,0,CUST0034
TXN005509,2021.05,Payment,13,3,0,0,1,2855.25,7.3,2054,0,CUST0203
TXN005510,5780.58,Purchase,2,4,0,0,2,2636.42,1.5,2777,0,CUST0290
TXN005511,630.38,Transfer,14,3,0,0,4,1456.7,4.2,2006,0,CUST0489
TXN005512,1812.08,Purchase,11,2,0,0,3,2391.19,1.2,3598,0,CUST0208
TXN005513,780.92,Purchase,18,1,0,0,1,1876.77,7.5,541,0,CUST0168
TXN005514,1491.65,Withdrawal,21,2,0,0,4,694.52,8.7,2371,0,CUST0342
TXN005515,2430.7,Payment,2,0,0,0,4,6273.73,5.3,1460,0,CUST0099
TXN005516,4622.26,Payment,17,5,0,0,1,1605.62,0.3,2051,0,CUST0152
TXN005517,53322.22,Transfer,22,6,1,1,3,1387.55,12.8,200,1,CUST0018
TXN005518,753.24,Withdrawal,10,1,0,0,6,525.88,1.7,1328,0,CUST0367
TXN005519,1103.02,Withdrawal,14,5,0,0,3,1413.83,6.8,1195,0,CUST0194
TXN005520,2459.72,Payment,17,3,1,0,2,1284.37,16.1,2107,0,CUST0401
TXN005521,1007.87,Transfer,10,6,0,0,1,5761.94,0.9,1854,0,CUST0226
TXN005522,1356.81,Withdrawal,9,6,0,0,2,1741.95,0.5,620,0,CUST0001
TXN005523,1564.19,Purchase,18,6,0,0,2,671.91,13.0,464,0,CUST0408
TXN005524,2087.22,Purchase,10,1,0,0,3,4345.42,15.5,1101,0,CUST0411
TXN005525,1707.19,Withdrawal,6,6,0,0,2,935.74,5.3,1736,0,CUST0246
TXN005526,5022.26,Transfer,14,3,0,1,3,1119.53,2.1,801,0,CUST0334
TXN005527,532.07,Transfer,21,4,0,0,2,11917.07,6.8,177,0,CUST0488
TXN005528,1380.4,Purchase,15,3,0,0,3,541.72,6.7,870,0,CUST0258
TXN005529,568.75,Payment,22,3,0,0,3,1491.18,1.8,639,0,CUST0395
TXN005530,3782.87,Transfer,12,6,0,0,1,1171.35,6.7,3103,0,CUST0352
TXN005531,4248.84,Payment,18,2,0,0,1,892.03,2.9,1441,0,CUST0261
TXN005532,4002.2,Purchase,13,6,0,0,3,4012.0,0.1,716,0,CUST0090
TXN005533,4845.13,Withdrawal,10,0,0,0,2,441.61,2.3,1593,0,CUST0294
TXN005534,3724.45,Transfer,20,6,0,0,4,2607.88,3.3,703,0,CUST0263
TXN005535,2338.75,Transfer,17,2,0,0,0,4346.42,2.6,2318,0,CUST0099
TXN005536,2661.93,Transfer,16,0,0,0,1,1229.03,1.8,2816,0,CUST0092
TXN005537,811.2,Transfer,19,0,0,0,5,4252.5,3.9,2991,0,CUST0460
TXN005538,2567.35,Withdrawal,20,3,0,0,3,1495.75,8.1,216,0,CUST0409
TXN005539,2559.07,Transfer,8,3,0,0,1,4309.26,0.1,1303,0,CUST0483
TXN005540,771.6,Purchase,6,4,0,0,3,2414.06,3.9,3145,0,CUST0479
TXN005541,317.6,Payment,8,6,0,0,4,1562.45,2.9,1497,0,CUST0142
TXN005542,3840.73,Payment,13,0,0,0,3,808.73,5.3,2482,0,CUST0234
TXN005543,3430.56,Purchase,7,6,0,0,4,1568.96,2.7,875,0,CUST0057
TXN005544,427.96,Payment,19,6,0,0,1,743.75,8.6,3550,0,CUST0158
TXN005545,4516.09,Withdrawal,12,1,0,0,2,407.96,8.0,1796,0,CUST0167
TXN005546,3085.61,Withdrawal,13,2,0,0,4,9830.76,2.1,2398,0,CUST0441
TXN005547,378.11,Payment,23,2,0,0,2,2257.97,3.9,3415,0,CUST0022
TXN005548,7986.26,Transfer,17,0,0,0,2,4207.43,0.7,3646,0,CUST0317
TXN005549,2135.58,Payment,9,3,0,0,3,523.24,6.5,3170,0,CUST0289
TXN005550,4223.55,Transfer,14,2,0,0,0,1974.47,2.3,718,0,CUST0128
TXN005551,412.08,Transfer,8,3,0,1,0,4621.95,15.4,1783,0,CUST0437
TXN005552,650.15,Purchase,12,6,0,0,2,1232.84,2.5,2275,0,CUST0158
TXN005553,826.13,Purchase,14,1,0,0,3,6484.26,6.3,2520,0,CUST0044
TXN005554,853.44,Payment,7,1,0,0,4,5522.28,9.8,2383,0,CUST0088
TXN005555,2033.65,Transfer,12,1,0,0,1,1966.85,6.9,552,0,CUST0316
TXN005556,6111.69,Transfer,14,0,0,0,4,3110.04,0.5,3447,0,CUST0215
TXN005557,4342.34,Purchase,7,0,0,0,3,2307.8,1.3,697,0,CUST0264
TXN005558,2049.24,Transfer,17,0,0,0,1,983.68,4.3,3377,0,CUST0129
TXN005559,5909.15,Transfer,21,0,0,0,2,1067.88,3.1,355,0,CUST0051
TXN005560,5946.33,Withdrawal,12,6,0,0,1,4560.97,1.2,132,0,CUST0432
TXN005561,287.07,Transfer,19,3,0,0,2,1831.65,3.9,1753,0,CUST0112
TXN005562,235.54,Withdrawal,10,3,0,0,1,1029.8,1.4,802,0,CUST0319
TXN005563,456.85,Purchase,12,1,0,0,3,1704.51,0.0,716,0,CUST0197
TXN005564,910.46,Withdrawal,8,3,0,0,6,2726.1,2.2,3228,0,CUST0077
TXN005565,2871.2,Transfer,12,5,0,0,1,4460.62,3.1,1941,0,CUST0056
TXN005566,8105.31,Transfer,17,1,1,0,3,1270.39,1.9,1745,0,CUST0160
TXN005567,2142.54,Transfer,19,1,0,0,2,1065.77,4.2,2090,0,CUST0089
TXN005568,1121.21,Transfer,11,4,0,0,1,2946.16,0.9,2997,0,CUST0424
TXN005569,15413.62,Transfer,11,0,0,0,1,3240.48,8.9,2467,0,CUST0179
TXN005570,4106.39,Transfer,13,5,0,0,4,2295.13,3.4,2529,0,CUST0473
TXN005571,2397.15,Purchase,12,2,0,0,2,7472.18,1.8,2441,0,CUST0061
TXN005572,2638.71,Withdrawal,8,1,0,0,3,774.28,3.1,173,0,CUST0299
TXN005573,1347.54,Payment,16,5,0,0,2,5254.13,4.8,2666,0,CUST0180
TXN005574,2908.61,Transfer,18,5,0,0,3,1306.46,5.5,304,0,CUST0238
TXN005575,1384.85,Withdrawal,17,3,0,0,1,11278.91,2.0,1233,0,CUST0244
TXN005576,2657.97,Purchase,11,0,0,0,4,881.51,6.0,1681,0,CUST0134
TXN005577,3459.51,Transfer,9,4,0,0,2,1061.45,1.1,2707,0,CUST0204
TXN005578,3618.89,Transfer,16,2,0,0,1,759.91,2.3,760,0,CUST0400
TXN005579,1183.36,Transfer,15,0,0,0,2,228.83,0.9,2419,0,CUST0426
TXN005580,1990.46,Payment,14,3,0,0,1,1293.75,2.4,451,0,CUST0282
TXN005581,1097.24,Withdrawal,19,4,0,0,0,4943.03,3.4,3357,0,CUST0060
TXN005582,14472.6,Transfer,4,4,1,1,5,889.25,21.7,132,1,CUST0381
TXN005583,7500.67,Withdrawal,13,4,0,0,2,865.33,2.8,1629,0,CUST0427
TXN005584,1569.23,Purchase,21,5,0,0,2,488.61,7.4,2570,0,CUST0437
TXN005585,14062.22,Purchase,19,3,0,0,3,3476.41,4.4,259,0,CUST0474
TXN005586,1414.11,Purchase,16,3,0,0,3,1445.94,4.8,1056,0,CUST0371
TXN005587,804.85,Withdrawal,10,4,0,0,5,9446.49,1.6,2874,0,CUST0086
TXN005588,1954.95,Payment,16,4,0,0,3,1430.0,0.1,2647,0,CUST0347
TXN005589,1743.08,Transfer,16,6,0,0,6,1929.12,2.4,1629,0,CUST0272
TXN005590,2761.69,Transfer,13,0,0,0,2,833.94,0.6,3096,0,CUST0329
TXN005591,3987.95,Withdrawal,18,0,0,0,1,647.77,7.0,61,0,CUST0332
TXN005592,6453.34,Withdrawal,18,0,0,0,1,786.15,5.5,2622,0,CUST0181
TXN005593,2414.35,Withdrawal,16,0,0,0,1,2014.21,6.0,3248,0,CUST0451
TXN005594,868.67,Purchase,12,5,0,0,3,8161.54,1.7,3061,0,CUST0206
TXN005595,1339.26,Transfer,13,5,0,0,1,8004.97,4.5,880,0,CUST0462
TXN005596,1957.84,Transfer,13,5,0,0,3,4654.16,0.1,1016,0,CUST0147
TXN005597,1018.82,Payment,16,6,0,0,4,1309.02,0.4,2029,0,CUST0215
TXN005598,11405.1,Purchase,18,0,0,0,3,2674.41,18.0,2873,0,CUST0281
TXN005599,8339.41,Transfer,16,1,0,0,2,3829.23,11.9,864,0,CUST0276
TXN005600,1557.04,Transfer,19,1,0,0,2,986.97,6.1,1881,0,CUST0436
TXN005601,720.95,Transfer,16,3,0,0,4,1274.9,5.2,1607,0,CUST0010
TXN005602,2306.47,Purchase,16,1,0,0,3,3049.81,11.2,514,0,CUST0149
TXN005603,2204.8,Payment,9,6,0,0,0,4596.9,1.3,69,0,CUST0135
TXN005604,329.92,Withdrawal,2,4,0,0,4,8253.51,3.2,3308,0,CUST0078
TXN005605,2086.88,Payment,18,4,0,1,2,2736.8,4.4,3341,0,CUST0189
TXN005606,4556.32,Withdrawal,17,5,0,0,3,1130.06,1.1,3426,0,CUST0073
TXN005607,598.04,Purchase,18,6,1,0,0,3681.74,5.6,453,0,CUST0033
TXN005608,412.03,Payment,10,3,0,0,2,1839.25,5.4,2142,0,CUST0001
TXN005609,5985.94,Transfer,17,6,0,0,5,977.67,0.9,2505,0,CUST0054
TXN005610,1877.95,Purchase,19,5,0,0,1,1934.14,0.6,2873,0,CUST0208
TXN005611,6448.19,Purchase,10,2,0,0,1,1726.35,0.8,1172,0,CUST0438
TXN005612,8711.49,Transfer,12,0,0,0,2,2723.43,1.1,1725,0,CUST0228
TXN005613,502.92,Payment,13,5,0,0,4,346.59,1.3,2858,0,CUST0379
TXN005614,771.5,Payment,6,3,0,1,4,2517.24,2.7,1834,0,CUST0171
TXN005615,2957.19,Withdrawal,16,2,0,0,3,656.63,12.1,2367,0,CUST0075
TXN005616,1506.33,Payment,20,0,0,0,1,1388.52,18.6,1172,0,CUST0408
TXN005617,490.55,Transfer,22,3,0,0,4,467.78,6.5,3188,0,CUST0197
TXN005618,962.9,Transfer,17,5,0,0,3,1344.72,2.5,316,0,CUST0371
TXN005619,5923.81,Withdrawal,11,1,0,0,1,538.27,1.7,590,0,CUST0453
TXN005620,1128.54,Transfer,16,1,0,0,2,2412.58,2.4,354,0,CUST0154
TXN005621,3942.86,Payment,17,3,0,0,0,1787.04,0.0,3205,0,CUST0254
TXN005622,1413.27,Payment,11,1,0,0,0,6838.46,11.8,2575,0,CUST0458
TXN005623,985.65,Transfer,15,4,0,0,2,3306.15,4.5,2177,0,CUST0016
TXN005624,2187.47,Transfer,10,4,0,0,1,4534.11,2.7,1508,0,CUST0123
TXN005625,870.48,Purchase,16,6,0,0,4,870.96,5.2,3517,0,CUST0350
TXN005626,562.4,Withdrawal,6,0,0,0,4,1812.78,7.8,661,0,CUST0298
TXN005627,1394.37,Payment,19,3,0,0,2,2202.53,0.2,445,0,CUST0326
TXN005628,887.61,Payment,10,3,0,0,3,1234.24,18.4,1821,0,CUST0214
TXN005629,594.47,Transfer,8,3,1,0,1,6108.21,7.4,223,0,CUST0385
TXN005630,444.27,Transfer,8,5,0,0,0,10071.08,1.8,536,0,CUST0184
TXN005631,1937.02,Payment,11,4,0,0,4,6434.93,0.3,1612,0,CUST0128
TXN005632,4366.16,Purchase,17,3,0,0,3,2028.64,9.0,1795,0,CUST0126
TXN005633,764.11,Payment,22,4,0,0,2,1343.17,2.7,1412,0,CUST0274
TXN005634,1260.21,Payment,17,5,0,0,4,3827.21,7.1,2376,0,CUST0209
TXN005635,2366.8,Payment,14,3,0,0,2,379.91,3.5,2466,0,CUST0402
TXN005636,4313.94,Payment,18,5,0,0,4,4705.16,2.2,1778,0,CUST0247
TXN005637,16836.43,Transfer,10,2,0,0,5,1702.5,2.3,235,0,CUST0227
TXN005638,10259.55,Purchase,10,1,0,0,3,2012.9,0.5,1857,0,CUST0147
TXN005639,1542.97,Transfer,14,5,0,0,2,2649.88,3.6,2332,0,CUST0457
TXN005640,3671.31,Transfer,12,5,0,0,4,696.66,8.1,1877,0,CUST0142
TXN005641,356.6,Purchase,18,4,0,0,3,653.7,0.2,1689,0,CUST0314
TXN005642,13933.84,Transfer,15,5,0,0,3,911.55,25.1,2626,0,CUST0039
TXN005643,1058.07,Payment,19,0,0,0,3,1920.54,7.2,495,0,CUST0329
TXN005644,3293.08,Payment,15,2,0,0,5,2024.97,6.7,1959,0,CUST0455
TXN005645,316.64,Payment,10,2,0,0,0,1304.1,16.3,1205,0,CUST0273
TXN005646,1496.65,Payment,11,4,0,0,3,1530.47,5.1,1549,0,CUST0388
TXN005647,1867.18,Purchase,10,1,0,0,3,1358.16,3.6,1070,0,CUST0068
TXN005648,3226.95,Purchase,15,2,0,0,2,2025.78,5.4,2977,0,CUST0182
TXN005649,208.09,Transfer,17,3,0,0,1,882.62,8.8,1246,0,CUST0473
TXN005650,11903.48,Payment,0,3,0,0,0,1239.18,2.7,922,0,CUST0423
TXN005651,1565.42,Transfer,17,6,0,0,3,1066.79,10.9,2092,0,CUST0397
TXN005652,781.98,Payment,13,3,0,0,1,1406.57,17.4,1309,0,CUST0235
TXN005653,1422.89,Withdrawal,13,3,1,0,0,1431.71,16.9,60,0,CUST0051
TXN005654,1474.87,Purchase,16,1,0,0,4,1046.01,2.3,3404,0,CUST0488
TXN005655,5805.31,Withdrawal,14,1,0,0,3,1117.99,0.7,1144,0,CUST0462
TXN005656,42205.06,Transfer,16,4,0,1,10,544.67,10.0,237,1,CUST0384
TXN005657,1336.13,Payment,15,1,0,0,2,907.77,2.2,3378,0,CUST0422
TXN005658,1587.54,Transfer,9,1,0,0,4,1026.64,0.4,1214,0,CUST0192
TXN005659,1646.43,Transfer,7,6,0,1,3,996.75,13.3,2920,0,CUST0438
TXN005660,332.86,Withdrawal,17,5,0,0,1,384.08,3.9,3311,0,CUST0411
TXN005661,461.19,Withdrawal,15,5,0,0,3,1808.35,0.1,1331,0,CUST0182
TXN005662,1591.53,Transfer,18,0,0,0,2,1944.03,0.3,2537,0,CUST0310
TXN005663,6344.54,Payment,17,6,0,1,1,2182.52,3.9,376,0,CUST0331
TXN005664,2652.26,Transfer,16,4,0,0,0,4465.06,0.4,554,0,CUST0327
TXN005665,1120.09,Transfer,9,0,0,0,0,3676.63,2.2,684,0,CUST0156
TXN005666,777.98,Payment,10,1,0,0,1,4086.35,5.8,1653,0,CUST0336
TXN005667,3809.11,Transfer,16,5,0,0,1,1592.48,3.1,3003,0,CUST0476
TXN005668,1110.76,Payment,12,2,0,1,8,826.88,2.3,1636,0,CUST0159
TXN005669,4092.2,Purchase,18,2,0,0,3,1449.86,7.6,781,0,CUST0445
TXN005670,2545.56,Transfer,13,0,0,0,5,1732.08,6.1,318,0,CUST0214
TXN005671,423.72,Payment,17,2,0,0,2,1450.16,1.8,455,0,CUST0056
TXN005672,2861.19,Transfer,17,6,0,0,2,2119.42,2.1,698,0,CUST0009
TXN005673,5286.59,Withdrawal,14,6,0,0,1,1436.45,1.0,515,0,CUST0421
TXN005674,2322.72,Payment,23,2,0,0,0,1919.66,1.3,2549,0,CUST0351
TXN005675,1643.42,Payment,12,2,0,0,4,6111.01,1.6,2149,0,CUST0250
TXN005676,6445.03,Withdrawal,9,5,0,0,1,2487.66,4.1,2056,0,CUST0479
TXN005677,1087.74,Transfer,10,1,0,0,4,918.31,1.2,3572,0,CUST0469
TXN005678,2512.68,Withdrawal,8,0,0,0,2,675.84,15.1,2630,0,CUST0184
TXN005679,5108.22,Payment,10,0,0,0,2,471.4,1.2,257,0,CUST0325
TXN005680,2206.03,Purchase,15,0,0,0,2,1229.17,2.9,2291,0,CUST0302
TXN005681,3627.02,Purchase,15,4,0,0,2,6247.32,6.0,622,0,CUST0147
TXN005682,755.22,Purchase,20,6,0,0,1,923.6,4.8,3056,0,CUST0213
TXN005683,25387.49,Payment,15,5,0,0,3,498.68,7.4,2083,0,CUST0350
TXN005684,391.07,Purchase,17,5,0,0,1,14246.48,10.6,3042,0,CUST0357
TXN005685,1304.25,Payment,7,6,0,0,3,8626.81,0.5,254,0,CUST0333
TXN005686,447.74,Payment,13,2,0,0,1,3064.64,6.8,472,0,CUST0499
TXN005687,3404.77,Transfer,11,5,0,0,1,651.15,3.7,3209,0,CUST0435
TXN005688,1050.04,Payment,12,2,0,0,5,4034.52,1.1,2243,0,CUST0065
TXN005689,3320.76,Withdrawal,12,5,0,0,4,400.88,0.1,384,0,CUST0134
TXN005690,5782.4,Payment,10,3,0,0,3,2160.21,2.4,3623,0,CUST0300
TXN005691,3412.94,Transfer,15,4,1,0,8,487.58,5.7,2278,0,CUST0339
TXN005692,2227.18,Purchase,6,0,0,0,4,954.53,0.7,532,0,CUST0023
TXN005693,3646.4,Withdrawal,17,6,0,0,2,5402.8,14.9,3448,0,CUST0316
TXN005694,1642.54,Transfer,11,4,0,0,3,2002.1,22.6,3596,0,CUST0478
TXN005695,4201.12,Payment,9,0,0,0,2,4323.51,0.7,562,0,CUST0403
TXN005696,1511.34,Transfer,21,5,0,0,5,2149.62,11.8,1099,0,CUST0191
TXN005697,5982.37,Purchase,6,2,0,0,1,1995.97,6.1,58,0,CUST0398
TXN005698,904.68,Transfer,17,4,1,0,2,2966.5,1.4,1835,0,CUST0327
TXN005699,1497.28,Transfer,9,4,0,0,2,488.84,13.6,619,0,CUST0241
TXN005700,1331.94,Purchase,11,1,0,0,4,1978.45,11.2,448,0,CUST0493
TXN005701,1612.34,Purchase,11,6,0,0,1,2399.43,1.0,3473,0,CUST0330
TXN005702,1463.92,Payment,19,2,0,0,0,2180.04,2.8,614,0,CUST0480
TXN005703,288.96,Transfer,10,1,0,0,1,4887.25,3.5,69,0,CUST0398
TXN005704,6185.67,Payment,10,5,0,0,4,4105.74,5.4,2962,0,CUST0435
TXN005705,2319.97,Payment,16,5,0,0,4,4542.18,13.0,3281,0,CUST0296
TXN005706,2740.31,Payment,8,4,0,0,2,763.82,4.8,1106,0,CUST0017
TXN005707,4134.75,Transfer,9,5,0,0,3,6004.27,7.0,2819,0,CUST0442
TXN005708,2429.67,Payment,8,5,1,0,1,3769.6,9.8,969,0,CUST0254
TXN005709,578.92,Transfer,20,0,0,0,3,1311.31,6.4,2649,0,CUST0167
TXN005710,4363.64,Payment,14,3,0,0,0,769.48,7.2,1798,0,CUST0078
TXN005711,1460.51,Transfer,14,5,1,0,2,10466.25,7.9,93,0,CUST0130
TXN005712,249.81,Payment,14,0,0,0,3,1475.35,1.8,752,0,CUST0045
TXN005713,7925.92,Withdrawal,13,6,0,0,2,2678.15,3.2,1155,0,CUST0077
TXN005714,2361.5,Withdrawal,9,6,0,0,5,2889.06,1.2,1485,0,CUST0190
TXN005715,843.76,Purchase,16,1,0,1,4,1987.4,2.6,1662,0,CUST0381
TXN005716,6708.71,Purchase,16,1,0,0,5,1758.95,4.5,1760,0,CUST0379
TXN005717,734.6,Purchase,13,1,0,0,4,1767.84,0.2,2655,0,CUST0269
TXN005718,1226.01,Purchase,12,4,0,0,3,12051.4,1.9,813,0,CUST0425
TXN005719,2375.87,Purchase,10,5,0,0,3,447.12,2.9,360,0,CUST0440
TXN005720,524.36,Withdrawal,17,6,0,0,3,3804.15,1.6,3437,0,CUST0405
TXN005721,984.72,Payment,9,5,0,0,0,355.49,4.5,2756,0,CUST0283
TXN005722,1443.04,Payment,7,0,0,0,2,1586.34,0.6,2100,0,CUST0286
TXN005723,8071.09,Transfer,0,0,0,0,1,5069.68,2.5,3591,0,CUST0159
TXN005724,11482.84,Payment,13,0,0,0,2,4502.48,5.5,1966,0,CUST0024
TXN005725,4433.03,Transfer,11,1,0,0,1,1319.55,1.1,707,0,CUST0239
TXN005726,3324.71,Withdrawal,8,6,0,0,6,614.91,4.3,873,0,CUST0179
TXN005727,313.44,Withdrawal,20,4,0,1,0,1821.87,9.6,999,0,CUST0348
TXN005728,1151.19,Transfer,17,4,0,0,4,100.0,1.9,3235,0,CUST0330
TXN005729,697.9,Payment,16,3,0,0,5,324.74,8.0,2297,0,CUST0110
TXN005730,2575.43,Payment,9,0,0,0,3,1214.61,1.6,1985,0,CUST0349
TXN005731,1530.25,Withdrawal,11,1,0,0,5,1277.84,1.7,818,0,CUST0162
TXN005732,2455.62,Purchase,11,1,0,0,2,1512.38,3.2,624,0,CUST0019
TXN005733,774.61,Transfer,17,0,0,0,5,1866.33,0.6,1466,0,CUST0273
TXN005734,856.23,Purchase,14,2,0,0,5,1714.37,7.1,733,0,CUST0437
TXN005735,3490.37,Purchase,11,0,0,0,2,2901.65,11.2,86,0,CUST0418
TXN005736,40534.9,Withdrawal,12,3,0,0,2,4561.44,10.4,2868,0,CUST0398
TXN005737,2803.37,Purchase,10,4,0,0,5,2529.61,1.9,2995,0,CUST0412
TXN005738,7453.3,Transfer,17,4,0,0,2,2120.94,11.3,1527,0,CUST0011
TXN005739,1101.16,Purchase,10,5,0,0,1,1145.51,3.9,2789,0,CUST0118
TXN005740,968.25,Transfer,14,6,0,0,3,5443.11,2.9,46,0,CUST0422
TXN005741,807.24,Purchase,17,3,0,0,2,4589.85,4.8,1944,0,CUST0488
TXN005742,15598.48,Purchase,10,1,0,0,1,1279.98,8.6,3351,0,CUST0305
TXN005743,9553.3,Purchase,10,3,0,0,3,518.98,11.5,1390,0,CUST0310
TXN005744,4848.27,Transfer,10,0,0,0,3,1568.72,13.6,1461,0,CUST0391
TXN005745,431.32,Transfer,18,6,0,0,5,1243.75,4.2,1335,0,CUST0146
TXN005746,9651.92,Transfer,5,1,0,1,9,1619.94,97.0,362,1,CUST0417
TXN005747,5796.39,Purchase,8,2,0,0,2,1270.17,6.7,60,0,CUST0446
TXN005748,410.35,Transfer,7,0,0,0,3,1603.03,7.7,2540,0,CUST0011
TXN005749,2083.07,Withdrawal,18,2,0,0,3,8417.42,0.5,1831,0,CUST0489
TXN005750,2231.65,Payment,12,3,0,0,2,1006.59,1.5,2722,0,CUST0177
TXN005751,5002.34,Transfer,20,2,0,0,5,1654.79,9.0,652,0,CUST0468
TXN005752,287.13,Transfer,17,2,0,0,1,2875.76,4.4,3363,0,CUST0234
TXN005753,2305.59,Payment,9,6,0,1,1,2110.33,7.5,3321,0,CUST0487
TXN005754,206.5,Purchase,12,4,0,0,3,1698.78,0.4,2525,0,CUST0314
TXN005755,932.64,Payment,21,1,0,0,3,1999.78,0.4,368,0,CUST0055
TXN005756,5276.83,Transfer,20,6,0,0,2,1522.93,1.9,3223,0,CUST0402
TXN005757,276.84,Withdrawal,19,1,0,0,2,9992.39,1.4,563,0,CUST0362
TXN005758,649.25,Purchase,20,2,0,0,1,4358.09,4.9,1965,0,CUST0050
TXN005759,668.86,Withdrawal,15,5,0,0,2,4234.19,14.1,1121,0,CUST0187
TXN005760,1200.74,Transfer,16,3,0,0,4,818.73,2.3,1692,0,CUST0015
TXN005761,1068.62,Payment,15,2,0,0,2,613.45,0.1,2205,0,CUST0355
TXN005762,1376.18,Purchase,17,1,0,0,4,908.17,1.5,3302,0,CUST0388
TXN005763,1380.29,Payment,16,1,0,0,1,1736.42,2.0,3648,0,CUST0422
TXN005764,2468.36,Purchase,13,3,0,0,4,2453.85,2.2,1821,0,CUST0121
TXN005765,318.05,Purchase,20,0,0,0,1,495.3,2.3,2267,0,CUST0192
TXN005766,2436.83,Payment,10,4,0,0,4,1008.98,3.4,3268,0,CUST0227
TXN005767,2374.72,Payment,17,3,0,0,2,891.57,1.9,2791,0,CUST0174
TXN005768,888.79,Payment,8,5,0,0,2,926.8,2.1,510,0,CUST0103
TXN005769,2264.95,Purchase,7,4,0,0,5,1368.41,17.7,2650,0,CUST0364
TXN005770,3950.1,Transfer,15,2,0,0,3,2057.27,2.3,2843,0,CUST0383
TXN005771,14245.84,Purchase,20,2,0,0,6,1089.03,0.7,2103,0,CUST0382
TXN005772,4733.89,Payment,8,4,0,0,3,926.94,2.2,2916,0,CUST0299
TXN005773,1110.2,Payment,9,1,0,0,3,893.92,2.4,478,0,CUST0063
TXN005774,116.85,Withdrawal,10,6,0,0,1,1605.46,12.5,940,0,CUST0220
TXN005775,2472.86,Payment,15,4,0,0,4,5859.97,3.5,2750,0,CUST0422
TXN005776,2050.63,Payment,21,6,0,0,2,1063.77,4.6,2783,0,CUST0216
TXN005777,666.27,Transfer,18,3,0,0,3,3925.45,0.5,2993,0,CUST0134
TXN005778,241.27,Payment,15,5,0,0,0,917.26,1.0,91,0,CUST0030
TXN005779,854.77,Transfer,9,2,0,0,1,2352.21,10.0,292,0,CUST0354
TXN005780,3849.37,Transfer,1,0,0,0,2,1613.87,3.0,2755,0,CUST0377
TXN005781,680.24,Payment,9,1,0,0,1,3788.81,7.5,112,0,CUST0197
TXN005782,5120.23,Purchase,15,5,0,0,4,876.04,23.7,994,0,CUST0267
TXN005783,1787.34,Transfer,18,4,0,0,4,733.54,4.4,710,0,CUST0329
TXN005784,962.51,Transfer,16,3,0,0,3,855.66,1.6,2725,0,CUST0397
TXN005785,4572.61,Transfer,15,5,0,0,2,525.34,1.8,2770,0,CUST0384
TXN005786,3708.63,Withdrawal,14,1,0,0,3,6014.54,0.7,882,0,CUST0188
TXN005787,568.43,Transfer,13,6,0,0,4,2984.16,2.9,294,0,CUST0145
TXN005788,808.91,Withdrawal,19,3,0,0,1,1500.81,1.9,456,0,CUST0366
TXN005789,18838.43,Transfer,16,1,0,0,1,1724.47,0.5,3437,0,CUST0363
TXN005790,1026.29,Transfer,8,6,0,0,2,8505.77,11.3,2442,0,CUST0183
TXN005791,882.7,Transfer,11,1,0,0,2,2364.12,1.6,116,0,CUST0376
TXN005792,5612.8,Purchase,23,1,0,0,3,5972.48,13.1,3415,0,CUST0136
TXN005793,1890.05,Payment,19,0,0,0,3,3128.3,0.2,3306,0,CUST0115
TXN005794,1168.22,Purchase,9,2,0,0,6,2025.53,1.3,1788,0,CUST0219
TXN005795,1840.17,Transfer,12,0,0,0,5,662.63,2.2,1190,0,CUST0130
TXN005796,3136.98,Purchase,12,1,0,0,3,3296.07,5.1,612,0,CUST0403
TXN005797,375.72,Purchase,13,4,0,0,3,805.71,0.9,879,0,CUST0231
TXN005798,2587.23,Transfer,9,3,1,0,4,2452.17,1.6,396,0,CUST0223
TXN005799,1685.43,Payment,15,6,0,0,2,4778.62,5.6,2394,0,CUST0307
TXN005800,11094.85,Withdrawal,7,2,1,1,3,761.86,32.5,33,1,CUST0315
TXN005801,1834.8,Payment,8,2,0,0,2,2151.64,6.3,2721,0,CUST0491
TXN005802,1504.4,Payment,8,5,0,1,3,1376.46,5.7,1667,0,CUST0022
TXN005803,499.7,Transfer,16,4,0,0,1,612.47,2.5,2302,0,CUST0139
TXN005804,2281.95,Payment,11,3,0,0,0,2150.73,6.3,3382,0,CUST0462
TXN005805,785.03,Purchase,10,1,0,0,2,1415.47,9.6,2394,0,CUST0016
TXN005806,310.12,Payment,20,5,0,0,0,848.48,4.8,3598,0,CUST0478
TXN005807,5907.56,Transfer,14,1,0,0,4,2907.16,1.9,254,0,CUST0354
TXN005808,7662.17,Transfer,7,2,1,1,3,3689.85,10.0,345,1,CUST0246
TXN005809,1262.32,Payment,9,6,0,0,4,994.82,4.0,1814,0,CUST0462
TXN005810,867.68,Withdrawal,8,3,0,0,3,4254.6,13.8,1752,0,CUST0480
TXN005811,2983.69,Transfer,13,2,0,0,2,1162.28,3.4,2880,0,CUST0118
TXN005812,1641.52,Payment,7,6,0,0,1,570.08,9.1,2798,0,CUST0163
TXN005813,354.08,Withdrawal,11,6,0,0,1,2720.54,0.4,1378,0,CUST0356
TXN005814,636.0,Transfer,9,6,0,0,3,860.68,3.5,3047,0,CUST0346
TXN005815,528.02,Transfer,18,0,0,0,1,2826.47,0.9,2581,0,CUST0204
TXN005816,14387.03,Transfer,9,4,0,0,4,948.88,5.8,140,0,CUST0373
TXN005817,1195.76,Withdrawal,13,6,1,0,2,2847.11,1.1,1074,0,CUST0136
TXN005818,275.02,Withdrawal,13,2,0,0,1,1155.43,0.9,1964,0,CUST0345
TXN005819,4204.2,Payment,20,3,0,0,5,1731.3,4.5,2583,0,CUST0343
TXN005820,1920.29,Transfer,19,5,1,0,5,1336.99,0.5,1873,0,CUST0005
TXN005821,3482.15,Payment,19,6,0,0,1,14086.84,1.7,199,0,CUST0397
TXN005822,2117.71,Purchase,12,6,0,0,3,4017.83,3.7,2015,0,CUST0144
TXN005823,784.37,Transfer,13,0,0,0,4,767.13,1.1,578,0,CUST0479
TXN005824,3305.18,Payment,10,6,0,0,1,833.16,2.2,1446,0,CUST0498
TXN005825,1664.51,Payment,9,6,0,0,2,2509.36,0.3,2308,0,CUST0071
TXN005826,1541.1,Payment,9,1,1,0,4,2435.03,2.1,1671,0,CUST0185
TXN005827,322.45,Transfer,8,6,0,0,4,499.95,3.2,2965,0,CUST0167
TXN005828,1635.21,Purchase,18,2,0,0,1,3057.47,4.2,1648,0,CUST0096
TXN005829,1327.48,Payment,11,4,0,0,3,1097.21,10.3,3523,0,CUST0111
TXN005830,2067.92,Payment,11,2,0,0,4,823.97,14.3,1305,0,CUST0231
TXN005831,4003.5,Transfer,10,6,0,0,2,1596.94,2.7,3247,0,CUST0161
TXN005832,970.42,Payment,17,0,0,0,0,3555.47,4.3,727,0,CUST0222
TXN005833,550.47,Payment,9,0,0,0,1,1058.8,4.8,441,0,CUST0119
TXN005834,3105.43,Payment,23,0,0,0,2,1561.43,4.8,3390,0,CUST0080
TXN005835,2326.67,Transfer,8,5,0,0,5,1840.99,25.1,1223,0,CUST0422
TXN005836,898.21,Transfer,11,4,0,0,2,524.68,12.8,1983,0,CUST0217
TXN005837,1409.55,Purchase,14,6,0,0,1,1404.4,28.2,2624,0,CUST0365
TXN005838,7119.1,Withdrawal,13,4,0,0,2,5440.1,4.9,1144,0,CUST0318
TXN005839,3370.93,Payment,14,6,0,0,3,2347.09,3.8,951,0,CUST0352
TXN005840,4699.18,Purchase,15,1,0,0,0,2782.17,7.0,791,0,CUST0217
TXN005841,789.82,Payment,11,5,0,0,5,1282.41,4.0,3571,0,CUST0420
TXN005842,1046.9,Transfer,16,4,0,0,1,668.48,8.2,3626,0,CUST0495
TXN005843,1449.48,Payment,16,3,0,0,1,1888.43,0.0,2012,0,CUST0356
TXN005844,2471.0,Payment,13,3,0,0,4,1455.53,0.0,2278,0,CUST0168
TXN005845,961.43,Payment,17,0,0,0,1,3832.6,5.1,1304,0,CUST0061
TXN005846,2204.12,Purchase,17,2,0,0,1,2996.25,9.3,106,0,CUST0191
TXN005847,896.69,Purchase,15,4,0,0,3,1682.78,0.4,191,0,CUST0067
TXN005848,1458.94,Purchase,9,6,0,0,3,2242.98,0.8,186,0,CUST0365
TXN005849,1148.67,Payment,12,2,0,0,3,1904.77,8.2,1789,0,CUST0228
TXN005850,3205.37,Purchase,14,2,0,0,1,1262.3,7.4,1230,0,CUST0250
TXN005851,1015.46,Purchase,9,0,0,0,1,1114.76,5.6,2342,0,CUST0491
TXN005852,2051.2,Purchase,12,3,0,0,1,2521.08,12.7,1883,0,CUST0046
TXN005853,1602.07,Purchase,6,2,0,0,4,2340.65,6.0,3644,0,CUST0201
TXN005854,2010.01,Payment,12,4,0,0,1,1697.24,0.4,2740,0,CUST0082
TXN005855,1435.97,Purchase,18,5,0,0,2,1291.96,1.4,3289,0,CUST0487
TXN005856,4009.17,Payment,10,1,1,0,2,1017.71,2.2,185,0,CUST0481
TXN005857,1412.09,Purchase,19,4,0,0,4,682.43,0.9,1607,0,CUST0176
TXN005858,40656.35,Payment,6,1,0,0,3,2454.63,1.2,3570,0,CUST0333
TXN005859,1278.67,Transfer,12,2,0,0,2,2245.79,8.5,334,0,CUST0119
TXN005860,460.21,Payment,8,0,0,0,1,7309.78,2.6,2057,0,CUST0012
TXN005861,799.34,Transfer,10,6,0,0,4,2905.76,0.8,2754,0,CUST0387
TXN005862,2908.11,Transfer,11,5,0,0,5,1020.35,2.9,2132,0,CUST0016
TXN005863,1968.18,Payment,17,3,0,0,1,3469.2,12.2,2202,0,CUST0160
TXN005864,4010.62,Payment,16,5,0,0,3,1009.61,3.7,2191,0,CUST0276
TXN005865,4181.77,Transfer,0,6,0,0,3,1659.2,5.0,1398,0,CUST0099
TXN005866,2140.2,Withdrawal,17,1,0,0,2,790.46,3.5,538,0,CUST0212
TXN005867,1007.66,Transfer,9,5,0,0,8,987.25,7.7,559,0,CUST0286
TXN005868,687.98,Payment,10,4,0,0,1,839.02,19.2,901,0,CUST0188
TXN005869,1346.02,Payment,17,3,0,1,2,1262.53,11.3,2633,0,CUST0336
TXN005870,2307.91,Payment,12,0,0,0,3,531.31,2.0,2257,0,CUST0040
TXN005871,585.95,Purchase,19,6,0,0,4,799.41,7.6,867,0,CUST0237
TXN005872,1610.58,Transfer,9,4,0,0,1,6729.94,0.2,3522,0,CUST0229
TXN005873,1728.41,Payment,18,6,0,0,2,1190.94,1.1,104,0,CUST0161
TXN005874,1993.56,Payment,14,5,0,0,4,1046.67,7.5,3147,0,CUST0026
TXN005875,209.9,Purchase,19,4,0,0,3,4588.74,3.9,695,0,CUST0431
TXN005876,4064.42,Transfer,23,2,0,0,1,1734.78,0.5,2481,0,CUST0048
TXN005877,249.15,Payment,21,4,0,0,0,5294.02,0.1,1942,0,CUST0062
TXN005878,6358.95,Payment,15,6,0,0,2,1514.48,8.1,3240,0,CUST0400
TXN005879,2955.47,Purchase,12,5,0,0,3,2688.15,17.6,167,0,CUST0285
TXN005880,819.94,Withdrawal,18,0,0,0,1,2456.41,0.1,2275,0,CUST0483
TXN005881,1831.39,Transfer,11,3,0,0,4,1994.73,0.2,344,0,CUST0415
TXN005882,2176.97,Purchase,11,2,0,1,8,1698.35,15.6,2190,0,CUST0219
TXN005883,3302.63,Payment,10,5,0,0,1,5425.96,0.5,1674,0,CUST0318
TXN005884,253.84,Payment,7,2,0,0,6,523.76,5.1,1328,0,CUST0476
TXN005885,2384.37,Transfer,19,6,0,0,4,3355.35,4.3,2554,0,CUST0190
TXN005886,2616.63,Purchase,14,1,0,0,1,1020.38,1.6,2410,0,CUST0090
TXN005887,2556.74,Payment,9,5,0,0,2,5484.52,1.3,2106,0,CUST0252
TXN005888,743.33,Purchase,9,1,0,0,2,17853.62,1.4,3624,0,CUST0026
TXN005889,1447.4,Transfer,18,2,0,0,2,15421.92,5.1,1213,0,CUST0116
TXN005890,561.2,Transfer,12,3,1,0,0,1309.82,2.7,733,0,CUST0018
TXN005891,1969.07,Purchase,15,6,0,0,3,11401.07,4.4,161,0,CUST0173
TXN005892,2755.21,Transfer,12,2,0,0,1,5818.3,1.1,3028,0,CUST0237
TXN005893,683.3,Transfer,2,4,0,0,2,702.91,4.7,2245,0,CUST0389
TXN005894,1362.19,Purchase,13,1,0,0,4,1428.81,1.4,1802,0,CUST0255
TXN005895,7749.89,Purchase,13,4,0,0,2,8135.58,0.3,2001,0,CUST0005
TXN005896,6326.74,Withdrawal,12,1,0,0,1,2687.91,7.3,480,0,CUST0478
TXN005897,2161.44,Purchase,13,2,0,0,2,1116.4,2.9,3377,0,CUST0391
TXN005898,1736.1,Purchase,15,4,0,0,1,2241.8,4.8,1009,0,CUST0009
TXN005899,3720.72,Payment,13,0,0,0,1,267.57,1.4,852,0,CUST0459
TXN005900,388.96,Payment,8,1,0,0,0,496.05,9.2,1587,0,CUST0245
TXN005901,2059.05,Withdrawal,16,3,0,0,1,2606.11,0.5,869,0,CUST0221
TXN005902,5959.46,Payment,13,1,0,0,2,3270.99,0.7,2339,0,CUST0447
TXN005903,1606.69,Withdrawal,19,5,0,0,0,4757.32,0.4,842,0,CUST0441
TXN005904,1897.93,Transfer,22,1,0,0,1,1656.48,2.0,2818,0,CUST0315
TXN005905,4113.63,Withdrawal,11,6,0,0,1,2142.61,5.6,2449,0,CUST0036
TXN005906,942.3,Purchase,9,4,0,0,2,1033.43,10.3,3154,0,CUST0227
TXN005907,5077.92,Withdrawal,11,3,0,0,1,766.03,0.3,3454,0,CUST0098
TXN005908,4425.74,Payment,23,4,0,0,2,888.21,14.9,1224,0,CUST0380
TXN005909,17246.59,Transfer,6,3,1,0,9,1005.97,84.1,212,1,CUST0487
TXN005910,298.55,Transfer,10,3,0,0,1,462.64,0.5,3501,0,CUST0364
TXN005911,3015.44,Transfer,18,3,0,0,4,476.29,9.5,2328,0,CUST0191
TXN005912,905.0,Transfer,9,3,0,0,4,329.4,1.2,442,0,CUST0474
TXN005913,14045.23,Payment,6,1,1,0,4,1055.64,40.2,338,1,CUST0013
TXN005914,3960.58,Transfer,14,3,0,0,3,6646.27,4.8,1180,0,CUST0275
TXN005915,221.55,Payment,12,1,1,0,2,1573.3,2.2,61,0,CUST0138
TXN005916,4797.34,Transfer,12,0,0,0,2,2559.08,8.0,3620,0,CUST0203
TXN005917,5476.29,Transfer,17,3,0,0,1,590.88,0.0,675,0,CUST0414
TXN005918,5954.48,Transfer,15,1,0,0,3,1449.73,2.1,823,0,CUST0036
TXN005919,2839.05,Payment,15,3,0,0,3,432.37,1.2,118,0,CUST0260
TXN005920,940.04,Payment,11,3,0,0,4,848.12,2.1,220,0,CUST0357
TXN005921,1376.9,Withdrawal,6,0,0,0,1,1246.73,10.3,1641,0,CUST0414
TXN005922,792.65,Transfer,12,1,0,0,4,2227.1,8.4,3606,0,CUST0189
TXN005923,1516.92,Purchase,22,1,0,0,1,1015.47,4.8,257,0,CUST0160
TXN005924,4094.78,Transfer,10,5,0,0,2,1798.76,5.4,1290,0,CUST0074
TXN005925,1486.55,Payment,18,1,0,0,2,723.69,2.6,2026,0,CUST0235
TXN005926,915.96,Transfer,17,3,0,0,2,2616.61,1.0,3546,0,CUST0478
TXN005927,2723.53,Purchase,10,3,0,0,2,5477.6,1.6,2571,0,CUST0301
TXN005928,1098.13,Transfer,20,0,0,0,2,2787.55,4.4,2265,0,CUST0287
TXN005929,442.83,Transfer,9,0,0,0,2,3313.16,17.1,3328,0,CUST0184
TXN005930,1062.72,Transfer,16,0,0,0,3,797.04,3.3,58,0,CUST0235
TXN005931,11742.44,Payment,10,1,0,0,4,2791.24,0.4,1685,0,CUST0233
TXN005932,384.28,Payment,13,2,0,0,2,998.3,0.5,112,0,CUST0298
TXN005933,2282.54,Purchase,12,4,0,0,2,1266.84,5.7,604,0,CUST0087
TXN005934,376.96,Transfer,18,6,0,0,2,1154.08,1.9,3124,0,CUST0376
TXN005935,351.42,Withdrawal,11,6,1,0,6,3991.59,2.2,2031,0,CUST0075
TXN005936,5465.21,Transfer,3,3,1,0,9,1307.97,12.1,91,1,CUST0013
TXN005937,340.56,Purchase,17,1,0,0,2,2670.38,4.0,3518,0,CUST0487
TXN005938,3965.33,Transfer,9,6,0,0,2,1749.68,1.3,2368,0,CUST0053
TXN005939,1452.63,Purchase,20,3,0,0,3,737.18,11.3,375,0,CUST0112
TXN005940,4122.04,Transfer,16,6,0,0,2,992.55,7.1,2839,0,CUST0182
TXN005941,1443.96,Withdrawal,18,3,0,0,3,2981.83,4.6,1290,0,CUST0299
TXN005942,4270.92,Transfer,11,5,0,0,3,1411.94,0.6,3211,0,CUST0280
TXN005943,412.56,Withdrawal,11,5,0,0,3,1804.49,14.2,2364,0,CUST0364
TXN005944,2061.36,Payment,8,3,0,0,3,5039.19,2.6,430,0,CUST0407
TXN005945,281.94,Purchase,17,3,0,0,2,7825.6,4.3,3185,0,CUST0225
TXN005946,1570.97,Purchase,20,2,0,0,1,4375.38,1.0,2825,0,CUST0474
TXN005947,1477.06,Transfer,14,5,0,0,1,797.52,0.9,3273,0,CUST0147
TXN005948,1522.27,Payment,19,0,0,0,1,1114.11,3.1,3612,0,CUST0423
TXN005949,3116.99,Purchase,19,0,0,0,4,499.77,5.9,1505,0,CUST0405
TXN005950,1266.57,Purchase,21,1,0,0,3,2232.26,4.0,3016,0,CUST0431
TXN005951,1440.18,Transfer,10,4,1,0,2,721.57,13.3,408,0,CUST0138
TXN005952,250.08,Transfer,18,3,0,0,3,3290.41,15.4,3036,0,CUST0496
TXN005953,2752.3,Purchase,12,6,0,0,3,1091.15,7.6,78,0,CUST0059
TXN005954,1121.42,Purchase,10,4,0,0,1,1632.32,2.5,668,0,CUST0349
TXN005955,2200.06,Withdrawal,10,5,0,0,1,434.06,5.7,2262,0,CUST0297
TXN005956,707.81,Purchase,14,0,0,0,3,5778.84,3.1,102,0,CUST0447
TXN005957,5413.5,Withdrawal,22,2,1,0,8,917.14,149.8,307,1,CUST0126
TXN005958,4741.4,Payment,19,3,0,0,1,1954.7,6.2,875,0,CUST0291
TXN005959,877.28,Withdrawal,17,2,0,1,4,1117.23,3.5,2511,0,CUST0144
TXN005960,1473.7,Purchase,10,5,0,0,2,1168.57,0.5,3278,0,CUST0355
TXN005961,2686.03,Payment,9,1,0,0,4,3612.41,2.3,1427,0,CUST0290
TXN005962,2033.12,Purchase,16,2,0,0,2,325.66,2.6,380,0,CUST0418
TXN005963,2771.64,Transfer,23,0,0,0,6,1240.79,8.1,3251,0,CUST0229
TXN005964,1734.96,Purchase,18,2,0,0,4,1641.94,10.0,272,0,CUST0044
TXN005965,951.96,Transfer,10,0,0,0,2,2167.53,3.4,572,0,CUST0249
TXN005966,1830.78,Withdrawal,8,1,0,0,2,6122.55,4.7,3089,0,CUST0469
TXN005967,1261.9,Transfer,18,3,0,0,0,641.42,1.8,2593,0,CUST0078
TXN005968,725.74,Purchase,11,3,0,0,3,811.97,2.5,2689,0,CUST0134
TXN005969,862.22,Purchase,14,3,0,0,3,5392.5,2.6,2258,0,CUST0277
TXN005970,1002.33,Transfer,19,1,0,0,2,5494.58,11.1,1791,0,CUST0082
TXN005971,278.71,Payment,16,6,0,0,3,1070.04,8.9,2355,0,CUST0125
TXN005972,445.83,Transfer,18,1,0,0,2,1914.54,7.5,1470,0,CUST0119
TXN005973,1426.51,Payment,21,5,0,0,1,2157.9,1.5,78,0,CUST0256
TXN005974,3029.58,Transfer,12,1,0,1,2,594.76,13.1,1459,0,CUST0327
TXN005975,832.93,Withdrawal,20,1,0,0,4,1516.97,10.6,3581,0,CUST0487
TXN005976,2873.54,Payment,20,1,0,0,4,7551.88,0.6,1283,0,CUST0312
TXN005977,16262.97,Purchase,18,2,0,0,3,993.74,3.7,2763,0,CUST0358
TXN005978,1068.75,Transfer,10,1,0,0,2,2968.24,6.5,2188,0,CUST0153
TXN005979,826.67,Purchase,18,1,0,0,4,1476.82,12.3,37,0,CUST0467
TXN005980,3759.18,Payment,15,6,0,0,3,590.33,2.7,2270,0,CUST0116
TXN005981,4279.69,Payment,13,3,0,1,3,1477.9,0.8,1512,0,CUST0095
TXN005982,524.57,Transfer,12,4,0,0,3,1332.76,1.2,1343,0,CUST0308
TXN005983,49139.66,Purchase,10,4,0,0,6,1122.47,10.0,252,1,CUST0051
TXN005984,6915.19,Purchase,7,5,0,0,2,12488.47,14.6,2452,0,CUST0442
TXN005985,1354.82,Payment,17,3,0,1,4,4518.0,1.7,72,0,CUST0446
TXN005986,5610.87,Withdrawal,17,4,1,0,15,713.95,150.1,30,1,CUST0247
TXN005987,3104.44,Payment,20,4,0,0,6,706.45,14.7,1046,0,CUST0088
TXN005988,878.69,Transfer,12,6,0,0,4,2245.99,12.5,2278,0,CUST0224
TXN005989,331.96,Payment,17,5,0,0,8,2961.47,7.7,3450,0,CUST0223
TXN005990,5095.37,Payment,17,3,0,0,2,1706.48,6.2,120,0,CUST0432
TXN005991,1088.2,Withdrawal,17,3,0,0,3,2249.75,16.0,3541,0,CUST0256
TXN005992,1764.76,Payment,15,6,0,0,2,8550.5,2.2,2077,0,CUST0157
TXN005993,993.83,Withdrawal,20,1,0,0,6,787.38,0.9,2176,0,CUST0180
TXN005994,5076.95,Payment,12,1,0,0,3,4023.01,2.6,984,0,CUST0226
TXN005995,1044.03,Purchase,20,2,0,0,1,4002.81,0.9,837,0,CUST0117
TXN005996,4344.24,Withdrawal,19,1,0,0,1,5384.96,8.1,1759,0,CUST0324
TXN005997,4287.41,Transfer,18,5,0,0,2,858.29,6.1,485,0,CUST0428
TXN005998,1938.76,Withdrawal,19,1,0,0,2,2566.89,2.1,2888,0,CUST0043
TXN005999,3424.33,Purchase,16,5,0,0,2,2176.83,0.1,1628,0,CUST0242
TXN006000,986.48,Payment,19,0,0,0,5,1138.12,6.2,1621,0,CUST0425
TXN006001,970.0,Payment,9,4,0,0,4,1541.16,1.4,619,0,CUST0284
TXN006002,1325.58,Transfer,8,6,0,0,4,1995.8,5.0,2337,0,CUST0405
TXN006003,11137.38,Transfer,16,4,0,0,3,1651.72,0.1,3508,0,CUST0002
TXN006004,1782.95,Transfer,11,3,0,0,7,3714.01,6.6,3015,0,CUST0367
TXN006005,4886.83,Transfer,12,5,0,0,6,652.23,13.0,57,0,CUST0310
TXN006006,2993.72,Purchase,7,2,0,0,2,754.96,1.6,1650,0,CUST0214
TXN006007,885.73,Withdrawal,17,4,0,0,1,4027.86,3.2,3100,0,CUST0144
TXN006008,1738.64,Purchase,12,6,0,0,2,753.51,0.3,1263,0,CUST0038
TXN006009,10259.18,Withdrawal,18,0,1,0,5,924.19,10.0,165,1,CUST0044
TXN006010,3378.94,Withdrawal,10,3,0,0,4,693.05,17.5,1067,0,CUST0262
TXN006011,2095.94,Payment,13,0,0,0,2,3804.45,0.8,2882,0,CUST0382
TXN006012,1908.46,Purchase,11,4,0,0,2,979.37,0.9,2494,0,CUST0337
TXN006013,7640.92,Payment,20,0,0,0,1,1802.1,4.5,537,0,CUST0273
TXN006014,782.83,Transfer,20,3,0,0,5,5413.7,5.2,927,0,CUST0180
TXN006015,995.84,Payment,22,4,0,0,1,3857.98,8.5,1922,0,CUST0091
TXN006016,9072.27,Withdrawal,21,4,0,0,4,528.25,7.5,490,0,CUST0134
TXN006017,19151.21,Transfer,22,5,1,1,8,2182.89,10.0,7,1,CUST0004
TXN006018,1688.11,Payment,9,1,0,0,0,2327.46,2.0,2744,0,CUST0324
TXN006019,4710.44,Transfer,15,4,0,0,1,2181.49,2.7,3131,0,CUST0215
TXN006020,1905.42,Transfer,12,0,0,0,0,2797.05,3.9,2510,0,CUST0470
TXN006021,104.1,Payment,13,2,0,0,2,744.83,1.3,3158,0,CUST0381
TXN006022,866.7,Payment,11,1,0,0,2,3400.1,1.5,2385,0,CUST0437
TXN006023,918.08,Transfer,11,3,0,0,2,5554.56,1.2,3646,0,CUST0307
TXN006024,2189.83,Payment,18,1,0,0,6,412.35,20.8,336,0,CUST0344
TXN006025,585.52,Payment,9,6,1,0,5,461.54,6.8,3050,0,CUST0325
TXN006026,1235.89,Purchase,15,0,0,0,1,1413.73,0.5,1348,0,CUST0164
TXN006027,1151.36,Payment,15,6,0,0,0,669.94,4.5,2963,0,CUST0387
TXN006028,6230.31,Transfer,11,0,0,0,2,3875.52,6.5,1443,0,CUST0312
TXN006029,1076.78,Payment,20,5,0,0,1,1505.55,22.6,2504,0,CUST0485
TXN006030,870.5,Payment,17,6,1,0,2,1091.2,8.5,2636,0,CUST0237
TXN006031,8305.21,Withdrawal,12,1,0,0,1,1889.34,1.3,3364,0,CUST0396
TXN006032,1190.61,Transfer,16,0,0,0,3,655.72,0.2,2151,0,CUST0407
TXN006033,2591.95,Payment,13,3,0,0,2,974.5,4.1,1903,0,CUST0059
TXN006034,693.13,Purchase,18,6,0,0,3,4726.42,0.7,512,0,CUST0120
TXN006035,1746.64,Transfer,13,0,0,0,3,2959.4,2.6,1160,0,CUST0445
TXN006036,1762.39,Transfer,23,6,0,0,4,1360.32,1.1,3444,0,CUST0400
TXN006037,1435.42,Withdrawal,8,6,0,0,0,257.21,19.5,2268,0,CUST0178
TXN006038,742.06,Transfer,19,2,1,0,5,1090.16,0.5,2094,0,CUST0292
TXN006039,723.29,Payment,15,5,0,0,3,1315.12,5.9,3556,0,CUST0200
TXN006040,1011.66,Transfer,19,5,0,0,2,655.63,0.0,814,0,CUST0322
TXN006041,4226.38,Withdrawal,16,3,0,0,2,400.31,0.5,2206,0,CUST0191
TXN006042,3312.68,Payment,11,3,0,0,3,1912.68,13.3,1795,0,CUST0093
TXN006043,4015.73,Withdrawal,16,2,0,0,4,10684.39,12.5,728,0,CUST0216
TXN006044,1524.79,Payment,7,0,0,0,5,1638.79,1.2,3082,0,CUST0442
TXN006045,5491.25,Transfer,9,4,0,0,1,1440.11,7.1,2347,0,CUST0377
TXN006046,2076.93,Payment,13,6,0,0,3,320.41,11.5,3568,0,CUST0436
TXN006047,6874.47,Payment,19,1,0,0,10,1216.27,0.3,1958,0,CUST0034
TXN006048,369.74,Purchase,9,5,0,0,3,770.31,3.9,1550,0,CUST0043
TXN006049,730.22,Payment,17,6,0,0,2,2613.85,0.9,1888,0,CUST0383
TXN006050,486.79,Transfer,19,2,0,0,3,1899.76,23.0,2527,0,CUST0100
TXN006051,589.48,Payment,18,4,0,0,4,570.27,6.1,225,0,CUST0124
TXN006052,2157.75,Payment,21,6,0,0,2,2488.95,6.2,172,0,CUST0007
TXN006053,857.53,Transfer,9,1,0,0,3,741.98,2.9,3375,0,CUST0334
TXN006054,921.97,Payment,13,1,0,0,3,2107.82,0.0,1214,0,CUST0407
TXN006055,4472.57,Payment,16,4,0,0,4,4192.03,8.8,2465,0,CUST0363
TXN006056,2320.3,Transfer,20,3,0,0,2,950.33,0.9,2106,0,CUST0374
TXN006057,5067.79,Withdrawal,22,4,0,0,2,3279.85,9.7,1038,0,CUST0316
TXN006058,1258.35,Purchase,19,4,0,0,2,24577.0,11.1,2925,0,CUST0326
TXN006059,2480.85,Transfer,19,6,0,0,1,903.76,8.8,333,0,CUST0193
TXN006060,926.72,Purchase,12,1,0,0,0,6078.73,0.1,735,0,CUST0101
TXN006061,4440.45,Transfer,11,4,0,0,2,621.08,1.9,921,0,CUST0108
TXN006062,4104.09,Transfer,11,5,0,0,0,1950.05,7.0,1730,0,CUST0146
TXN006063,977.95,Transfer,16,0,1,0,1,10005.71,2.3,1199,0,CUST0228
TXN006064,5725.29,Payment,17,5,0,0,2,1469.28,6.2,303,0,CUST0192
TXN006065,4645.24,Payment,19,5,0,0,1,1033.39,7.4,707,0,CUST0491
TXN006066,187.53,Transfer,8,3,0,0,2,556.14,8.8,778,0,CUST0378
TXN006067,2313.47,Payment,8,2,0,0,5,1286.27,1.1,2130,0,CUST0091
TXN006068,5338.45,Transfer,16,1,0,0,4,2132.82,1.2,2250,0,CUST0028
TXN006069,639.12,Purchase,12,6,0,0,2,2403.71,1.4,3583,0,CUST0079
TXN006070,1048.29,Payment,9,1,0,0,4,1993.9,5.0,1361,0,CUST0391
TXN006071,613.35,Withdrawal,8,0,0,0,1,1486.73,7.1,1447,0,CUST0129
TXN006072,69752.06,Transfer,11,0,1,0,15,508.98,68.2,286,1,CUST0418
TXN006073,1486.68,Withdrawal,21,3,0,0,6,964.53,3.7,1157,0,CUST0180
TXN006074,984.54,Payment,9,3,0,0,4,264.46,1.5,567,0,CUST0196
TXN006075,1310.61,Withdrawal,13,3,0,0,3,1331.8,7.7,303,0,CUST0416
TXN006076,2260.34,Withdrawal,10,0,0,0,4,560.52,13.5,2713,0,CUST0299
TXN006077,4106.57,Purchase,22,6,0,0,1,354.48,0.9,117,0,CUST0494
TXN006078,2147.92,Transfer,15,1,0,0,3,486.1,3.2,3313,0,CUST0020
TXN006079,1223.65,Withdrawal,12,2,0,0,0,2315.05,0.4,68,0,CUST0265
TXN006080,956.34,Transfer,15,0,0,0,0,870.08,1.3,1326,0,CUST0326
TXN006081,6379.53,Payment,13,5,0,0,3,12416.88,14.0,3259,0,CUST0442
TXN006082,409.45,Payment,11,3,0,0,4,3047.69,1.0,142,0,CUST0372
TXN006083,1911.66,Payment,22,3,0,0,1,785.91,1.6,1159,0,CUST0371
TXN006084,786.96,Withdrawal,6,1,0,0,3,1457.18,2.4,2620,0,CUST0169
TXN006085,2592.67,Payment,11,6,0,0,0,2471.8,6.1,2413,0,CUST0277
TXN006086,4327.81,Transfer,15,4,0,0,4,1917.88,25.8,2793,0,CUST0104
TXN006087,925.08,Purchase,11,6,1,0,2,3803.83,1.7,3100,0,CUST0464
TXN006088,1717.74,Withdrawal,21,4,0,0,4,5740.02,2.6,964,0,CUST0321
TXN006089,3013.3,Purchase,23,0,0,0,3,1014.25,1.8,3240,0,CUST0172
TXN006090,2830.13,Payment,19,3,0,0,4,3735.96,6.4,2323,0,CUST0164
TXN006091,2138.93,Transfer,18,2,0,0,2,5169.86,0.8,3555,0,CUST0360
TXN006092,362.25,Transfer,12,0,0,0,1,2587.45,0.1,3553,0,CUST0496
TXN006093,59079.98,Payment,19,4,1,0,7,1934.9,31.7,311,1,CUST0018
TXN006094,840.11,Transfer,13,4,0,1,4,188.99,8.6,708,0,CUST0300
TXN006095,5551.69,Purchase,13,6,0,0,1,1609.75,2.7,458,0,CUST0360
TXN006096,1532.9,Payment,20,0,0,0,2,1191.45,5.2,2542,0,CUST0265
TXN006097,494.67,Payment,10,3,0,0,1,9169.7,0.4,1104,0,CUST0239
TXN006098,2305.66,Purchase,17,5,0,0,4,898.31,15.3,649,0,CUST0469
TXN006099,1428.99,Purchase,21,3,0,0,0,5058.27,1.0,1609,0,CUST0265
TXN006100,6106.8,Transfer,22,6,0,0,2,2267.21,1.4,2158,0,CUST0375
TXN006101,2774.39,Payment,15,1,0,0,2,1491.23,1.3,604,0,CUST0076
TXN006102,260.67,Withdrawal,9,2,0,0,3,1049.47,9.8,455,0,CUST0124
TXN006103,988.33,Purchase,9,2,0,0,5,2679.29,2.3,1478,0,CUST0229
TXN006104,569.23,Purchase,9,5,0,0,2,5300.38,3.3,1123,0,CUST0344
TXN006105,24314.37,Payment,9,2,0,0,1,1515.58,3.1,43,0,CUST0453
TXN006106,839.61,Payment,11,1,0,0,3,3933.96,1.6,2886,0,CUST0186
TXN006107,29501.87,Withdrawal,11,2,0,0,1,1222.44,1.8,1831,0,CUST0077
TXN006108,980.21,Purchase,18,5,0,0,3,3583.88,0.2,236,0,CUST0419
TXN006109,12242.74,Payment,17,6,0,0,4,1912.69,17.9,3461,0,CUST0036
TXN006110,6221.78,Withdrawal,17,6,0,0,1,7941.1,3.4,2254,0,CUST0218
TXN006111,5537.2,Purchase,10,4,0,0,1,1207.37,0.3,498,0,CUST0318
TXN006112,403.24,Withdrawal,11,1,0,0,0,1286.46,1.3,1147,0,CUST0433
TXN006113,1692.34,Purchase,20,5,0,0,0,1304.04,3.3,1475,0,CUST0050
TXN006114,668.91,Purchase,13,2,0,0,3,1622.88,1.1,2854,0,CUST0351
TXN006115,14760.67,Purchase,11,3,0,0,3,2643.85,7.3,1595,0,CUST0364
TXN006116,1803.7,Payment,7,6,0,0,2,4545.96,0.1,192,0,CUST0380
TXN006117,915.53,Payment,18,6,0,0,1,2081.17,0.1,2706,0,CUST0309
TXN006118,532.25,Payment,11,3,0,0,5,4699.68,0.6,3178,0,CUST0405
TXN006119,9416.25,Withdrawal,5,2,1,1,10,1707.67,31.8,264,1,CUST0251
TXN006120,4423.33,Payment,12,1,0,0,3,1180.52,12.1,888,0,CUST0151
TXN006121,1723.65,Transfer,9,1,0,0,4,2838.75,5.1,2584,0,CUST0139
TXN006122,410.93,Payment,9,6,0,0,2,880.1,2.0,2795,0,CUST0376
TXN006123,2325.0,Payment,12,6,0,0,1,2783.75,3.0,919,0,CUST0040
TXN006124,1094.71,Transfer,14,3,0,0,6,1415.93,0.0,1178,0,CUST0007
TXN006125,209.82,Payment,12,5,0,0,1,3097.64,1.7,1270,0,CUST0128
TXN006126,26716.42,Purchase,18,2,0,0,3,716.6,3.9,2519,0,CUST0228
TXN006127,4325.64,Purchase,18,3,0,0,3,5148.82,1.4,638,0,CUST0180
TXN006128,3263.06,Transfer,6,2,0,0,2,3836.27,26.2,2434,0,CUST0176
TXN006129,15683.29,Transfer,9,5,1,1,3,1759.65,77.5,326,1,CUST0051
TXN006130,1503.96,Payment,11,3,0,0,1,995.66,3.3,2635,0,CUST0211
TXN006131,536.57,Withdrawal,12,2,0,0,0,470.76,23.0,2551,0,CUST0405
TXN006132,978.88,Withdrawal,1,1,0,0,4,3502.18,2.6,555,0,CUST0478
TXN006133,523.61,Payment,16,5,0,0,2,1467.56,0.8,900,0,CUST0376
TXN006134,3806.96,Transfer,10,3,0,0,4,1389.4,2.8,32,0,CUST0135
TXN006135,2929.8,Purchase,21,3,0,0,4,1725.99,3.7,1092,0,CUST0202
TXN006136,2104.13,Payment,12,0,0,0,3,413.91,3.5,134,0,CUST0021
TXN006137,5179.93,Transfer,14,0,0,0,1,2128.58,4.9,868,0,CUST0447
TXN006138,9578.0,Transfer,16,5,0,0,1,3002.09,8.2,2974,0,CUST0023
TXN006139,3832.94,Payment,12,6,0,0,4,1192.08,4.3,3098,0,CUST0433
TXN006140,7067.27,Transfer,11,5,0,0,3,2723.79,17.1,2494,0,CUST0475
TXN006141,2433.84,Transfer,11,0,0,0,2,6956.76,3.9,2219,0,CUST0015
TXN006142,50000.0,Payment,7,2,0,0,2,3863.79,12.9,1980,0,CUST0423
TXN006143,544.41,Payment,19,3,0,0,1,245.34,2.7,3041,0,CUST0185
TXN006144,687.66,Transfer,11,1,0,0,7,4489.66,2.2,1224,0,CUST0173
TXN006145,1961.13,Withdrawal,13,6,0,0,3,4264.62,0.1,2207,0,CUST0349
TXN006146,3031.54,Withdrawal,14,4,0,0,2,2660.73,3.6,2345,0,CUST0184
TXN006147,5239.29,Transfer,16,6,0,0,2,5625.15,4.8,1158,0,CUST0285
TXN006148,4243.59,Payment,15,6,0,0,4,500.52,0.2,922,0,CUST0016
TXN006149,3191.59,Payment,13,6,0,0,3,547.62,5.1,3405,0,CUST0350
TXN006150,5178.19,Payment,15,0,0,0,2,2088.02,2.5,86,0,CUST0391
TXN006151,539.07,Purchase,20,5,0,0,2,5299.89,0.7,1846,0,CUST0188
TXN006152,2530.77,Purchase,21,5,0,0,4,10272.72,2.3,1908,0,CUST0476
TXN006153,1569.08,Transfer,20,3,0,0,2,1065.93,1.2,3610,0,CUST0149
TXN006154,1564.75,Withdrawal,13,6,0,0,0,1234.62,2.4,204,0,CUST0414
TXN006155,11461.02,Purchase,17,4,0,0,2,2021.04,1.9,914,0,CUST0386
TXN006156,13496.75,Purchase,17,2,0,0,0,206.09,1.8,1766,0,CUST0142
TXN006157,1775.55,Payment,11,3,0,0,0,494.17,12.1,1967,0,CUST0036
TXN006158,1171.6,Withdrawal,18,3,0,0,6,2128.8,2.0,1081,0,CUST0242
TXN006159,1774.88,Transfer,15,5,1,0,1,2789.65,47.0,2210,0,CUST0324
TXN006160,7815.35,Transfer,18,6,1,0,9,1339.66,54.6,100,1,CUST0355
TXN006161,2020.07,Payment,18,6,0,0,1,3946.66,4.3,3212,0,CUST0421
TXN006162,1980.54,Transfer,17,3,0,0,3,2591.1,11.4,1098,0,CUST0308
TXN006163,2996.91,Withdrawal,16,1,0,0,1,1520.83,0.2,1990,0,CUST0235
TXN006164,844.07,Withdrawal,23,2,0,1,2,3193.72,9.4,3169,0,CUST0450
TXN006165,2083.32,Withdrawal,14,2,0,0,3,1519.15,4.7,1483,0,CUST0340
TXN006166,3122.17,Transfer,10,5,0,0,2,572.85,2.0,2705,0,CUST0006
TXN006167,589.26,Withdrawal,11,0,1,0,0,643.45,5.1,2818,0,CUST0480
TXN006168,2249.33,Withdrawal,16,6,0,0,5,677.52,0.7,1085,0,CUST0039
TXN006169,4411.09,Purchase,11,0,0,0,1,4818.51,7.2,144,0,CUST0402
TXN006170,5970.54,Purchase,13,5,0,1,5,853.21,0.0,2142,0,CUST0159
TXN006171,12610.0,Payment,19,0,0,0,2,2265.66,2.5,2500,0,CUST0446
TXN006172,1717.25,Withdrawal,9,6,0,0,4,274.2,6.9,2049,0,CUST0389
TXN006173,666.22,Transfer,19,5,0,0,2,4872.14,7.2,1217,0,CUST0436
TXN006174,689.69,Withdrawal,17,1,0,0,1,1356.32,1.0,771,0,CUST0461
TXN006175,2170.04,Payment,17,3,0,0,2,1506.89,1.9,1486,0,CUST0062
TXN006176,619.65,Transfer,16,0,0,0,2,1221.27,1.9,3639,0,CUST0065
TXN006177,1741.17,Purchase,9,4,0,0,3,7689.81,7.4,902,0,CUST0134
TXN006178,3077.91,Payment,18,4,0,0,5,1028.26,16.7,56,0,CUST0181
TXN006179,1953.48,Purchase,19,0,0,0,1,1466.98,12.1,3277,0,CUST0423
TXN006180,1265.63,Payment,11,6,0,0,3,464.2,1.4,582,0,CUST0226
TXN006181,880.08,Payment,10,1,0,0,1,4875.61,1.0,1385,0,CUST0208
TXN006182,19998.56,Purchase,18,6,0,0,3,3855.4,3.2,3399,0,CUST0218
TXN006183,659.9,Payment,12,6,0,0,2,1522.39,7.4,2202,0,CUST0013
TXN006184,7584.28,Transfer,19,2,0,0,6,2491.08,0.7,783,0,CUST0324
TXN006185,1926.86,Transfer,11,0,0,0,0,1153.28,3.2,3551,0,CUST0164
TXN006186,11484.42,Transfer,3,3,1,1,10,545.06,34.8,150,1,CUST0266
TXN006187,456.1,Payment,11,4,0,0,5,4493.51,1.4,3413,0,CUST0010
TXN006188,1867.58,Withdrawal,10,0,0,0,4,5006.77,0.7,357,0,CUST0174
TXN006189,8316.99,Transfer,1,0,1,1,6,1176.08,73.2,227,1,CUST0027
TXN006190,1141.04,Payment,10,4,0,0,2,818.09,4.7,1018,0,CUST0052
TXN006191,593.45,Withdrawal,13,5,0,0,3,1312.2,6.1,3307,0,CUST0271
TXN006192,3199.06,Transfer,21,5,0,0,3,1853.81,0.7,413,0,CUST0291
TXN006193,6940.63,Transfer,9,6,0,0,3,2068.68,4.1,1511,0,CUST0090
TXN006194,778.65,Withdrawal,15,4,0,0,2,2109.21,5.9,1623,0,CUST0354
TXN006195,121.1,Payment,17,4,0,0,3,894.33,2.5,759,0,CUST0219
TXN006196,637.76,Transfer,18,4,0,0,3,1309.02,3.0,1991,0,CUST0196
TXN006197,1983.02,Payment,11,5,0,0,2,3045.05,5.0,2993,0,CUST0367
TXN006198,4067.56,Purchase,11,4,0,0,2,4309.15,0.4,1613,0,CUST0140
TXN006199,249.88,Payment,7,3,0,0,2,995.36,1.6,1703,0,CUST0234
TXN006200,718.85,Withdrawal,11,1,0,0,2,1055.16,4.2,1540,0,CUST0297
TXN006201,2554.0,Withdrawal,12,4,1,0,7,1075.32,1.7,3176,0,CUST0377
TXN006202,664.92,Transfer,19,6,0,0,2,4660.15,1.3,368,0,CUST0151
TXN006203,405.84,Transfer,11,4,0,0,1,995.2,4.9,2188,0,CUST0042
TXN006204,2651.61,Payment,13,5,0,0,4,1750.34,3.5,3635,0,CUST0222
TXN006205,16839.77,Transfer,12,5,0,0,7,1683.34,1.0,122,0,CUST0440
TXN006206,936.25,Purchase,14,2,0,0,4,1950.07,8.3,1021,0,CUST0225
TXN006207,980.66,Transfer,17,4,0,0,1,1270.12,11.9,189,0,CUST0464
TXN006208,1335.57,Withdrawal,15,1,0,0,1,3414.49,6.3,2067,0,CUST0362
TXN006209,655.4,Withdrawal,10,5,0,0,2,799.69,2.7,2653,0,CUST0412
TXN006210,2420.1,Withdrawal,9,6,0,0,4,6051.75,16.4,1773,0,CUST0068
TXN006211,2520.17,Transfer,19,6,0,0,2,1845.04,6.5,947,0,CUST0471
TXN006212,1824.0,Payment,10,3,0,0,2,2191.41,10.0,3145,0,CUST0247
TXN006213,2797.72,Payment,0,2,0,0,1,2207.85,0.7,2170,0,CUST0198
TXN006214,3345.49,Transfer,8,2,0,0,4,5877.18,8.0,1538,0,CUST0017
TXN006215,3862.11,Payment,21,3,0,0,3,3240.17,0.1,3437,0,CUST0310
TXN006216,1078.31,Purchase,18,0,0,0,4,599.74,10.8,2585,0,CUST0225
TXN006217,5550.75,Transfer,9,4,0,0,3,4961.26,1.2,1103,0,CUST0327
TXN006218,1793.68,Payment,13,5,0,0,2,1844.2,5.4,437,0,CUST0101
TXN006219,2377.75,Purchase,20,2,0,0,4,1407.26,6.1,1322,0,CUST0477
TXN006220,1695.64,Payment,13,3,1,0,1,1039.0,1.4,2942,0,CUST0451
TXN006221,2317.69,Transfer,14,1,0,0,2,2612.57,10.7,766,0,CUST0147
TXN006222,2239.05,Transfer,12,2,0,1,3,1622.23,14.0,3475,0,CUST0120
TXN006223,6948.12,Payment,11,3,0,0,2,4281.28,8.2,3429,0,CUST0047
TXN006224,150.29,Purchase,22,6,0,0,5,307.92,1.7,2241,0,CUST0030
TXN006225,2521.78,Payment,20,6,0,0,1,1648.62,0.7,1020,0,CUST0105
TXN006226,2342.02,Payment,19,4,0,0,2,4009.77,1.8,2668,0,CUST0166
TXN006227,2020.14,Transfer,21,2,0,0,4,878.56,4.8,2371,0,CUST0307
TXN006228,10017.01,Withdrawal,21,1,0,0,6,3252.64,7.4,584,0,CUST0288
TXN006229,573.49,Payment,14,4,0,0,5,774.9,12.3,1288,0,CUST0453
TXN006230,1457.29,Transfer,13,4,0,0,4,4343.22,9.2,1109,0,CUST0338
TXN006231,1924.33,Payment,18,5,0,0,1,2183.84,0.1,1011,0,CUST0112
TXN006232,1149.76,Payment,18,5,0,0,5,2488.12,3.7,1165,0,CUST0178
TXN006233,751.46,Transfer,14,1,0,0,1,1580.39,3.2,926,0,CUST0021
TXN006234,7436.16,Transfer,11,3,0,0,4,2020.62,4.9,217,0,CUST0274
TXN006235,3614.88,Purchase,14,2,1,0,1,3339.92,0.4,93,0,CUST0051
TXN006236,2117.01,Transfer,10,5,1,0,1,681.03,1.3,2342,0,CUST0321
TXN006237,2198.39,Payment,10,1,0,0,4,762.59,13.5,2805,0,CUST0141
TXN006238,1042.13,Purchase,18,4,0,0,4,3388.94,20.3,1575,0,CUST0252
TXN006239,3867.7,Transfer,8,6,0,0,3,16378.62,10.2,3035,0,CUST0488
TXN006240,4249.37,Payment,9,2,0,0,2,435.96,10.5,1568,0,CUST0204
TXN006241,760.39,Purchase,9,2,0,0,1,7494.09,5.6,2698,0,CUST0489
TXN006242,1033.63,Payment,9,4,0,0,3,1894.52,3.1,3024,0,CUST0090
TXN006243,2236.85,Payment,20,4,0,0,3,468.15,0.3,3558,0,CUST0164
TXN006244,2909.55,Transfer,16,5,0,0,2,1386.19,0.8,2121,0,CUST0062
TXN006245,5549.7,Withdrawal,14,4,0,0,6,6050.55,0.2,1710,0,CUST0340
TXN006246,10118.85,Purchase,8,3,0,0,3,4500.37,3.7,737,0,CUST0463
TXN006247,3848.32,Payment,18,5,0,0,3,2079.01,1.0,2011,0,CUST0253
TXN006248,903.43,Transfer,9,1,0,0,3,2061.6,5.0,2878,0,CUST0368
TXN006249,2636.65,Payment,10,0,0,0,3,2407.5,5.1,3202,0,CUST0314
TXN006250,14594.13,Payment,18,1,0,0,0,1464.37,1.7,316,0,CUST0058
TXN006251,5826.66,Purchase,15,0,0,0,6,1532.65,1.9,316,0,CUST0001
TXN006252,8562.94,Withdrawal,13,1,0,0,0,1169.33,4.1,583,0,CUST0238
TXN006253,4159.62,Payment,18,5,0,0,2,827.4,11.3,2797,0,CUST0461
TXN006254,569.85,Withdrawal,15,5,1,0,2,1148.52,3.3,3410,0,CUST0473
TXN006255,467.38,Payment,19,6,0,0,3,2531.44,11.9,1765,0,CUST0395
TXN006256,226.37,Payment,8,4,0,0,1,2878.6,0.2,2581,0,CUST0433
TXN006257,2149.91,Withdrawal,16,1,0,0,3,1538.5,1.1,3086,0,CUST0411
TXN006258,3269.95,Purchase,17,5,1,0,0,380.53,14.6,2336,0,CUST0370
TXN006259,402.16,Transfer,10,2,0,0,4,554.47,1.2,1491,0,CUST0209
TXN006260,1014.82,Purchase,8,0,0,0,1,747.81,0.6,1727,0,CUST0086
TXN006261,8130.84,Transfer,12,3,0,0,1,2878.23,15.5,2050,0,CUST0184
TXN006262,1488.81,Payment,11,5,0,0,3,2207.25,4.0,2668,0,CUST0157
TXN006263,5100.95,Payment,8,1,0,0,4,1591.15,4.1,3445,0,CUST0246
TXN006264,2408.97,Transfer,23,3,0,0,4,647.48,5.2,2041,0,CUST0239
TXN006265,4363.63,Purchase,19,4,0,0,3,296.61,0.5,134,0,CUST0486
TXN006266,1772.46,Payment,19,3,0,0,2,3530.05,0.7,1510,0,CUST0460
TXN006267,5000.0,Transfer,14,4,1,1,5,1106.38,95.4,240,1,CUST0423
TXN006268,2580.18,Withdrawal,19,0,0,0,0,926.44,4.3,1698,0,CUST0189
TXN006269,4327.84,Withdrawal,19,2,0,0,1,7418.25,13.9,1220,0,CUST0428
TXN006270,714.64,Withdrawal,16,1,0,0,1,896.63,1.8,1717,0,CUST0236
TXN006271,1508.02,Transfer,10,2,0,0,3,2121.08,3.6,1377,0,CUST0489
TXN006272,4190.79,Payment,18,5,0,0,5,985.57,1.2,1029,0,CUST0245
TXN006273,4153.13,Payment,9,3,1,0,2,5566.63,9.2,1417,0,CUST0202
TXN006274,1707.96,Withdrawal,11,6,0,0,2,320.38,5.3,2245,0,CUST0109
TXN006275,867.19,Payment,12,0,0,0,0,1680.41,5.3,135,0,CUST0416
TXN006276,2831.28,Payment,9,2,0,0,3,5487.34,0.5,2515,0,CUST0140
TXN006277,4284.48,Payment,14,3,0,0,3,5744.99,15.2,2017,0,CUST0450
TXN006278,7284.14,Withdrawal,11,5,1,0,5,425.34,0.6,131,0,CUST0048
TXN006279,662.45,Payment,10,1,0,0,1,1260.15,3.2,653,0,CUST0450
TXN006280,667.93,Transfer,8,5,0,0,3,1635.37,3.6,2657,0,CUST0128
TXN006281,1315.22,Purchase,19,0,0,0,1,575.13,3.8,3188,0,CUST0115
TXN006282,1341.01,Withdrawal,1,4,0,0,3,1183.53,5.3,2677,0,CUST0019
TXN006283,1783.8,Transfer,14,4,0,0,2,456.13,0.5,2408,0,CUST0488
TXN006284,12229.5,Payment,18,5,0,0,4,1342.95,3.0,2051,0,CUST0182
TXN006285,986.26,Transfer,11,3,0,0,2,3138.59,5.0,2344,0,CUST0499
TXN006286,9460.17,Withdrawal,1,5,0,0,12,1034.58,132.0,240,1,CUST0036
TXN006287,2486.23,Transfer,10,6,0,1,1,2952.81,6.5,2789,0,CUST0238
TXN006288,2521.88,Transfer,15,5,0,0,0,2162.89,9.8,3541,0,CUST0070
TXN006289,9790.71,Purchase,6,2,0,0,2,2062.75,0.4,2793,0,CUST0271
TXN006290,918.05,Transfer,11,4,0,0,4,1944.5,5.5,3277,0,CUST0262
TXN006291,1196.32,Payment,19,2,0,0,3,2495.12,0.0,713,0,CUST0171
TXN006292,3805.46,Payment,16,0,0,1,3,653.69,3.0,64,0,CUST0386
TXN006293,518.11,Withdrawal,9,0,0,0,1,1421.54,14.1,1182,0,CUST0230
TXN006294,1280.51,Payment,14,3,0,0,2,2404.77,11.9,2877,0,CUST0057
TXN006295,2265.98,Transfer,12,6,0,0,2,1486.27,2.0,2116,0,CUST0040
TXN006296,2488.72,Transfer,10,1,0,0,1,1120.26,12.4,3489,0,CUST0077
TXN006297,794.88,Transfer,17,1,0,0,4,1923.94,3.7,2009,0,CUST0214
TXN006298,3428.59,Payment,14,3,0,0,3,892.07,2.6,1989,0,CUST0397
TXN006299,2911.52,Transfer,16,1,0,0,1,1091.45,4.5,1451,0,CUST0358
TXN006300,929.18,Purchase,14,0,0,0,2,6037.81,11.1,1357,0,CUST0444
TXN006301,1969.46,Payment,19,1,0,0,3,795.1,0.3,2535,0,CUST0334
TXN006302,2385.96,Transfer,12,6,0,0,3,4572.7,4.2,2029,0,CUST0126
TXN006303,6346.64,Withdrawal,0,6,1,0,4,2756.33,40.8,224,1,CUST0440
TXN006304,6308.28,Withdrawal,10,5,0,0,4,10762.26,4.5,613,0,CUST0298
TXN006305,815.69,Purchase,19,0,0,0,3,4238.3,4.4,1923,0,CUST0252
TXN006306,360.84,Purchase,13,6,0,0,4,6389.8,10.8,3033,0,CUST0310
TXN006307,9088.62,Withdrawal,14,6,0,0,2,5176.81,0.8,666,0,CUST0398
TXN006308,573.18,Transfer,15,2,0,0,1,4682.11,3.8,1618,0,CUST0465
TXN006309,2812.03,Payment,19,6,0,0,3,6566.82,1.8,1926,0,CUST0302
TXN006310,3092.25,Transfer,10,5,0,0,2,600.48,3.7,2666,0,CUST0468
TXN006311,4985.9,Purchase,16,1,0,0,5,5489.27,5.5,2320,0,CUST0003
TXN006312,2418.49,Payment,8,6,0,0,1,5952.95,1.1,3353,0,CUST0106
TXN006313,12242.16,Transfer,22,5,0,0,4,2931.38,320.3,333,1,CUST0057
TXN006314,1093.49,Payment,10,5,0,0,5,2005.7,8.1,397,0,CUST0027
TXN006315,167.5,Purchase,19,6,0,0,1,9136.52,3.1,1429,0,CUST0197
TXN006316,2962.1,Payment,13,6,0,0,2,1310.86,5.3,1801,0,CUST0181
TXN006317,1354.88,Transfer,19,5,0,0,1,2059.7,0.6,1038,0,CUST0123
TXN006318,738.73,Withdrawal,13,6,0,0,5,2939.94,12.7,1496,0,CUST0027
TXN006319,5246.81,Transfer,8,6,0,0,3,2856.12,0.2,3126,0,CUST0165
TXN006320,5000.0,Transfer,3,3,0,0,9,455.77,68.5,173,1,CUST0120
TXN006321,442.52,Transfer,16,2,1,0,6,1173.01,4.6,1723,0,CUST0089
TXN006322,1227.05,Payment,8,2,0,0,3,2372.07,10.5,2865,0,CUST0390
TXN006323,4439.78,Transfer,0,1,0,0,1,1290.96,0.9,3043,0,CUST0322
TXN006324,889.1,Transfer,18,4,0,0,3,2301.79,2.2,258,0,CUST0485
TXN006325,741.6,Transfer,18,6,0,0,2,1286.08,6.5,640,0,CUST0168
TXN006326,2365.75,Purchase,6,5,0,0,3,2133.21,1.8,1830,0,CUST0335
TXN006327,29312.6,Payment,23,0,1,1,4,1060.2,28.9,223,1,CUST0330
TXN006328,1123.2,Transfer,19,6,0,0,0,1256.0,5.7,2028,0,CUST0214
TXN006329,3372.49,Transfer,17,6,0,0,2,1055.86,2.0,3020,0,CUST0458
TXN006330,3072.88,Purchase,20,0,0,0,1,915.93,3.8,2305,0,CUST0179
TXN006331,2634.4,Payment,12,1,0,0,1,2908.26,18.9,331,0,CUST0036
TXN006332,476.68,Purchase,19,2,0,0,2,2734.73,1.9,3118,0,CUST0286
TXN006333,718.8,Payment,13,4,0,0,4,1040.67,2.0,1195,0,CUST0214
TXN006334,733.59,Transfer,17,5,0,0,5,2140.54,17.7,480,0,CUST0258
TXN006335,281.65,Purchase,11,2,0,0,2,3203.68,0.7,3139,0,CUST0354
TXN006336,26027.4,Transfer,17,3,0,0,0,3049.1,4.8,2149,0,CUST0284
TXN006337,3889.67,Purchase,12,0,0,0,2,10522.73,5.0,1706,0,CUST0452
TXN006338,2593.48,Withdrawal,12,3,0,0,1,2378.0,2.4,169,0,CUST0060
TXN006339,2340.16,Purchase,8,0,0,0,1,1454.05,6.6,3333,0,CUST0435
TXN006340,2366.83,Withdrawal,19,1,0,0,0,424.29,10.1,1864,0,CUST0497
TXN006341,663.46,Withdrawal,11,6,0,0,3,829.39,5.0,3065,0,CUST0277
TXN006342,5117.55,Purchase,13,1,0,0,3,234.18,2.7,792,0,CUST0109
TXN006343,531.5,Payment,8,0,0,0,2,3538.88,8.2,3176,0,CUST0081
TXN006344,27499.2,Purchase,11,2,0,0,5,5042.76,3.8,3468,0,CUST0297
TXN006345,2608.7,Transfer,21,0,0,0,2,1553.15,4.6,1067,0,CUST0084
TXN006346,632.61,Payment,15,2,0,0,4,3764.19,7.4,951,0,CUST0316
TXN006347,1028.57,Withdrawal,16,0,0,0,3,3676.78,7.2,1495,0,CUST0182
TXN006348,1463.54,Transfer,8,0,0,0,1,3311.6,0.0,1884,0,CUST0172
TXN006349,1962.53,Withdrawal,12,2,0,0,4,1151.7,3.3,361,0,CUST0096
TXN006350,1707.76,Transfer,13,6,0,0,3,2248.77,16.6,3365,0,CUST0104
TXN006351,3561.28,Purchase,9,5,0,0,3,7636.44,7.2,1435,0,CUST0043
TXN006352,911.59,Withdrawal,14,1,0,1,1,1211.98,0.8,3293,0,CUST0073
TXN006353,631.09,Transfer,10,2,0,0,3,959.08,11.5,1950,0,CUST0433
TXN006354,970.05,Payment,17,4,0,0,2,1726.68,16.3,3386,0,CUST0259
TXN006355,1772.88,Transfer,16,6,0,0,3,2540.72,0.7,1703,0,CUST0481
TXN006356,335.82,Purchase,12,3,0,0,1,735.7,5.1,1143,0,CUST0238
TXN006357,3141.01,Transfer,14,3,0,0,0,1980.51,2.8,415,0,CUST0372
TXN006358,3321.75,Transfer,19,6,0,0,1,721.17,12.4,3278,0,CUST0300
TXN006359,1387.81,Transfer,12,3,0,0,2,2656.58,0.7,312,0,CUST0167
TXN006360,2237.9,Transfer,8,2,0,0,5,2723.08,0.4,1131,0,CUST0192
TXN006361,1061.94,Withdrawal,12,1,0,1,2,1423.62,3.2,238,0,CUST0116
TXN006362,268.27,Transfer,19,4,0,0,3,711.66,1.8,1948,0,CUST0228
TXN006363,14997.72,Transfer,5,1,1,1,9,1581.93,39.7,162,1,CUST0078
TXN006364,515.47,Transfer,21,0,0,0,5,776.04,4.6,3537,0,CUST0455
TXN006365,734.66,Withdrawal,9,3,0,0,3,654.29,7.2,1770,0,CUST0044
TXN006366,8994.24,Payment,11,5,0,0,2,2168.55,2.2,558,0,CUST0426
TXN006367,1572.71,Transfer,7,1,0,0,1,2618.08,20.9,1893,0,CUST0284
TXN006368,545.14,Purchase,9,3,1,0,3,1499.5,1.8,2908,0,CUST0079
TXN006369,325.99,Payment,9,3,0,0,3,1042.01,0.5,1180,0,CUST0440
TXN006370,1145.82,Payment,17,0,0,0,5,330.9,1.6,2115,0,CUST0306
TXN006371,531.44,Purchase,21,3,0,0,2,1683.15,3.6,2017,0,CUST0350
TXN006372,3008.8,Purchase,16,4,0,0,1,7739.41,6.0,3232,0,CUST0411
TXN006373,388.55,Transfer,17,2,0,0,4,1950.37,0.4,2125,0,CUST0259
TXN006374,678.63,Payment,14,4,0,1,1,1714.18,1.0,1773,0,CUST0330
TXN006375,2289.4,Transfer,14,6,0,0,1,2446.86,14.6,3443,0,CUST0230
TXN006376,3741.24,Transfer,14,5,0,0,3,558.28,0.1,1622,0,CUST0337
TXN006377,4424.49,Purchase,16,6,0,0,1,1274.27,3.1,2936,0,CUST0108
TXN006378,3739.82,Withdrawal,12,2,0,0,6,2163.67,3.1,3633,0,CUST0189
TXN006379,2380.35,Payment,10,4,0,0,0,751.93,0.4,2609,0,CUST0214
TXN006380,13253.76,Purchase,12,2,0,0,1,3637.09,12.8,3246,0,CUST0273
TXN006381,11545.98,Payment,8,4,0,0,4,7536.95,2.2,1653,0,CUST0441
TXN006382,3441.52,Payment,20,0,0,0,1,1203.62,0.9,1566,0,CUST0477
TXN006383,986.72,Purchase,20,1,0,0,0,419.0,2.4,2312,0,CUST0429
TXN006384,952.31,Payment,9,5,0,0,4,1408.54,0.9,624,0,CUST0036
TXN006385,15402.27,Transfer,16,1,0,0,4,3860.13,2.0,608,0,CUST0158
TXN006386,1475.89,Payment,16,4,0,0,1,842.45,8.5,1400,0,CUST0352
TXN006387,2866.36,Transfer,11,3,0,0,0,1343.18,2.7,2571,0,CUST0024
TXN006388,305.09,Withdrawal,11,4,0,0,0,1445.68,3.2,3065,0,CUST0258
TXN006389,1259.38,Payment,20,2,0,1,0,3633.98,6.1,3301,0,CUST0358
TXN006390,867.63,Withdrawal,14,3,0,0,1,6124.74,14.2,3538,0,CUST0176
TXN006391,1435.8,Payment,14,4,0,0,2,992.5,2.8,2162,0,CUST0135
TXN006392,2028.28,Transfer,13,6,0,0,1,888.68,4.0,1135,0,CUST0372
TXN006393,1534.19,Purchase,12,2,0,0,3,885.16,6.4,393,0,CUST0076
TXN006394,406.06,Withdrawal,6,3,0,0,3,613.26,11.4,3543,0,CUST0063
TXN006395,1919.66,Withdrawal,8,0,0,0,3,4927.61,0.6,3006,0,CUST0468
TXN006396,599.93,Purchase,6,3,0,0,3,338.34,3.5,539,0,CUST0310
TXN006397,4241.93,Purchase,15,1,0,0,1,1429.39,2.7,3064,0,CUST0196
TXN006398,2269.91,Payment,13,1,0,0,5,4486.77,4.4,2943,0,CUST0233
TXN006399,451.3,Payment,7,6,0,0,3,7101.93,2.7,1829,0,CUST0489
TXN006400,9220.33,Payment,19,0,0,0,3,3605.81,3.7,1025,0,CUST0490
TXN006401,739.71,Payment,15,0,0,0,1,1690.96,6.7,3314,0,CUST0053
TXN006402,4990.15,Payment,11,1,0,0,0,620.87,19.1,450,0,CUST0371
TXN006403,5334.68,Withdrawal,11,0,0,0,3,2945.33,2.8,424,0,CUST0322
TXN006404,2013.76,Transfer,14,3,0,0,0,2558.57,5.4,3015,0,CUST0422
TXN006405,10772.75,Transfer,7,6,0,0,4,2448.16,6.4,1841,0,CUST0158
TXN006406,15428.07,Transfer,18,0,0,0,3,875.34,0.4,2442,0,CUST0004
TXN006407,2049.9,Withdrawal,7,6,0,0,1,2612.86,0.6,1645,0,CUST0020
TXN006408,1534.05,Payment,18,3,0,0,3,442.88,1.1,3210,0,CUST0473
TXN006409,1147.34,Transfer,15,5,0,0,1,4444.02,6.9,661,0,CUST0058
TXN006410,4709.35,Payment,12,3,0,0,0,3281.86,8.2,2605,0,CUST0421
TXN006411,1148.93,Transfer,9,0,0,0,0,1125.22,12.5,1295,0,CUST0350
TXN006412,451.0,Withdrawal,14,6,0,0,3,2120.3,7.2,2903,0,CUST0099
TXN006413,264.34,Withdrawal,17,2,0,0,1,980.86,5.3,2634,0,CUST0330
TXN006414,2642.92,Purchase,1,2,0,0,6,646.09,9.4,2416,0,CUST0013
TXN006415,17625.23,Withdrawal,23,5,0,0,2,1017.26,3.4,3550,0,CUST0004
TXN006416,5575.01,Payment,13,4,0,0,1,1528.58,3.4,1190,0,CUST0278
TXN006417,5567.92,Payment,15,5,0,0,4,4538.42,4.6,3046,0,CUST0107
TXN006418,1373.27,Payment,18,6,0,0,3,1847.37,2.8,1693,0,CUST0331
TXN006419,5728.44,Withdrawal,12,5,1,1,6,893.15,92.8,159,1,CUST0293
TXN006420,2969.65,Payment,16,4,0,0,3,2502.62,9.5,2809,0,CUST0127
TXN006421,1985.3,Payment,15,0,0,0,2,967.42,6.6,2475,0,CUST0126
TXN006422,3235.78,Payment,13,2,0,0,2,5041.08,2.3,3272,0,CUST0142
TXN006423,176450.88,Withdrawal,3,1,1,1,9,346.54,121.0,56,1,CUST0490
TXN006424,944.47,Purchase,11,2,0,0,4,648.06,3.1,2424,0,CUST0138
TXN006425,3336.82,Transfer,9,0,0,0,2,1507.54,9.8,2819,0,CUST0408
TXN006426,1177.04,Transfer,13,4,0,0,7,7046.89,13.8,1798,0,CUST0031
TXN006427,1963.11,Transfer,15,4,0,0,1,2080.53,3.0,2977,0,CUST0378
TXN006428,1060.94,Payment,10,6,0,0,4,7713.11,3.2,1999,0,CUST0285
TXN006429,14401.17,Transfer,20,2,0,0,0,589.24,4.3,527,0,CUST0185
TXN006430,2078.7,Purchase,16,1,0,0,4,1056.36,0.8,822,0,CUST0467
TXN006431,621.77,Payment,22,5,1,0,3,6268.63,10.2,70,0,CUST0367
TXN006432,867.25,Payment,16,5,1,0,3,6291.63,0.2,3187,0,CUST0486
TXN006433,469.66,Transfer,9,1,0,0,2,9092.83,1.2,2936,0,CUST0443
TXN006434,2723.74,Transfer,20,3,0,0,6,2595.91,4.8,1007,0,CUST0130
TXN006435,3551.54,Payment,10,1,0,0,2,2649.81,5.4,3076,0,CUST0025
TXN006436,1453.88,Payment,13,0,0,0,1,8663.07,12.7,1278,0,CUST0150
TXN006437,5000.0,Payment,4,5,1,1,4,939.6,47.3,219,1,CUST0255
TXN006438,7167.66,Payment,12,5,0,0,4,1198.77,1.8,3280,0,CUST0385
TXN006439,3263.82,Transfer,16,3,0,0,4,1798.6,0.3,3025,0,CUST0008
TXN006440,4130.06,Payment,6,0,0,0,4,3170.54,1.8,522,0,CUST0372
TXN006441,1947.9,Transfer,11,5,1,0,1,713.16,6.6,802,0,CUST0425
TXN006442,2289.81,Withdrawal,15,5,0,0,0,2781.41,1.0,3530,0,CUST0231
TXN006443,4401.19,Transfer,17,0,0,0,2,2155.12,2.3,1790,0,CUST0322
TXN006444,3384.21,Payment,11,2,0,0,4,2598.8,7.0,531,0,CUST0228
TXN006445,1043.03,Payment,15,1,0,0,2,1772.59,4.3,405,0,CUST0393
TXN006446,466.96,Purchase,10,4,0,0,3,1463.61,3.1,37,0,CUST0437
TXN006447,2754.45,Payment,13,5,0,0,3,1807.24,1.1,74,0,CUST0028
TXN006448,916.49,Withdrawal,16,5,0,0,1,7085.06,2.8,3580,0,CUST0391
TXN006449,2117.63,Withdrawal,10,4,0,0,1,420.7,9.5,1188,0,CUST0447
TXN006450,4425.06,Payment,17,4,0,0,7,7530.67,5.5,3604,0,CUST0206
TXN006451,13165.83,Purchase,7,6,0,0,0,1853.68,12.1,1685,0,CUST0366
TXN006452,2141.71,Purchase,15,0,0,0,2,7679.91,5.3,392,0,CUST0466
TXN006453,1777.55,Withdrawal,18,6,0,0,2,6745.96,1.1,460,0,CUST0488
TXN006454,7979.59,Transfer,16,3,0,0,1,4790.01,5.7,981,0,CUST0361
TXN006455,1187.94,Purchase,9,4,0,0,5,2920.9,5.0,678,0,CUST0032
TXN006456,285.27,Payment,13,5,0,0,2,2103.65,3.3,3285,0,CUST0257
TXN006457,8076.47,Payment,9,2,0,0,2,1217.7,8.0,2272,0,CUST0407
TXN006458,5115.66,Purchase,9,2,0,0,3,2701.46,12.1,959,0,CUST0488
TXN006459,1193.8,Transfer,14,1,0,1,2,3142.07,1.0,3157,0,CUST0011
TXN006460,459.42,Transfer,9,6,0,0,1,1529.13,3.2,86,0,CUST0224
TXN006461,723.2,Payment,16,5,0,0,3,3742.83,4.0,3009,0,CUST0311
TXN006462,8725.34,Payment,19,0,0,0,4,4023.24,7.7,1920,0,CUST0242
TXN006463,783.78,Withdrawal,9,2,0,0,3,5677.66,0.4,2944,0,CUST0024
TXN006464,1039.84,Transfer,17,5,0,0,3,1617.63,0.2,3156,0,CUST0057
TXN006465,4740.41,Payment,14,3,0,0,2,2171.98,2.8,2146,0,CUST0069
TXN006466,5000.0,Withdrawal,10,4,1,0,4,563.3,71.9,243,1,CUST0099
TXN006467,431.07,Payment,17,0,0,0,2,2131.4,1.9,2482,0,CUST0062
TXN006468,3091.51,Transfer,16,4,0,0,4,3408.81,16.2,98,0,CUST0341
TXN006469,918.81,Purchase,11,5,0,0,0,12012.5,6.2,1272,0,CUST0212
TXN006470,3208.14,Purchase,12,1,0,0,1,2612.45,5.0,137,0,CUST0094
TXN006471,4428.41,Payment,20,4,0,0,4,1087.29,0.6,1966,0,CUST0342
TXN006472,3486.15,Withdrawal,14,4,0,0,0,1534.78,0.2,1335,0,CUST0074
TXN006473,393.24,Transfer,18,1,0,0,4,1180.83,5.4,3369,0,CUST0454
TXN006474,1252.59,Purchase,17,5,0,0,3,1800.11,1.9,3626,0,CUST0205
TXN006475,1970.7,Purchase,8,2,0,0,4,564.94,5.4,2200,0,CUST0058
TXN006476,139832.36,Transfer,5,3,1,1,5,1247.91,48.3,81,1,CUST0356
TXN006477,2264.86,Withdrawal,15,1,0,0,1,3074.11,1.0,2646,0,CUST0396
TXN006478,826.87,Withdrawal,17,5,0,0,7,464.39,1.3,2657,0,CUST0199
TXN006479,1091.93,Payment,16,4,0,0,1,2895.76,1.5,473,0,CUST0211
TXN006480,2533.82,Payment,10,0,0,0,3,611.93,4.7,1654,0,CUST0109
TXN006481,2794.89,Purchase,9,4,0,0,0,586.78,11.5,1710,0,CUST0492
TXN006482,876.56,Payment,20,6,0,0,4,1174.8,4.9,335,0,CUST0214
TXN006483,5000.0,Transfer,23,0,1,1,8,329.17,45.1,61,1,CUST0261
TXN006484,895.24,Transfer,8,2,0,0,4,1133.46,1.4,2141,0,CUST0450
TXN006485,4681.85,Purchase,19,6,0,0,1,798.8,0.6,3003,0,CUST0203
TXN006486,9215.26,Withdrawal,15,4,0,0,2,1137.5,2.2,3413,0,CUST0236
TXN006487,587.64,Payment,10,4,0,0,3,1007.65,0.9,2887,0,CUST0005
TXN006488,851.33,Transfer,14,4,0,0,1,1898.93,7.2,1905,0,CUST0300
TXN006489,390.45,Payment,16,2,0,0,5,2439.64,3.7,2996,0,CUST0133
TXN006490,790.3,Transfer,11,1,0,0,1,2233.41,0.1,535,0,CUST0200
TXN006491,4335.17,Transfer,11,5,0,0,5,1165.99,2.4,1090,0,CUST0323
TXN006492,7108.84,Purchase,9,3,0,0,4,5501.89,7.3,311,0,CUST0333
TXN006493,3676.07,Transfer,13,2,0,0,2,1283.01,9.3,363,0,CUST0147
TXN006494,6343.25,Transfer,17,0,0,1,4,4992.09,0.9,2167,0,CUST0002
TXN006495,2599.61,Payment,21,3,0,0,1,754.86,0.9,1056,0,CUST0258
TXN006496,1109.34,Payment,13,6,0,0,2,893.62,4.8,2477,0,CUST0366
TXN006497,941.41,Withdrawal,11,1,0,0,4,851.69,5.0,1307,0,CUST0034
TXN006498,3193.85,Transfer,14,4,0,0,2,941.33,0.8,3569,0,CUST0100
TXN006499,3933.98,Purchase,12,2,0,0,2,1297.48,2.5,141,0,CUST0079
TXN006500,2957.26,Purchase,21,5,0,0,2,2193.43,5.0,2292,0,CUST0379
TXN006501,1276.46,Withdrawal,9,5,0,0,5,1267.12,3.7,1074,0,CUST0261
TXN006502,1152.57,Withdrawal,16,5,0,0,2,1662.44,5.9,1981,0,CUST0062
TXN006503,1811.62,Transfer,10,3,0,0,0,5112.44,3.4,1556,0,CUST0353
TXN006504,6513.58,Transfer,18,4,0,0,1,3342.55,16.7,1892,0,CUST0138
TXN006505,1844.79,Payment,21,0,0,0,2,7247.0,7.4,2491,0,CUST0092
TXN006506,2366.53,Payment,18,5,0,0,3,2292.38,20.2,1360,0,CUST0386
TXN006507,6053.34,Transfer,20,4,0,0,0,2585.11,0.5,2800,0,CUST0050
TXN006508,3243.19,Payment,9,6,0,0,1,3188.77,5.5,309,0,CUST0358
TXN006509,4060.71,Purchase,9,4,0,0,1,5300.02,4.3,626,0,CUST0204
TXN006510,7513.79,Withdrawal,19,4,0,0,0,9929.22,1.7,3337,0,CUST0371
TXN006511,1437.43,Payment,10,0,0,0,2,2134.27,8.3,699,0,CUST0112
TXN006512,171.66,Purchase,15,1,0,0,6,1456.37,1.2,629,0,CUST0254
TXN006513,255.94,Purchase,19,1,0,0,5,997.04,6.0,1968,0,CUST0390
TXN006514,8674.84,Payment,8,5,0,1,1,5155.6,5.3,2280,0,CUST0032
TXN006515,1354.71,Payment,18,4,0,0,2,1781.67,0.0,3236,0,CUST0260
TXN006516,3830.97,Withdrawal,23,4,0,0,0,3956.18,2.1,1195,0,CUST0202
TXN006517,2782.27,Transfer,18,0,0,0,2,1392.94,7.5,549,0,CUST0151
TXN006518,3951.86,Purchase,9,2,0,0,3,3797.16,3.7,1453,0,CUST0244
TXN006519,3368.45,Purchase,14,0,0,0,8,666.61,1.8,1927,0,CUST0261
TXN006520,5533.36,Payment,14,5,0,0,0,528.16,3.7,3498,0,CUST0266
TXN006521,1489.47,Transfer,10,3,0,0,2,234.51,0.8,3261,0,CUST0398
TXN006522,5719.67,Transfer,15,2,0,0,5,645.39,1.3,1261,0,CUST0197
TXN006523,4593.67,Payment,10,6,0,0,2,4332.56,2.8,2307,0,CUST0197
TXN006524,1681.05,Transfer,10,2,0,0,4,315.04,4.0,1010,0,CUST0425
TXN006525,974.42,Payment,11,4,0,0,2,1091.0,0.7,1334,0,CUST0442
TXN006526,2602.27,Transfer,9,4,0,0,3,1857.97,6.4,2105,0,CUST0484
TXN006527,2327.54,Withdrawal,12,6,0,0,2,3263.78,3.6,3219,0,CUST0054
TXN006528,3817.86,Payment,11,3,0,0,5,3821.62,7.4,2185,0,CUST0046
TXN006529,1109.97,Transfer,8,5,0,0,2,2804.25,5.0,2083,0,CUST0074
TXN006530,1186.36,Transfer,0,2,0,0,5,673.15,4.9,2186,0,CUST0309
TXN006531,6487.79,Withdrawal,16,5,0,0,0,1849.77,1.5,1383,0,CUST0418
TXN006532,909.85,Withdrawal,10,6,0,0,0,3896.84,4.7,1771,0,CUST0462
TXN006533,589.9,Withdrawal,9,2,0,0,2,11496.44,0.0,407,0,CUST0496
TXN006534,461.36,Payment,13,0,0,0,5,1689.98,2.2,1415,0,CUST0035
TXN006535,828.94,Purchase,10,4,0,0,0,655.38,1.1,1598,0,CUST0488
TXN006536,851.98,Transfer,17,4,0,0,6,2199.42,0.3,3011,0,CUST0088
TXN006537,3243.52,Payment,14,0,0,0,1,6038.69,4.3,532,0,CUST0220
TXN006538,6792.93,Transfer,11,2,1,1,9,1817.93,40.8,149,1,CUST0382
TXN006539,473.2,Purchase,17,6,0,0,1,1211.89,6.0,864,0,CUST0412
TXN006540,6418.32,Withdrawal,19,0,0,0,3,3392.37,3.0,3236,0,CUST0404
TXN006541,820.56,Purchase,14,3,0,0,2,438.54,1.0,638,0,CUST0197
TXN006542,2585.79,Payment,16,4,0,0,7,837.08,0.1,1928,0,CUST0056
TXN006543,3754.7,Payment,16,2,0,0,3,592.82,0.7,2521,0,CUST0312
TXN006544,2737.42,Purchase,22,2,0,0,2,583.06,3.5,1230,0,CUST0069
TXN006545,1516.43,Transfer,11,1,0,0,2,1264.53,2.4,1379,0,CUST0163
TXN006546,7593.8,Transfer,11,2,0,0,1,4292.81,1.4,52,0,CUST0136
TXN006547,10763.57,Payment,10,0,0,0,3,2812.97,2.5,2171,0,CUST0222
TXN006548,312.47,Payment,13,6,0,0,3,13407.61,4.2,3026,0,CUST0229
TXN006549,1690.48,Payment,11,1,0,0,3,1937.82,0.9,3118,0,CUST0370
TXN006550,2424.93,Payment,10,4,0,0,3,5183.82,14.8,299,0,CUST0222
TXN006551,1049.03,Purchase,18,0,0,0,0,1918.66,1.0,2382,0,CUST0033
TXN006552,466.17,Transfer,11,0,0,0,3,2040.69,6.4,3524,0,CUST0414
TXN006553,1395.43,Transfer,13,5,0,0,4,2235.68,1.1,3621,0,CUST0161
TXN006554,4116.6,Transfer,18,1,0,0,1,2097.03,2.1,3537,0,CUST0491
TXN006555,2524.66,Withdrawal,18,1,0,0,0,622.99,0.5,3634,0,CUST0318
TXN006556,1757.74,Purchase,11,4,0,0,2,1121.97,1.1,939,0,CUST0444
TXN006557,17526.16,Payment,8,1,0,0,1,1869.39,10.3,3195,0,CUST0407
TXN006558,493.14,Transfer,11,2,0,0,3,1601.03,15.8,1620,0,CUST0347
TXN006559,2472.1,Withdrawal,10,1,0,0,2,2228.85,1.5,171,0,CUST0099
TXN006560,396.77,Purchase,12,5,0,0,1,2401.86,2.6,1232,0,CUST0312
TXN006561,10885.77,Purchase,12,5,0,0,2,1473.9,1.6,1578,0,CUST0427
TXN006562,3686.68,Payment,17,2,0,0,4,652.62,6.0,572,0,CUST0249
TXN006563,502.47,Payment,9,0,0,0,3,919.23,9.2,1362,0,CUST0395
TXN006564,1970.63,Withdrawal,17,0,0,0,2,1601.28,1.0,2266,0,CUST0020
TXN006565,2906.48,Transfer,9,3,0,0,2,2614.55,3.3,822,0,CUST0455
TXN006566,1326.7,Transfer,20,1,0,0,3,2700.79,3.3,1774,0,CUST0454
TXN006567,13162.03,Payment,3,3,1,0,5,1262.7,155.0,125,1,CUST0221
TXN006568,6328.65,Payment,19,2,0,0,0,1573.37,6.2,3486,0,CUST0445
TXN006569,1158.86,Purchase,15,5,0,0,5,1621.59,3.3,552,0,CUST0033
TXN006570,1560.87,Payment,10,0,0,0,3,479.8,41.5,2501,0,CUST0008
TXN006571,858.42,Transfer,20,6,0,0,3,568.13,0.3,2471,0,CUST0364
TXN006572,2206.27,Purchase,15,3,0,0,2,1145.08,15.7,2955,0,CUST0317
TXN006573,8956.17,Purchase,8,6,0,0,2,2240.77,1.4,1359,0,CUST0344
TXN006574,4416.88,Payment,20,3,0,0,6,2260.96,17.1,2732,0,CUST0406
TXN006575,2706.13,Payment,19,0,0,0,3,207.93,2.4,871,0,CUST0105
TXN006576,8275.1,Transfer,22,4,0,0,4,2632.8,1.2,2820,0,CUST0184
TXN006577,2617.73,Transfer,11,6,0,0,0,4626.71,0.8,994,0,CUST0115
TXN006578,6805.13,Purchase,16,6,0,0,5,2326.45,2.7,1043,0,CUST0342
TXN006579,604.7,Transfer,17,2,0,0,4,2677.69,5.5,3274,0,CUST0048
TXN006580,1048.18,Withdrawal,17,1,0,0,2,648.95,1.0,423,0,CUST0405
TXN006581,6024.43,Payment,10,5,0,0,3,3809.63,12.1,2432,0,CUST0021
TXN006582,273.14,Transfer,12,2,0,0,4,5311.41,2.5,481,0,CUST0061
TXN006583,462.15,Withdrawal,14,0,0,1,3,221.78,3.0,194,0,CUST0376
TXN006584,529.74,Withdrawal,12,6,1,0,4,3646.47,7.3,1474,0,CUST0182
TXN006585,2849.05,Transfer,0,4,0,0,3,956.0,0.1,1710,0,CUST0315
TXN006586,4404.51,Withdrawal,16,5,1,0,2,10114.13,7.4,1755,0,CUST0262
TXN006587,8741.84,Payment,17,0,0,0,2,1475.83,4.3,3268,0,CUST0025
TXN006588,3464.08,Payment,16,0,0,0,2,1323.58,3.6,2691,0,CUST0416
TXN006589,922.51,Withdrawal,14,6,0,0,1,949.45,8.1,1500,0,CUST0119
TXN006590,1783.2,Transfer,10,0,0,0,3,937.64,2.9,788,0,CUST0061
TXN006591,1795.32,Payment,12,1,0,0,2,800.2,3.8,198,0,CUST0419
TXN006592,1420.22,Withdrawal,15,3,0,0,2,1938.42,1.0,78,0,CUST0318
TXN006593,3113.15,Purchase,19,4,0,0,2,2027.8,5.7,1154,0,CUST0251
TXN006594,2665.94,Withdrawal,9,5,0,0,4,3827.08,1.1,3551,0,CUST0118
TXN006595,1987.29,Payment,17,0,0,0,3,1821.63,8.0,147,0,CUST0329
TXN006596,1868.32,Purchase,22,3,0,0,6,1838.91,0.1,2049,0,CUST0025
TXN006597,2444.38,Payment,18,6,0,0,5,189.52,3.4,87,0,CUST0231
TXN006598,314.65,Purchase,13,0,0,0,2,2795.28,1.1,1830,0,CUST0089
TXN006599,5000.0,Withdrawal,3,2,0,1,3,366.56,60.3,274,1,CUST0102
TXN006600,9465.48,Withdrawal,19,2,0,0,5,4466.79,0.3,2539,0,CUST0177
TXN006601,1649.61,Withdrawal,11,1,1,0,3,2192.1,4.4,2603,0,CUST0392
TXN006602,565.07,Transfer,17,0,0,0,4,798.22,1.6,3258,0,CUST0359
TXN006603,1860.77,Payment,12,4,0,0,6,7145.86,2.5,1481,0,CUST0171
TXN006604,263.05,Payment,11,6,0,0,3,668.16,3.8,2393,0,CUST0295
TXN006605,1728.67,Purchase,10,2,0,0,3,3084.92,7.9,1669,0,CUST0238
TXN006606,4349.54,Transfer,21,4,0,0,2,1613.17,3.1,3068,0,CUST0162
TXN006607,4968.33,Withdrawal,16,5,0,0,2,1108.79,10.0,264,0,CUST0285
TXN006608,3630.91,Purchase,18,2,0,0,2,3428.84,3.1,1868,0,CUST0299
TXN006609,1131.01,Payment,10,6,0,0,3,1007.74,4.7,2560,0,CUST0188
TXN006610,325.32,Purchase,14,3,0,0,0,4801.34,0.5,172,0,CUST0430
TXN006611,535.24,Payment,23,2,0,0,6,2200.8,9.7,3535,0,CUST0302
TXN006612,4303.52,Payment,21,5,1,0,4,5402.11,0.8,1161,0,CUST0322
TXN006613,5449.16,Transfer,12,4,0,0,2,504.89,7.5,2470,0,CUST0439
TXN006614,3565.1,Payment,16,3,1,0,4,917.87,3.3,1996,0,CUST0063
TXN006615,5835.52,Payment,11,5,0,0,1,1890.61,0.6,1587,0,CUST0212
TXN006616,5672.37,Purchase,10,5,0,1,3,3607.07,0.4,318,0,CUST0215
TXN006617,147.09,Withdrawal,10,3,0,0,2,1532.63,3.4,2651,0,CUST0287
TXN006618,3852.54,Withdrawal,18,1,0,0,3,3993.89,24.3,777,0,CUST0109
TXN006619,2636.22,Transfer,19,4,0,0,2,2287.4,15.9,91,0,CUST0428
TXN006620,1231.29,Purchase,8,5,0,0,3,1142.11,8.8,2382,0,CUST0027
TXN006621,941.5,Payment,19,3,1,0,4,3519.92,0.8,2662,0,CUST0277
TXN006622,1098.87,Purchase,18,2,0,0,5,1916.91,4.9,2853,0,CUST0243
TXN006623,717.26,Transfer,19,6,0,0,2,3946.82,2.7,1132,0,CUST0188
TXN006624,1350.44,Payment,13,0,0,0,2,433.5,9.4,3188,0,CUST0489
TXN006625,1751.03,Payment,11,1,1,0,2,3481.34,1.8,2227,0,CUST0196
TXN006626,997.74,Payment,14,6,0,0,1,1270.73,3.6,2161,0,CUST0300
TXN006627,5463.44,Payment,15,6,0,0,2,1132.22,1.8,3028,0,CUST0041
TXN006628,2990.18,Payment,12,5,0,0,3,1725.53,6.8,1650,0,CUST0208
TXN006629,899.9,Purchase,14,6,0,0,2,1074.43,1.5,3563,0,CUST0046
TXN006630,3225.71,Payment,10,4,0,0,1,2552.47,1.5,1705,0,CUST0177
TXN006631,3529.25,Payment,8,6,0,0,2,1664.45,0.8,1399,0,CUST0393
TXN006632,2185.73,Payment,7,4,0,1,4,933.45,6.2,1277,0,CUST0422
TXN006633,3694.98,Transfer,12,0,0,0,1,445.54,1.5,3529,0,CUST0095
TXN006634,1455.12,Transfer,14,4,0,0,3,1963.17,0.0,1847,0,CUST0343
TXN006635,443.97,Payment,20,5,0,0,2,1867.39,9.7,2788,0,CUST0076
TXN006636,1173.14,Purchase,15,4,1,0,4,1504.43,1.6,132,0,CUST0254
TXN006637,1978.93,Payment,22,5,0,0,1,1720.08,23.4,779,0,CUST0488
TXN006638,935.39,Transfer,13,2,0,0,2,1702.23,6.7,1888,0,CUST0130
TXN006639,931.78,Purchase,10,1,0,0,3,1380.53,5.7,487,0,CUST0093
TXN006640,677.0,Payment,10,6,0,0,1,3313.16,11.1,854,0,CUST0119
TXN006641,683.82,Payment,12,1,0,0,2,1672.36,3.7,1433,0,CUST0147
TXN006642,577.27,Payment,9,5,0,0,3,5136.28,2.3,3493,0,CUST0398
TXN006643,963.71,Payment,9,0,0,0,2,854.32,0.2,2992,0,CUST0064
TXN006644,2924.59,Transfer,9,1,0,0,2,1845.21,6.1,352,0,CUST0054
TXN006645,240.21,Payment,16,2,0,0,4,5724.83,0.9,1102,0,CUST0151
TXN006646,15664.01,Purchase,8,2,0,0,3,491.05,0.5,3037,0,CUST0005
TXN006647,556.66,Transfer,9,2,0,0,12,3325.85,4.4,920,0,CUST0028
TXN006648,3282.76,Payment,14,5,0,0,3,5458.42,0.3,378,0,CUST0179
TXN006649,1583.46,Transfer,14,4,0,0,3,521.83,0.6,527,0,CUST0340
TXN006650,646.99,Transfer,11,1,0,0,2,1186.21,1.4,1322,0,CUST0120
TXN006651,9250.3,Purchase,20,4,0,0,5,2734.01,5.8,2485,0,CUST0010
TXN006652,1023.37,Transfer,18,1,0,0,2,1312.79,2.5,3518,0,CUST0139
TXN006653,1342.7,Transfer,19,2,0,1,3,4976.89,11.3,1335,0,CUST0332
TXN006654,1142.43,Purchase,17,1,0,0,1,1141.09,3.0,1277,0,CUST0199
TXN006655,2057.38,Payment,9,5,0,0,4,1051.13,3.6,1980,0,CUST0251
TXN006656,1808.42,Transfer,9,2,1,0,4,1924.11,0.4,2941,0,CUST0152
TXN006657,4264.22,Withdrawal,10,6,0,0,0,3946.69,2.4,1304,0,CUST0325
TXN006658,2085.87,Purchase,11,3,0,0,3,4902.57,1.2,2414,0,CUST0173
TXN006659,7603.53,Transfer,16,6,0,0,2,2834.55,4.2,170,0,CUST0087
TXN006660,558.03,Payment,13,6,0,0,3,2899.7,9.4,587,0,CUST0343
TXN006661,1833.4,Transfer,22,2,0,0,3,1442.75,1.5,1648,0,CUST0264
TXN006662,4159.53,Payment,14,5,0,0,2,1577.3,22.3,704,0,CUST0418
TXN006663,1791.63,Purchase,17,0,0,0,3,1332.02,3.9,3261,0,CUST0162
TXN006664,13722.84,Purchase,7,2,0,0,1,4308.77,0.6,169,0,CUST0358
TXN006665,1021.29,Payment,11,0,0,0,1,1394.4,0.1,3183,0,CUST0050
TXN006666,2867.72,Payment,16,1,0,0,1,4250.93,1.1,3212,0,CUST0174
TXN006667,1417.45,Transfer,15,6,0,0,5,3229.96,5.4,1179,0,CUST0130
TXN006668,647.67,Transfer,5,5,0,0,2,4036.92,1.2,2366,0,CUST0170
TXN006669,163.42,Transfer,11,0,0,0,1,1109.78,6.0,724,0,CUST0450
TXN006670,1039.41,Purchase,12,0,0,0,5,1917.34,2.8,3427,0,CUST0317
TXN006671,9523.05,Payment,11,5,0,0,4,1124.24,15.0,634,0,CUST0130
TXN006672,2886.18,Purchase,19,6,0,0,3,538.7,4.3,255,0,CUST0377
TXN006673,814.86,Payment,18,0,0,0,4,1582.36,0.1,1580,0,CUST0500
TXN006674,238.64,Payment,18,2,0,0,5,794.69,2.5,2757,0,CUST0031
TXN006675,2077.37,Transfer,23,4,0,0,1,1229.14,0.1,781,0,CUST0175
TXN006676,2330.27,Payment,19,5,1,0,0,1357.78,1.3,286,0,CUST0356
TXN006677,892.68,Purchase,14,0,0,0,3,196.2,1.5,572,0,CUST0061
TXN006678,435.3,Purchase,15,1,0,0,0,2646.67,17.6,1637,0,CUST0392
TXN006679,1416.36,Purchase,12,1,0,0,0,2347.12,0.6,2610,0,CUST0238
TXN006680,3762.46,Transfer,20,2,0,0,5,3813.68,5.6,3006,0,CUST0180
TXN006681,1958.46,Purchase,10,5,0,0,2,1233.41,0.7,642,0,CUST0328
TXN006682,849.17,Withdrawal,9,6,0,0,3,628.4,8.7,1914,0,CUST0098
TXN006683,539.77,Payment,11,2,0,0,2,2171.87,4.7,3616,0,CUST0405
TXN006684,6509.49,Purchase,9,5,0,0,3,920.69,2.3,3027,0,CUST0120
TXN006685,2011.21,Transfer,17,4,0,0,1,1208.97,11.6,2227,0,CUST0171
TXN006686,1441.61,Payment,15,1,0,0,1,1393.79,0.2,2303,0,CUST0271
TXN006687,65067.45,Transfer,22,4,1,0,8,896.09,21.9,102,1,CUST0128
TXN006688,2496.68,Withdrawal,20,3,0,0,6,4110.43,0.3,2642,0,CUST0442
TXN006689,4078.63,Purchase,9,4,0,0,4,1325.94,6.2,2816,0,CUST0468
TXN006690,3393.54,Payment,17,3,0,0,3,1781.59,7.3,2604,0,CUST0372
TXN006691,4507.89,Payment,22,2,0,0,2,3401.31,11.8,1763,0,CUST0069
TXN006692,1935.41,Withdrawal,19,3,0,0,2,2221.99,7.6,236,0,CUST0269
TXN006693,216.18,Payment,16,1,0,0,3,8218.69,3.3,1212,0,CUST0144
TXN006694,2303.24,Transfer,10,0,0,0,2,2856.11,8.1,1079,0,CUST0119
TXN006695,1251.65,Payment,13,6,0,0,4,5461.38,8.4,1010,0,CUST0038
TXN006696,4669.53,Payment,15,3,1,0,1,4647.81,3.8,795,0,CUST0131
TXN006697,4809.85,Withdrawal,12,1,0,0,4,2053.39,7.5,1206,0,CUST0321
TXN006698,3770.18,Withdrawal,19,5,0,0,0,1108.63,2.2,1349,0,CUST0443
TXN006699,785.04,Payment,15,3,0,0,1,3101.73,6.6,2092,0,CUST0360
TXN006700,30464.9,Transfer,12,0,0,0,2,1817.1,1.6,3633,0,CUST0303
TXN006701,393.26,Withdrawal,12,4,0,0,7,5039.51,2.8,461,0,CUST0198
TXN006702,285.38,Transfer,11,4,0,0,1,1460.63,6.3,940,0,CUST0295
TXN006703,201.47,Transfer,19,6,0,0,0,3273.51,2.3,3137,0,CUST0307
TXN006704,5883.71,Payment,13,1,0,0,2,617.22,0.4,1948,0,CUST0050
TXN006705,1715.13,Transfer,12,3,0,0,3,4314.38,2.1,283,0,CUST0219
TXN006706,1090.35,Purchase,7,0,0,0,3,378.02,2.1,1221,0,CUST0385
TXN006707,1135.34,Purchase,15,4,0,0,6,2216.67,1.1,2568,0,CUST0408
TXN006708,5060.3,Transfer,13,0,0,0,2,766.83,7.1,918,0,CUST0141
TXN006709,4951.49,Payment,17,2,0,0,3,623.91,8.3,2287,0,CUST0158
TXN006710,4216.54,Payment,0,5,0,0,1,685.09,0.7,1598,0,CUST0086
TXN006711,288.2,Transfer,11,1,0,0,3,2471.56,3.3,3459,0,CUST0180
TXN006712,1688.7,Payment,12,3,0,0,3,675.79,14.6,1967,0,CUST0252
TXN006713,252.52,Transfer,19,1,1,0,4,1810.37,7.7,1522,0,CUST0385
TXN006714,5135.98,Purchase,17,1,0,0,1,1659.3,6.2,3082,0,CUST0029
TXN006715,923.6,Transfer,12,1,0,0,2,1174.19,7.5,3119,0,CUST0346
TXN006716,1183.42,Transfer,9,5,0,0,3,1827.83,1.1,692,0,CUST0072
TXN006717,12404.99,Transfer,23,4,0,0,11,606.08,58.7,5,1,CUST0485
TXN006718,4866.68,Transfer,23,4,0,0,2,2480.44,27.2,1135,0,CUST0215
TXN006719,1114.13,Transfer,17,3,0,0,4,1431.18,19.9,2205,0,CUST0471
TXN006720,1737.92,Transfer,1,2,0,0,2,7832.4,2.4,835,0,CUST0498
TXN006721,3138.42,Payment,20,0,0,0,2,582.42,14.0,352,0,CUST0126
TXN006722,1114.7,Payment,10,3,0,0,4,1961.07,1.5,1197,0,CUST0418
TXN006723,4702.28,Transfer,10,0,0,0,1,1051.21,2.1,1645,0,CUST0446
TXN006724,5328.26,Payment,20,2,0,0,0,625.14,14.5,3026,0,CUST0066
TXN006725,1471.79,Withdrawal,16,4,0,0,2,1568.09,0.6,3186,0,CUST0229
TXN006726,6827.0,Payment,12,5,1,1,1,3620.75,5.1,1120,0,CUST0146
TXN006727,445.03,Payment,21,2,0,0,2,5553.24,7.3,3367,0,CUST0318
TXN006728,1905.26,Payment,10,6,1,0,2,1275.21,17.7,2756,0,CUST0189
TXN006729,2653.02,Payment,10,4,0,0,2,4362.92,6.5,3257,0,CUST0019
TXN006730,1313.11,Purchase,15,4,0,0,3,5439.3,1.2,1626,0,CUST0052
TXN006731,2882.34,Purchase,13,0,0,0,1,1200.73,2.8,1203,0,CUST0302
TXN006732,2179.8,Purchase,18,2,0,0,0,873.01,0.5,695,0,CUST0205
TXN006733,3406.11,Transfer,15,4,0,0,3,3476.9,1.3,451,0,CUST0500
TXN006734,845.73,Purchase,9,0,0,0,5,2162.68,1.0,122,0,CUST0221
TXN006735,4634.03,Payment,10,2,0,0,1,3009.72,2.4,511,0,CUST0322
TXN006736,1329.05,Transfer,17,6,0,0,1,1349.41,10.0,694,0,CUST0008
TXN006737,4756.08,Transfer,16,5,0,0,2,634.57,1.5,496,0,CUST0468
TXN006738,1473.87,Payment,21,6,0,0,1,2583.66,7.0,2782,0,CUST0138
TXN006739,4392.51,Withdrawal,11,5,0,0,1,1121.37,5.8,243,0,CUST0088
TXN006740,6666.4,Transfer,10,2,0,0,2,1927.64,2.4,3311,0,CUST0408
TXN006741,2756.03,Transfer,6,3,0,0,3,2484.76,0.7,731,0,CUST0411
TXN006742,2749.07,Payment,9,3,1,0,2,6066.04,10.5,55,0,CUST0148
TXN006743,556.82,Withdrawal,10,6,0,0,2,1650.75,19.8,980,0,CUST0083
TXN006744,383.17,Transfer,22,1,0,0,1,3114.08,4.4,1969,0,CUST0275
TXN006745,1872.08,Payment,10,1,0,0,2,654.47,1.0,292,0,CUST0315
TXN006746,672.77,Payment,9,3,0,0,3,1187.05,3.4,2400,0,CUST0019
TXN006747,1892.33,Transfer,17,6,0,0,3,3187.65,0.3,880,0,CUST0003
TXN006748,1386.36,Payment,12,5,0,0,1,2259.22,10.7,1758,0,CUST0058
TXN006749,2719.09,Transfer,16,2,0,0,3,1309.58,5.1,1601,0,CUST0321
TXN006750,228.73,Transfer,10,2,1,0,3,1818.06,8.5,1828,0,CUST0224
TXN006751,1560.83,Withdrawal,20,0,0,0,2,1022.44,1.8,1651,0,CUST0165
TXN006752,937.4,Payment,18,3,0,0,5,4814.71,8.4,2854,0,CUST0222
TXN006753,2646.94,Payment,10,2,0,0,4,2147.68,3.4,1573,0,CUST0126
TXN006754,1680.58,Purchase,20,1,0,0,5,3230.72,1.6,56,0,CUST0167
TXN006755,308.26,Transfer,19,0,0,0,3,1432.04,0.3,1381,0,CUST0293
TXN006756,1042.83,Purchase,10,4,0,0,1,758.35,20.6,482,0,CUST0109
TXN006757,911.43,Purchase,17,6,0,0,2,1960.8,5.3,752,0,CUST0408
TXN006758,7012.45,Withdrawal,14,6,0,0,2,716.97,5.3,586,0,CUST0384
TXN006759,772.38,Payment,12,4,0,0,0,1238.6,1.1,1385,0,CUST0407
TXN006760,1447.05,Transfer,14,2,0,0,2,1086.97,0.5,1234,0,CUST0202
TXN006761,1768.21,Transfer,13,6,0,0,4,2192.47,12.4,1636,0,CUST0282
TXN006762,1692.99,Transfer,20,1,0,0,1,4600.43,4.8,2549,0,CUST0336
TXN006763,3746.28,Transfer,13,3,1,0,3,486.45,9.7,278,0,CUST0129
TXN006764,3073.84,Withdrawal,17,0,0,0,1,2403.46,1.5,2743,0,CUST0391
TXN006765,627.76,Transfer,16,6,0,0,1,1220.6,2.8,1180,0,CUST0141
TXN006766,1842.45,Payment,7,1,0,0,3,445.51,0.7,1495,0,CUST0053
TXN006767,8761.46,Purchase,11,2,0,0,3,1466.96,4.9,3408,0,CUST0061
TXN006768,5051.7,Purchase,13,3,0,0,5,7192.49,4.4,3510,0,CUST0420
TXN006769,1078.56,Purchase,21,1,0,0,2,2116.12,0.3,1436,0,CUST0487
TXN006770,4208.13,Payment,8,2,0,0,0,1005.15,2.6,2134,0,CUST0277
TXN006771,3594.16,Transfer,10,5,0,0,3,663.25,1.1,2553,0,CUST0020
TXN006772,2025.14,Purchase,10,2,0,0,1,3599.25,3.0,1264,0,CUST0254
TXN006773,16999.28,Payment,11,3,0,0,1,1403.03,12.3,1077,0,CUST0148
TXN006774,2579.47,Transfer,9,1,0,0,5,543.02,5.8,2179,0,CUST0458
TXN006775,400.52,Withdrawal,13,1,0,0,0,2912.5,4.9,200,0,CUST0192
TXN006776,843.26,Withdrawal,10,2,0,0,1,742.91,0.4,3147,0,CUST0129
TXN006777,8755.64,Withdrawal,20,1,0,0,4,2409.57,2.5,1907,0,CUST0109
TXN006778,50000.0,Transfer,16,4,0,0,2,851.82,3.3,1559,0,CUST0250
TXN006779,937.65,Payment,18,2,0,0,3,1169.44,4.2,1322,0,CUST0428
TXN006780,3720.0,Purchase,18,2,0,0,0,1962.91,0.9,1020,0,CUST0219
TXN006781,987.58,Transfer,16,6,0,0,0,600.55,6.8,1266,0,CUST0319
TXN006782,3517.19,Transfer,9,0,1,0,3,989.88,1.4,2619,0,CUST0033
TXN006783,497.42,Withdrawal,15,3,0,0,1,1239.54,9.3,1946,0,CUST0078
TXN006784,446.15,Payment,20,5,0,0,2,2735.24,5.1,811,0,CUST0403
TXN006785,1768.95,Transfer,16,1,0,0,4,1360.09,2.9,1771,0,CUST0378
TXN006786,2395.18,Purchase,11,4,0,0,3,2973.48,9.4,1550,0,CUST0347
TXN006787,8771.06,Payment,22,3,0,0,4,805.58,7.6,2511,0,CUST0041
TXN006788,2354.35,Payment,11,1,0,0,2,979.74,13.8,3540,0,CUST0309
TXN006789,386.27,Withdrawal,13,2,0,0,2,528.09,12.2,3413,0,CUST0152
TXN006790,334.51,Purchase,17,4,1,0,3,2709.46,0.1,2368,0,CUST0331
TXN006791,177.63,Withdrawal,12,3,0,0,2,640.73,17.4,3055,0,CUST0311
TXN006792,1282.81,Withdrawal,18,2,0,0,2,1462.67,3.0,2323,0,CUST0223
TXN006793,624.31,Transfer,9,1,0,0,2,5469.4,6.4,2396,0,CUST0076
TXN006794,8950.56,Transfer,11,3,0,0,1,4644.94,1.7,572,0,CUST0309
TXN006795,1207.55,Purchase,10,5,0,0,4,1469.07,3.0,2224,0,CUST0474
TXN006796,7156.0,Purchase,15,5,0,0,3,1055.49,15.7,3109,0,CUST0213
TXN006797,1200.77,Transfer,12,1,0,0,2,529.44,0.3,3596,0,CUST0354
TXN006798,446.0,Withdrawal,18,5,0,0,3,2191.31,4.5,1941,0,CUST0166
TXN006799,1154.36,Purchase,11,0,0,0,3,596.82,1.7,1323,0,CUST0037
TXN006800,4747.61,Purchase,16,6,0,0,4,5864.3,0.0,2159,0,CUST0003
TXN006801,1884.33,Withdrawal,12,5,0,0,3,627.84,2.5,1198,0,CUST0473
TXN006802,2375.61,Payment,18,3,0,0,1,666.84,1.0,121,0,CUST0431
TXN006803,5672.57,Payment,11,6,0,0,3,1739.82,10.4,1097,0,CUST0262
TXN006804,3957.46,Withdrawal,8,3,0,0,2,4880.42,5.6,1911,0,CUST0492
TXN006805,13048.66,Payment,14,5,0,0,1,552.08,3.9,3497,0,CUST0301
TXN006806,824.77,Withdrawal,13,5,0,0,3,555.29,3.8,685,0,CUST0343
TXN006807,7745.18,Transfer,18,5,0,0,4,4423.5,5.2,322,0,CUST0039
TXN006808,1782.1,Purchase,11,3,0,0,0,276.81,4.9,2691,0,CUST0200
TXN006809,4398.58,Payment,15,1,0,1,2,2127.72,1.6,1266,0,CUST0389
TXN006810,1632.74,Payment,9,5,0,0,2,1508.47,2.4,1541,0,CUST0228
TXN006811,804.41,Purchase,10,6,1,0,2,1236.57,1.5,2713,0,CUST0339
TXN006812,2459.25,Payment,11,0,0,0,2,2490.96,0.2,2700,0,CUST0090
TXN006813,2386.01,Purchase,14,0,0,0,1,3482.78,0.4,1187,0,CUST0491
TXN006814,15834.34,Purchase,9,4,0,0,3,1846.87,3.1,843,0,CUST0358
TXN006815,1232.97,Withdrawal,19,0,0,0,2,1992.48,12.3,3628,0,CUST0371
TXN006816,487.09,Transfer,12,3,0,0,1,3075.21,0.3,568,0,CUST0101
TXN006817,5887.82,Payment,15,6,0,0,3,7359.68,0.9,1522,0,CUST0082
TXN006818,2147.03,Purchase,15,5,0,0,1,571.45,2.8,3074,0,CUST0393
TXN006819,4950.8,Payment,15,3,0,1,3,2249.55,3.6,533,0,CUST0288
TXN006820,959.8,Payment,16,2,0,0,4,21086.0,2.9,2926,0,CUST0279
TXN006821,2493.29,Payment,21,6,0,0,3,591.81,1.6,1669,0,CUST0423
TXN006822,5160.89,Transfer,10,6,0,0,6,882.43,2.9,3154,0,CUST0336
TXN006823,549.01,Transfer,8,4,0,0,2,1326.38,3.7,3355,0,CUST0066
TXN006824,673.72,Payment,18,6,0,0,2,831.74,2.7,753,0,CUST0135
TXN006825,866.04,Withdrawal,19,6,0,0,2,3824.53,1.6,2164,0,CUST0436
TXN006826,815.89,Purchase,13,1,0,0,3,3571.14,25.6,2996,0,CUST0326
TXN006827,2110.11,Payment,11,4,0,0,2,3598.87,0.5,2621,0,CUST0026
TXN006828,4260.57,Payment,12,4,0,0,2,3612.62,0.7,2190,0,CUST0132
TXN006829,395.87,Purchase,11,2,0,0,4,5229.57,6.9,664,0,CUST0253
TXN006830,1873.5,Purchase,17,5,0,0,2,2094.17,6.5,2108,0,CUST0308
TXN006831,9678.87,Payment,16,2,0,1,3,4606.38,6.5,1632,0,CUST0350
TXN006832,1505.23,Transfer,9,6,0,0,3,1234.87,2.0,3147,0,CUST0349
TXN006833,5000.0,Payment,2,3,1,1,10,823.88,66.6,19,1,CUST0166
TXN006834,7276.94,Transfer,4,6,0,0,3,10017.52,5.8,1908,0,CUST0113
TXN006835,5967.66,Purchase,11,5,0,0,1,6054.93,9.3,2063,0,CUST0431
TXN006836,1604.3,Payment,10,5,0,0,1,2050.93,0.0,2143,0,CUST0383
TXN006837,1154.12,Payment,19,0,0,0,1,722.83,1.8,3005,0,CUST0487
TXN006838,2256.47,Purchase,20,4,0,0,3,1415.71,0.8,416,0,CUST0496
TXN006839,3286.37,Payment,14,4,0,0,2,3498.23,2.2,171,0,CUST0378
TXN006840,1298.84,Payment,1,6,0,0,4,1081.3,0.5,3135,0,CUST0319
TXN006841,801.1,Payment,11,2,0,0,3,952.5,8.2,682,0,CUST0385
TXN006842,92396.51,Withdrawal,10,5,0,1,7,790.49,86.5,120,1,CUST0225
TXN006843,1673.68,Transfer,9,0,0,0,3,1408.09,4.3,1271,0,CUST0187
TXN006844,1171.46,Transfer,10,3,0,0,5,1908.87,2.6,260,0,CUST0410
TXN006845,2544.67,Payment,0,0,0,0,3,764.53,3.7,2042,0,CUST0320
TXN006846,1170.19,Transfer,14,1,0,0,5,1498.5,1.5,50,0,CUST0371
TXN006847,1934.99,Transfer,13,4,0,0,5,1083.64,0.9,3208,0,CUST0028
TXN006848,495.96,Purchase,12,3,1,0,3,2444.55,2.2,1373,0,CUST0093
TXN006849,1440.95,Transfer,11,2,0,0,5,329.16,0.3,769,0,CUST0228
TXN006850,2611.42,Transfer,14,0,1,0,2,2273.38,5.7,1545,0,CUST0451
TXN006851,1412.72,Transfer,12,4,0,0,3,3328.42,0.1,440,0,CUST0103
TXN006852,2101.64,Transfer,11,2,0,0,6,632.18,6.5,1505,0,CUST0300
TXN006853,1204.58,Transfer,15,0,0,0,3,7801.33,1.5,3573,0,CUST0045
TXN006854,923.79,Payment,9,0,0,0,1,1562.94,1.9,2605,0,CUST0141
TXN006855,11266.85,Payment,10,1,0,0,1,4415.9,11.0,3645,0,CUST0108
TXN006856,16761.91,Withdrawal,22,5,0,1,11,1793.4,10.0,302,1,CUST0130
TXN006857,365.82,Payment,16,4,0,0,1,1831.14,0.8,2365,0,CUST0137
TXN006858,15728.89,Purchase,12,3,0,0,2,2709.34,0.1,3215,0,CUST0453
TXN006859,1850.47,Withdrawal,10,5,0,0,2,1529.51,10.5,1248,0,CUST0066
TXN006860,1760.72,Transfer,17,1,0,0,1,1059.12,0.6,1913,0,CUST0024
TXN006861,5077.36,Withdrawal,12,6,0,0,2,664.35,0.0,1843,0,CUST0473
TXN006862,1044.48,Withdrawal,11,6,0,0,5,1345.27,0.7,3315,0,CUST0325
TXN006863,1366.82,Purchase,19,4,1,0,4,1094.12,0.1,1673,0,CUST0160
TXN006864,3167.77,Purchase,8,1,0,0,3,5888.92,3.7,140,0,CUST0094
TXN006865,1683.92,Transfer,10,3,0,0,2,274.98,4.4,1194,0,CUST0462
TXN006866,9294.81,Transfer,7,0,0,0,1,4015.53,1.5,2651,0,CUST0017
TXN006867,535.62,Purchase,13,5,0,0,1,669.87,7.1,3423,0,CUST0250
TXN006868,1273.11,Transfer,11,6,0,0,1,3376.93,2.2,2887,0,CUST0202
TXN006869,120.98,Payment,12,1,0,0,1,2512.11,15.7,1989,0,CUST0354
TXN006870,9536.49,Transfer,2,0,0,1,17,1167.47,134.1,257,1,CUST0211
TXN006871,13524.67,Transfer,17,0,0,0,1,800.64,11.8,2226,0,CUST0309
TXN006872,1195.58,Payment,15,4,0,0,2,1676.25,6.6,1248,0,CUST0468
TXN006873,737.12,Transfer,21,6,0,0,4,662.18,1.3,1228,0,CUST0460
TXN006874,6995.83,Transfer,13,2,0,0,6,3500.18,9.4,1365,0,CUST0101
TXN006875,2865.26,Payment,9,6,0,0,0,1083.87,4.6,881,0,CUST0118
TXN006876,44122.29,Payment,1,4,1,0,9,852.13,198.5,176,1,CUST0234
TXN006877,5925.84,Payment,8,2,0,0,6,1037.6,10.0,687,0,CUST0218
TXN006878,2898.66,Payment,14,4,0,0,3,4028.99,3.2,932,0,CUST0376
TXN006879,860.51,Payment,13,1,0,0,4,2299.49,7.6,3552,0,CUST0203
TXN006880,1001.23,Payment,12,5,0,0,2,7089.17,4.2,1894,0,CUST0138
TXN006881,375.03,Transfer,10,1,0,0,0,1578.36,3.9,1348,0,CUST0201
TXN006882,2254.38,Withdrawal,13,0,0,0,1,660.18,4.5,1874,0,CUST0283
TXN006883,2890.74,Purchase,11,2,0,0,4,2200.45,8.6,2124,0,CUST0138
TXN006884,1118.82,Withdrawal,6,6,0,0,2,527.69,1.8,2533,0,CUST0032
TXN006885,1857.31,Transfer,9,3,0,0,3,1405.98,0.2,1206,0,CUST0005
TXN006886,6491.71,Transfer,10,0,0,0,1,961.49,8.3,3505,0,CUST0220
TXN006887,3241.8,Payment,18,5,1,0,1,1924.63,4.3,965,0,CUST0220
TXN006888,1295.89,Payment,18,4,1,0,1,3663.23,0.4,962,0,CUST0138
TXN006889,478.66,Purchase,0,3,0,0,3,1199.76,0.5,560,0,CUST0266
TXN006890,180.51,Payment,13,1,0,0,1,16741.53,1.9,2668,0,CUST0484
TXN006891,275.77,Transfer,11,1,0,0,4,1786.8,1.9,2825,0,CUST0302
TXN006892,445.83,Payment,21,4,0,0,4,2012.66,16.1,1128,0,CUST0059
TXN006893,2119.12,Transfer,16,2,0,0,3,686.59,1.7,2626,0,CUST0308
TXN006894,1354.86,Payment,20,1,0,0,1,2459.95,0.1,899,0,CUST0255
TXN006895,580.78,Withdrawal,6,4,0,0,2,1996.94,0.6,2021,0,CUST0264
TXN006896,5378.6,Transfer,9,6,1,0,2,1412.5,0.9,992,0,CUST0399
TXN006897,2543.13,Payment,7,4,0,0,4,1019.2,9.8,452,0,CUST0071
TXN006898,2507.03,Purchase,13,1,0,0,0,1840.81,0.3,3072,0,CUST0241
TXN006899,1326.57,Purchase,15,1,0,0,0,10481.17,11.4,2490,0,CUST0331
TXN006900,732.11,Payment,17,3,0,0,4,2741.21,4.8,2510,0,CUST0288
TXN006901,706.87,Payment,19,6,0,0,4,596.96,2.9,2929,0,CUST0500
TXN006902,3094.59,Purchase,9,0,0,0,3,2623.8,2.1,2691,0,CUST0349
TXN006903,718.96,Payment,9,4,0,0,3,863.57,2.8,991,0,CUST0171
TXN006904,7715.04,Payment,18,5,0,0,1,6755.13,2.0,3558,0,CUST0314
TXN006905,471.06,Withdrawal,10,6,0,0,4,4385.49,16.2,290,0,CUST0455
TXN006906,2834.08,Payment,10,0,0,0,3,1090.58,1.4,2344,0,CUST0205
TXN006907,3952.2,Payment,16,6,1,1,3,4395.15,11.9,1935,0,CUST0039
TXN006908,679.76,Payment,1,5,0,0,2,587.54,0.7,3564,0,CUST0384
TXN006909,3507.07,Payment,12,4,0,0,4,343.34,5.0,1375,0,CUST0190
TXN006910,6135.24,Purchase,18,6,0,0,3,1058.56,1.6,2369,0,CUST0431
TXN006911,2516.9,Transfer,9,4,0,0,2,967.86,3.7,2677,0,CUST0110
TXN006912,1569.15,Purchase,15,4,0,0,5,5790.67,4.1,1835,0,CUST0371
TXN006913,2324.63,Purchase,16,4,0,0,7,1923.37,0.5,1636,0,CUST0243
TXN006914,1637.87,Transfer,20,4,0,0,1,2417.1,0.4,2178,0,CUST0419
TXN006915,729.22,Transfer,14,0,0,0,2,1501.17,0.1,2784,0,CUST0368
TXN006916,4185.86,Transfer,10,1,0,0,1,1146.88,0.2,931,0,CUST0218
TXN006917,3944.99,Payment,17,3,0,0,2,4216.99,5.8,2661,0,CUST0217
TXN006918,3279.65,Payment,11,4,0,0,3,7704.55,0.5,1110,0,CUST0178
TXN006919,386.53,Purchase,13,4,0,0,2,850.32,1.6,2307,0,CUST0013
TXN006920,1181.08,Payment,16,6,0,0,7,1947.38,10.3,2701,0,CUST0297
TXN006921,784.35,Transfer,19,1,0,0,1,313.22,0.5,1356,0,CUST0077
TXN006922,1047.07,Withdrawal,17,1,0,0,1,1064.8,8.7,2841,0,CUST0169
TXN006923,300.17,Transfer,20,0,0,0,1,1746.33,12.8,2544,0,CUST0265
TXN006924,1954.73,Transfer,13,2,0,0,2,599.11,8.8,108,0,CUST0039
TXN006925,2785.97,Payment,14,4,0,0,2,5636.21,8.1,919,0,CUST0094
TXN006926,5984.4,Purchase,11,1,0,0,2,655.37,0.8,3397,0,CUST0113
TXN006927,2155.06,Transfer,10,3,0,0,2,13881.89,1.8,3336,0,CUST0187
TXN006928,21969.6,Payment,20,2,0,0,3,4283.59,3.2,793,0,CUST0244
TXN006929,1338.28,Transfer,0,6,0,0,1,867.72,1.1,359,0,CUST0151
TXN006930,619.62,Payment,12,6,0,0,3,1303.05,3.4,3279,0,CUST0025
TXN006931,671.85,Transfer,20,1,0,0,1,2020.4,5.6,865,0,CUST0155
TXN006932,2064.41,Transfer,10,0,0,0,1,4141.68,6.0,1204,0,CUST0198
TXN006933,9065.4,Payment,11,0,0,0,0,2301.83,6.7,626,0,CUST0008
TXN006934,1268.76,Transfer,1,4,0,0,2,4538.65,7.4,3599,0,CUST0039
TXN006935,6057.24,Purchase,18,6,0,0,4,1918.65,1.9,1302,0,CUST0483
TXN006936,4134.47,Transfer,15,4,0,1,4,5261.51,2.1,109,0,CUST0161
TXN006937,320.45,Transfer,17,4,0,0,1,400.66,4.4,3550,0,CUST0236
TXN006938,912.47,Purchase,10,6,0,0,2,2299.71,6.0,1817,0,CUST0184
TXN006939,12102.78,Withdrawal,11,2,0,0,2,618.53,9.7,2852,0,CUST0023
TXN006940,9674.03,Transfer,7,5,0,0,4,858.95,0.6,3056,0,CUST0291
TXN006941,1294.56,Withdrawal,14,5,0,0,2,2072.72,2.7,560,0,CUST0068
TXN006942,1964.07,Transfer,15,0,0,0,4,1066.39,2.6,2878,0,CUST0141
TXN006943,1487.02,Transfer,10,1,0,0,0,649.2,1.4,963,0,CUST0145
TXN006944,114757.1,Withdrawal,23,4,0,0,7,4169.77,10.0,65,1,CUST0040
TXN006945,442.87,Purchase,10,4,1,0,4,2786.66,9.1,2923,0,CUST0118
TXN006946,1487.86,Transfer,11,2,0,0,1,1206.78,0.8,681,0,CUST0332
TXN006947,1523.47,Transfer,20,0,0,0,4,2502.06,16.0,312,0,CUST0245
TXN006948,867.69,Withdrawal,11,1,0,0,4,3726.93,3.0,3200,0,CUST0398
TXN006949,5072.83,Withdrawal,13,6,0,0,2,1718.86,2.7,3267,0,CUST0294
TXN006950,1737.28,Transfer,12,5,0,0,2,3404.78,4.5,2076,0,CUST0096
TXN006951,1937.92,Purchase,6,3,0,0,2,452.82,9.4,355,0,CUST0065
TXN006952,18396.25,Payment,21,3,1,1,9,1166.99,54.0,245,1,CUST0239
TXN006953,1410.06,Purchase,16,4,0,0,2,4199.73,0.9,2601,0,CUST0163
TXN006954,1306.58,Withdrawal,17,2,0,0,2,876.74,5.9,2808,0,CUST0481
TXN006955,4424.55,Purchase,14,6,0,0,1,2717.88,10.4,512,0,CUST0053
TXN006956,1743.1,Transfer,11,5,0,0,2,1833.8,1.7,1057,0,CUST0119
TXN006957,250.77,Purchase,13,5,0,0,2,995.15,2.4,2432,0,CUST0394
TXN006958,2246.68,Withdrawal,14,3,0,0,4,1560.17,2.6,1470,0,CUST0206
TXN006959,5938.59,Payment,9,5,0,0,0,2073.25,4.8,3515,0,CUST0074
TXN006960,2940.06,Purchase,18,1,0,1,4,7673.24,7.2,3013,0,CUST0001
TXN006961,8426.55,Purchase,13,1,0,1,2,3385.32,1.2,2321,0,CUST0344
TXN006962,26984.76,Transfer,19,4,0,0,3,2261.04,0.3,3597,0,CUST0072
TXN006963,385.9,Payment,11,2,0,0,2,1494.65,12.4,3491,0,CUST0171
TXN006964,3648.35,Payment,19,4,0,0,2,1992.45,0.8,3276,0,CUST0102
TXN006965,5348.12,Payment,14,4,0,0,3,954.86,1.3,3442,0,CUST0018
TXN006966,310.83,Payment,18,3,0,0,6,2059.85,2.9,3431,0,CUST0197
TXN006967,1067.92,Transfer,18,6,0,0,3,677.2,6.2,2427,0,CUST0123
TXN006968,6700.02,Payment,19,2,0,0,2,4036.66,2.9,187,0,CUST0296
TXN006969,709.22,Purchase,18,2,0,0,1,2437.41,1.7,939,0,CUST0062
TXN006970,1598.24,Transfer,20,4,0,0,1,1598.63,3.4,542,0,CUST0251
TXN006971,2172.94,Purchase,16,6,0,0,1,1553.61,3.4,949,0,CUST0015
TXN006972,624.91,Payment,13,4,0,0,3,2957.93,2.6,2355,0,CUST0453
TXN006973,2131.88,Payment,9,2,0,0,2,3646.89,0.6,3081,0,CUST0060
TXN006974,2245.5,Purchase,17,4,0,0,2,1296.98,0.1,2694,0,CUST0470
TXN006975,476.69,Purchase,0,5,0,0,2,1042.9,8.9,2795,0,CUST0219
TXN006976,538.75,Transfer,11,5,0,0,4,717.79,2.6,1107,0,CUST0418
TXN006977,949.24,Payment,23,3,0,0,2,2372.73,0.5,1075,0,CUST0419
TXN006978,2429.11,Transfer,14,1,0,0,1,1444.87,4.9,2178,0,CUST0217
TXN006979,830.22,Transfer,10,0,0,0,2,944.94,1.5,1403,0,CUST0445
TXN006980,1307.58,Transfer,14,0,0,0,1,880.3,1.0,2376,0,CUST0059
TXN006981,3751.16,Payment,20,3,0,0,3,1005.86,7.5,2381,0,CUST0386
TXN006982,5158.49,Transfer,9,0,0,0,1,636.86,2.7,2436,0,CUST0256
TXN006983,2330.27,Purchase,18,1,0,0,1,1080.24,26.2,1492,0,CUST0151
TXN006984,1421.31,Payment,11,6,0,0,3,1505.44,0.9,2711,0,CUST0149
TXN006985,1143.85,Transfer,9,6,0,0,3,837.04,7.6,3480,0,CUST0005
TXN006986,2708.89,Transfer,13,6,0,0,5,2972.13,0.5,646,0,CUST0380
TXN006987,3270.07,Payment,8,5,0,0,5,901.22,17.0,620,0,CUST0219
TXN006988,1494.16,Purchase,21,3,0,0,1,1150.81,1.5,464,0,CUST0402
TXN006989,2428.98,Transfer,12,3,0,0,4,1634.19,0.0,3098,0,CUST0034
TXN006990,12833.8,Transfer,18,4,0,0,2,691.05,5.4,712,0,CUST0100
TXN006991,2525.45,Transfer,15,4,0,0,3,2019.35,0.6,1318,0,CUST0110
TXN006992,1663.31,Transfer,9,0,0,0,4,1787.28,9.7,429,0,CUST0486
TXN006993,4632.13,Payment,13,2,0,0,6,8973.49,1.4,3059,0,CUST0027
TXN006994,798.64,Payment,18,5,0,0,5,1707.54,25.9,844,0,CUST0381
TXN006995,520.22,Payment,12,4,1,0,2,2655.8,7.3,644,0,CUST0307
TXN006996,10577.79,Transfer,10,4,0,0,2,784.3,2.1,3143,0,CUST0412
TXN006997,1182.95,Payment,18,3,0,0,2,1506.58,5.4,3182,0,CUST0079
TXN006998,412.16,Payment,8,2,0,0,1,445.66,0.1,847,0,CUST0217
TXN006999,7116.01,Purchase,11,5,1,0,1,3464.8,5.5,1982,0,CUST0083
TXN007000,980.8,Withdrawal,11,4,0,0,2,2642.15,8.1,1356,0,CUST0145
TXN007001,1030.23,Payment,20,5,0,0,2,3156.97,2.6,540,0,CUST0481
TXN007002,1259.26,Withdrawal,11,1,0,0,4,4697.23,0.8,1209,0,CUST0385
TXN007003,424.26,Payment,20,3,0,0,5,1613.48,8.0,3052,0,CUST0027
TXN007004,744.35,Payment,15,4,0,0,3,983.41,5.1,1947,0,CUST0059
TXN007005,6410.6,Payment,15,0,0,0,2,6107.82,15.3,226,0,CUST0458
TXN007006,8369.76,Withdrawal,15,1,0,0,2,1719.99,1.5,384,0,CUST0295
TXN007007,239.42,Transfer,17,2,0,0,3,8755.14,6.3,429,0,CUST0310
TXN007008,884.76,Payment,16,3,0,0,3,1420.91,3.1,2118,0,CUST0202
TXN007009,1456.86,Withdrawal,18,1,0,0,1,2772.96,10.5,850,0,CUST0352
TXN007010,1384.18,Transfer,17,5,0,0,5,1103.05,3.6,3195,0,CUST0438
TXN007011,1616.72,Transfer,14,5,0,0,0,1385.37,0.4,1453,0,CUST0469
TXN007012,1863.99,Purchase,14,1,0,0,1,1444.77,12.6,1896,0,CUST0328
TXN007013,5423.44,Withdrawal,22,6,0,0,5,2111.62,1.1,597,0,CUST0073
TXN007014,1295.32,Transfer,18,0,0,0,0,479.3,12.8,1997,0,CUST0114
TXN007015,497.95,Payment,16,3,0,0,0,5042.38,3.0,1298,0,CUST0292
TXN007016,2233.66,Payment,17,4,0,0,2,738.8,0.3,2218,0,CUST0018
TXN007017,2202.43,Withdrawal,10,1,0,0,2,913.68,3.5,2455,0,CUST0261
TXN007018,1059.17,Withdrawal,17,6,0,0,3,3128.4,2.6,357,0,CUST0430
TXN007019,1395.77,Payment,17,5,1,1,5,1224.88,0.9,539,0,CUST0119
TXN007020,3062.48,Payment,17,3,0,0,3,2707.25,2.3,2330,0,CUST0470
TXN007021,196.41,Withdrawal,10,2,0,0,0,1582.71,6.0,2445,0,CUST0078
TXN007022,1065.34,Payment,22,1,0,0,2,3068.13,3.3,2801,0,CUST0096
TXN007023,16523.37,Transfer,11,4,0,0,3,2957.31,1.2,1951,0,CUST0368
TXN007024,2310.08,Withdrawal,13,6,0,0,1,4608.51,1.8,516,0,CUST0416
TXN007025,2345.56,Transfer,14,1,0,0,1,2421.57,0.9,2328,0,CUST0076
TXN007026,3249.85,Transfer,21,1,0,0,2,136.99,13.1,2331,0,CUST0382
TXN007027,2309.92,Transfer,9,2,0,0,1,3547.43,3.2,732,0,CUST0197
TXN007028,1782.42,Purchase,15,4,0,0,2,2474.49,2.6,1868,0,CUST0372
TXN007029,4682.32,Purchase,9,0,0,0,0,3738.93,3.6,2330,0,CUST0476
TXN007030,3317.11,Payment,19,0,0,0,3,1550.26,2.5,1123,0,CUST0412
TXN007031,2559.54,Payment,9,6,0,0,4,1413.2,1.6,3230,0,CUST0221
TXN007032,11165.05,Purchase,9,1,0,0,3,7064.59,0.9,1511,0,CUST0378
TXN007033,1150.2,Withdrawal,17,3,0,1,4,4465.72,6.3,3319,0,CUST0242
TXN007034,1608.13,Payment,18,0,0,0,3,929.15,3.3,1228,0,CUST0226
TXN007035,1052.57,Transfer,11,2,0,0,0,829.63,4.2,3461,0,CUST0401
TXN007036,1755.74,Transfer,18,6,0,0,0,1245.42,0.7,1541,0,CUST0310
TXN007037,816.02,Transfer,14,3,0,0,3,2501.07,3.9,1946,0,CUST0142
TXN007038,2492.22,Transfer,16,5,0,0,3,2255.92,2.3,2535,0,CUST0168
TXN007039,37032.16,Withdrawal,0,6,1,1,3,1390.27,47.6,170,1,CUST0208
TXN007040,2641.63,Payment,17,4,0,0,3,3825.75,0.4,471,0,CUST0213
TXN007041,2494.14,Payment,21,6,0,1,4,559.84,10.2,3069,0,CUST0091
TXN007042,5000.0,Transfer,15,0,0,0,8,1309.09,85.1,210,1,CUST0398
TXN007043,460.87,Transfer,13,2,0,0,2,2717.2,3.1,600,0,CUST0364
TXN007044,1018.76,Transfer,19,3,0,0,2,5682.5,0.2,1706,0,CUST0130
TXN007045,864.91,Payment,17,5,0,0,1,1564.59,2.0,430,0,CUST0007
TXN007046,1028.39,Purchase,17,5,0,0,3,30000.0,14.4,590,0,CUST0339
TXN007047,33386.0,Transfer,18,6,1,0,11,3023.44,23.3,301,1,CUST0150
TXN007048,614.1,Purchase,17,4,0,0,1,814.25,0.4,1404,0,CUST0402
TXN007049,748.48,Transfer,21,2,0,0,3,830.09,6.8,2227,0,CUST0221
TXN007050,758.02,Transfer,21,1,0,0,5,2577.34,2.9,566,0,CUST0344
TXN007051,2756.14,Payment,16,6,0,0,2,1328.59,10.1,2826,0,CUST0392
TXN007052,1152.43,Withdrawal,13,5,0,0,3,1045.83,0.5,2862,0,CUST0483
TXN007053,3839.86,Payment,16,6,0,0,4,823.76,18.9,1189,0,CUST0355
TXN007054,5638.54,Transfer,12,0,0,0,1,9153.08,6.0,989,0,CUST0427
TXN007055,2779.54,Transfer,14,4,0,0,3,1666.08,0.9,612,0,CUST0228
TXN007056,4545.08,Payment,9,1,0,0,4,12133.65,3.6,1814,0,CUST0127
TXN007057,3083.11,Payment,13,6,0,0,5,1424.89,3.2,2441,0,CUST0294
TXN007058,2783.97,Payment,19,5,0,0,2,860.46,1.2,1103,0,CUST0074
TXN007059,1245.98,Payment,15,5,0,0,3,1143.73,8.0,2167,0,CUST0439
TXN007060,526.84,Withdrawal,1,3,0,0,1,921.36,8.6,2267,0,CUST0178
TXN007061,1109.57,Transfer,9,3,0,0,2,1067.62,3.5,1675,0,CUST0177
TXN007062,1391.64,Transfer,16,5,0,0,1,2676.87,3.4,2480,0,CUST0234
TXN007063,8401.43,Transfer,9,6,0,0,3,403.88,4.8,3179,0,CUST0480
TXN007064,3818.24,Payment,14,1,0,0,0,2279.55,10.1,1862,0,CUST0292
TXN007065,218.18,Purchase,17,0,0,0,2,2474.66,0.3,3234,0,CUST0030
TXN007066,4932.16,Payment,19,6,0,0,4,1185.94,2.1,2887,0,CUST0207
TXN007067,6563.0,Transfer,20,0,0,0,6,804.7,23.3,466,0,CUST0400
TXN007068,3783.73,Payment,17,0,0,0,4,3177.62,13.0,510,0,CUST0102
TXN007069,1666.49,Purchase,9,0,0,0,5,2307.77,8.9,518,0,CUST0087
TXN007070,694.26,Transfer,18,6,0,0,1,2285.93,8.7,41,0,CUST0335
TXN007071,2729.72,Purchase,9,6,0,0,3,3806.27,7.6,2401,0,CUST0198
TXN007072,12485.4,Withdrawal,7,6,1,1,7,747.7,54.2,164,1,CUST0455
TXN007073,5232.57,Transfer,18,1,1,0,4,1585.91,10.6,1092,0,CUST0207
TXN007074,5346.5,Payment,14,4,0,0,4,3191.91,1.9,1905,0,CUST0280
TXN007075,783.61,Payment,18,1,0,0,2,2656.6,4.7,2262,0,CUST0451
TXN007076,1504.13,Transfer,22,6,0,0,2,1295.73,33.4,1903,0,CUST0309
TXN007077,1284.15,Withdrawal,22,3,0,0,0,544.42,6.7,56,0,CUST0184
TXN007078,808.38,Purchase,16,1,0,0,4,3265.09,7.0,944,0,CUST0432
TXN007079,253.53,Transfer,12,6,0,0,4,3316.11,0.6,899,0,CUST0383
TXN007080,327.88,Purchase,12,2,0,0,3,2330.74,3.4,1813,0,CUST0462
TXN007081,1092.11,Purchase,15,2,0,0,0,2095.44,0.1,564,0,CUST0277
TXN007082,10361.57,Payment,19,4,0,1,2,618.04,7.2,1688,0,CUST0393
TXN007083,3130.3,Payment,13,0,0,0,3,595.51,2.1,1044,0,CUST0056
TXN007084,945.89,Transfer,16,3,0,0,3,1253.8,3.7,205,0,CUST0041
TXN007085,7955.85,Withdrawal,19,0,0,0,5,927.99,5.5,3475,0,CUST0496
TXN007086,341.46,Withdrawal,14,2,0,0,2,2154.32,16.8,1379,0,CUST0299
TXN007087,1692.37,Transfer,9,6,0,0,1,2254.89,0.6,243,0,CUST0396
TXN007088,1547.78,Purchase,20,6,0,0,4,1432.4,4.0,92,0,CUST0115
TXN007089,2049.96,Payment,12,2,0,0,4,1489.92,9.6,1487,0,CUST0280
TXN007090,16817.25,Purchase,4,2,0,0,8,954.72,62.5,343,1,CUST0300
TXN007091,1474.2,Payment,14,3,0,0,1,383.73,1.6,1681,0,CUST0233
TXN007092,4043.77,Payment,12,0,0,0,3,2024.71,17.2,2141,0,CUST0020
TXN007093,2407.6,Payment,17,0,0,0,4,1454.98,4.4,2085,0,CUST0419
TXN007094,8889.89,Payment,14,5,0,0,1,985.04,3.9,2818,0,CUST0163
TXN007095,2781.82,Payment,22,4,1,0,4,814.12,1.8,3253,0,CUST0226
TXN007096,637.61,Payment,14,2,0,0,5,1767.68,8.8,2674,0,CUST0092
TXN007097,4781.19,Payment,12,2,0,0,3,2477.73,12.5,1028,0,CUST0305
TXN007098,6656.03,Payment,16,5,0,0,2,2128.93,4.4,2895,0,CUST0133
TXN007099,1263.52,Payment,14,2,0,0,1,1676.24,2.9,698,0,CUST0048
TXN007100,1999.78,Transfer,15,0,0,0,2,3278.39,0.6,2259,0,CUST0431
TXN007101,1683.11,Transfer,16,0,0,0,3,1373.82,0.4,693,0,CUST0338
TXN007102,440.96,Payment,11,1,0,0,3,2450.1,12.5,3043,0,CUST0439
TXN007103,3397.77,Payment,16,2,0,0,6,5872.37,2.4,928,0,CUST0201
TXN007104,4562.73,Payment,9,2,0,0,4,1879.34,0.6,2322,0,CUST0070
TXN007105,1122.29,Purchase,9,2,0,0,0,3353.91,2.6,648,0,CUST0071
TXN007106,7269.61,Purchase,20,3,0,0,4,4111.56,5.2,3515,0,CUST0367
TXN007107,5650.82,Payment,14,3,0,0,1,2210.72,20.7,221,0,CUST0257
TXN007108,1554.22,Payment,14,2,0,0,4,1858.21,3.1,606,0,CUST0127
TXN007109,2078.33,Withdrawal,16,4,0,0,4,3769.4,0.2,2918,0,CUST0478
TXN007110,11618.56,Transfer,5,5,1,1,3,2371.71,70.8,75,1,CUST0278
TXN007111,2957.25,Purchase,10,6,0,0,1,3489.0,9.1,2164,0,CUST0097
TXN007112,2718.1,Purchase,19,6,0,0,3,1211.37,10.1,3474,0,CUST0420
TXN007113,14734.39,Payment,18,0,0,0,4,672.98,6.6,3399,0,CUST0497
TXN007114,2693.95,Transfer,10,0,0,0,3,697.08,10.9,280,0,CUST0117
TXN007115,4777.01,Purchase,16,2,0,0,3,758.29,0.8,1498,0,CUST0319
TXN007116,2025.39,Transfer,18,1,0,0,6,3223.52,4.8,910,0,CUST0261
TXN007117,1624.08,Purchase,15,1,0,0,1,621.44,0.0,2859,0,CUST0303
TXN007118,1085.7,Transfer,15,4,0,0,3,1998.78,1.9,1341,0,CUST0091
TXN007119,2782.23,Payment,21,1,0,0,2,786.53,2.0,3452,0,CUST0306
TXN007120,3128.53,Payment,20,6,0,0,6,3004.77,13.7,1344,0,CUST0440
TXN007121,1778.33,Payment,20,2,0,0,2,4368.13,3.1,1404,0,CUST0365
TXN007122,718.8,Withdrawal,16,0,0,0,2,951.31,2.6,3021,0,CUST0468
TXN007123,1861.6,Withdrawal,18,2,0,0,1,293.11,3.1,2626,0,CUST0226
TXN007124,5971.56,Transfer,13,1,0,0,5,913.15,3.3,1640,0,CUST0420
TXN007125,2799.31,Purchase,16,2,0,0,3,2047.9,2.6,2126,0,CUST0085
TXN007126,1459.74,Transfer,18,5,0,0,1,3604.47,4.3,521,0,CUST0015
TXN007127,1369.85,Transfer,20,4,0,0,2,7177.81,8.2,3078,0,CUST0210
TXN007128,1079.1,Purchase,18,0,1,0,3,4039.77,0.8,2273,0,CUST0373
TXN007129,6681.8,Transfer,12,4,0,0,1,1202.71,1.5,1182,0,CUST0049
TXN007130,2233.41,Transfer,14,1,0,0,3,2233.73,0.4,3475,0,CUST0342
TXN007131,1561.1,Payment,15,1,0,0,4,2908.59,3.0,463,0,CUST0167
TXN007132,695.02,Payment,20,5,0,0,4,1737.65,0.0,3050,0,CUST0114
TXN007133,5114.86,Purchase,15,3,0,0,5,2700.46,0.3,2490,0,CUST0070
TXN007134,1694.79,Transfer,17,5,0,0,0,1439.17,1.4,3489,0,CUST0109
TXN007135,1242.51,Transfer,13,3,0,0,4,778.74,2.6,98,0,CUST0016
TXN007136,24654.12,Transfer,23,5,0,0,13,335.47,160.5,238,1,CUST0310
TXN007137,1082.91,Payment,14,1,0,0,4,3534.05,7.2,329,0,CUST0366
TXN007138,2968.48,Payment,18,4,0,0,6,1069.82,4.0,843,0,CUST0348
TXN007139,3480.65,Payment,11,6,0,0,3,1229.06,4.4,3433,0,CUST0158
TXN007140,3285.91,Purchase,14,3,0,0,2,3049.27,11.9,3003,0,CUST0486
TXN007141,1187.06,Transfer,11,3,0,0,3,1515.82,8.8,782,0,CUST0442
TXN007142,653.55,Purchase,9,5,0,0,2,1024.86,0.8,3578,0,CUST0367
TXN007143,852.22,Payment,13,4,0,1,4,1827.51,10.6,2101,0,CUST0458
TXN007144,1274.82,Payment,22,4,0,0,1,1156.73,6.0,1940,0,CUST0330
TXN007145,1359.96,Transfer,9,3,0,0,3,1007.81,2.1,2203,0,CUST0067
TXN007146,449.11,Purchase,16,3,0,0,5,1910.98,10.5,835,0,CUST0297
TXN007147,545.73,Payment,11,4,1,0,2,1010.95,0.0,2341,0,CUST0367
TXN007148,644.82,Purchase,16,3,0,0,5,2484.21,9.0,2518,0,CUST0274
TXN007149,3956.66,Payment,11,4,0,0,3,2283.56,3.1,686,0,CUST0086
TXN007150,1727.47,Payment,16,0,0,0,3,1804.09,12.6,2186,0,CUST0063
TXN007151,5245.74,Purchase,12,4,0,0,3,914.47,2.0,2922,0,CUST0413
TXN007152,979.06,Payment,8,4,0,0,0,631.46,2.6,1461,0,CUST0200
TXN007153,1395.57,Transfer,12,6,0,1,2,751.37,4.2,3048,0,CUST0188
TXN007154,5410.35,Transfer,16,3,0,0,2,324.78,1.7,2292,0,CUST0373
TXN007155,638.93,Transfer,15,3,0,0,4,5186.52,13.2,2196,0,CUST0456
TXN007156,764.54,Transfer,11,5,0,0,1,3746.91,3.6,111,0,CUST0131
TXN007157,9637.74,Transfer,17,2,0,0,3,270.77,17.8,1888,0,CUST0246
TXN007158,4694.21,Payment,16,1,0,0,0,1493.62,15.1,130,0,CUST0222
TXN007159,1749.88,Transfer,10,3,0,0,4,728.65,1.9,2734,0,CUST0010
TXN007160,2438.37,Transfer,18,1,0,0,2,2769.96,4.1,2338,0,CUST0200
TXN007161,947.7,Purchase,21,1,0,0,4,9374.45,4.4,2952,0,CUST0313
TXN007162,1203.47,Transfer,12,2,1,0,0,1527.49,1.1,1017,0,CUST0071
TXN007163,495.18,Withdrawal,6,6,0,0,3,842.36,0.1,647,0,CUST0230
TXN007164,12181.29,Withdrawal,22,0,0,0,9,1758.77,23.3,267,1,CUST0231
TXN007165,1476.57,Transfer,12,3,0,0,4,1181.69,3.1,223,0,CUST0403
TXN007166,3647.59,Purchase,22,2,0,0,5,932.9,2.4,461,0,CUST0398
TXN007167,3264.12,Transfer,6,1,0,0,3,2778.01,2.9,2666,0,CUST0434
TXN007168,779.95,Purchase,10,5,0,0,3,860.07,6.4,376,0,CUST0289
TXN007169,1684.28,Withdrawal,11,3,0,0,0,2249.68,1.1,2489,0,CUST0448
TXN007170,1866.39,Transfer,3,0,0,1,3,1066.6,1.7,452,0,CUST0380
TXN007171,4760.87,Payment,9,1,0,0,4,1104.93,5.6,2610,0,CUST0367
TXN007172,5198.14,Payment,13,5,0,0,3,11630.22,5.0,1447,0,CUST0092
TXN007173,1725.17,Payment,14,1,0,0,2,3418.05,9.8,1963,0,CUST0468
TXN007174,885.05,Transfer,17,2,0,0,1,900.01,0.8,2985,0,CUST0040
TXN007175,3048.83,Purchase,18,2,0,0,1,1479.18,0.9,972,0,CUST0492
TXN007176,6794.74,Withdrawal,22,3,0,1,13,3570.53,12.2,229,1,CUST0193
TXN007177,1026.19,Withdrawal,11,2,0,0,4,1513.73,1.2,292,0,CUST0474
TXN007178,1485.71,Purchase,20,3,0,0,6,2526.34,8.6,835,0,CUST0458
TXN007179,764.29,Purchase,15,4,0,0,1,1849.54,11.4,2048,0,CUST0032
TXN007180,915.83,Purchase,15,4,1,0,1,2690.18,1.5,841,0,CUST0497
TXN007181,4897.94,Transfer,12,4,0,0,4,7045.68,0.2,3214,0,CUST0160
TXN007182,3801.93,Transfer,8,4,0,0,1,1151.76,0.7,1004,0,CUST0020
TXN007183,984.89,Payment,21,4,0,0,2,2163.45,10.4,2579,0,CUST0253
TXN007184,1037.74,Withdrawal,16,5,0,1,1,583.03,4.7,3414,0,CUST0036
TXN007185,6355.97,Transfer,8,5,1,0,1,1215.91,6.0,361,0,CUST0478
TXN007186,7826.03,Purchase,11,3,0,0,0,1168.61,1.7,220,0,CUST0290
TXN007187,9578.31,Transfer,11,1,0,0,1,2198.12,0.7,746,0,CUST0033
TXN007188,1003.0,Purchase,15,0,0,0,1,1320.17,6.4,1353,0,CUST0462
TXN007189,500.5,Purchase,18,2,0,0,3,7023.45,2.2,1328,0,CUST0022
TXN007190,3458.91,Transfer,16,5,0,0,3,2577.41,1.9,950,0,CUST0476
TXN007191,868.57,Payment,21,5,0,0,4,1024.91,4.3,396,0,CUST0030
TXN007192,606.86,Purchase,11,0,0,0,3,2511.03,6.9,1348,0,CUST0447
TXN007193,27195.16,Withdrawal,18,0,0,0,2,1478.26,0.3,833,0,CUST0369
TXN007194,4869.33,Transfer,12,0,0,0,3,2209.12,5.8,2619,0,CUST0303
TXN007195,3523.62,Payment,19,3,0,1,3,1222.81,3.6,1283,0,CUST0264
TXN007196,23710.05,Withdrawal,4,5,0,0,7,1241.37,26.0,49,1,CUST0284
TXN007197,9171.76,Withdrawal,14,6,0,0,3,1792.87,1.9,2412,0,CUST0085
TXN007198,1376.3,Withdrawal,13,6,0,0,2,2431.73,5.6,2880,0,CUST0073
TXN007199,1709.71,Payment,13,3,0,0,1,2651.34,0.4,2376,0,CUST0429
TXN007200,6834.88,Payment,16,0,0,0,4,3990.96,1.3,2109,0,CUST0121
TXN007201,1651.55,Transfer,8,2,0,0,6,1899.74,7.0,1281,0,CUST0208
TXN007202,3022.71,Withdrawal,20,3,0,0,5,5736.03,4.1,1981,0,CUST0440
TXN007203,2935.8,Transfer,9,0,0,0,1,838.23,7.4,2054,0,CUST0476
TXN007204,231.95,Payment,16,4,0,0,3,5460.34,7.3,2156,0,CUST0439
TXN007205,45634.79,Withdrawal,20,1,1,1,8,873.49,28.4,165,1,CUST0321
TXN007206,4541.56,Purchase,19,1,0,0,1,1229.6,0.2,2754,0,CUST0101
TXN007207,1066.04,Payment,8,0,1,0,4,2044.27,1.7,1875,0,CUST0242
TXN007208,1006.47,Payment,10,5,0,0,2,7947.93,14.4,2981,0,CUST0133
TXN007209,3565.04,Withdrawal,16,0,0,0,5,1522.46,3.9,1407,0,CUST0311
TXN007210,1479.29,Payment,17,1,0,0,3,1743.16,6.6,1867,0,CUST0012
TXN007211,567.72,Transfer,18,6,0,0,1,3833.41,3.0,1792,0,CUST0138
TXN007212,1952.47,Withdrawal,18,4,0,0,5,3509.25,4.4,1237,0,CUST0210
TXN007213,1340.53,Payment,10,0,0,0,1,5473.26,8.3,2954,0,CUST0207
TXN007214,772.9,Payment,23,6,1,1,4,2479.31,8.3,187,0,CUST0301
TXN007215,6167.38,Payment,22,1,0,1,12,472.43,63.4,106,1,CUST0450
TXN007216,5100.83,Withdrawal,19,6,0,0,4,1157.38,5.1,1687,0,CUST0375
TXN007217,2014.21,Transfer,16,2,0,0,2,422.25,0.0,99,0,CUST0376
TXN007218,9334.09,Purchase,22,3,0,0,2,1055.08,1.7,3578,0,CUST0244
TXN007219,4692.69,Payment,19,2,0,0,0,2307.46,14.2,1038,0,CUST0119
TXN007220,27163.5,Transfer,15,2,1,0,6,1597.07,19.8,192,1,CUST0336
TXN007221,1875.79,Payment,18,2,0,0,4,613.58,1.5,1980,0,CUST0360
TXN007222,7472.88,Transfer,20,2,0,0,2,1440.59,4.0,2483,0,CUST0329
TXN007223,5673.53,Transfer,17,0,0,0,2,1013.36,1.2,2367,0,CUST0349
TXN007224,5976.15,Purchase,8,5,0,0,0,1832.98,0.5,3201,0,CUST0336
TXN007225,2812.31,Payment,14,5,0,0,3,1162.97,2.0,2924,0,CUST0460
TXN007226,1962.24,Withdrawal,11,5,0,0,4,1876.54,10.9,539,0,CUST0462
TXN007227,3424.38,Withdrawal,14,5,0,0,1,675.98,9.5,3227,0,CUST0488
TXN007228,2044.85,Purchase,8,0,0,0,0,2843.82,3.0,632,0,CUST0252
TXN007229,2174.77,Transfer,9,6,0,0,3,721.35,3.9,2838,0,CUST0294
TXN007230,1404.49,Payment,13,4,0,0,6,1326.28,6.1,3582,0,CUST0161
TXN007231,7836.45,Withdrawal,9,2,0,0,2,938.89,2.3,1682,0,CUST0366
TXN007232,20769.1,Transfer,10,3,0,0,4,960.63,15.8,3468,0,CUST0061
TXN007233,362.76,Transfer,18,1,0,0,3,1765.73,4.1,2533,0,CUST0217
TXN007234,602.5,Transfer,16,0,0,0,1,800.97,2.9,3062,0,CUST0215
TXN007235,3614.55,Payment,10,2,0,0,2,357.98,9.9,2489,0,CUST0455
TXN007236,526.1,Transfer,15,4,0,0,5,1952.12,5.3,1723,0,CUST0047
TXN007237,4560.93,Purchase,20,3,0,0,5,842.48,0.9,2051,0,CUST0353
TXN007238,1246.56,Payment,15,2,0,0,4,349.97,12.5,2397,0,CUST0263
TXN007239,365.91,Transfer,14,0,0,0,4,1364.95,11.2,3560,0,CUST0213
TXN007240,878.54,Purchase,18,4,0,0,1,6014.47,6.8,1276,0,CUST0011
TXN007241,1207.99,Transfer,9,6,0,0,2,556.44,8.0,1014,0,CUST0466
TXN007242,13143.78,Transfer,4,5,0,0,3,3082.53,6.1,3058,0,CUST0203
TXN007243,485.02,Payment,19,2,0,0,3,933.76,5.0,1544,0,CUST0341
TXN007244,1124.46,Payment,20,0,0,0,4,766.66,4.9,1596,0,CUST0499
TXN007245,170.22,Purchase,10,2,0,0,2,2273.55,6.6,2673,0,CUST0493
TXN007246,4854.83,Purchase,10,4,0,0,4,1232.12,3.9,3568,0,CUST0467
TXN007247,590.15,Purchase,20,4,0,0,5,3238.13,15.7,2409,0,CUST0219
TXN007248,2833.97,Purchase,17,6,0,0,5,250.68,2.4,1601,0,CUST0396
TXN007249,897.74,Withdrawal,14,6,0,0,3,3219.04,10.5,2982,0,CUST0194
TXN007250,570.11,Purchase,17,2,0,0,2,1842.1,1.4,2644,0,CUST0198
TXN007251,995.63,Withdrawal,11,2,0,0,2,1699.21,3.4,1103,0,CUST0359
TXN007252,5385.72,Payment,15,6,0,0,0,873.45,4.5,1604,0,CUST0462
TXN007253,3952.6,Transfer,18,1,0,0,0,699.96,3.3,988,0,CUST0432
TXN007254,617.89,Transfer,23,5,0,0,1,4226.58,2.0,1425,0,CUST0409
TXN007255,10224.22,Payment,10,1,0,0,3,3695.56,4.2,3272,0,CUST0116
TXN007256,247.16,Transfer,14,0,0,0,3,546.23,0.1,2788,0,CUST0039
TXN007257,4102.59,Payment,8,1,0,0,3,862.63,0.4,3436,0,CUST0335
TXN007258,712.66,Transfer,16,5,0,0,2,1709.7,6.3,2219,0,CUST0253
TXN007259,5523.87,Purchase,12,3,0,0,8,4863.61,12.1,1655,0,CUST0408
TXN007260,11004.83,Purchase,17,4,0,0,2,1742.78,6.3,2095,0,CUST0405
TXN007261,5279.13,Withdrawal,23,3,0,0,1,272.83,1.0,1928,0,CUST0481
TXN007262,7038.78,Payment,7,5,0,0,0,4703.97,0.4,979,0,CUST0276
TXN007263,5333.52,Payment,18,5,0,0,3,1638.68,9.2,2322,0,CUST0172
TXN007264,1144.47,Transfer,17,3,0,0,2,2259.77,2.9,3356,0,CUST0378
TXN007265,1516.05,Transfer,18,4,0,0,0,5531.52,1.0,1943,0,CUST0432
TXN007266,1663.86,Payment,22,3,0,0,4,687.34,3.5,2071,0,CUST0006
TXN007267,7514.79,Transfer,12,5,0,0,6,4126.68,5.3,1174,0,CUST0456
TXN007268,447.14,Transfer,14,5,0,0,1,722.81,10.9,1128,0,CUST0031
TXN007269,1996.83,Transfer,10,5,0,0,5,2986.29,1.2,2770,0,CUST0327
TXN007270,1505.38,Purchase,14,1,0,0,4,1673.51,5.6,2541,0,CUST0292
TXN007271,629.73,Withdrawal,11,3,0,0,0,3054.24,5.9,547,0,CUST0092
TXN007272,3082.08,Purchase,11,3,0,0,2,6092.35,5.8,34,0,CUST0421
TXN007273,1242.87,Payment,23,3,0,0,4,738.56,2.7,1015,0,CUST0290
TXN007274,2825.77,Withdrawal,11,6,0,0,2,662.56,11.7,715,0,CUST0370
TXN007275,708.54,Payment,12,6,1,0,2,8447.71,3.3,2210,0,CUST0216
TXN007276,2392.2,Payment,19,3,0,0,3,1721.54,2.1,1348,0,CUST0356
TXN007277,1613.54,Purchase,13,5,0,0,1,3203.75,5.0,2441,0,CUST0006
TXN007278,328.73,Payment,14,5,0,0,4,943.8,4.8,688,0,CUST0472
TXN007279,2175.85,Withdrawal,14,6,0,0,0,1397.67,8.0,839,0,CUST0332
TXN007280,2489.04,Purchase,7,0,0,0,6,2078.43,1.9,472,0,CUST0241
TXN007281,76754.82,Transfer,4,2,1,0,7,1454.67,178.4,321,1,CUST0060
TXN007282,2807.53,Withdrawal,9,2,0,0,1,2880.56,5.7,1300,0,CUST0287
TXN007283,1226.3,Payment,8,6,0,0,1,594.29,0.4,2983,0,CUST0286
TXN007284,3168.2,Withdrawal,9,5,0,0,3,10700.44,5.4,2656,0,CUST0019
TXN007285,4061.3,Withdrawal,19,1,0,0,5,567.59,7.5,1518,0,CUST0150
TXN007286,395.48,Payment,10,6,0,0,5,2041.96,3.6,2640,0,CUST0413
TXN007287,2818.1,Withdrawal,9,0,0,0,2,3894.07,9.2,2084,0,CUST0147
TXN007288,1981.78,Purchase,15,6,0,0,2,1452.2,0.5,800,0,CUST0214
TXN007289,4310.45,Withdrawal,20,6,0,0,4,4381.6,0.3,258,0,CUST0376
TXN007290,872.91,Withdrawal,8,3,0,1,1,820.53,20.7,2124,0,CUST0176
TXN007291,1721.76,Payment,13,2,0,0,3,2586.37,0.1,49,0,CUST0053
TXN007292,810.43,Purchase,17,3,0,0,2,1741.77,4.2,459,0,CUST0459
TXN007293,10898.29,Transfer,18,2,0,0,1,887.1,0.6,2279,0,CUST0292
TXN007294,558.98,Transfer,16,6,0,0,3,1713.95,7.3,3076,0,CUST0019
TXN007295,2251.39,Transfer,12,0,0,0,2,1931.61,24.8,3335,0,CUST0115
TXN007296,3317.42,Transfer,9,6,0,0,4,2969.83,17.3,355,0,CUST0388
TXN007297,3916.09,Transfer,16,6,0,0,1,214.21,3.2,2205,0,CUST0143
TXN007298,315.17,Payment,21,5,0,0,0,1377.11,0.2,239,0,CUST0256
TXN007299,714.23,Purchase,8,0,0,0,6,1161.25,1.2,2499,0,CUST0191
TXN007300,2869.98,Transfer,12,2,0,0,1,1368.9,4.4,2720,0,CUST0390
TXN007301,19692.0,Payment,14,6,0,0,1,885.94,5.5,592,0,CUST0382
TXN007302,3653.5,Purchase,19,1,0,0,3,2090.23,1.2,1806,0,CUST0213
TXN007303,1183.51,Purchase,14,0,0,0,1,2761.7,9.7,3291,0,CUST0449
TXN007304,5284.54,Transfer,16,6,0,0,3,1581.29,1.9,2584,0,CUST0126
TXN007305,426.02,Payment,15,3,0,0,2,1282.17,0.7,2961,0,CUST0260
TXN007306,848.65,Payment,18,3,0,0,3,2850.26,5.0,982,0,CUST0080
TXN007307,3309.38,Transfer,15,1,0,0,2,5815.29,15.5,592,0,CUST0252
TXN007308,1233.42,Purchase,9,0,0,0,2,1841.91,1.4,1715,0,CUST0221
TXN007309,4327.68,Payment,12,3,0,0,1,684.42,3.6,101,0,CUST0410
TXN007310,3085.99,Purchase,13,1,0,0,1,542.35,2.7,735,0,CUST0128
TXN007311,3894.94,Withdrawal,17,6,0,0,5,1890.61,25.8,388,0,CUST0096
TXN007312,224.42,Withdrawal,9,1,0,0,1,4459.04,3.6,2220,0,CUST0340
TXN007313,1638.75,Withdrawal,13,5,0,0,1,2494.35,1.6,1137,0,CUST0065
TXN007314,4623.79,Withdrawal,14,3,0,1,3,2927.88,16.0,3481,0,CUST0081
TXN007315,984.36,Withdrawal,16,6,0,0,4,2006.86,0.5,806,0,CUST0260
TXN007316,750.48,Purchase,16,2,0,0,3,2556.61,8.4,2427,0,CUST0100
TXN007317,10540.49,Payment,15,3,0,1,1,2138.82,2.0,3040,0,CUST0036
TXN007318,13847.69,Withdrawal,17,0,0,0,2,3140.74,0.3,1036,0,CUST0468
TXN007319,3861.55,Withdrawal,16,6,0,0,2,1737.98,4.7,1129,0,CUST0338
TXN007320,3203.69,Purchase,16,0,1,0,3,338.44,9.8,688,0,CUST0487
TXN007321,664.27,Payment,9,4,0,0,2,453.81,2.3,1796,0,CUST0260
TXN007322,1382.25,Purchase,17,5,0,0,2,2091.03,1.4,372,0,CUST0205
TXN007323,759.06,Purchase,15,6,0,0,3,1833.51,0.8,1444,0,CUST0493
TXN007324,916.07,Transfer,16,0,0,0,1,2527.04,3.9,724,0,CUST0122
TXN007325,609.57,Transfer,10,1,0,0,4,2476.07,4.6,56,0,CUST0243
TXN007326,2203.05,Transfer,10,6,0,0,1,334.58,8.1,1519,0,CUST0282
TXN007327,5794.93,Payment,23,1,1,0,2,601.7,0.9,539,0,CUST0308
TXN007328,1560.65,Transfer,14,1,0,0,1,2177.37,5.5,3624,0,CUST0435
TXN007329,5772.31,Transfer,12,2,0,1,4,1259.23,9.2,2641,0,CUST0443
TXN007330,3844.09,Withdrawal,20,4,0,0,1,16804.23,2.5,1677,0,CUST0329
TXN007331,1215.37,Withdrawal,15,3,0,0,0,458.55,1.1,169,0,CUST0149
TXN007332,8023.56,Withdrawal,21,3,0,0,2,6647.56,2.1,1421,0,CUST0190
TXN007333,2493.12,Transfer,18,1,0,0,7,3581.34,9.7,369,0,CUST0016
TXN007334,840.21,Payment,20,3,0,0,2,2767.65,1.7,1868,0,CUST0410
TXN007335,292.63,Purchase,20,1,0,0,2,4870.65,0.3,162,0,CUST0038
TXN007336,814.49,Purchase,17,6,0,0,3,2442.95,1.9,2011,0,CUST0414
TXN007337,4871.67,Purchase,10,4,0,0,0,1269.42,1.4,810,0,CUST0154
TXN007338,9448.56,Withdrawal,14,5,0,0,3,1201.94,3.3,1663,0,CUST0482
TXN007339,740.43,Payment,8,0,1,0,3,2386.84,8.4,1603,0,CUST0084
TXN007340,3156.24,Payment,20,3,0,0,4,1024.11,3.5,1477,0,CUST0124
TXN007341,2766.92,Payment,13,5,0,0,2,468.96,3.2,3458,0,CUST0023
TXN007342,475.64,Transfer,10,3,0,0,4,650.34,0.5,2468,0,CUST0489
TXN007343,3035.77,Transfer,11,5,0,0,4,2166.4,0.5,2707,0,CUST0352
TXN007344,254.01,Withdrawal,17,6,0,0,4,641.41,5.4,49,0,CUST0414
TXN007345,4919.91,Payment,14,5,0,1,3,2005.22,1.5,469,0,CUST0154
TXN007346,1657.25,Transfer,15,0,0,0,3,2688.26,0.8,765,0,CUST0363
TXN007347,5546.75,Purchase,8,6,0,0,2,10248.67,1.1,3154,0,CUST0216
TXN007348,1035.44,Payment,12,2,0,0,1,1962.19,15.2,2314,0,CUST0184
TXN007349,2538.57,Purchase,10,1,0,0,3,1520.36,4.3,174,0,CUST0492
TXN007350,2460.23,Transfer,15,0,0,0,2,1758.9,0.2,208,0,CUST0067
TXN007351,385.7,Purchase,16,2,0,0,1,408.4,4.6,1802,0,CUST0344
TXN007352,196.29,Withdrawal,16,2,0,0,3,1482.88,1.6,2571,0,CUST0489
TXN007353,2687.5,Withdrawal,11,2,1,0,3,1973.52,3.0,1271,0,CUST0415
TXN007354,1741.98,Transfer,6,3,0,0,3,5651.59,3.7,2265,0,CUST0278
TXN007355,1287.8,Purchase,17,3,0,0,4,688.63,4.3,3540,0,CUST0250
TXN007356,2791.3,Transfer,12,2,0,0,3,1425.48,1.3,3131,0,CUST0121
TXN007357,868.73,Payment,9,1,0,0,0,1854.15,15.6,2328,0,CUST0406
TXN007358,1797.95,Withdrawal,16,3,0,0,3,6142.22,4.3,1635,0,CUST0376
TXN007359,910.8,Purchase,14,6,0,1,3,1135.92,3.3,1888,0,CUST0184
TXN007360,7938.52,Transfer,17,5,0,0,3,917.91,2.7,1635,0,CUST0315
TXN007361,589.03,Payment,12,1,0,0,1,1358.15,7.3,2238,0,CUST0265
TXN007362,4434.04,Withdrawal,14,6,0,0,3,6362.91,0.3,917,0,CUST0343
TXN007363,2183.38,Withdrawal,19,1,0,0,1,1765.34,7.2,3297,0,CUST0343
TXN007364,10289.71,Payment,11,6,1,0,1,1880.72,9.8,578,0,CUST0148
TXN007365,4056.43,Purchase,11,6,0,0,3,5584.27,7.6,2232,0,CUST0283
TXN007366,3478.53,Purchase,14,1,0,0,4,1146.79,0.5,1726,0,CUST0027
TXN007367,951.78,Transfer,0,3,0,0,3,915.79,2.4,2783,0,CUST0061
TXN007368,557.01,Purchase,17,2,0,0,3,1954.67,1.5,2664,0,CUST0285
TXN007369,4342.36,Payment,14,4,0,0,0,387.14,1.8,1214,0,CUST0452
TXN007370,1089.05,Transfer,13,3,0,0,1,2376.82,0.3,1045,0,CUST0436
TXN007371,898.3,Transfer,12,5,0,0,3,2112.21,10.7,2106,0,CUST0271
TXN007372,542.44,Payment,11,2,0,0,0,2484.23,4.0,1621,0,CUST0135
TXN007373,1006.34,Purchase,18,2,0,0,1,7734.18,1.6,890,0,CUST0084
TXN007374,967.94,Purchase,14,1,0,0,3,3292.34,1.8,3444,0,CUST0201
TXN007375,2625.02,Purchase,20,2,0,0,1,847.27,11.5,3249,0,CUST0368
TXN007376,561.0,Purchase,17,2,0,0,1,2483.29,5.7,1133,0,CUST0477
TXN007377,10740.74,Payment,14,5,0,0,2,847.57,2.8,706,0,CUST0331
TXN007378,2347.38,Payment,18,3,0,0,2,2165.12,4.6,2085,0,CUST0322
TXN007379,2475.85,Transfer,11,6,0,0,3,2636.1,0.4,1086,0,CUST0408
TXN007380,3435.42,Withdrawal,12,1,0,0,0,2682.49,3.1,1568,0,CUST0322
TXN007381,491.97,Payment,23,5,0,0,4,275.87,2.0,2942,0,CUST0361
TXN007382,3904.83,Payment,2,3,0,0,1,1055.38,0.0,2818,0,CUST0378
TXN007383,980.67,Transfer,8,5,1,0,3,746.52,0.4,410,0,CUST0332
TXN007384,1061.35,Payment,16,6,0,0,0,5987.13,21.4,2852,0,CUST0406
TXN007385,6245.3,Purchase,17,2,0,0,5,1049.71,13.5,2586,0,CUST0197
TXN007386,683.92,Transfer,14,4,0,0,4,3602.18,16.2,281,0,CUST0500
TXN007387,1037.93,Withdrawal,10,4,0,0,3,1610.59,1.4,3102,0,CUST0377
TXN007388,3955.55,Payment,8,3,0,0,3,2145.0,3.3,710,0,CUST0464
TXN007389,4403.91,Withdrawal,22,4,1,0,3,3078.52,10.3,1667,0,CUST0455
TXN007390,7370.94,Transfer,12,1,0,1,10,917.39,129.4,288,1,CUST0427
TXN007391,3397.56,Transfer,19,3,0,0,2,1640.1,4.2,583,0,CUST0008
TXN007392,5150.82,Purchase,12,5,0,0,6,2203.44,3.6,784,0,CUST0051
TXN007393,1297.42,Transfer,17,2,0,0,3,1318.51,16.2,1867,0,CUST0340
TXN007394,2581.83,Transfer,6,6,0,0,1,2346.66,32.0,2896,0,CUST0378
TXN007395,464.72,Withdrawal,17,5,0,0,2,1708.19,2.1,1782,0,CUST0494
TXN007396,2536.87,Payment,14,4,0,0,3,1088.81,2.3,1346,0,CUST0091
TXN007397,7903.91,Transfer,12,3,0,0,0,2561.51,7.5,2836,0,CUST0081
TXN007398,2428.99,Payment,12,0,0,0,4,5695.21,5.5,2460,0,CUST0210
TXN007399,2506.76,Payment,18,6,0,0,0,889.06,0.1,928,0,CUST0465
TXN007400,1696.38,Payment,18,5,0,0,3,443.0,1.1,1287,0,CUST0204
TXN007401,2064.2,Payment,16,2,0,0,0,1779.85,4.2,1056,0,CUST0415
TXN007402,2507.21,Payment,11,6,0,0,2,3168.08,4.7,389,0,CUST0048
TXN007403,1017.8,Payment,8,4,0,0,2,1772.58,0.4,1174,0,CUST0354
TXN007404,426.83,Payment,19,0,0,0,1,1595.34,1.9,1431,0,CUST0256
TXN007405,14108.25,Payment,17,6,0,1,5,4773.91,0.3,3317,0,CUST0175
TXN007406,1646.84,Purchase,12,1,1,0,3,1431.81,3.4,1981,0,CUST0056
TXN007407,2716.48,Purchase,9,0,1,0,3,1341.96,4.3,1500,0,CUST0451
TXN007408,1877.27,Payment,13,6,0,0,2,4437.98,0.4,3316,0,CUST0134
TXN007409,2373.77,Purchase,11,0,0,0,3,4316.37,2.3,847,0,CUST0320
TXN007410,843.52,Purchase,12,6,0,0,3,2937.93,17.1,3122,0,CUST0456
TXN007411,684.67,Withdrawal,11,3,0,0,2,913.69,2.8,2290,0,CUST0107
TXN007412,3296.88,Purchase,20,3,0,0,5,2206.58,0.3,416,0,CUST0144
TXN007413,653.33,Transfer,16,0,0,0,1,2482.69,11.9,3329,0,CUST0080
TXN007414,257.92,Purchase,17,6,0,0,3,701.35,2.1,944,0,CUST0413
TXN007415,408.36,Purchase,18,2,0,0,2,5791.92,8.0,2468,0,CUST0212
TXN007416,1629.44,Payment,16,1,0,0,2,3566.34,6.7,1828,0,CUST0272
TXN007417,479.98,Transfer,16,5,0,0,3,11437.94,6.6,2394,0,CUST0394
TXN007418,5186.9,Payment,10,0,1,0,3,348.86,0.2,3473,0,CUST0253
TXN007419,1229.46,Payment,15,6,0,0,0,3403.23,3.5,1115,0,CUST0407
TXN007420,9445.65,Purchase,16,5,0,0,1,2960.04,3.0,1781,0,CUST0417
TXN007421,1852.91,Payment,19,6,0,0,4,794.61,0.6,2527,0,CUST0244
TXN007422,5355.0,Purchase,12,4,0,0,2,2979.97,3.8,603,0,CUST0350
TXN007423,3581.62,Withdrawal,17,2,0,0,3,1471.16,1.5,1884,0,CUST0467
TXN007424,3377.54,Transfer,22,5,0,0,2,1728.02,7.6,982,0,CUST0393
TXN007425,289.85,Purchase,7,1,0,0,3,1175.55,0.3,743,0,CUST0417
TXN007426,5061.7,Withdrawal,18,0,0,0,3,544.46,2.8,2434,0,CUST0473
TXN007427,884.03,Payment,12,6,0,0,2,7043.65,9.8,1957,0,CUST0241
TXN007428,2820.79,Withdrawal,23,2,0,0,4,4342.0,19.3,1991,0,CUST0004
TXN007429,1085.55,Withdrawal,16,5,0,0,2,1041.04,5.8,1595,0,CUST0357
TXN007430,3956.68,Payment,15,5,0,0,3,2177.93,18.4,1594,0,CUST0424
TXN007431,467.47,Payment,7,2,0,0,4,7696.61,1.3,1302,0,CUST0468
TXN007432,4903.14,Purchase,15,1,0,0,1,3569.15,2.0,3079,0,CUST0255
TXN007433,2012.35,Withdrawal,19,6,0,0,2,5882.07,0.6,147,0,CUST0487
TXN007434,976.38,Transfer,11,3,0,0,2,2480.34,0.1,3182,0,CUST0263
TXN007435,3580.38,Payment,11,4,0,0,2,1584.88,1.0,1797,0,CUST0295
TXN007436,1589.42,Transfer,19,4,0,0,0,1742.25,8.1,2410,0,CUST0198
TXN007437,1642.19,Purchase,20,1,0,0,3,4648.69,1.8,151,0,CUST0190
TXN007438,1541.7,Purchase,19,0,0,0,4,799.12,0.4,67,0,CUST0491
TXN007439,4843.53,Payment,10,4,0,0,1,5131.63,2.5,2381,0,CUST0007
TXN007440,5784.87,Purchase,18,2,0,0,1,1889.39,4.1,2230,0,CUST0134
TXN007441,468.11,Payment,12,5,0,0,1,5447.23,0.8,3404,0,CUST0130
TXN007442,19238.9,Transfer,1,6,1,0,5,840.85,12.1,87,1,CUST0075
TXN007443,1402.55,Withdrawal,14,0,0,0,4,491.27,0.9,2889,0,CUST0427
TXN007444,2395.13,Transfer,11,6,0,0,2,3753.46,2.1,1970,0,CUST0088
TXN007445,2227.99,Transfer,12,0,0,0,3,2907.61,3.6,717,0,CUST0381
TXN007446,20308.15,Withdrawal,15,5,0,0,1,3851.13,1.5,1609,0,CUST0326
TXN007447,248.47,Payment,17,4,0,0,3,1636.38,0.4,2165,0,CUST0238
TXN007448,1255.2,Purchase,7,2,0,0,2,5320.98,0.1,1298,0,CUST0307
TXN007449,1915.75,Transfer,15,6,0,0,0,1762.78,2.5,617,0,CUST0242
TXN007450,1957.81,Payment,19,4,0,0,3,4947.08,4.3,698,0,CUST0052
TXN007451,2556.29,Withdrawal,13,6,0,0,2,858.81,0.2,3042,0,CUST0216
TXN007452,2501.84,Withdrawal,17,6,0,0,1,1899.29,1.4,31,0,CUST0450
TXN007453,15078.02,Payment,13,1,0,0,3,2810.47,6.7,1074,0,CUST0054
TXN007454,1728.27,Payment,20,3,0,1,6,4220.92,2.9,474,0,CUST0296
TXN007455,1756.68,Purchase,9,1,1,0,1,1136.0,4.7,1923,0,CUST0015
TXN007456,1749.13,Transfer,17,1,0,0,4,1538.88,13.1,1986,0,CUST0007
TXN007457,7343.7,Transfer,16,6,0,0,3,999.43,0.5,1871,0,CUST0346
TXN007458,941.91,Payment,9,4,0,0,2,2241.34,4.5,2077,0,CUST0161
TXN007459,3349.83,Transfer,18,0,0,0,3,603.74,2.9,1618,0,CUST0058
TXN007460,1169.71,Transfer,19,6,0,0,1,3091.42,9.3,873,0,CUST0290
TXN007461,200.09,Transfer,14,3,0,0,5,453.99,3.2,214,0,CUST0075
TXN007462,2004.03,Transfer,20,4,0,0,2,5951.51,1.3,368,0,CUST0184
TXN007463,1720.79,Transfer,19,5,0,0,2,301.22,3.3,892,0,CUST0443
TXN007464,127151.7,Transfer,9,2,1,0,5,775.14,13.1,93,1,CUST0407
TXN007465,1193.58,Transfer,16,0,0,0,3,1316.93,0.4,880,0,CUST0311
TXN007466,455.93,Transfer,15,5,0,0,2,4198.18,2.7,1765,0,CUST0500
TXN007467,7422.12,Purchase,16,1,0,0,2,1706.4,8.1,161,0,CUST0025
TXN007468,4144.24,Purchase,10,3,0,0,1,7201.3,0.8,1703,0,CUST0332
TXN007469,5208.87,Purchase,18,6,0,0,1,771.87,13.7,3214,0,CUST0471
TXN007470,3327.18,Withdrawal,11,0,0,0,2,1611.39,4.6,1270,0,CUST0097
TXN007471,1893.98,Purchase,8,5,0,0,5,1555.19,8.3,1470,0,CUST0298
TXN007472,8346.11,Withdrawal,12,2,0,0,5,722.27,9.4,2514,0,CUST0249
TXN007473,2409.74,Transfer,18,5,0,0,0,1675.52,7.2,2957,0,CUST0213
TXN007474,2401.49,Transfer,11,3,0,0,5,7885.69,3.1,2729,0,CUST0378
TXN007475,1774.53,Withdrawal,15,3,0,0,5,2458.56,1.2,3056,0,CUST0128
TXN007476,5759.44,Transfer,10,4,0,0,1,1225.31,2.4,2343,0,CUST0393
TXN007477,4056.34,Transfer,20,6,0,0,1,1656.47,15.5,3403,0,CUST0169
TXN007478,655.4,Payment,13,3,0,0,3,400.38,2.1,35,0,CUST0014
TXN007479,1519.98,Payment,11,5,0,0,3,1548.96,2.0,1692,0,CUST0446
TXN007480,7846.72,Payment,17,6,0,0,4,775.34,5.1,3461,0,CUST0091
TXN007481,2583.69,Transfer,14,2,0,0,1,1197.63,3.2,2498,0,CUST0137
TXN007482,10878.65,Payment,23,3,0,0,1,2265.88,2.5,3600,0,CUST0108
TXN007483,4087.7,Transfer,16,5,0,0,3,1820.59,12.0,3079,0,CUST0109
TXN007484,7927.72,Purchase,14,3,0,0,4,1165.46,4.4,844,0,CUST0219
TXN007485,1067.9,Transfer,15,1,0,0,1,4002.64,5.5,2190,0,CUST0202
TXN007486,7251.94,Purchase,18,5,0,0,4,1239.8,0.2,297,0,CUST0367
TXN007487,669.42,Payment,8,4,0,0,2,2884.59,0.5,3472,0,CUST0452
TXN007488,14738.55,Transfer,15,2,0,0,1,4257.12,2.7,3573,0,CUST0359
TXN007489,981.42,Withdrawal,19,0,0,0,1,2086.96,1.4,2263,0,CUST0322
TXN007490,2127.7,Payment,12,3,0,0,2,1051.94,0.7,477,0,CUST0424
TXN007491,17223.64,Transfer,11,6,0,0,5,3178.47,0.1,172,0,CUST0408
TXN007492,14756.04,Payment,16,5,0,0,5,703.74,3.1,3075,0,CUST0100
TXN007493,1622.09,Transfer,15,3,0,0,4,333.6,0.1,953,0,CUST0379
TXN007494,881.9,Payment,9,3,0,0,2,3808.27,20.6,1095,0,CUST0314
TXN007495,4067.6,Payment,11,0,0,0,1,517.31,1.8,155,0,CUST0494
TXN007496,3144.0,Transfer,21,4,0,0,3,1209.24,17.6,1649,0,CUST0074
TXN007497,5463.8,Transfer,17,4,0,0,2,3757.96,7.8,3112,0,CUST0308
TXN007498,2892.9,Payment,21,6,1,0,2,3851.44,0.8,207,0,CUST0101
TXN007499,8414.5,Withdrawal,8,1,0,0,6,1013.43,10.0,315,1,CUST0440
TXN007500,632.43,Transfer,20,4,0,0,2,9474.17,1.7,2035,0,CUST0182
TXN007501,2480.13,Payment,16,5,0,0,3,3090.3,3.5,2676,0,CUST0022
TXN007502,555.03,Payment,9,3,0,0,1,2171.0,10.0,3583,0,CUST0467
TXN007503,413.12,Withdrawal,13,2,0,0,5,9652.02,2.0,392,0,CUST0005
TXN007504,2902.73,Transfer,16,1,0,0,2,3782.68,2.3,2598,0,CUST0110
TXN007505,385.4,Transfer,13,2,0,0,6,16310.39,6.9,3442,0,CUST0320
TXN007506,1476.45,Payment,19,5,0,0,1,2141.13,5.8,1993,0,CUST0157
TXN007507,562.42,Payment,11,4,0,0,4,1948.0,2.8,1447,0,CUST0224
TXN007508,3045.59,Purchase,10,1,0,0,2,639.36,0.1,556,0,CUST0313
TXN007509,1240.88,Payment,10,4,0,0,5,3622.53,13.3,3448,0,CUST0106
TXN007510,3092.72,Payment,13,1,0,0,1,3921.85,11.5,936,0,CUST0189
TXN007511,8400.62,Payment,12,0,0,0,2,1503.82,2.3,1391,0,CUST0272
TXN007512,3535.04,Transfer,16,2,1,0,1,1193.61,1.8,788,0,CUST0124
TXN007513,1328.81,Transfer,13,4,0,0,2,2015.98,10.5,3419,0,CUST0195
TXN007514,2697.74,Transfer,17,3,0,0,5,3391.26,2.2,2835,0,CUST0481
TXN007515,34671.54,Withdrawal,22,0,1,1,7,1805.02,43.7,304,1,CUST0168
TXN007516,3614.72,Withdrawal,8,1,0,0,3,845.4,1.8,572,0,CUST0203
TXN007517,13935.26,Transfer,17,5,0,0,2,477.32,0.1,1217,0,CUST0040
TXN007518,3365.55,Purchase,12,3,0,1,4,2498.17,1.2,3062,0,CUST0329
TXN007519,3219.79,Transfer,12,1,0,0,2,1014.98,13.3,3411,0,CUST0476
TXN007520,1846.91,Transfer,22,5,0,0,3,1250.91,21.7,1622,0,CUST0248
TXN007521,3143.68,Payment,19,4,0,0,4,854.31,8.2,864,0,CUST0349
TXN007522,4660.17,Payment,14,5,0,0,2,2147.72,4.4,1027,0,CUST0029
TXN007523,3468.65,Payment,16,1,0,0,8,1030.72,6.3,3412,0,CUST0231
TXN007524,3629.88,Purchase,11,6,0,0,2,1392.66,8.3,1312,0,CUST0105
TXN007525,11562.28,Transfer,16,6,0,0,6,1251.35,8.2,613,0,CUST0421
TXN007526,847.01,Transfer,12,0,0,0,2,1228.75,8.0,2021,0,CUST0036
TXN007527,8352.65,Payment,9,4,0,0,1,2028.39,4.6,3094,0,CUST0080
TXN007528,499.9,Purchase,15,0,0,0,1,1908.32,3.5,1381,0,CUST0101
TXN007529,2392.66,Payment,12,4,0,0,4,698.01,3.5,3223,0,CUST0290
TXN007530,16005.12,Purchase,2,1,1,1,5,637.15,96.3,101,1,CUST0165
TXN007531,964.74,Payment,19,1,0,0,2,2370.1,3.9,3219,0,CUST0433
TXN007532,909.84,Withdrawal,15,4,0,0,3,1178.74,3.4,1055,0,CUST0113
TXN007533,1439.83,Payment,11,4,0,0,3,3000.81,1.9,1603,0,CUST0157
TXN007534,619.02,Payment,16,3,0,0,4,1611.5,12.3,2836,0,CUST0343
TXN007535,4410.31,Payment,17,0,0,0,7,3784.22,1.9,151,0,CUST0181
TXN007536,2519.08,Withdrawal,20,0,0,0,2,2441.6,7.0,598,0,CUST0108
TXN007537,453.59,Transfer,19,6,0,0,6,1450.53,3.1,3613,0,CUST0234
TXN007538,10055.83,Payment,1,3,0,0,2,3201.86,12.8,524,0,CUST0174
TXN007539,8522.8,Purchase,21,1,0,0,2,1247.75,0.9,3330,0,CUST0365
TXN007540,1667.57,Payment,18,6,0,0,3,5065.51,3.4,1972,0,CUST0215
TXN007541,6454.74,Withdrawal,9,6,0,0,6,1235.67,4.6,1443,0,CUST0170
TXN007542,2025.27,Withdrawal,8,4,0,0,2,3167.97,1.2,1172,0,CUST0497
TXN007543,1227.91,Transfer,19,0,0,0,4,1895.16,3.1,3193,0,CUST0036
TXN007544,1675.81,Payment,20,4,0,0,4,1855.38,0.5,2744,0,CUST0333
TXN007545,3475.45,Purchase,7,2,0,0,6,1406.81,0.3,1615,0,CUST0499
TXN007546,2590.84,Withdrawal,14,3,0,0,1,5979.54,1.3,2992,0,CUST0015
TXN007547,1523.58,Withdrawal,15,4,1,0,1,10688.86,4.3,390,0,CUST0155
TXN007548,1612.37,Withdrawal,14,1,0,0,3,3298.05,2.1,1564,0,CUST0262
TXN007549,362.29,Withdrawal,19,6,0,0,5,535.34,2.6,1028,0,CUST0449
TXN007550,1092.73,Withdrawal,13,5,0,0,1,3947.46,8.3,220,0,CUST0449
TXN007551,2226.8,Purchase,13,5,0,0,3,384.49,5.7,2151,0,CUST0259
TXN007552,5000.0,Withdrawal,18,3,1,0,10,1281.28,201.1,304,1,CUST0200
TXN007553,4706.51,Transfer,13,6,0,0,2,2102.9,5.8,171,0,CUST0251
TXN007554,2686.28,Withdrawal,16,2,0,0,5,2248.79,4.9,1081,0,CUST0050
TXN007555,825.7,Payment,9,4,0,0,0,3928.49,5.5,3011,0,CUST0313
TXN007556,783.63,Transfer,18,0,0,0,3,946.86,0.8,1368,0,CUST0491
TXN007557,576.1,Payment,20,6,0,0,1,548.41,4.4,2973,0,CUST0479
TXN007558,683.46,Payment,11,5,0,0,3,1364.23,11.9,2991,0,CUST0384
TXN007559,2763.26,Payment,10,2,0,0,6,3763.6,9.0,3023,0,CUST0235
TXN007560,1865.71,Transfer,18,6,0,0,0,3044.58,3.4,1539,0,CUST0288
TXN007561,706.74,Transfer,12,2,0,0,1,1810.11,3.0,3413,0,CUST0180
TXN007562,3357.94,Purchase,18,2,0,0,1,786.3,4.8,1156,0,CUST0110
TXN007563,1409.46,Payment,10,6,0,0,4,1231.84,6.1,1704,0,CUST0059
TXN007564,1608.78,Transfer,19,1,0,0,3,1842.94,1.8,2682,0,CUST0219
TXN007565,8228.95,Payment,19,3,0,0,0,2492.37,4.4,2296,0,CUST0016
TXN007566,2504.38,Withdrawal,18,0,0,0,1,4117.99,13.9,207,0,CUST0179
TXN007567,3414.3,Payment,6,2,0,0,1,591.35,2.3,475,0,CUST0499
TXN007568,4244.65,Payment,18,0,0,0,2,1944.7,3.5,2422,0,CUST0048
TXN007569,14136.9,Purchase,13,6,0,0,0,762.66,4.4,276,0,CUST0336
TXN007570,896.06,Payment,9,2,0,0,3,4137.23,5.7,217,0,CUST0254
TXN007571,7257.31,Withdrawal,11,1,0,0,6,4887.27,0.1,2444,0,CUST0296
TXN007572,730.54,Withdrawal,12,5,1,0,6,15270.76,2.5,271,0,CUST0481
TXN007573,2048.27,Transfer,15,5,0,0,2,8245.98,4.1,2507,0,CUST0381
TXN007574,661.62,Purchase,15,0,0,0,1,3781.06,12.3,2681,0,CUST0365
TXN007575,235.28,Payment,20,5,0,0,2,462.05,5.1,847,0,CUST0080
TXN007576,4411.03,Payment,13,1,0,0,0,2838.98,0.5,3275,0,CUST0036
TXN007577,2526.16,Payment,15,1,0,0,3,1209.88,2.2,2495,0,CUST0199
TXN007578,4497.89,Payment,14,6,0,0,4,10883.25,5.0,2507,0,CUST0349
TXN007579,446.84,Payment,0,6,0,0,6,1424.21,0.6,39,0,CUST0054
TXN007580,9937.81,Payment,11,1,0,0,2,2589.8,7.5,2479,0,CUST0488
TXN007581,1280.3,Payment,18,3,0,0,2,3046.3,0.8,54,0,CUST0235
TXN007582,584.23,Transfer,19,1,0,0,2,888.14,1.3,2150,0,CUST0028
TXN007583,1177.73,Purchase,17,5,0,0,4,336.29,4.3,2127,0,CUST0359
TXN007584,9078.93,Payment,10,5,0,0,3,658.95,3.0,3475,0,CUST0080
TXN007585,5000.0,Withdrawal,12,2,1,0,10,952.57,57.3,107,1,CUST0252
TXN007586,467.54,Purchase,8,2,0,0,4,1487.74,11.2,2914,0,CUST0386
TXN007587,226.53,Payment,9,1,0,0,5,780.26,5.6,3604,0,CUST0157
TXN007588,4322.99,Transfer,13,3,0,0,3,2802.52,0.4,1400,0,CUST0188
TXN007589,373.53,Transfer,12,4,0,0,0,779.21,1.0,597,0,CUST0186
TXN007590,2086.09,Purchase,14,1,0,0,2,1566.08,0.5,1221,0,CUST0484
TXN007591,1065.31,Transfer,10,6,0,0,4,1086.16,0.4,1424,0,CUST0389
TXN007592,1455.16,Withdrawal,14,4,0,0,5,427.11,5.8,1944,0,CUST0013
TXN007593,7603.28,Transfer,15,1,0,0,3,195.96,2.9,2938,0,CUST0326
TXN007594,4716.47,Purchase,12,1,0,0,5,2703.32,8.1,1575,0,CUST0497
TXN007595,434.06,Payment,13,2,0,0,1,2632.13,1.4,2802,0,CUST0443
TXN007596,907.68,Payment,18,1,0,0,1,2240.23,11.1,3165,0,CUST0499
TXN007597,18671.71,Transfer,20,2,1,1,9,1513.28,10.0,232,1,CUST0392
TXN007598,6146.07,Transfer,7,1,0,0,0,1792.21,6.8,2566,0,CUST0329
TXN007599,1311.28,Purchase,11,1,0,0,4,4145.31,0.5,684,0,CUST0081
TXN007600,2178.55,Payment,12,2,0,0,2,5362.32,1.2,901,0,CUST0002
TXN007601,90.82,Payment,21,1,0,0,6,316.76,0.8,3611,0,CUST0355
TXN007602,925.71,Withdrawal,14,6,0,0,1,2138.56,6.9,3489,0,CUST0138
TXN007603,3132.8,Withdrawal,8,5,0,0,2,4580.14,2.9,1226,0,CUST0354
TXN007604,1027.56,Transfer,13,4,0,0,3,7553.72,4.0,2151,0,CUST0260
TXN007605,1499.33,Purchase,10,2,0,0,3,2049.59,5.1,2737,0,CUST0291
TXN007606,901.72,Transfer,20,6,0,0,3,3655.36,5.0,1453,0,CUST0433
TXN007607,308.57,Transfer,9,6,0,0,4,1958.93,0.3,2677,0,CUST0103
TXN007608,2501.78,Payment,9,1,0,0,3,486.0,3.5,3179,0,CUST0472
TXN007609,2334.1,Payment,22,1,0,0,3,1123.95,7.1,455,0,CUST0114
TXN007610,2432.26,Transfer,11,4,0,0,0,2466.54,0.9,2210,0,CUST0403
TXN007611,1200.28,Payment,16,0,0,1,3,8719.94,4.3,714,0,CUST0263
TXN007612,1439.76,Transfer,9,4,0,0,2,2405.49,4.4,2789,0,CUST0414
TXN007613,1040.47,Payment,21,0,0,0,2,5008.22,5.8,1016,0,CUST0318
TXN007614,16076.2,Withdrawal,11,3,0,0,4,334.9,3.8,434,0,CUST0279
TXN007615,1275.82,Payment,15,0,0,0,3,2022.08,0.4,1987,0,CUST0454
TXN007616,4784.33,Transfer,15,2,0,0,5,3789.27,1.8,3196,0,CUST0197
TXN007617,32796.96,Purchase,6,2,0,0,13,2503.09,85.4,131,1,CUST0155
TXN007618,220.39,Payment,13,3,0,0,2,2016.26,3.3,3250,0,CUST0370
TXN007619,533.41,Payment,17,6,0,0,4,2738.11,1.3,2289,0,CUST0278
TXN007620,1950.17,Withdrawal,11,0,0,0,4,2467.31,2.0,3114,0,CUST0397
TXN007621,1690.57,Payment,16,0,0,0,1,2170.36,1.0,1168,0,CUST0075
TXN007622,706.65,Payment,17,1,0,0,1,648.54,1.8,188,0,CUST0149
TXN007623,488.42,Payment,9,0,0,0,3,531.29,0.6,550,0,CUST0032
TXN007624,3549.97,Payment,11,2,0,0,2,2650.57,4.6,2365,0,CUST0122
TXN007625,978.34,Payment,21,3,0,0,5,3612.97,16.5,743,0,CUST0175
TXN007626,3051.3,Payment,13,3,0,0,4,5895.04,13.9,859,0,CUST0262
TXN007627,1607.33,Transfer,12,5,0,0,2,3408.07,0.2,1298,0,CUST0062
TXN007628,1928.08,Transfer,12,6,0,0,2,5728.91,4.8,3500,0,CUST0064
TXN007629,907.61,Payment,13,2,0,0,2,1728.16,3.8,3295,0,CUST0396
TXN007630,1043.37,Payment,16,3,0,0,1,923.47,16.2,1466,0,CUST0422
TXN007631,12814.69,Purchase,18,1,0,0,1,3081.44,5.2,1691,0,CUST0135
TXN007632,1739.74,Transfer,14,6,0,0,2,2604.7,1.8,1536,0,CUST0447
TXN007633,1055.14,Transfer,20,0,0,0,2,1584.98,4.5,2950,0,CUST0139
TXN007634,4895.38,Purchase,11,6,0,0,1,789.85,3.4,2897,0,CUST0284
TXN007635,1820.38,Payment,8,4,0,0,3,1567.47,13.9,3222,0,CUST0285
TXN007636,517.44,Transfer,17,3,0,0,4,1028.49,15.2,1683,0,CUST0040
TXN007637,9259.74,Transfer,16,4,0,0,1,3569.33,1.3,618,0,CUST0283
TXN007638,3204.93,Payment,20,5,0,0,2,1850.0,3.6,2204,0,CUST0288
TXN007639,4922.8,Withdrawal,9,2,0,0,0,513.08,0.3,1517,0,CUST0201
TXN007640,233.36,Withdrawal,15,3,0,0,0,1543.27,22.2,1844,0,CUST0488
TXN007641,1118.06,Transfer,20,2,0,0,5,3849.9,5.8,3098,0,CUST0148
TXN007642,1176.97,Purchase,18,4,0,0,0,732.28,4.2,3607,0,CUST0215
TXN007643,2010.59,Withdrawal,20,0,1,0,2,764.67,8.8,2346,0,CUST0300
TXN007644,9896.71,Payment,18,3,0,1,1,10994.16,1.5,425,0,CUST0229
TXN007645,15087.64,Purchase,12,6,0,0,4,787.14,4.1,1861,0,CUST0224
TXN007646,5209.14,Transfer,9,3,0,0,1,2631.14,0.3,373,0,CUST0370
TXN007647,2454.47,Purchase,16,1,0,0,1,818.64,3.3,57,0,CUST0185
TXN007648,365.91,Purchase,13,6,0,0,3,3420.06,1.9,3260,0,CUST0122
TXN007649,2365.66,Withdrawal,13,4,0,0,2,2085.11,0.2,2718,0,CUST0499
TXN007650,418.06,Transfer,10,1,1,0,3,1675.67,2.0,3304,0,CUST0055
TXN007651,756.58,Payment,10,6,0,0,5,4192.73,10.9,683,0,CUST0002
TXN007652,4389.13,Withdrawal,15,0,0,0,2,1722.41,6.6,3004,0,CUST0064
TXN007653,3577.21,Transfer,16,6,0,0,0,3845.77,7.6,1915,0,CUST0300
TXN007654,1796.29,Payment,7,6,0,0,2,583.88,5.0,3440,0,CUST0329
TXN007655,4078.6,Transfer,13,4,0,0,5,4005.17,1.3,2210,0,CUST0307
TXN007656,4457.21,Payment,16,0,0,0,1,641.09,10.7,3550,0,CUST0443
TXN007657,918.22,Payment,12,1,0,0,2,2882.81,1.9,1650,0,CUST0332
TXN007658,1220.37,Transfer,8,4,0,0,1,1574.53,0.1,1088,0,CUST0162
TXN007659,2207.93,Payment,14,2,0,0,1,1984.0,3.1,797,0,CUST0403
TXN007660,1027.85,Withdrawal,18,1,0,1,3,490.09,0.3,1025,0,CUST0219
TXN007661,3420.72,Payment,11,4,0,0,3,1217.55,3.2,2840,0,CUST0003
TXN007662,2677.49,Payment,17,3,0,0,4,2982.69,0.3,3530,0,CUST0488
TXN007663,3157.99,Transfer,5,5,0,0,3,7485.23,3.5,2712,0,CUST0127
TXN007664,2547.65,Purchase,9,6,0,0,3,2034.95,15.0,1825,0,CUST0486
TXN007665,651.21,Transfer,16,1,1,0,2,455.63,1.9,2010,0,CUST0128
TXN007666,335.72,Payment,15,1,0,1,3,650.13,15.5,3214,0,CUST0441
TXN007667,2305.69,Payment,21,6,0,0,2,814.59,1.2,2205,0,CUST0048
TXN007668,13976.81,Withdrawal,21,5,1,0,11,1372.25,22.8,287,1,CUST0440
TXN007669,736.55,Withdrawal,17,5,0,0,2,1907.32,3.2,368,0,CUST0500
TXN007670,273.24,Withdrawal,18,4,0,0,2,806.33,4.4,633,0,CUST0019
TXN007671,1449.17,Purchase,17,0,0,0,2,1773.2,7.3,322,0,CUST0184
TXN007672,993.98,Withdrawal,21,5,0,0,3,4120.83,6.7,2405,0,CUST0321
TXN007673,2154.28,Payment,21,2,0,0,3,5796.09,0.5,524,0,CUST0183
TXN007674,1672.67,Transfer,13,1,0,1,2,776.59,6.7,2763,0,CUST0095
TXN007675,7729.16,Payment,17,0,0,0,2,1970.07,9.0,1548,0,CUST0334
TXN007676,924.62,Transfer,10,3,1,0,2,3306.11,1.4,3564,0,CUST0289
TXN007677,10280.3,Payment,15,2,0,0,0,3100.9,0.8,1629,0,CUST0157
TXN007678,1459.9,Payment,15,6,0,0,2,529.46,5.9,202,0,CUST0203
TXN007679,1865.09,Purchase,11,2,0,0,4,559.88,2.7,2218,0,CUST0485
TXN007680,19389.1,Transfer,4,1,0,0,18,851.87,139.0,136,1,CUST0448
TXN007681,1081.53,Transfer,12,5,0,0,2,3312.89,5.3,155,0,CUST0494
TXN007682,4888.1,Transfer,16,2,0,0,5,6966.28,0.5,402,0,CUST0149
TXN007683,823.87,Transfer,21,3,0,0,5,421.54,0.8,1609,0,CUST0384
TXN007684,2146.23,Withdrawal,9,6,0,0,2,2000.4,7.7,264,0,CUST0326
TXN007685,1112.45,Transfer,10,3,0,0,2,3508.84,24.7,3466,0,CUST0105
TXN007686,5269.93,Transfer,16,4,0,0,1,6979.44,4.4,2569,0,CUST0147
TXN007687,5877.38,Purchase,8,1,0,0,0,1589.31,6.9,913,0,CUST0014
TXN007688,8372.76,Payment,13,0,0,0,4,857.17,2.0,909,0,CUST0049
TXN007689,1913.6,Purchase,14,6,0,0,0,4524.12,6.5,2303,0,CUST0487
TXN007690,11021.56,Purchase,11,1,0,0,1,356.98,2.3,3214,0,CUST0274
TXN007691,1563.45,Purchase,8,2,0,0,3,7853.74,4.8,2458,0,CUST0443
TXN007692,1189.2,Withdrawal,9,3,0,0,3,2059.48,2.8,778,0,CUST0058
TXN007693,3074.41,Transfer,19,5,0,0,2,304.9,1.7,1260,0,CUST0494
TXN007694,1065.29,Transfer,17,0,1,0,4,1611.5,5.3,608,0,CUST0002
TXN007695,1264.17,Purchase,11,3,0,0,3,3298.05,22.0,2455,0,CUST0486
TXN007696,3541.8,Transfer,13,2,0,0,1,2203.42,8.6,1501,0,CUST0340
TXN007697,2503.83,Transfer,15,4,0,0,4,2024.24,10.1,1597,0,CUST0386
TXN007698,1950.72,Purchase,12,1,0,0,4,2413.6,1.6,1706,0,CUST0050
TXN007699,1934.35,Withdrawal,14,5,0,0,4,1130.61,1.3,3508,0,CUST0253
TXN007700,157.78,Purchase,21,5,0,0,3,2089.61,2.3,1818,0,CUST0131
TXN007701,1270.08,Payment,12,5,0,0,6,838.95,6.4,1258,0,CUST0423
TXN007702,893.96,Purchase,15,3,0,0,2,2560.65,6.7,3343,0,CUST0338
TXN007703,6416.71,Withdrawal,18,2,0,0,1,5078.31,9.3,1635,0,CUST0021
TXN007704,3159.41,Payment,17,4,0,0,3,4604.68,1.5,1812,0,CUST0030
TXN007705,926.05,Purchase,19,5,0,1,2,6382.39,9.5,1287,0,CUST0215
TXN007706,709.5,Transfer,12,5,0,0,2,8114.8,1.8,1394,0,CUST0441
TXN007707,3580.76,Payment,19,5,0,0,0,4374.7,2.2,2726,0,CUST0137
TXN007708,904.83,Payment,12,6,0,0,1,776.33,3.8,513,0,CUST0003
TXN007709,3528.9,Transfer,10,3,0,0,2,1434.47,3.1,3514,0,CUST0474
TXN007710,12896.68,Withdrawal,21,0,0,0,3,3986.46,12.8,451,0,CUST0148
TXN007711,1837.25,Transfer,14,6,0,0,2,2405.42,1.3,927,0,CUST0428
TXN007712,1007.36,Payment,10,5,0,0,4,492.82,2.4,3566,0,CUST0023
TXN007713,5533.81,Transfer,10,2,0,0,2,5268.71,1.3,3550,0,CUST0178
TXN007714,9688.3,Transfer,7,3,0,0,1,8565.85,4.9,811,0,CUST0113
TXN007715,437.74,Transfer,17,1,0,0,1,3658.1,5.1,1209,0,CUST0225
TXN007716,5953.34,Purchase,9,2,0,0,6,3487.33,8.8,2467,0,CUST0229
TXN007717,8830.94,Transfer,18,1,0,0,4,1952.04,10.9,1790,0,CUST0471
TXN007718,300.94,Payment,18,5,0,0,2,2120.96,1.3,3436,0,CUST0486
TXN007719,1056.12,Transfer,16,0,0,0,2,14587.13,1.6,3051,0,CUST0165
TXN007720,1484.86,Transfer,22,1,0,0,3,499.81,2.4,3259,0,CUST0444
TXN007721,1837.43,Payment,13,2,0,0,1,366.37,3.1,1256,0,CUST0261
TXN007722,335.4,Transfer,18,1,0,1,1,4779.41,2.3,604,0,CUST0334
TXN007723,802.39,Purchase,17,3,0,0,1,2192.74,0.5,600,0,CUST0242
TXN007724,2079.51,Purchase,22,2,0,0,2,843.49,11.4,970,0,CUST0038
TXN007725,1431.21,Transfer,16,1,0,0,1,954.99,6.0,1113,0,CUST0087
TXN007726,2668.2,Purchase,17,4,0,0,3,4343.76,4.6,1720,0,CUST0103
TXN007727,1160.63,Transfer,10,0,0,0,3,991.31,3.5,2688,0,CUST0304
TXN007728,1645.39,Payment,18,5,0,0,3,1897.97,5.9,2308,0,CUST0238
TXN007729,14434.02,Payment,13,4,0,0,0,1189.08,4.3,3613,0,CUST0120
TXN007730,679.42,Transfer,23,5,0,0,3,1187.16,2.8,978,0,CUST0251
TXN007731,1895.98,Payment,9,5,0,0,1,1121.3,11.6,1715,0,CUST0204
TXN007732,1173.45,Payment,20,3,0,0,2,2118.65,0.1,1687,0,CUST0440
TXN007733,2457.84,Transfer,17,6,0,0,3,1025.14,6.8,3293,0,CUST0465
TXN007734,1943.51,Transfer,21,3,0,0,3,2836.52,17.8,447,0,CUST0205
TXN007735,929.44,Purchase,19,3,0,0,3,4361.15,2.6,3441,0,CUST0384
TXN007736,121.89,Payment,8,3,1,0,1,1207.0,0.3,1380,0,CUST0336
TXN007737,429.06,Transfer,10,3,0,0,3,2437.99,5.5,2745,0,CUST0318
TXN007738,1207.88,Transfer,12,4,0,0,1,1656.55,6.2,1099,0,CUST0347
TXN007739,3344.13,Transfer,8,1,0,0,2,3132.05,0.6,1774,0,CUST0313
TXN007740,1373.17,Transfer,11,2,0,0,1,539.88,0.4,2328,0,CUST0152
TXN007741,6988.63,Payment,10,1,0,0,3,3832.31,6.2,970,0,CUST0293
TXN007742,1610.02,Payment,16,5,0,0,3,2298.22,9.1,1392,0,CUST0498
TXN007743,1147.63,Transfer,19,4,0,0,4,437.09,33.9,2798,0,CUST0188
TXN007744,1313.14,Transfer,14,1,0,0,4,7319.34,1.1,1167,0,CUST0201
TXN007745,441.9,Transfer,16,1,1,0,1,903.43,2.0,1210,0,CUST0273
TXN007746,8237.02,Payment,7,5,1,0,4,1517.15,3.0,770,0,CUST0171
TXN007747,1180.19,Payment,10,4,0,0,2,3522.26,3.8,222,0,CUST0256
TXN007748,655.58,Purchase,16,4,0,0,2,1399.33,0.8,3617,0,CUST0215
TXN007749,20470.02,Payment,20,1,0,0,3,858.45,0.6,1818,0,CUST0396
TXN007750,1483.17,Payment,7,6,0,0,2,1615.95,5.9,307,0,CUST0260
TXN007751,2773.36,Purchase,17,2,0,0,1,465.13,5.4,3081,0,CUST0243
TXN007752,3028.85,Payment,15,2,0,0,1,2081.08,0.5,761,0,CUST0005
TXN007753,17796.15,Transfer,21,0,1,1,7,885.63,122.7,67,1,CUST0095
TXN007754,2184.91,Payment,16,3,0,0,4,2369.04,8.5,1962,0,CUST0391
TXN007755,12375.15,Purchase,13,4,0,0,3,2764.25,2.5,3193,0,CUST0439
TXN007756,1062.23,Purchase,15,0,0,0,3,1867.74,2.7,3253,0,CUST0331
TXN007757,594.99,Purchase,14,6,0,0,0,4348.88,0.2,475,0,CUST0121
TXN007758,3688.59,Transfer,13,5,0,0,2,7956.99,5.9,3400,0,CUST0306
TXN007759,2937.63,Payment,12,0,0,0,3,720.58,17.3,1418,0,CUST0332
TXN007760,2193.83,Payment,17,2,0,0,3,1087.34,6.0,2729,0,CUST0166
TXN007761,5212.05,Transfer,14,0,0,0,1,1732.64,6.7,3522,0,CUST0385
TXN007762,3718.21,Payment,17,6,0,0,4,473.28,5.6,40,0,CUST0328
TXN007763,1195.78,Transfer,10,3,0,0,5,3161.88,2.7,1646,0,CUST0081
TXN007764,3799.72,Payment,17,1,0,0,4,2697.33,2.4,2916,0,CUST0308
TXN007765,267.3,Withdrawal,18,2,0,0,1,374.98,0.1,2886,0,CUST0021
TXN007766,9190.81,Purchase,10,4,0,0,2,1186.87,0.5,2888,0,CUST0127
TXN007767,2521.5,Transfer,7,1,0,0,6,3907.53,0.4,2209,0,CUST0260
TXN007768,2193.93,Payment,21,5,0,0,2,648.11,1.0,2015,0,CUST0305
TXN007769,4763.65,Payment,10,2,0,0,4,3059.92,1.3,2800,0,CUST0412
TXN007770,1471.99,Payment,9,4,0,0,3,2155.84,3.4,3569,0,CUST0485
TXN007771,991.16,Transfer,11,1,0,0,1,2178.54,3.5,789,0,CUST0351
TXN007772,3960.01,Payment,18,6,0,0,4,1554.45,11.1,2492,0,CUST0470
TXN007773,1574.85,Payment,17,1,0,0,3,1428.25,2.2,1717,0,CUST0265
TXN007774,2218.88,Payment,12,4,0,0,2,333.86,3.9,2471,0,CUST0309
TXN007775,911.75,Withdrawal,12,5,0,0,3,1173.87,2.8,1349,0,CUST0048
TXN007776,1008.56,Payment,16,0,0,0,5,7125.07,4.3,109,0,CUST0474
TXN007777,1094.38,Purchase,12,3,0,0,2,716.71,13.7,56,0,CUST0255
TXN007778,2805.96,Payment,18,2,0,0,3,2637.98,9.9,587,0,CUST0045
TXN007779,914.72,Payment,16,3,0,0,2,2619.56,10.7,1818,0,CUST0097
TXN007780,3113.06,Transfer,8,2,0,0,5,3664.86,2.6,696,0,CUST0228
TXN007781,932.04,Withdrawal,16,0,0,0,1,740.14,17.2,787,0,CUST0101
TXN007782,9651.41,Purchase,14,3,0,0,3,6307.29,9.3,2204,0,CUST0408
TXN007783,5000.0,Transfer,19,5,0,1,7,1342.5,95.5,261,1,CUST0440
TXN007784,678.77,Payment,18,6,0,0,5,1138.33,2.1,1986,0,CUST0436
TXN007785,4096.0,Withdrawal,20,6,0,0,2,4674.39,9.4,241,0,CUST0377
TXN007786,587.87,Payment,10,2,0,0,5,2773.42,0.6,1278,0,CUST0192
TXN007787,648.02,Purchase,9,4,0,0,1,2604.84,2.7,1736,0,CUST0004
TXN007788,1316.72,Payment,20,2,0,1,2,327.98,2.0,1036,0,CUST0457
TXN007789,2519.91,Purchase,16,3,0,0,1,705.25,4.7,1940,0,CUST0207
TXN007790,2159.65,Transfer,11,6,0,0,3,1644.56,2.7,1448,0,CUST0417
TXN007791,6349.92,Payment,10,4,0,0,0,2368.26,6.4,459,0,CUST0133
TXN007792,284.79,Withdrawal,7,3,0,0,1,1549.36,8.5,2062,0,CUST0446
TXN007793,1238.21,Transfer,18,3,0,0,3,1290.91,16.7,3552,0,CUST0474
TXN007794,2298.15,Transfer,18,5,0,0,3,958.19,3.1,3531,0,CUST0387
TXN007795,5577.89,Withdrawal,8,0,0,0,0,489.58,1.7,3170,0,CUST0224
TXN007796,2161.32,Payment,15,5,0,0,2,3538.59,4.7,630,0,CUST0181
TXN007797,2768.02,Withdrawal,18,2,0,0,8,4002.2,5.1,1113,0,CUST0106
TXN007798,1043.23,Purchase,9,2,0,0,1,1312.93,1.3,2220,0,CUST0432
TXN007799,834.63,Transfer,19,1,1,0,1,1018.61,3.8,1517,0,CUST0277
TXN007800,10404.01,Transfer,4,6,0,1,4,1246.55,10.0,111,1,CUST0309
TXN007801,3198.66,Purchase,11,0,0,0,3,3284.24,13.2,2722,0,CUST0001
TXN007802,1892.19,Withdrawal,14,6,0,0,3,1943.17,7.7,2145,0,CUST0410
TXN007803,2171.87,Withdrawal,13,5,0,0,2,868.96,2.9,2270,0,CUST0155
TXN007804,812.22,Transfer,8,4,0,0,2,1364.98,3.5,3433,0,CUST0484
TXN007805,1168.27,Withdrawal,18,2,0,1,4,1255.91,0.1,265,0,CUST0047
TXN007806,334.53,Purchase,20,1,0,0,4,1080.39,4.2,2420,0,CUST0033
TXN007807,1672.65,Withdrawal,13,1,0,0,4,964.75,0.8,315,0,CUST0213
TXN007808,256.83,Payment,1,6,0,0,2,5449.75,0.5,3058,0,CUST0222
TXN007809,9698.7,Payment,22,5,0,1,1,2039.39,1.5,1663,0,CUST0300
TXN007810,7412.57,Payment,8,1,0,0,3,5193.2,0.2,3352,0,CUST0341
TXN007811,1428.0,Payment,18,0,0,0,4,852.94,1.9,1372,0,CUST0057
TXN007812,2200.68,Transfer,18,4,0,0,3,1754.3,5.1,1858,0,CUST0016
TXN007813,1462.34,Transfer,20,1,0,0,1,1293.48,0.2,99,0,CUST0293
TXN007814,804.54,Payment,14,5,0,0,1,2009.05,3.0,1150,0,CUST0393
TXN007815,647.26,Transfer,12,5,0,0,2,2054.72,2.7,914,0,CUST0157
TXN007816,1261.72,Payment,10,1,0,0,3,2827.39,4.4,3369,0,CUST0404
TXN007817,209.26,Payment,8,3,0,0,3,1034.83,4.2,2283,0,CUST0392
TXN007818,790.58,Withdrawal,17,1,0,0,2,1408.89,2.9,1838,0,CUST0206
TXN007819,1325.7,Purchase,8,4,0,0,3,1071.09,1.5,3456,0,CUST0431
TXN007820,1908.17,Withdrawal,18,3,0,0,1,2455.62,10.0,2181,0,CUST0230
TXN007821,1870.73,Payment,21,4,0,0,4,963.82,1.4,3269,0,CUST0425
TXN007822,927.66,Payment,23,4,0,0,3,1446.25,1.7,1935,0,CUST0298
TXN007823,6529.62,Transfer,16,5,1,0,5,655.67,8.8,3309,0,CUST0007
TXN007824,4368.99,Transfer,11,2,0,0,3,8070.67,3.1,1386,0,CUST0060
TXN007825,2995.96,Purchase,18,2,0,0,0,4439.65,1.2,1333,0,CUST0041
TXN007826,4325.13,Withdrawal,15,2,0,0,2,6134.11,5.3,158,0,CUST0401
TXN007827,465.64,Payment,12,5,0,1,3,910.32,1.4,274,0,CUST0202
TXN007828,2177.29,Transfer,21,0,0,0,3,339.92,4.2,852,0,CUST0421
TXN007829,1702.69,Purchase,17,6,0,0,3,3084.62,1.3,2707,0,CUST0318
TXN007830,3467.32,Payment,11,0,0,0,1,7645.18,0.8,67,0,CUST0243
TXN007831,2746.84,Withdrawal,8,1,0,0,4,366.62,13.0,1129,0,CUST0376
TXN007832,1086.85,Transfer,12,2,0,0,2,683.6,2.3,1004,0,CUST0217
TXN007833,597.81,Purchase,9,1,0,0,1,2605.28,12.0,1587,0,CUST0087
TXN007834,3402.98,Purchase,14,2,0,0,3,2098.09,11.8,3573,0,CUST0300
TXN007835,1005.85,Payment,20,2,0,0,0,547.77,18.0,400,0,CUST0373
TXN007836,15620.66,Payment,21,5,0,0,3,430.69,4.6,823,0,CUST0488
TXN007837,202.37,Withdrawal,11,3,0,1,1,3698.42,1.3,1905,0,CUST0238
TXN007838,4320.49,Payment,7,2,0,0,1,4167.54,7.6,159,0,CUST0292
TXN007839,1717.94,Transfer,18,3,0,0,3,1071.69,2.5,633,0,CUST0489
TXN007840,455.95,Purchase,1,3,0,0,3,1326.6,0.4,2943,0,CUST0192
TXN007841,2070.54,Payment,7,3,0,0,3,4776.42,3.7,2694,0,CUST0498
TXN007842,1054.94,Payment,10,0,0,0,3,1423.67,12.6,1349,0,CUST0466
TXN007843,1233.26,Payment,19,0,0,0,4,5217.99,0.2,433,0,CUST0170
TXN007844,4652.74,Transfer,8,4,0,0,1,2129.67,6.5,2743,0,CUST0030
TXN007845,9094.05,Transfer,19,1,0,0,3,3680.97,4.7,1646,0,CUST0487
TXN007846,288.37,Payment,14,2,0,0,2,1932.02,8.5,3070,0,CUST0006
TXN007847,1210.49,Transfer,15,5,0,0,1,771.66,1.8,1601,0,CUST0335
TXN007848,868.77,Payment,21,0,0,0,2,2204.73,11.1,1612,0,CUST0024
TXN007849,229.32,Withdrawal,18,0,0,0,2,985.97,1.5,1631,0,CUST0247
TXN007850,4449.44,Payment,12,3,0,0,2,2567.68,4.9,219,0,CUST0029
TXN007851,5000.0,Payment,2,6,1,0,9,948.46,16.1,26,1,CUST0106
TXN007852,482.77,Withdrawal,17,6,1,0,3,2582.43,2.8,571,0,CUST0237
TXN007853,4190.69,Withdrawal,17,5,0,0,1,1268.39,14.7,3393,0,CUST0144
TXN007854,256.95,Transfer,12,1,0,0,1,1425.47,8.5,3088,0,CUST0439
TXN007855,2793.95,Purchase,11,5,0,0,3,4167.45,2.4,1413,0,CUST0073
TXN007856,5451.9,Transfer,14,3,0,0,0,1470.67,4.1,2359,0,CUST0454
TXN007857,1568.1,Transfer,8,0,0,0,1,959.11,1.2,2930,0,CUST0078
TXN007858,5707.22,Purchase,16,5,0,0,3,784.65,4.3,1451,0,CUST0401
TXN007859,1706.44,Withdrawal,17,5,0,0,0,4144.58,0.7,92,0,CUST0312
TXN007860,5371.0,Transfer,17,5,0,0,4,827.46,1.6,3554,0,CUST0395
TXN007861,2742.98,Purchase,8,1,0,0,1,3049.11,4.1,1590,0,CUST0028
TXN007862,775.6,Purchase,15,1,0,0,2,3736.88,0.4,2769,0,CUST0007
TXN007863,786.86,Transfer,9,3,0,0,1,2274.45,10.3,2700,0,CUST0225
TXN007864,755.24,Payment,21,6,0,0,3,2156.97,0.5,2048,0,CUST0157
TXN007865,3252.77,Payment,10,6,0,0,2,1245.6,3.0,925,0,CUST0157
TXN007866,340.84,Withdrawal,17,5,0,0,0,1802.46,20.6,270,0,CUST0061
TXN007867,308.54,Transfer,14,1,0,0,7,1343.23,6.7,831,0,CUST0066
TXN007868,2419.23,Withdrawal,18,5,0,0,2,2964.39,0.2,476,0,CUST0500
TXN007869,7861.91,Payment,8,0,0,0,2,518.54,1.6,661,0,CUST0414
TXN007870,3767.27,Payment,9,4,0,0,3,3669.78,5.1,2678,0,CUST0403
TXN007871,5272.65,Transfer,22,2,1,0,14,1717.87,173.3,189,1,CUST0428
TXN007872,1097.58,Transfer,12,3,0,1,4,3011.03,12.8,466,0,CUST0056
TXN007873,1964.34,Payment,16,2,0,0,4,1522.53,6.8,1325,0,CUST0318
TXN007874,1183.59,Payment,18,5,0,1,2,100.0,0.9,2815,0,CUST0108
TXN007875,1021.73,Transfer,16,4,0,0,1,1148.17,7.4,2154,0,CUST0497
TXN007876,4723.5,Transfer,10,4,0,0,4,1601.39,4.4,2027,0,CUST0202
TXN007877,5877.25,Payment,23,2,0,0,4,906.07,1.5,1910,0,CUST0321
TXN007878,1981.8,Payment,14,2,1,0,0,629.95,4.2,835,0,CUST0434
TXN007879,1906.57,Transfer,13,4,0,0,2,744.3,1.3,1194,0,CUST0099
TXN007880,478.04,Transfer,21,4,0,0,6,7628.31,0.8,1805,0,CUST0081
TXN007881,1658.49,Payment,12,6,0,0,4,6402.6,9.8,2633,0,CUST0482
TXN007882,827.86,Transfer,16,4,0,0,2,1602.4,17.9,913,0,CUST0098
TXN007883,17456.54,Transfer,1,6,0,0,13,515.0,22.0,283,1,CUST0357
TXN007884,1031.65,Transfer,13,1,0,0,2,1093.16,1.5,2032,0,CUST0249
TXN007885,668.57,Withdrawal,11,2,0,0,4,1590.09,9.2,1608,0,CUST0050
TXN007886,1741.26,Payment,8,3,0,0,4,1304.62,0.8,2062,0,CUST0184
TXN007887,2908.33,Payment,15,6,0,0,2,1499.4,1.8,1475,0,CUST0144
TXN007888,1685.53,Transfer,12,6,0,0,1,993.66,12.7,3058,0,CUST0325
TXN007889,2871.5,Payment,8,4,0,0,4,2262.39,0.4,3640,0,CUST0117
TXN007890,644.22,Purchase,10,1,0,0,0,1163.8,6.6,3124,0,CUST0461
TXN007891,3679.56,Withdrawal,12,2,0,0,2,343.12,2.1,892,0,CUST0321
TXN007892,2728.66,Purchase,20,6,0,0,2,5712.13,3.5,3309,0,CUST0016
TXN007893,688.98,Transfer,19,6,0,0,1,1775.12,1.5,3362,0,CUST0328
TXN007894,1292.35,Transfer,20,2,0,0,6,4367.73,2.0,561,0,CUST0326
TXN007895,967.03,Purchase,10,6,0,0,3,1144.42,3.2,1172,0,CUST0190
TXN007896,958.83,Transfer,22,5,0,0,3,2410.32,33.6,1687,0,CUST0107
TXN007897,5023.9,Transfer,19,0,0,0,1,647.14,2.7,447,0,CUST0191
TXN007898,627.16,Transfer,10,6,0,0,0,950.32,9.6,280,0,CUST0108
TXN007899,1649.18,Withdrawal,16,5,0,0,5,1652.04,1.7,3448,0,CUST0077
TXN007900,3447.4,Payment,14,3,0,0,4,1091.56,2.2,872,0,CUST0009
TXN007901,482.88,Transfer,19,5,0,0,4,584.9,2.4,3465,0,CUST0167
TXN007902,3686.09,Purchase,12,1,0,0,2,1437.28,4.8,1749,0,CUST0370
TXN007903,656.66,Payment,17,0,0,0,3,4783.95,15.7,775,0,CUST0482
TXN007904,1966.66,Purchase,12,5,0,1,3,2829.61,1.9,3348,0,CUST0052
TXN007905,2306.89,Transfer,16,3,0,0,3,3982.62,1.9,592,0,CUST0137
TXN007906,2345.94,Payment,14,5,0,0,2,179.56,5.7,2817,0,CUST0450
TXN007907,1093.38,Transfer,9,1,0,0,4,360.87,6.4,807,0,CUST0460
TXN007908,5582.27,Transfer,6,5,0,0,6,1297.19,6.0,1134,0,CUST0302
TXN007909,8773.03,Payment,19,6,0,0,0,471.84,0.5,3417,0,CUST0325
TXN007910,3360.05,Purchase,13,6,0,0,2,1782.74,1.7,1150,0,CUST0215
TXN007911,1058.58,Purchase,11,3,0,0,3,4600.17,0.1,1976,0,CUST0008
TXN007912,2017.41,Purchase,9,5,0,0,1,5533.47,1.5,1403,0,CUST0414
TXN007913,3544.6,Purchase,10,3,0,0,3,2162.24,1.7,604,0,CUST0204
TXN007914,740.42,Transfer,15,4,0,0,4,787.68,7.0,1360,0,CUST0003
TXN007915,9926.46,Transfer,8,5,1,0,11,632.67,118.1,249,1,CUST0370
TXN007916,1889.49,Transfer,12,1,0,0,1,1514.16,3.6,2233,0,CUST0158
TXN007917,940.41,Payment,7,1,0,0,3,1246.53,2.5,1421,0,CUST0404
TXN007918,261.89,Transfer,9,4,0,1,5,235.15,2.0,121,0,CUST0167
TXN007919,1214.93,Transfer,11,2,0,0,6,3419.64,0.5,1640,0,CUST0224
TXN007920,1658.69,Transfer,17,0,0,0,1,672.25,13.1,1824,0,CUST0111
TXN007921,1896.61,Purchase,11,2,0,0,3,2346.7,4.4,3428,0,CUST0177
TXN007922,256.06,Payment,13,4,0,0,3,2974.19,2.8,753,0,CUST0359
TXN007923,1871.28,Payment,10,2,0,0,2,717.0,3.1,3618,0,CUST0217
TXN007924,18844.3,Transfer,18,1,0,0,8,2757.63,34.9,156,1,CUST0226
TXN007925,1667.5,Withdrawal,15,1,0,0,6,3481.49,1.5,1661,0,CUST0437
TXN007926,7798.74,Payment,6,3,0,0,1,1994.81,1.5,673,0,CUST0206
TXN007927,785.1,Withdrawal,17,3,0,0,6,3415.74,0.2,1816,0,CUST0356
TXN007928,2347.84,Purchase,14,3,0,0,2,2056.44,10.7,2398,0,CUST0491
TXN007929,4283.58,Payment,6,1,0,0,4,2285.88,8.7,2338,0,CUST0224
TXN007930,232.67,Payment,23,6,0,0,4,2753.52,2.7,1521,0,CUST0358
TXN007931,496.58,Payment,13,3,0,0,4,628.07,1.5,758,0,CUST0397
TXN007932,252.07,Transfer,8,5,0,0,2,619.99,0.7,1816,0,CUST0299
TXN007933,3120.62,Transfer,14,1,0,0,1,2821.01,7.0,2791,0,CUST0076
TXN007934,822.17,Transfer,9,0,0,0,3,1212.43,6.3,532,0,CUST0097
TXN007935,1615.94,Transfer,11,5,0,0,1,2844.95,9.9,3031,0,CUST0353
TXN007936,795.78,Transfer,12,0,0,0,3,4559.2,0.2,34,0,CUST0041
TXN007937,8052.27,Payment,21,1,0,0,4,1742.2,5.1,561,0,CUST0425
TXN007938,956.35,Withdrawal,11,0,0,0,2,973.17,0.1,2093,0,CUST0298
TXN007939,169.89,Purchase,15,1,0,0,2,2146.21,8.4,992,0,CUST0256
TXN007940,92239.27,Withdrawal,4,4,0,0,7,869.1,174.2,89,1,CUST0357
TXN007941,2039.86,Purchase,17,6,0,0,5,1101.61,0.2,2570,0,CUST0004
TXN007942,4590.14,Transfer,15,4,0,0,2,9003.87,2.5,1474,0,CUST0301
TXN007943,2650.31,Withdrawal,16,1,0,0,2,1008.11,6.8,252,0,CUST0306
TXN007944,1612.05,Transfer,8,0,0,0,6,965.02,0.6,2559,0,CUST0016
TXN007945,4617.32,Payment,15,4,0,0,3,1991.38,7.9,1881,0,CUST0056
TXN007946,15457.12,Transfer,15,1,0,0,0,1391.64,15.4,1843,0,CUST0431
TXN007947,1501.4,Payment,16,2,0,0,3,742.4,3.3,763,0,CUST0317
TXN007948,1697.18,Purchase,9,1,1,0,1,459.36,14.9,2211,0,CUST0174
TXN007949,2614.1,Payment,10,5,0,0,3,1035.72,0.3,2647,0,CUST0210
TXN007950,6148.41,Payment,12,4,0,0,3,998.51,1.2,3469,0,CUST0412
TXN007951,370.32,Purchase,16,5,0,0,2,472.11,1.9,2770,0,CUST0133
TXN007952,7597.47,Purchase,12,4,0,0,1,455.46,0.2,2124,0,CUST0072
TXN007953,985.1,Payment,22,3,0,0,3,675.65,8.3,795,0,CUST0248
TXN007954,461.22,Transfer,17,5,0,0,3,4604.81,2.0,480,0,CUST0166
TXN007955,442.62,Withdrawal,16,4,0,0,2,2830.09,2.2,583,0,CUST0107
TXN007956,846.61,Purchase,10,2,0,0,1,3694.87,4.3,3468,0,CUST0125
TXN007957,805.72,Purchase,13,6,0,0,2,3533.96,14.4,2209,0,CUST0434
TXN007958,2673.68,Transfer,10,2,0,0,5,2050.4,8.2,2100,0,CUST0363
TXN007959,473.37,Payment,18,0,0,0,3,2783.71,6.4,2761,0,CUST0081
TXN007960,3725.8,Purchase,12,4,0,0,5,2850.09,3.8,1771,0,CUST0019
TXN007961,2406.2,Payment,11,1,1,0,2,1523.56,0.2,2179,0,CUST0105
TXN007962,4263.73,Transfer,20,3,0,0,1,987.61,3.2,2721,0,CUST0448
TXN007963,1402.94,Transfer,16,2,0,0,2,1176.9,0.6,1554,0,CUST0105
TXN007964,46309.06,Payment,7,6,0,0,4,2286.12,5.8,1469,0,CUST0225
TXN007965,1074.24,Payment,10,2,0,0,3,941.8,1.6,2102,0,CUST0342
TXN007966,1114.03,Withdrawal,18,6,0,0,0,3842.14,3.5,998,0,CUST0410
TXN007967,1413.66,Withdrawal,19,1,0,0,1,2623.0,1.9,232,0,CUST0271
TXN007968,309.39,Purchase,8,6,0,0,1,1343.26,2.2,69,0,CUST0061
TXN007969,6166.79,Transfer,9,1,1,0,4,948.56,2.3,2107,0,CUST0033
TXN007970,1871.4,Withdrawal,20,3,0,0,7,4524.69,2.8,1059,0,CUST0063
TXN007971,1575.39,Purchase,10,4,0,0,2,2340.76,0.2,718,0,CUST0394
TXN007972,1278.23,Transfer,11,2,0,0,4,859.86,7.6,212,0,CUST0197
TXN007973,4290.89,Transfer,12,6,0,1,4,885.33,2.7,1675,0,CUST0208
TXN007974,2626.83,Payment,15,5,0,0,4,1317.66,2.0,1125,0,CUST0297
TXN007975,794.39,Transfer,13,0,0,0,3,531.24,3.5,2897,0,CUST0247
TXN007976,10623.25,Purchase,12,6,0,0,3,3536.28,0.9,1220,0,CUST0127
TXN007977,634.5,Withdrawal,16,1,0,0,1,1289.73,6.8,2768,0,CUST0113
TXN007978,8323.29,Payment,15,2,0,0,1,2319.77,1.5,2568,0,CUST0393
TXN007979,5964.54,Transfer,17,3,0,0,2,2292.49,4.7,3508,0,CUST0286
TXN007980,1975.16,Payment,14,0,0,0,5,730.07,10.7,2423,0,CUST0463
TXN007981,639.63,Transfer,15,2,0,0,2,1683.43,1.4,2481,0,CUST0294
TXN007982,745.48,Purchase,9,0,0,0,0,5667.17,0.8,1326,0,CUST0342
TXN007983,2245.37,Withdrawal,16,5,0,0,3,12404.61,7.0,2602,0,CUST0067
TXN007984,2550.52,Payment,16,2,0,0,2,1034.13,0.9,160,0,CUST0082
TXN007985,297.72,Payment,17,4,0,0,2,1647.42,30.1,1888,0,CUST0214
TXN007986,622.86,Transfer,9,5,0,0,2,5845.5,5.8,529,0,CUST0441
TXN007987,29994.15,Transfer,10,1,0,1,6,761.44,142.9,213,1,CUST0111
TXN007988,6483.17,Transfer,18,2,0,0,3,1502.52,5.1,1183,0,CUST0416
TXN007989,5247.36,Payment,17,1,0,0,4,20765.32,5.6,2041,0,CUST0228
TXN007990,3710.62,Transfer,18,2,0,0,1,1785.17,1.4,694,0,CUST0248
TXN007991,15635.64,Payment,9,0,0,0,2,1020.52,0.7,1297,0,CUST0069
TXN007992,1630.67,Payment,9,4,0,0,2,6877.49,8.0,1769,0,CUST0048
TXN007993,1690.4,Payment,16,2,0,0,3,4412.15,0.3,1662,0,CUST0065
TXN007994,1893.17,Transfer,8,6,0,0,0,1065.33,4.4,1981,0,CUST0056
TXN007995,14221.71,Transfer,6,2,0,0,0,1781.17,4.7,191,0,CUST0176
TXN007996,3697.8,Payment,9,6,0,0,2,1287.17,4.3,2597,0,CUST0284
TXN007997,560.64,Payment,22,6,0,0,3,615.06,4.4,2038,0,CUST0117
TXN007998,305.3,Purchase,18,5,0,0,2,2537.94,4.5,412,0,CUST0134
TXN007999,1263.97,Withdrawal,6,0,0,0,1,12936.22,4.9,231,0,CUST0471
TXN008000,6234.27,Withdrawal,10,6,0,0,1,750.96,4.8,1470,0,CUST0471
TXN008001,1835.42,Transfer,20,2,0,0,3,2012.47,4.2,411,0,CUST0431
TXN008002,1665.28,Purchase,18,0,0,0,5,2353.16,7.3,2931,0,CUST0449
TXN008003,1108.28,Transfer,16,0,0,0,1,697.95,5.1,1367,0,CUST0438
TXN008004,1903.9,Payment,17,0,0,0,2,5758.54,7.6,3303,0,CUST0399
TXN008005,2215.51,Payment,18,1,0,0,2,2330.28,8.3,752,0,CUST0049
TXN008006,599.69,Transfer,10,5,0,0,4,1308.43,6.9,941,0,CUST0061
TXN008007,2489.82,Payment,18,5,0,0,3,835.3,1.9,2646,0,CUST0009
TXN008008,1854.2,Payment,0,3,0,0,1,2268.04,2.6,611,0,CUST0462
TXN008009,1081.49,Payment,16,4,0,0,0,1195.19,6.3,2511,0,CUST0060
TXN008010,2999.62,Transfer,13,3,0,0,6,832.67,0.3,2633,0,CUST0368
TXN008011,2803.08,Purchase,9,4,0,0,1,1941.82,19.3,3106,0,CUST0237
TXN008012,2526.12,Transfer,11,4,0,0,2,2942.54,1.8,2165,0,CUST0474
TXN008013,1624.52,Transfer,15,0,0,0,4,1716.79,1.2,183,0,CUST0081
TXN008014,9353.83,Payment,18,1,0,0,1,2431.35,27.9,3386,0,CUST0468
TXN008015,10953.67,Transfer,18,3,0,0,3,665.68,2.1,3342,0,CUST0166
TXN008016,307.04,Purchase,14,4,0,0,1,2648.36,2.2,2574,0,CUST0037
TXN008017,604.12,Withdrawal,8,3,0,0,3,2600.02,5.6,2361,0,CUST0490
TXN008018,2819.35,Transfer,19,4,0,0,0,2412.31,2.0,1727,0,CUST0071
TXN008019,342.02,Payment,14,6,0,0,2,832.67,0.6,1941,0,CUST0028
TXN008020,2399.59,Payment,11,3,0,0,2,1430.02,2.1,665,0,CUST0223
TXN008021,5000.0,Payment,3,2,1,0,13,960.1,102.2,267,1,CUST0356
TXN008022,2703.41,Withdrawal,16,0,0,0,3,1097.55,1.5,1459,0,CUST0387
TXN008023,962.13,Transfer,18,1,0,0,1,6470.93,3.6,56,0,CUST0290
TXN008024,940.33,Purchase,10,6,0,0,5,715.34,23.9,1822,0,CUST0325
TXN008025,11522.31,Payment,11,4,0,0,1,1111.69,18.8,216,0,CUST0478
TXN008026,14540.79,Payment,12,0,0,0,2,2354.7,2.9,1107,0,CUST0072
TXN008027,1229.68,Transfer,8,5,0,0,4,957.57,0.1,360,0,CUST0181
TXN008028,3339.11,Purchase,17,0,1,0,2,7264.81,7.1,2081,0,CUST0455
TXN008029,3575.08,Withdrawal,10,4,0,0,2,2948.77,5.6,1439,0,CUST0462
TXN008030,797.57,Purchase,12,4,0,0,5,2326.05,3.5,3207,0,CUST0337
TXN008031,1151.45,Transfer,18,3,0,0,2,6121.08,10.7,540,0,CUST0271
TXN008032,2766.79,Purchase,1,3,0,0,3,1334.15,9.0,3290,0,CUST0327
TXN008033,1031.98,Purchase,16,5,0,0,1,1391.33,3.7,103,0,CUST0457
TXN008034,4408.56,Transfer,17,3,0,0,2,715.2,3.4,3088,0,CUST0197
TXN008035,1760.92,Transfer,15,0,0,0,3,9116.95,0.5,636,0,CUST0482
TXN008036,976.46,Withdrawal,15,4,0,0,2,1412.14,14.7,3258,0,CUST0351
TXN008037,366.96,Purchase,17,0,0,0,2,3190.13,0.0,1980,0,CUST0112
TXN008038,514.65,Payment,16,4,0,0,1,3749.34,2.1,1629,0,CUST0037
TXN008039,5801.76,Transfer,14,2,0,0,3,5604.71,8.1,2319,0,CUST0215
TXN008040,1283.63,Withdrawal,21,0,0,0,3,3559.05,3.6,1140,0,CUST0164
TXN008041,1266.52,Payment,13,1,0,0,3,3532.49,0.3,3078,0,CUST0190
TXN008042,1809.28,Transfer,15,3,0,0,1,2873.32,0.7,248,0,CUST0351
TXN008043,2958.54,Withdrawal,15,3,0,0,0,1812.54,4.3,2335,0,CUST0276
TXN008044,3071.14,Purchase,20,0,0,0,2,1283.7,0.8,2315,0,CUST0148
TXN008045,970.65,Transfer,9,0,0,0,2,1442.74,0.6,3222,0,CUST0110
TXN008046,883.56,Transfer,18,1,0,0,1,1033.95,0.4,917,0,CUST0391
TXN008047,1662.84,Payment,11,6,0,0,3,2027.06,8.5,1931,0,CUST0030
TXN008048,3372.27,Payment,20,0,0,0,0,4961.66,0.9,3268,0,CUST0267
TXN008049,1236.4,Purchase,19,6,0,0,4,495.96,5.4,2993,0,CUST0290
TXN008050,3855.19,Purchase,9,5,0,0,3,1104.27,19.1,3322,0,CUST0357
TXN008051,836.46,Payment,23,0,0,0,3,649.87,0.6,994,0,CUST0112
TXN008052,992.63,Withdrawal,9,5,0,0,2,1430.62,3.3,1937,0,CUST0449
TXN008053,1119.1,Payment,7,3,0,0,2,1020.55,2.7,1437,0,CUST0102
TXN008054,1607.35,Payment,12,0,0,0,1,1481.63,6.0,3245,0,CUST0235
TXN008055,6220.54,Transfer,22,6,1,0,8,1357.59,176.2,82,1,CUST0490
TXN008056,1655.12,Transfer,19,3,0,0,4,1130.25,1.1,3346,0,CUST0496
TXN008057,981.25,Payment,16,2,0,0,2,5895.91,3.6,466,0,CUST0417
TXN008058,6143.09,Transfer,12,6,0,0,5,734.64,3.0,2758,0,CUST0048
TXN008059,1460.31,Purchase,21,5,0,0,1,3669.19,1.4,2534,0,CUST0404
TXN008060,583.54,Payment,16,1,0,0,2,1051.65,3.4,1976,0,CUST0104
TXN008061,6308.86,Payment,16,3,1,0,2,285.62,28.2,1275,0,CUST0395
TXN008062,3632.18,Payment,9,0,0,0,4,2155.24,1.1,338,0,CUST0118
TXN008063,7915.2,Purchase,15,4,0,0,4,1080.5,15.8,2350,0,CUST0322
TXN008064,1037.83,Purchase,7,1,1,0,2,1389.3,6.5,3029,0,CUST0068
TXN008065,1711.47,Withdrawal,19,4,0,0,3,849.26,6.9,1776,0,CUST0226
TXN008066,2903.38,Withdrawal,6,5,0,0,1,2406.77,2.8,2993,0,CUST0102
TXN008067,1490.19,Purchase,21,1,0,0,3,950.62,2.1,3126,0,CUST0374
TXN008068,773.48,Withdrawal,16,3,0,0,4,566.75,1.7,3300,0,CUST0278
TXN008069,5539.66,Purchase,14,3,0,0,3,2040.42,0.6,3254,0,CUST0313
TXN008070,2178.64,Payment,11,6,0,0,2,847.25,4.9,2004,0,CUST0300
TXN008071,1241.86,Payment,10,3,0,0,3,3127.76,2.9,480,0,CUST0373
TXN008072,2427.75,Withdrawal,11,2,0,0,1,1985.63,4.1,1112,0,CUST0416
TXN008073,2845.61,Withdrawal,19,3,0,0,5,1867.71,1.5,2483,0,CUST0480
TXN008074,2492.39,Payment,13,3,0,0,3,937.33,3.8,898,0,CUST0022
TXN008075,145.14,Payment,10,1,0,0,3,3066.12,2.6,1306,0,CUST0261
TXN008076,1611.71,Payment,21,2,0,1,3,1806.7,1.4,3249,0,CUST0069
TXN008077,744.14,Payment,16,6,0,1,3,3536.67,0.2,3522,0,CUST0412
TXN008078,891.88,Payment,20,2,0,0,2,1008.07,0.3,1474,0,CUST0014
TXN008079,3094.8,Withdrawal,21,6,0,0,2,623.44,1.2,3232,0,CUST0314
TXN008080,69794.86,Purchase,0,0,1,1,7,729.12,143.5,297,1,CUST0047
TXN008081,2372.21,Transfer,13,4,0,0,0,2101.55,7.9,3230,0,CUST0261
TXN008082,3020.22,Transfer,11,3,0,0,3,889.82,5.3,1740,0,CUST0341
TXN008083,4965.53,Transfer,11,6,0,0,1,706.21,0.4,3406,0,CUST0431
TXN008084,410.59,Purchase,10,5,0,0,2,1135.55,21.2,2863,0,CUST0387
TXN008085,4228.42,Transfer,12,0,0,0,2,868.67,4.3,2136,0,CUST0460
TXN008086,1973.32,Payment,14,2,0,0,3,499.66,1.4,3557,0,CUST0443
TXN008087,99.53,Transfer,12,5,0,0,2,1072.91,1.3,859,0,CUST0225
TXN008088,267.95,Payment,16,0,0,0,5,1189.56,7.3,2183,0,CUST0275
TXN008089,1506.94,Payment,20,0,0,0,2,2645.37,2.1,3162,0,CUST0232
TXN008090,3113.43,Purchase,16,6,0,0,7,745.68,6.9,554,0,CUST0263
TXN008091,2070.26,Payment,10,2,0,0,3,4019.78,1.0,2937,0,CUST0396
TXN008092,4216.83,Purchase,12,6,0,0,2,3356.69,6.4,3547,0,CUST0494
TXN008093,5358.19,Withdrawal,14,4,0,0,4,2193.08,4.7,1750,0,CUST0139
TXN008094,3491.7,Purchase,14,5,1,0,4,1958.96,3.1,89,0,CUST0079
TXN008095,767.89,Payment,13,2,1,0,3,993.93,8.6,868,0,CUST0101
TXN008096,2190.76,Purchase,10,5,0,0,3,949.22,1.4,422,0,CUST0406
TXN008097,1671.06,Payment,19,0,0,0,3,577.6,0.6,1086,0,CUST0159
TXN008098,2453.21,Purchase,6,0,0,0,2,3541.69,2.7,2494,0,CUST0003
TXN008099,2749.16,Withdrawal,16,3,0,0,3,1018.98,10.1,2428,0,CUST0325
TXN008100,7148.17,Transfer,15,4,0,0,1,298.94,6.4,2858,0,CUST0161
TXN008101,1703.75,Payment,8,4,0,0,3,2772.8,8.4,567,0,CUST0462
TXN008102,2902.92,Payment,15,1,0,0,5,3202.02,13.5,2684,0,CUST0459
TXN008103,10239.85,Payment,6,2,0,0,1,1703.33,1.6,1957,0,CUST0404
TXN008104,14365.65,Purchase,3,1,1,1,6,2181.87,28.7,67,1,CUST0491
TXN008105,1987.48,Payment,8,3,0,0,2,547.92,9.4,508,0,CUST0031
TXN008106,1564.15,Payment,6,3,0,0,3,1748.75,7.0,517,0,CUST0336
TXN008107,1463.13,Payment,10,4,0,0,1,5813.59,2.7,237,0,CUST0073
TXN008108,1738.85,Transfer,13,2,0,0,2,1675.15,1.5,1140,0,CUST0435
TXN008109,607.65,Transfer,13,3,0,0,3,1173.27,9.4,1849,0,CUST0069
TXN008110,1105.49,Payment,18,1,0,0,1,1045.67,6.2,2145,0,CUST0082
TXN008111,2524.16,Purchase,18,6,0,0,0,535.22,12.9,1634,0,CUST0468
TXN008112,1814.74,Payment,10,1,0,0,3,2920.39,1.1,2738,0,CUST0377
TXN008113,2535.02,Transfer,10,2,0,0,2,451.86,0.3,979,0,CUST0220
TXN008114,2415.77,Payment,15,2,0,0,2,2331.9,6.2,44,0,CUST0083
TXN008115,1242.03,Payment,0,3,0,0,3,3176.23,0.2,2506,0,CUST0397
TXN008116,759.85,Purchase,17,0,0,0,4,2861.99,21.0,1652,0,CUST0082
TXN008117,9229.22,Payment,16,6,0,0,1,7120.2,1.7,2091,0,CUST0466
TXN008118,4297.36,Withdrawal,18,4,0,0,2,470.03,4.4,2287,0,CUST0397
TXN008119,2171.11,Purchase,1,0,0,0,0,937.39,1.0,1596,0,CUST0139
TXN008120,979.48,Payment,19,4,0,0,1,8108.92,2.9,2304,0,CUST0133
TXN008121,1376.71,Purchase,8,3,0,0,3,1459.8,30.1,3615,0,CUST0228
TXN008122,828.98,Payment,10,5,0,0,4,2754.59,9.5,2358,0,CUST0460
TXN008123,1740.06,Transfer,7,0,0,0,3,421.63,1.7,33,0,CUST0147
TXN008124,3370.61,Payment,14,1,0,0,1,805.98,6.1,1940,0,CUST0341
TXN008125,2166.83,Purchase,14,6,0,0,3,1825.5,9.1,3398,0,CUST0453
TXN008126,1703.56,Withdrawal,15,1,0,0,2,1433.71,0.8,2884,0,CUST0190
TXN008127,1611.27,Withdrawal,15,4,0,1,0,2612.31,3.5,2500,0,CUST0481
TXN008128,3656.77,Purchase,9,5,0,0,1,870.52,7.1,3227,0,CUST0234
TXN008129,995.28,Payment,18,4,0,0,4,1821.99,7.4,1873,0,CUST0385
TXN008130,1395.62,Payment,22,6,0,0,1,4547.0,0.7,2323,0,CUST0075
TXN008131,5000.0,Withdrawal,5,0,1,0,8,1506.76,10.0,333,1,CUST0490
TXN008132,5356.05,Transfer,12,1,0,0,4,1115.54,7.7,1019,0,CUST0163
TXN008133,1773.45,Payment,14,3,0,0,5,1984.32,6.5,1367,0,CUST0133
TXN008134,5412.94,Withdrawal,8,0,0,0,6,498.27,3.1,202,0,CUST0217
TXN008135,1872.23,Withdrawal,15,4,0,0,1,3332.64,1.7,3132,0,CUST0447
TXN008136,1367.91,Purchase,10,2,0,0,3,1339.81,0.4,2062,0,CUST0459
TXN008137,1459.83,Withdrawal,10,4,0,0,0,3288.1,1.1,1480,0,CUST0086
TXN008138,1252.37,Payment,17,6,0,0,2,4586.54,13.2,182,0,CUST0390
TXN008139,18728.99,Payment,19,6,0,0,2,524.57,5.8,984,0,CUST0488
TXN008140,50.0,Payment,19,1,0,0,2,690.01,2.1,1395,0,CUST0001
TXN008141,794.55,Payment,10,6,0,0,0,1610.15,3.9,880,0,CUST0430
TXN008142,4069.99,Payment,18,2,0,0,6,1906.5,2.5,3482,0,CUST0269
TXN008143,7150.06,Payment,14,2,0,0,3,5098.29,8.5,332,0,CUST0439
TXN008144,13423.56,Withdrawal,13,5,1,1,5,1661.0,71.5,312,1,CUST0147
TXN008145,999.54,Payment,9,5,0,0,5,798.95,2.0,2625,0,CUST0086
TXN008146,2856.42,Payment,8,3,0,0,2,796.44,6.9,3532,0,CUST0285
TXN008147,557.26,Payment,17,1,0,0,4,1729.09,3.8,267,0,CUST0094
TXN008148,3445.04,Transfer,12,4,0,0,1,316.11,2.8,535,0,CUST0259
TXN008149,3238.09,Purchase,18,5,0,0,2,3030.93,21.1,1353,0,CUST0007
TXN008150,129.57,Transfer,15,2,0,0,1,387.57,2.3,3606,0,CUST0349
TXN008151,1271.66,Payment,9,6,0,0,2,11562.17,1.5,1514,0,CUST0390
TXN008152,692.67,Transfer,13,4,0,0,3,1007.93,8.8,3605,0,CUST0170
TXN008153,5874.75,Payment,9,4,0,0,4,1463.61,2.0,408,0,CUST0062
TXN008154,6277.2,Payment,16,4,0,0,0,4806.76,21.2,2548,0,CUST0266
TXN008155,717.33,Transfer,9,3,0,0,2,2330.76,0.3,1727,0,CUST0159
TXN008156,14403.99,Transfer,18,6,0,0,1,3036.55,1.7,749,0,CUST0392
TXN008157,952.34,Payment,7,3,0,0,1,636.54,0.5,1626,0,CUST0070
TXN008158,1790.33,Withdrawal,10,3,0,0,1,1336.18,8.9,2180,0,CUST0391
TXN008159,15850.28,Payment,10,4,0,0,4,4204.1,2.3,2721,0,CUST0070
TXN008160,4185.36,Purchase,12,5,0,0,2,2714.48,14.7,1171,0,CUST0147
TXN008161,779.42,Payment,20,6,0,0,3,329.48,4.7,2373,0,CUST0027
TXN008162,3234.99,Payment,9,5,0,0,6,746.39,0.2,596,0,CUST0194
TXN008163,1448.79,Withdrawal,9,4,0,0,2,708.57,12.6,2318,0,CUST0371
TXN008164,412.96,Purchase,12,4,0,0,1,1558.25,4.2,3399,0,CUST0177
TXN008165,3047.09,Transfer,21,5,1,0,4,1121.18,1.1,2910,0,CUST0430
TXN008166,256.7,Withdrawal,12,2,0,0,1,1750.7,22.5,1807,0,CUST0470
TXN008167,785.56,Payment,11,1,0,0,1,2175.34,5.6,1855,0,CUST0167
TXN008168,3558.14,Transfer,13,4,0,0,2,2204.53,11.1,596,0,CUST0420
TXN008169,2701.9,Withdrawal,8,6,0,0,3,1194.08,4.6,3184,0,CUST0384
TXN008170,1334.58,Withdrawal,15,2,0,0,3,986.55,8.9,2098,0,CUST0308
TXN008171,15979.57,Transfer,13,4,1,0,7,881.87,31.5,250,1,CUST0058
TXN008172,1561.68,Transfer,7,5,0,0,2,1434.54,8.8,3328,0,CUST0353
TXN008173,2275.43,Withdrawal,14,5,0,0,2,1839.76,6.6,75,0,CUST0127
TXN008174,75.91,Payment,21,0,0,0,1,1938.59,1.4,1725,0,CUST0204
TXN008175,2289.62,Transfer,17,4,0,0,0,3626.76,5.0,408,0,CUST0413
TXN008176,1751.02,Payment,10,5,0,0,5,841.46,7.2,2516,0,CUST0009
TXN008177,3569.68,Transfer,10,4,0,0,4,1941.52,12.6,1691,0,CUST0041
TXN008178,3929.35,Purchase,13,6,0,0,2,881.79,0.4,724,0,CUST0343
TXN008179,238.62,Transfer,18,5,0,0,1,1646.4,9.7,3537,0,CUST0026
TXN008180,751.73,Payment,15,6,0,0,2,4474.64,0.7,703,0,CUST0191
TXN008181,374.52,Transfer,18,6,0,0,3,1759.48,11.3,46,0,CUST0156
TXN008182,716.64,Withdrawal,12,5,0,1,4,277.3,4.1,3336,0,CUST0053
TXN008183,1729.16,Payment,10,1,0,0,2,714.47,12.5,2445,0,CUST0072
TXN008184,3423.93,Transfer,20,6,0,0,0,1366.32,0.9,3500,0,CUST0075
TXN008185,2186.86,Payment,12,6,0,0,5,3240.98,6.6,2464,0,CUST0203
TXN008186,402.27,Payment,16,4,0,0,5,1573.39,3.1,1720,0,CUST0374
TXN008187,277.76,Purchase,10,0,0,0,2,396.6,0.2,3054,0,CUST0159
TXN008188,591.59,Transfer,14,3,0,0,2,1336.86,5.2,2351,0,CUST0498
TXN008189,598.07,Payment,19,1,0,0,2,2984.9,11.9,2845,0,CUST0121
TXN008190,757.74,Transfer,18,2,0,0,1,3177.24,4.3,1709,0,CUST0205
TXN008191,1543.78,Payment,17,5,0,0,3,2396.68,2.8,2850,0,CUST0299
TXN008192,219.89,Transfer,16,2,1,0,3,2841.62,2.9,2243,0,CUST0144
TXN008193,7658.96,Transfer,21,2,0,0,2,866.87,1.1,1825,0,CUST0203
TXN008194,460.75,Payment,19,1,0,0,2,1935.28,4.1,3232,0,CUST0490
TXN008195,673.49,Withdrawal,12,0,0,0,1,1184.45,3.1,1746,0,CUST0486
TXN008196,1750.22,Payment,8,3,0,0,3,637.0,9.2,1969,0,CUST0304
TXN008197,1412.45,Transfer,15,0,0,0,2,8515.9,3.9,3131,0,CUST0417
TXN008198,1055.69,Payment,11,1,0,0,2,6507.28,0.3,43,0,CUST0243
TXN008199,863.18,Payment,14,2,0,0,4,1379.37,19.9,2090,0,CUST0245
TXN008200,2614.25,Transfer,9,2,1,0,1,2001.07,0.0,2650,0,CUST0483
TXN008201,853.44,Transfer,9,1,1,0,4,3751.01,3.9,730,0,CUST0402
TXN008202,7939.83,Transfer,14,0,1,1,9,1563.92,15.8,5,1,CUST0159
TXN008203,1304.36,Payment,9,1,1,0,3,2742.5,3.0,242,0,CUST0244
TXN008204,24003.99,Withdrawal,18,0,0,0,3,835.79,5.2,487,0,CUST0159
TXN008205,1015.13,Purchase,16,0,0,0,2,2577.33,12.0,60,0,CUST0496
TXN008206,359.13,Transfer,18,6,0,0,0,612.29,0.4,885,0,CUST0395
TXN008207,2084.7,Payment,14,3,0,0,0,3380.58,0.8,1337,0,CUST0102
TXN008208,5092.09,Payment,12,5,0,0,3,1991.2,3.0,2838,0,CUST0199
TXN008209,959.5,Payment,9,6,0,0,2,2263.67,3.3,2382,0,CUST0286
TXN008210,3720.31,Purchase,12,0,0,0,4,2485.32,1.8,834,0,CUST0338
TXN008211,5000.0,Transfer,15,3,0,1,5,2820.27,163.2,65,1,CUST0102
TXN008212,214.31,Withdrawal,12,2,0,1,8,2527.91,4.4,1163,0,CUST0255
TXN008213,3379.84,Payment,10,1,0,0,2,3968.26,0.1,1660,0,CUST0019
TXN008214,297.93,Purchase,11,0,0,0,2,1551.26,2.1,1117,0,CUST0337
TXN008215,10454.57,Payment,15,0,0,0,2,513.34,3.6,703,0,CUST0026
TXN008216,296.4,Withdrawal,18,6,0,0,3,2625.88,6.6,2185,0,CUST0020
TXN008217,10210.48,Transfer,10,5,0,0,3,1588.06,0.9,80,0,CUST0131
TXN008218,1244.68,Purchase,12,2,0,0,3,1254.87,3.9,641,0,CUST0235
TXN008219,1744.41,Transfer,12,0,0,0,6,9252.21,1.5,1591,0,CUST0457
TXN008220,1217.7,Transfer,8,6,0,0,0,2484.31,3.5,1800,0,CUST0278
TXN008221,2985.99,Withdrawal,15,4,0,0,2,8039.22,0.6,2312,0,CUST0290
TXN008222,216.16,Payment,15,0,0,0,5,2218.7,0.9,2258,0,CUST0354
TXN008223,574.59,Payment,19,2,0,0,1,916.83,1.5,2009,0,CUST0467
TXN008224,1475.01,Withdrawal,20,0,0,0,3,2437.74,10.6,1468,0,CUST0486
TXN008225,648.58,Withdrawal,13,2,0,0,1,883.88,8.7,579,0,CUST0054
TXN008226,1221.69,Withdrawal,9,5,0,0,2,1348.7,9.2,1708,0,CUST0056
TXN008227,4503.55,Purchase,10,6,0,0,2,3792.23,3.1,3222,0,CUST0447
TXN008228,6014.52,Purchase,12,0,0,0,2,4559.19,5.1,481,0,CUST0004
TXN008229,3266.39,Purchase,17,4,0,0,2,2906.12,5.6,792,0,CUST0387
TXN008230,5947.02,Payment,10,5,0,0,2,11604.64,19.0,243,0,CUST0218
TXN008231,71647.78,Purchase,17,3,0,1,8,916.28,27.2,119,1,CUST0130
TXN008232,363.32,Withdrawal,13,4,0,0,5,2447.03,0.0,2221,0,CUST0244
TXN008233,776.23,Transfer,18,4,0,0,6,2598.95,1.6,2654,0,CUST0432
TXN008234,854.56,Payment,10,4,0,0,3,2975.44,1.8,81,0,CUST0403
TXN008235,4905.0,Transfer,12,5,0,0,2,4484.09,1.2,2535,0,CUST0437
TXN008236,2719.32,Transfer,12,1,0,0,1,3679.08,5.1,2249,0,CUST0470
TXN008237,809.88,Purchase,13,5,0,0,2,1502.25,1.9,322,0,CUST0006
TXN008238,4347.53,Transfer,16,0,0,0,3,1185.28,5.2,101,0,CUST0489
TXN008239,598.93,Transfer,18,5,0,0,2,836.02,0.8,3428,0,CUST0416
TXN008240,332.8,Withdrawal,12,1,0,0,0,3056.95,4.3,1418,0,CUST0166
TXN008241,381.5,Transfer,13,2,0,0,4,3057.93,4.2,2364,0,CUST0133
TXN008242,3027.91,Withdrawal,13,5,1,0,2,2610.47,7.5,1021,0,CUST0338
TXN008243,362.69,Transfer,20,0,0,0,5,1435.19,2.6,2066,0,CUST0243
TXN008244,3328.3,Withdrawal,8,5,0,0,4,1204.69,4.9,2467,0,CUST0358
TXN008245,8940.28,Payment,20,1,0,0,1,1704.76,10.5,1127,0,CUST0436
TXN008246,4477.35,Purchase,8,2,0,0,3,4169.29,2.1,2902,0,CUST0291
TXN008247,3964.7,Withdrawal,14,1,0,0,4,2449.38,0.2,352,0,CUST0487
TXN008248,3718.72,Withdrawal,17,1,0,0,5,4053.03,14.2,2143,0,CUST0108
TXN008249,1718.49,Transfer,13,2,0,0,2,1397.44,7.6,671,0,CUST0103
TXN008250,6180.87,Payment,11,3,0,0,1,2323.63,0.3,2351,0,CUST0438
TXN008251,4610.34,Transfer,21,2,0,0,2,924.1,6.3,2934,0,CUST0052
TXN008252,3623.39,Payment,9,2,0,0,1,4410.72,1.9,75,0,CUST0084
TXN008253,15389.44,Withdrawal,3,2,1,0,8,1520.09,94.7,88,1,CUST0144
TXN008254,623.21,Payment,16,2,0,0,3,3957.42,6.3,3118,0,CUST0014
TXN008255,673.26,Payment,14,6,0,0,2,949.93,3.6,1900,0,CUST0487
TXN008256,1952.41,Purchase,14,6,0,0,2,4713.85,5.5,2907,0,CUST0103
TXN008257,1411.27,Transfer,17,5,0,0,2,3011.29,2.0,2819,0,CUST0378
TXN008258,8861.96,Withdrawal,14,1,0,0,1,4538.8,6.6,741,0,CUST0344
TXN008259,7266.08,Purchase,11,6,0,0,1,2810.5,16.4,235,0,CUST0264
TXN008260,328.72,Payment,9,1,0,1,2,2185.02,0.4,131,0,CUST0043
TXN008261,5687.51,Withdrawal,18,1,0,0,1,1576.43,3.8,2085,0,CUST0124
TXN008262,3240.7,Transfer,20,0,0,0,2,2307.97,9.3,3238,0,CUST0234
TXN008263,481.86,Payment,9,3,0,0,0,3628.12,0.8,2388,0,CUST0470
TXN008264,926.96,Transfer,16,5,0,0,4,5052.56,0.6,2489,0,CUST0115
TXN008265,628.6,Withdrawal,15,6,0,0,3,1213.78,0.5,524,0,CUST0291
TXN008266,998.04,Withdrawal,18,6,0,0,3,4028.31,14.4,1609,0,CUST0454
TXN008267,504.88,Withdrawal,20,3,0,0,2,2484.95,7.5,1275,0,CUST0322
TXN008268,2854.6,Withdrawal,17,4,0,0,3,447.46,2.9,3463,0,CUST0065
TXN008269,5302.89,Transfer,11,4,0,0,2,3109.96,3.6,555,0,CUST0370
TXN008270,3907.88,Withdrawal,9,4,0,0,4,2372.47,3.9,1568,0,CUST0335
TXN008271,16086.42,Payment,14,5,0,0,0,4920.5,0.3,2359,0,CUST0114
TXN008272,1768.64,Withdrawal,7,5,0,0,1,2150.51,2.1,2967,0,CUST0413
TXN008273,1590.39,Purchase,12,6,0,0,0,2532.91,9.3,940,0,CUST0392
TXN008274,249.43,Payment,9,0,0,0,5,2455.02,12.8,2014,0,CUST0108
TXN008275,2720.72,Payment,10,0,1,0,3,640.3,6.6,1012,0,CUST0311
TXN008276,1804.0,Transfer,12,4,0,0,4,2202.4,9.7,1870,0,CUST0418
TXN008277,2099.31,Payment,8,6,0,0,3,2010.65,1.9,1704,0,CUST0312
TXN008278,5167.01,Withdrawal,15,6,0,0,1,1114.23,11.0,934,0,CUST0076
TXN008279,288.24,Transfer,19,5,0,0,2,2343.32,4.7,2115,0,CUST0026
TXN008280,3200.13,Purchase,13,2,0,0,1,2015.66,5.9,1621,0,CUST0304
TXN008281,844.42,Transfer,21,4,0,0,0,1004.71,8.5,2473,0,CUST0318
TXN008282,8510.2,Payment,20,1,0,0,0,1016.71,1.2,223,0,CUST0146
TXN008283,582.8,Withdrawal,17,5,0,0,1,3753.02,6.4,1971,0,CUST0264
TXN008284,19644.15,Transfer,22,6,0,1,6,405.8,20.3,182,1,CUST0307
TXN008285,1813.58,Transfer,14,4,0,0,3,670.43,1.9,444,0,CUST0249
TXN008286,1337.32,Transfer,23,3,0,0,2,1486.69,4.7,1872,0,CUST0487
TXN008287,891.09,Payment,10,5,0,0,2,5456.68,0.4,3182,0,CUST0107
TXN008288,323.03,Payment,8,4,0,0,5,1041.81,4.7,127,0,CUST0486
TXN008289,3793.61,Transfer,14,2,0,0,1,1648.02,5.3,1576,0,CUST0360
TXN008290,3673.88,Withdrawal,16,6,0,0,3,1435.4,7.7,2014,0,CUST0375
TXN008291,2207.49,Transfer,13,1,0,0,2,1290.42,0.9,1432,0,CUST0384
TXN008292,770.94,Payment,10,0,0,0,5,1407.78,9.9,966,0,CUST0009
TXN008293,2269.83,Transfer,21,3,1,1,5,1678.6,3.5,3146,0,CUST0295
TXN008294,2948.87,Withdrawal,15,4,0,0,1,1888.96,1.9,1467,0,CUST0426
TXN008295,7681.45,Withdrawal,9,0,0,0,4,582.86,1.0,597,0,CUST0096
TXN008296,313.88,Withdrawal,19,2,0,0,4,1856.14,12.1,1799,0,CUST0074
TXN008297,3478.76,Payment,9,3,0,0,0,732.39,3.2,2306,0,CUST0420
TXN008298,194.32,Purchase,15,3,0,0,5,4327.59,3.1,3577,0,CUST0060
TXN008299,621.65,Transfer,18,0,0,0,1,1225.93,6.4,1644,0,CUST0115
TXN008300,823.01,Payment,8,3,0,0,3,2083.81,1.0,586,0,CUST0114
TXN008301,461.98,Transfer,9,3,1,0,5,1042.65,0.0,1073,0,CUST0371
TXN008302,4726.46,Payment,16,6,1,0,2,3014.14,0.3,1317,0,CUST0408
TXN008303,5198.37,Transfer,5,6,0,0,1,3707.42,1.2,1303,0,CUST0046
TXN008304,4641.48,Payment,13,6,0,0,2,2335.42,0.7,3047,0,CUST0264
TXN008305,1133.7,Payment,10,1,0,0,2,3340.6,6.4,3101,0,CUST0345
TXN008306,1134.87,Transfer,15,1,0,0,2,1495.99,6.9,2587,0,CUST0090
TXN008307,507.76,Purchase,12,3,0,0,2,1580.33,0.1,2627,0,CUST0076
TXN008308,1638.7,Transfer,12,3,0,0,4,436.39,0.7,1871,0,CUST0410
TXN008309,3573.71,Transfer,22,5,1,0,3,793.8,2.2,331,0,CUST0035
TXN008310,1319.9,Withdrawal,10,4,0,0,2,3996.16,4.2,1202,0,CUST0366
TXN008311,4143.61,Payment,13,1,0,0,1,1691.82,1.3,467,0,CUST0172
TXN008312,20164.45,Withdrawal,10,5,0,0,1,2883.89,2.5,1541,0,CUST0433
TXN008313,1254.95,Payment,5,6,0,0,2,740.69,0.6,2344,0,CUST0024
TXN008314,2419.65,Payment,16,6,0,0,3,1241.35,21.4,3356,0,CUST0441
TXN008315,15495.37,Payment,9,5,0,0,4,5418.32,2.3,3585,0,CUST0144
TXN008316,3508.28,Transfer,19,2,1,0,2,6059.72,9.4,1960,0,CUST0169
TXN008317,12452.56,Transfer,8,0,1,1,8,849.32,29.7,139,1,CUST0044
TXN008318,728.01,Transfer,0,1,0,0,3,5172.72,5.7,1241,0,CUST0486
TXN008319,2012.69,Transfer,13,0,0,0,0,2375.84,2.3,3521,0,CUST0243
TXN008320,3566.34,Transfer,14,4,0,0,3,4014.9,0.9,864,0,CUST0390
TXN008321,2310.26,Payment,14,0,0,0,2,3056.46,4.0,500,0,CUST0168
TXN008322,2971.65,Payment,14,0,0,0,2,9534.53,4.3,1701,0,CUST0103
TXN008323,1515.08,Transfer,17,4,0,0,4,374.93,2.7,2770,0,CUST0338
TXN008324,1063.95,Transfer,16,3,0,0,2,3216.8,0.5,3623,0,CUST0356
TXN008325,4659.1,Payment,19,5,0,0,2,2414.42,6.6,2513,0,CUST0013
TXN008326,711.04,Transfer,23,1,0,1,2,2071.08,4.5,3146,0,CUST0354
TXN008327,2394.69,Purchase,10,2,0,0,2,610.51,0.5,947,0,CUST0180
TXN008328,5000.0,Purchase,21,4,1,0,10,2193.15,39.7,163,1,CUST0246
TXN008329,1866.84,Withdrawal,17,6,0,0,2,1259.72,8.5,2228,0,CUST0122
TXN008330,7327.25,Payment,17,2,0,0,3,2788.8,8.2,1107,0,CUST0123
TXN008331,3689.57,Payment,16,0,0,0,2,1208.13,0.7,2585,0,CUST0487
TXN008332,22282.49,Payment,11,5,0,1,4,2517.7,5.0,3312,0,CUST0278
TXN008333,9224.72,Withdrawal,10,0,0,0,2,2325.76,2.3,2923,0,CUST0253
TXN008334,1091.41,Payment,18,1,0,0,3,3595.22,0.6,131,0,CUST0391
TXN008335,3928.56,Payment,18,5,0,0,5,2187.51,5.8,3288,0,CUST0110
TXN008336,1124.25,Purchase,2,2,1,0,1,5384.26,5.0,1250,0,CUST0402
TXN008337,9770.68,Withdrawal,19,1,0,0,1,1541.77,3.7,735,0,CUST0469
TXN008338,1190.45,Transfer,20,1,0,0,3,2994.01,3.2,3055,0,CUST0475
TXN008339,5895.18,Purchase,20,4,0,0,2,2295.63,0.0,2039,0,CUST0264
TXN008340,3169.95,Purchase,10,2,0,0,1,7016.28,4.0,2701,0,CUST0256
TXN008341,648.16,Transfer,13,3,0,0,2,5114.07,11.7,737,0,CUST0306
TXN008342,943.26,Transfer,9,0,0,0,2,318.39,6.8,892,0,CUST0032
TXN008343,1282.79,Payment,15,5,0,0,3,2056.26,0.2,1623,0,CUST0133
TXN008344,1421.23,Payment,20,5,0,0,1,2355.12,3.2,1492,0,CUST0270
TXN008345,11300.04,Purchase,20,0,0,0,2,1120.11,0.8,1493,0,CUST0433
TXN008346,442.1,Purchase,12,1,0,0,0,2169.32,1.9,3068,0,CUST0002
TXN008347,2212.0,Payment,15,2,0,0,5,1787.75,1.3,747,0,CUST0167
TXN008348,616.53,Withdrawal,6,3,0,0,2,994.51,1.0,3379,0,CUST0024
TXN008349,150.23,Transfer,10,0,0,0,4,334.61,2.3,1652,0,CUST0013
TXN008350,4381.98,Transfer,10,4,0,0,3,1788.09,0.1,830,0,CUST0086
TXN008351,1640.39,Transfer,23,0,0,0,1,730.41,6.1,1810,0,CUST0395
TXN008352,9027.83,Payment,19,2,0,0,4,3097.73,6.8,875,0,CUST0233
TXN008353,793.51,Transfer,16,1,0,0,1,1071.83,1.9,1184,0,CUST0275
TXN008354,465.48,Transfer,21,0,0,0,2,1709.18,8.4,3631,0,CUST0172
TXN008355,8130.67,Payment,9,3,0,0,1,1257.97,11.5,248,0,CUST0350
TXN008356,3091.43,Withdrawal,12,0,0,0,1,1298.86,10.3,3085,0,CUST0260
TXN008357,7723.87,Transfer,21,5,0,1,9,981.32,40.5,203,1,CUST0115
TXN008358,1339.84,Transfer,9,4,0,0,5,864.23,0.9,2051,0,CUST0181
TXN008359,470.97,Payment,8,1,0,0,6,578.34,2.4,168,0,CUST0028
TXN008360,1736.57,Payment,9,5,0,0,1,622.44,6.0,2033,0,CUST0459
TXN008361,2164.43,Payment,8,2,0,0,2,1231.69,3.2,381,0,CUST0298
TXN008362,2261.8,Transfer,20,0,0,0,3,2554.09,0.6,127,0,CUST0049
TXN008363,4550.43,Payment,15,6,0,0,1,1388.68,0.9,2800,0,CUST0324
TXN008364,3533.52,Payment,17,5,0,0,1,1468.11,1.3,2223,0,CUST0272
TXN008365,782.58,Transfer,11,6,0,0,2,1368.62,0.7,2663,0,CUST0026
TXN008366,242.2,Payment,11,1,0,0,1,5408.78,0.1,851,0,CUST0092
TXN008367,2590.69,Purchase,10,3,0,0,0,1195.12,8.7,236,0,CUST0121
TXN008368,2497.85,Payment,17,2,0,0,4,1092.54,18.6,2146,0,CUST0415
TXN008369,3002.72,Purchase,10,0,1,0,4,952.96,2.9,657,0,CUST0119
TXN008370,5618.22,Payment,16,2,0,0,4,2871.83,5.4,1240,0,CUST0183
TXN008371,1297.99,Purchase,12,4,0,0,1,2332.77,10.1,584,0,CUST0391
TXN008372,1734.83,Payment,11,0,0,0,1,3333.42,0.3,1485,0,CUST0144
TXN008373,549.54,Withdrawal,9,5,0,0,1,3147.21,1.8,2495,0,CUST0366
TXN008374,933.71,Payment,9,3,1,0,3,569.39,0.7,2201,0,CUST0176
TXN008375,282.05,Transfer,17,0,0,0,2,1279.67,4.8,1842,0,CUST0314
TXN008376,1582.87,Purchase,10,0,0,1,1,2989.77,3.7,1088,0,CUST0244
TXN008377,1215.47,Payment,18,6,0,0,5,2488.83,2.7,2773,0,CUST0369
TXN008378,2051.77,Withdrawal,20,0,0,0,6,817.55,7.9,2430,0,CUST0475
TXN008379,3398.96,Payment,14,2,0,0,2,1656.68,2.7,3366,0,CUST0255
TXN008380,6466.82,Payment,17,5,0,0,2,1843.13,4.6,814,0,CUST0166
TXN008381,6429.9,Withdrawal,20,2,0,0,0,1022.24,4.4,665,0,CUST0112
TXN008382,5964.69,Purchase,14,4,0,0,2,2216.72,2.8,2257,0,CUST0269
TXN008383,9213.24,Purchase,21,5,0,0,0,1234.4,3.0,3176,0,CUST0342
TXN008384,7497.84,Payment,14,5,0,0,2,2141.47,9.0,181,0,CUST0054
TXN008385,2737.68,Withdrawal,17,4,0,0,1,1381.92,3.9,959,0,CUST0182
TXN008386,5961.71,Transfer,9,5,0,0,2,666.6,12.7,1292,0,CUST0037
TXN008387,16490.22,Payment,12,0,0,0,3,667.23,10.2,2731,0,CUST0192
TXN008388,485.2,Withdrawal,18,6,0,0,2,1257.89,0.7,3517,0,CUST0407
TXN008389,1595.77,Withdrawal,8,4,0,0,2,868.62,5.8,1092,0,CUST0083
TXN008390,1467.82,Payment,8,5,0,0,0,2218.59,8.1,3424,0,CUST0052
TXN008391,3113.8,Payment,11,2,0,0,3,1906.9,0.0,208,0,CUST0006
TXN008392,1544.05,Withdrawal,13,1,0,0,1,13753.92,9.1,1201,0,CUST0245
TXN008393,3505.65,Transfer,19,3,0,0,3,1776.83,1.4,1234,0,CUST0376
TXN008394,1736.87,Transfer,8,4,1,0,6,1888.87,0.0,2478,0,CUST0140
TXN008395,3198.72,Transfer,14,0,0,0,6,1887.89,2.4,773,0,CUST0139
TXN008396,1994.17,Payment,7,5,0,0,2,1537.0,6.8,892,0,CUST0302
TXN008397,4859.1,Payment,12,6,0,0,4,219.65,3.5,1000,0,CUST0396
TXN008398,6082.05,Purchase,15,4,0,0,0,6762.31,4.7,2818,0,CUST0200
TXN008399,2261.73,Purchase,8,3,0,0,0,4866.94,2.3,2838,0,CUST0267
TXN008400,1331.91,Purchase,16,6,0,0,1,2027.62,1.4,3489,0,CUST0010
TXN008401,1939.24,Transfer,8,0,0,0,2,1655.65,2.4,1280,0,CUST0285
TXN008402,2863.99,Payment,18,4,0,0,0,1026.14,2.4,1038,0,CUST0335
TXN008403,496.07,Payment,15,4,0,0,2,1178.69,3.6,2173,0,CUST0125
TXN008404,2262.76,Withdrawal,10,2,0,0,3,2845.24,2.8,462,0,CUST0109
TXN008405,4114.82,Payment,13,5,0,0,1,7959.62,2.4,495,0,CUST0098
TXN008406,63501.26,Transfer,16,3,1,0,5,756.48,100.0,216,1,CUST0065
TXN008407,1257.48,Transfer,15,5,0,0,2,4176.47,8.8,3234,0,CUST0423
TXN008408,4794.92,Payment,18,0,0,0,3,558.9,4.1,258,0,CUST0006
TXN008409,17705.88,Payment,6,3,0,0,2,912.92,1.4,3554,0,CUST0045
TXN008410,881.77,Payment,17,2,0,0,3,6447.53,3.4,1273,0,CUST0180
TXN008411,2496.15,Purchase,16,2,0,0,4,1701.3,0.2,1461,0,CUST0477
TXN008412,198.12,Transfer,14,5,0,0,4,705.71,1.2,82,0,CUST0347
TXN008413,508.12,Payment,19,6,0,0,4,1707.27,6.3,2586,0,CUST0034
TXN008414,1172.17,Withdrawal,17,4,1,0,4,2545.72,16.1,3068,0,CUST0430
TXN008415,2970.94,Withdrawal,16,6,0,0,3,1395.35,0.5,2290,0,CUST0313
TXN008416,4492.73,Payment,13,4,0,0,4,3789.36,2.0,426,0,CUST0112
TXN008417,1443.24,Transfer,12,2,0,0,4,5114.3,8.5,2113,0,CUST0397
TXN008418,5332.17,Payment,17,1,0,0,2,8709.02,0.8,3357,0,CUST0167
TXN008419,1155.21,Purchase,2,3,0,0,3,6815.99,5.4,297,0,CUST0018
TXN008420,2060.58,Transfer,20,4,0,0,1,18100.58,1.6,3212,0,CUST0398
TXN008421,5400.2,Payment,20,2,0,0,3,922.91,2.1,1496,0,CUST0405
TXN008422,2080.49,Withdrawal,17,5,0,0,3,1774.91,1.5,2748,0,CUST0160
TXN008423,1197.72,Payment,9,0,1,0,2,1163.68,3.9,738,0,CUST0287
TXN008424,964.23,Payment,15,5,0,0,5,1932.98,12.9,1535,0,CUST0256
TXN008425,697.12,Payment,17,4,0,0,3,4949.77,19.4,1468,0,CUST0292
TXN008426,887.76,Purchase,12,4,0,0,4,3368.45,1.8,1198,0,CUST0110
TXN008427,5442.21,Withdrawal,1,0,0,1,6,772.9,44.5,82,1,CUST0349
TXN008428,1483.83,Payment,15,5,0,0,3,3103.58,0.8,2021,0,CUST0152
TXN008429,2268.86,Withdrawal,13,3,0,0,1,1343.76,1.7,1440,0,CUST0413
TXN008430,663.69,Payment,15,0,0,0,1,7599.88,1.2,1682,0,CUST0010
TXN008431,476.91,Withdrawal,8,3,0,0,0,1564.64,7.5,1903,0,CUST0356
TXN008432,344.94,Transfer,21,2,0,0,0,851.24,4.9,1564,0,CUST0451
TXN008433,510.56,Transfer,17,6,0,0,0,692.31,1.9,3172,0,CUST0088
TXN008434,481.09,Transfer,20,1,1,0,1,5162.35,0.1,741,0,CUST0059
TXN008435,1466.49,Purchase,18,0,0,1,4,672.46,11.3,1805,0,CUST0357
TXN008436,3520.34,Payment,15,3,1,0,7,2809.87,9.8,888,0,CUST0150
TXN008437,6702.21,Payment,17,3,0,0,2,6760.56,1.4,2221,0,CUST0078
TXN008438,266.86,Transfer,13,1,1,0,10,788.16,3.3,1754,0,CUST0382
TXN008439,2166.51,Withdrawal,13,6,0,0,2,2373.21,4.5,621,0,CUST0002
TXN008440,5370.89,Payment,16,5,0,0,3,2526.77,0.5,1151,0,CUST0342
TXN008441,8381.04,Payment,15,0,0,0,3,1714.91,2.3,2465,0,CUST0024
TXN008442,358.99,Payment,10,6,0,0,3,5680.7,9.3,2901,0,CUST0146
TXN008443,15571.26,Withdrawal,19,5,0,0,0,2363.58,9.2,1855,0,CUST0274
TXN008444,2212.77,Payment,12,6,0,0,4,1184.53,3.1,369,0,CUST0181
TXN008445,727.43,Transfer,21,3,0,0,4,1721.83,0.8,1154,0,CUST0063
TXN008446,297.41,Transfer,17,5,1,0,2,2314.48,9.4,3631,0,CUST0356
TXN008447,1054.91,Transfer,17,6,0,1,4,867.35,5.2,2381,0,CUST0116
TXN008448,3308.07,Payment,13,4,0,0,1,791.67,1.4,281,0,CUST0478
TXN008449,5500.72,Payment,10,5,0,0,4,7422.74,17.0,2363,0,CUST0485
TXN008450,5628.62,Payment,13,3,0,0,5,1672.58,16.0,1323,0,CUST0311
TXN008451,731.93,Payment,16,3,0,0,3,2301.19,0.5,2441,0,CUST0386
TXN008452,4977.27,Purchase,11,1,0,1,3,416.71,0.3,2194,0,CUST0467
TXN008453,635.16,Transfer,21,4,0,0,1,4271.01,5.1,3434,0,CUST0420
TXN008454,1254.73,Transfer,14,4,0,0,4,1369.28,13.7,470,0,CUST0486
TXN008455,4293.36,Withdrawal,17,4,0,0,0,465.96,3.1,285,0,CUST0269
TXN008456,7876.08,Withdrawal,12,0,0,0,3,2426.53,5.9,931,0,CUST0271
TXN008457,3222.71,Payment,11,4,0,0,0,3434.12,7.5,2440,0,CUST0308
TXN008458,205.89,Purchase,18,3,0,0,2,542.73,1.7,1379,0,CUST0090
TXN008459,88623.09,Payment,19,1,0,0,5,1080.01,180.3,190,1,CUST0117
TXN008460,5526.42,Transfer,11,0,0,0,3,3831.61,4.9,2474,0,CUST0408
TXN008461,3932.13,Transfer,10,0,0,0,2,6949.58,11.0,2823,0,CUST0417
TXN008462,1032.14,Transfer,19,1,1,0,3,1226.56,11.8,2993,0,CUST0451
TXN008463,6223.77,Purchase,8,3,0,0,2,1763.78,1.7,472,0,CUST0107
TXN008464,18439.94,Withdrawal,22,5,1,1,9,1038.95,45.2,286,1,CUST0168
TXN008465,549.33,Purchase,14,3,0,0,2,2166.84,1.5,453,0,CUST0123
TXN008466,3932.11,Payment,6,1,0,0,0,3744.54,2.5,2823,0,CUST0229
TXN008467,4262.71,Withdrawal,13,0,0,0,4,922.28,20.5,129,0,CUST0009
TXN008468,475.06,Purchase,11,6,0,0,1,712.71,1.2,241,0,CUST0015
TXN008469,961.6,Withdrawal,19,0,1,0,4,2449.97,3.4,1087,0,CUST0119
TXN008470,881.1,Transfer,6,5,0,0,3,882.36,11.8,3574,0,CUST0089
TXN008471,3419.76,Transfer,11,3,0,0,4,780.75,0.1,1263,0,CUST0191
TXN008472,1046.43,Transfer,10,4,0,0,5,2279.19,4.4,2101,0,CUST0106
TXN008473,1759.2,Purchase,9,5,0,0,4,2232.15,0.3,591,0,CUST0177
TXN008474,513.95,Withdrawal,14,2,0,0,5,1563.62,9.6,2833,0,CUST0167
TXN008475,325.15,Transfer,17,6,0,1,2,2381.32,6.9,703,0,CUST0424
TXN008476,6487.71,Transfer,13,4,0,0,1,834.5,8.8,3358,0,CUST0031
TXN008477,1386.3,Purchase,9,3,0,0,1,490.08,4.1,3338,0,CUST0369
TXN008478,1249.78,Purchase,19,5,0,0,2,2166.86,3.1,1933,0,CUST0401
TXN008479,1358.31,Withdrawal,11,5,0,0,0,2323.62,13.0,2898,0,CUST0090
TXN008480,10845.63,Payment,0,2,0,1,7,4039.17,10.9,109,1,CUST0493
TXN008481,7219.44,Withdrawal,6,0,0,0,5,3008.2,0.1,3117,0,CUST0376
TXN008482,1597.62,Payment,13,4,0,0,4,1923.32,0.2,2043,0,CUST0422
TXN008483,1617.72,Transfer,14,1,0,0,2,1060.48,0.3,783,0,CUST0432
TXN008484,1769.82,Withdrawal,11,4,0,0,2,7721.48,10.5,1491,0,CUST0223
TXN008485,876.29,Purchase,9,3,0,0,2,3636.07,6.6,2404,0,CUST0175
TXN008486,2279.8,Withdrawal,17,4,0,0,4,3736.67,5.2,813,0,CUST0301
TXN008487,4065.37,Transfer,9,2,0,0,2,699.55,8.9,305,0,CUST0015
TXN008488,3444.45,Withdrawal,19,6,0,0,2,2111.28,1.6,1700,0,CUST0327
TXN008489,2043.14,Withdrawal,16,0,0,0,4,1127.82,3.4,1432,0,CUST0429
TXN008490,1015.59,Payment,10,0,0,0,2,7129.5,3.3,1738,0,CUST0276
TXN008491,7202.32,Payment,1,6,0,0,2,2577.37,1.9,3102,0,CUST0064
TXN008492,1442.63,Withdrawal,8,6,0,0,4,1419.53,6.7,3368,0,CUST0330
TXN008493,798.76,Purchase,21,2,0,0,6,1066.7,0.9,3084,0,CUST0261
TXN008494,3022.34,Purchase,11,5,0,0,4,1789.05,1.1,1197,0,CUST0238
TXN008495,1039.35,Payment,18,6,0,0,5,204.51,0.4,1411,0,CUST0464
TXN008496,3179.9,Payment,11,2,0,0,2,767.9,0.2,1311,0,CUST0437
TXN008497,1427.19,Payment,16,3,0,0,3,6178.59,2.5,1291,0,CUST0109
TXN008498,2077.79,Transfer,21,6,0,0,1,1415.51,4.2,774,0,CUST0137
TXN008499,2249.66,Payment,19,4,0,0,6,1559.62,24.2,1210,0,CUST0176
TXN008500,9745.15,Purchase,16,3,0,0,4,786.35,0.5,3636,0,CUST0287
TXN008501,5812.59,Purchase,5,2,0,0,1,1816.49,0.4,497,0,CUST0239
TXN008502,2785.72,Payment,9,3,0,0,1,791.67,2.6,1820,0,CUST0491
TXN008503,23400.27,Purchase,15,5,0,0,1,1290.35,0.9,2942,0,CUST0323
TXN008504,1123.02,Purchase,17,3,0,0,0,1089.93,3.7,1617,0,CUST0171
TXN008505,720.98,Transfer,18,3,0,0,2,3330.52,6.3,3344,0,CUST0429
TXN008506,657.14,Transfer,11,5,0,0,4,3966.47,7.9,2824,0,CUST0385
TXN008507,6132.11,Payment,9,4,0,0,1,1625.24,9.8,183,0,CUST0242
TXN008508,8067.28,Purchase,18,2,0,0,2,520.53,3.9,689,0,CUST0410
TXN008509,2401.65,Payment,18,2,0,0,5,2506.87,4.8,1996,0,CUST0411
TXN008510,2708.23,Purchase,9,2,0,0,5,1237.64,0.8,875,0,CUST0255
TXN008511,2115.34,Purchase,9,0,0,0,2,1162.95,1.4,3208,0,CUST0029
TXN008512,682.3,Withdrawal,15,6,0,0,1,3796.61,5.3,3210,0,CUST0174
TXN008513,3020.77,Purchase,11,3,0,0,2,1662.04,1.5,1037,0,CUST0224
TXN008514,1327.34,Purchase,10,2,0,0,3,1433.36,11.1,3190,0,CUST0370
TXN008515,663.67,Purchase,13,3,0,0,2,2956.25,9.5,2407,0,CUST0383
TXN008516,2178.97,Purchase,19,0,0,0,3,1923.51,1.2,3190,0,CUST0092
TXN008517,1379.85,Transfer,11,4,0,0,3,1262.02,4.8,3119,0,CUST0414
TXN008518,2094.98,Withdrawal,16,2,0,0,2,752.18,9.2,3171,0,CUST0026
TXN008519,1717.47,Purchase,11,1,0,0,2,2432.28,4.1,2920,0,CUST0086
TXN008520,795.62,Payment,10,4,0,0,3,1484.9,2.2,818,0,CUST0344
TXN008521,1574.57,Transfer,13,2,0,0,3,7431.03,4.6,394,0,CUST0109
TXN008522,7415.72,Withdrawal,21,3,0,0,2,1132.56,7.7,1610,0,CUST0410
TXN008523,8373.89,Purchase,13,5,0,0,3,2616.17,5.3,2756,0,CUST0455
TXN008524,12761.11,Transfer,20,1,0,0,2,2995.65,5.0,3267,0,CUST0173
TXN008525,5000.0,Transfer,2,5,1,1,12,2193.6,43.0,127,1,CUST0321
TXN008526,849.13,Withdrawal,18,1,0,0,2,6129.08,10.4,2939,0,CUST0040
TXN008527,518.24,Payment,11,1,0,0,3,948.31,2.3,2655,0,CUST0087
TXN008528,801.9,Transfer,8,4,0,0,2,870.36,4.8,952,0,CUST0322
TXN008529,3468.2,Purchase,17,2,0,0,2,1191.36,3.4,2967,0,CUST0298
TXN008530,1678.35,Payment,11,2,0,0,1,3682.78,2.5,3498,0,CUST0118
TXN008531,4086.73,Payment,16,0,0,0,1,4344.81,9.0,1566,0,CUST0011
TXN008532,1961.16,Transfer,16,4,0,1,5,1026.51,0.3,535,0,CUST0199
TXN008533,2105.6,Payment,14,1,0,0,4,4287.51,3.6,2981,0,CUST0182
TXN008534,1870.39,Withdrawal,15,2,0,0,3,3053.61,2.6,369,0,CUST0398
TXN008535,3731.6,Payment,10,5,0,0,2,2280.82,3.3,1520,0,CUST0447
TXN008536,742.16,Payment,10,2,0,0,5,951.08,6.2,758,0,CUST0205
TXN008537,2722.05,Payment,8,3,0,0,2,9637.21,6.2,207,0,CUST0129
TXN008538,1235.04,Transfer,20,4,0,0,0,1095.17,3.1,2977,0,CUST0361
TXN008539,1413.21,Payment,10,6,0,0,2,613.71,1.0,2460,0,CUST0027
TXN008540,2166.92,Withdrawal,12,6,0,0,1,6562.26,7.3,92,0,CUST0061
TXN008541,17512.9,Payment,12,2,0,0,0,761.26,10.0,2593,0,CUST0123
TXN008542,85631.16,Transfer,5,3,0,1,10,967.57,10.0,133,1,CUST0451
TXN008543,15112.35,Withdrawal,7,1,1,0,9,1463.12,47.4,154,1,CUST0128
TXN008544,1746.36,Purchase,18,5,0,0,4,3182.29,0.7,1860,0,CUST0357
TXN008545,679.73,Payment,17,4,1,0,2,2242.35,2.6,3430,0,CUST0347
TXN008546,555.7,Transfer,12,4,0,0,3,9210.67,8.0,3427,0,CUST0232
TXN008547,6111.58,Transfer,7,2,1,1,6,2110.78,10.0,29,1,CUST0142
TXN008548,1339.59,Purchase,8,1,0,0,5,2305.45,0.3,1865,0,CUST0114
TXN008549,364.32,Payment,12,0,0,0,1,4730.88,0.8,701,0,CUST0029
TXN008550,7300.4,Transfer,16,0,0,0,3,3260.69,4.0,1576,0,CUST0148
TXN008551,2401.27,Payment,18,5,1,0,1,4126.49,3.0,1716,0,CUST0037
TXN008552,355.12,Payment,10,6,0,0,3,1756.01,13.4,2274,0,CUST0425
TXN008553,432.09,Transfer,15,1,0,0,1,2452.01,2.1,1968,0,CUST0466
TXN008554,1968.86,Transfer,8,1,0,0,3,5272.03,2.1,821,0,CUST0150
TXN008555,3115.73,Purchase,20,1,1,0,5,1555.62,1.5,1488,0,CUST0414
TXN008556,807.71,Purchase,15,3,0,0,1,1072.6,1.8,1692,0,CUST0128
TXN008557,3288.21,Transfer,10,6,0,0,3,620.09,11.3,2299,0,CUST0183
TXN008558,2829.08,Withdrawal,18,4,0,0,1,737.98,5.0,46,0,CUST0314
TXN008559,1566.09,Transfer,11,3,0,0,0,1350.69,2.8,3369,0,CUST0268
TXN008560,3805.44,Transfer,20,0,0,0,1,1123.06,0.2,2501,0,CUST0226
TXN008561,967.23,Transfer,9,5,0,0,2,692.07,24.2,590,0,CUST0442
TXN008562,15757.25,Withdrawal,15,1,0,0,3,3297.96,0.4,2904,0,CUST0026
TXN008563,1945.35,Withdrawal,13,4,1,0,2,1387.5,18.2,1567,0,CUST0100
TXN008564,2841.44,Payment,16,4,0,0,2,2243.63,3.9,2949,0,CUST0356
TXN008565,409.76,Payment,15,0,0,0,1,597.66,5.2,3435,0,CUST0240
TXN008566,1130.3,Purchase,18,1,0,0,1,756.09,9.4,2307,0,CUST0118
TXN008567,1836.65,Transfer,18,4,0,0,3,2458.97,0.1,3060,0,CUST0274
TXN008568,9179.05,Transfer,16,3,0,0,2,2697.37,1.2,1109,0,CUST0445
TXN008569,1870.62,Purchase,11,1,0,0,2,3712.85,9.8,2449,0,CUST0189
TXN008570,17745.46,Transfer,0,2,0,0,6,915.65,47.0,335,1,CUST0025
TXN008571,1219.73,Payment,8,2,0,0,2,4362.23,1.7,1869,0,CUST0453
TXN008572,233981.03,Transfer,16,6,1,1,12,1785.85,32.5,186,1,CUST0475
TXN008573,2225.39,Purchase,20,6,0,0,1,2620.37,15.2,1035,0,CUST0421
TXN008574,1037.38,Purchase,8,3,0,0,3,2630.12,9.0,1553,0,CUST0076
TXN008575,684.26,Payment,10,3,0,0,4,397.54,4.9,461,0,CUST0423
TXN008576,2530.43,Transfer,15,4,0,0,3,853.94,3.1,3169,0,CUST0278
TXN008577,200.58,Withdrawal,18,2,0,0,2,982.89,2.7,271,0,CUST0203
TXN008578,300.62,Withdrawal,10,4,0,0,1,965.79,4.4,215,0,CUST0266
TXN008579,2509.43,Withdrawal,9,5,0,0,1,4595.22,0.7,1160,0,CUST0356
TXN008580,732.38,Transfer,7,4,0,0,3,3227.07,7.3,834,0,CUST0125
TXN008581,1283.21,Payment,8,2,0,0,3,1137.56,0.3,2845,0,CUST0422
TXN008582,840.46,Transfer,12,6,0,1,3,3065.05,13.2,2556,0,CUST0320
TXN008583,1418.42,Withdrawal,16,0,0,0,1,2034.67,0.2,2945,0,CUST0338
TXN008584,1449.59,Payment,0,0,0,0,5,2401.05,8.6,580,0,CUST0249
TXN008585,224.95,Payment,18,5,0,0,3,1725.18,6.6,893,0,CUST0244
TXN008586,226.88,Transfer,6,0,0,0,1,1808.51,1.2,2586,0,CUST0427
TXN008587,7175.78,Payment,12,6,1,0,1,1938.68,2.9,76,0,CUST0108
TXN008588,2750.7,Purchase,20,3,0,0,3,1061.53,3.8,2049,0,CUST0311
TXN008589,353.8,Payment,16,4,0,0,4,2125.72,6.1,2794,0,CUST0139
TXN008590,943.88,Transfer,16,0,0,0,3,1600.13,7.0,877,0,CUST0016
TXN008591,2169.32,Transfer,9,0,0,0,3,496.06,8.0,1828,0,CUST0153
TXN008592,4520.27,Payment,17,3,0,0,4,2903.27,36.1,1118,0,CUST0311
TXN008593,2245.71,Purchase,0,2,0,0,1,11092.66,0.7,3496,0,CUST0451
TXN008594,647.83,Purchase,16,6,0,0,5,361.72,1.8,3639,0,CUST0194
TXN008595,479.05,Payment,17,2,0,0,4,3185.98,0.3,1017,0,CUST0411
TXN008596,2392.38,Payment,8,0,0,0,1,1117.43,7.5,162,0,CUST0174
TXN008597,1088.23,Payment,10,2,1,0,4,618.59,2.2,615,0,CUST0139
TXN008598,1955.84,Payment,13,2,0,0,6,2369.26,0.4,101,0,CUST0198
TXN008599,1214.05,Payment,12,5,0,0,0,1120.58,8.6,895,0,CUST0123
TXN008600,346.46,Purchase,14,3,0,0,2,1697.69,0.8,2652,0,CUST0156
TXN008601,965.79,Transfer,15,4,0,0,2,4959.55,2.5,2893,0,CUST0451
TXN008602,5565.56,Transfer,9,3,0,0,2,3080.04,1.7,3560,0,CUST0172
TXN008603,802.05,Withdrawal,12,2,0,0,3,2237.64,1.0,3035,0,CUST0335
TXN008604,1373.61,Payment,11,6,0,0,4,4093.54,2.9,1347,0,CUST0454
TXN008605,266.65,Payment,6,6,0,0,1,4231.25,0.8,1765,0,CUST0311
TXN008606,2105.96,Purchase,17,5,0,0,5,1989.24,6.3,3519,0,CUST0335
TXN008607,1421.79,Purchase,17,0,0,0,1,2266.88,0.4,508,0,CUST0100
TXN008608,3786.44,Payment,13,5,0,0,1,3139.96,3.9,1855,0,CUST0245
TXN008609,1706.22,Payment,13,2,0,0,5,1042.0,0.5,2973,0,CUST0273
TXN008610,461.3,Withdrawal,10,2,0,0,2,1626.84,3.1,867,0,CUST0369
TXN008611,3768.67,Withdrawal,10,1,0,0,2,2932.43,0.7,1520,0,CUST0478
TXN008612,1833.81,Purchase,10,6,0,0,3,1024.46,6.8,230,0,CUST0040
TXN008613,679.76,Purchase,9,2,0,0,2,1873.84,16.6,994,0,CUST0198
TXN008614,1134.78,Transfer,10,4,0,0,1,2128.38,12.3,2801,0,CUST0305
TXN008615,816.56,Purchase,10,4,0,0,0,1221.8,10.4,2242,0,CUST0075
TXN008616,9739.33,Payment,14,3,0,0,1,4811.74,0.2,99,0,CUST0165
TXN008617,833.64,Purchase,13,2,0,0,0,1671.41,9.7,2971,0,CUST0238
TXN008618,439.78,Purchase,19,5,0,0,5,10113.51,1.3,1435,0,CUST0309
TXN008619,3545.64,Purchase,8,1,0,0,1,1615.43,0.6,2968,0,CUST0328
TXN008620,3593.77,Withdrawal,10,2,0,0,2,359.17,19.4,650,0,CUST0209
TXN008621,992.06,Purchase,12,5,0,0,2,3577.66,3.9,2016,0,CUST0065
TXN008622,4704.6,Withdrawal,10,6,0,0,4,9991.73,9.0,1639,0,CUST0385
TXN008623,2549.85,Payment,16,6,0,0,2,3042.19,0.9,3278,0,CUST0380
TXN008624,9666.65,Payment,11,4,0,0,4,2286.24,3.3,1017,0,CUST0423
TXN008625,2398.45,Purchase,16,0,0,0,4,5198.87,17.1,2554,0,CUST0286
TXN008626,2137.88,Transfer,16,4,0,0,3,368.53,2.4,2742,0,CUST0212
TXN008627,1448.25,Payment,10,6,0,0,1,2409.43,13.1,2118,0,CUST0427
TXN008628,3412.4,Payment,14,1,0,0,1,647.04,3.1,3462,0,CUST0279
TXN008629,994.59,Withdrawal,18,5,0,0,2,1022.82,1.0,3051,0,CUST0250
TXN008630,1382.48,Payment,10,5,0,0,3,785.33,2.4,1591,0,CUST0492
TXN008631,2357.51,Purchase,20,3,0,0,2,1501.99,4.1,3553,0,CUST0245
TXN008632,5940.04,Payment,10,2,0,0,4,4026.97,3.4,534,0,CUST0492
TXN008633,1031.39,Withdrawal,10,5,0,0,0,2321.83,3.0,3033,0,CUST0031
TXN008634,2583.8,Payment,10,1,0,0,2,3267.66,2.4,3443,0,CUST0471
TXN008635,1377.94,Payment,22,0,0,0,1,1826.98,9.7,915,0,CUST0197
TXN008636,9352.31,Payment,14,5,0,0,4,1319.91,3.9,240,0,CUST0365
TXN008637,3045.07,Payment,15,2,0,0,0,2680.92,6.2,2903,0,CUST0180
TXN008638,4623.73,Payment,12,3,0,0,1,1259.46,0.4,1319,0,CUST0311
TXN008639,2045.81,Withdrawal,12,4,0,0,3,2158.07,5.2,1200,0,CUST0390
TXN008640,1143.42,Transfer,21,0,0,0,3,4315.86,1.3,2766,0,CUST0303
TXN008641,17603.01,Payment,12,1,0,0,6,3079.95,12.9,95,0,CUST0100
TXN008642,4516.04,Purchase,12,1,0,0,4,2896.74,0.4,732,0,CUST0017
TXN008643,1110.31,Payment,18,5,0,0,3,1903.32,6.4,1537,0,CUST0047
TXN008644,3438.72,Payment,18,0,0,0,5,1143.22,0.4,2842,0,CUST0119
TXN008645,510.81,Transfer,9,1,0,0,4,1106.71,4.3,640,0,CUST0056
TXN008646,1466.58,Payment,10,3,0,0,1,617.36,4.4,1722,0,CUST0047
TXN008647,1248.15,Transfer,8,5,0,0,1,1087.58,1.4,368,0,CUST0421
TXN008648,1144.09,Payment,18,1,0,0,6,1659.8,5.0,3165,0,CUST0219
TXN008649,968.41,Transfer,14,1,0,0,1,2423.73,1.8,763,0,CUST0074
TXN008650,1621.72,Purchase,15,2,0,0,4,2238.17,1.2,3530,0,CUST0028
TXN008651,236.9,Transfer,20,5,0,0,3,2114.84,2.1,53,0,CUST0425
TXN008652,2723.9,Payment,8,5,0,0,2,3037.03,4.0,1035,0,CUST0056
TXN008653,416.75,Purchase,10,4,0,0,5,4081.69,5.3,1658,0,CUST0066
TXN008654,4618.92,Withdrawal,12,6,0,0,6,6077.53,4.1,2884,0,CUST0251
TXN008655,1722.18,Withdrawal,20,2,0,0,3,1181.41,7.6,273,0,CUST0327
TXN008656,591.15,Withdrawal,5,2,0,0,3,1619.17,0.9,533,0,CUST0136
TXN008657,315.54,Payment,23,3,0,0,2,791.43,7.2,1434,0,CUST0292
TXN008658,7260.53,Transfer,16,6,0,0,5,758.18,3.4,1902,0,CUST0417
TXN008659,3538.76,Withdrawal,17,2,0,0,1,2201.11,5.0,441,0,CUST0321
TXN008660,12745.29,Payment,16,6,0,0,2,1287.67,11.3,1085,0,CUST0031
TXN008661,97.38,Withdrawal,15,0,0,0,1,5692.1,0.5,1255,0,CUST0460
TXN008662,10368.12,Withdrawal,9,1,0,0,1,1185.15,2.3,1677,0,CUST0181
TXN008663,2975.66,Payment,19,3,0,0,2,2290.69,2.4,2401,0,CUST0344
TXN008664,719.2,Purchase,18,3,0,0,2,939.59,1.3,2432,0,CUST0500
TXN008665,1325.75,Purchase,22,2,0,0,1,1566.9,5.4,878,0,CUST0208
TXN008666,1398.36,Purchase,12,3,0,0,1,4194.16,2.2,467,0,CUST0209
TXN008667,1771.25,Transfer,14,3,0,0,7,286.72,0.4,484,0,CUST0494
TXN008668,3031.91,Transfer,11,6,0,0,0,1837.52,10.4,1002,0,CUST0179
TXN008669,6004.48,Transfer,11,2,0,0,0,1886.54,5.7,2835,0,CUST0139
TXN008670,1412.94,Payment,18,6,0,0,2,931.31,1.6,711,0,CUST0419
TXN008671,1526.72,Withdrawal,8,3,0,0,1,723.68,7.4,618,0,CUST0153
TXN008672,2559.49,Transfer,14,4,0,0,3,444.01,2.5,1194,0,CUST0356
TXN008673,522.04,Payment,7,0,0,0,2,8536.82,3.3,2650,0,CUST0180
TXN008674,6450.37,Withdrawal,15,1,1,0,4,2138.44,3.5,912,0,CUST0452
TXN008675,1157.27,Payment,17,2,0,0,2,568.27,2.4,2731,0,CUST0077
TXN008676,951.72,Payment,16,4,0,1,4,1645.94,1.0,3101,0,CUST0357
TXN008677,1665.45,Transfer,8,5,0,0,4,2128.79,0.6,2728,0,CUST0423
TXN008678,4147.09,Withdrawal,18,0,0,0,2,657.66,5.4,1121,0,CUST0324
TXN008679,220.36,Payment,13,3,0,0,3,3899.66,2.3,735,0,CUST0439
TXN008680,191081.52,Payment,14,2,1,1,10,652.8,33.3,259,1,CUST0191
TXN008681,1388.03,Payment,10,6,0,0,5,5869.93,6.0,2754,0,CUST0493
TXN008682,1852.37,Transfer,23,6,0,0,4,518.72,15.4,789,0,CUST0117
TXN008683,2666.65,Payment,20,1,0,0,2,340.05,9.1,1492,0,CUST0004
TXN008684,3561.46,Withdrawal,20,2,0,0,2,3626.0,12.0,2932,0,CUST0008
TXN008685,1626.28,Transfer,12,3,0,1,2,924.08,0.5,2984,0,CUST0175
TXN008686,690.45,Withdrawal,12,3,0,0,4,3448.55,3.9,69,0,CUST0060
TXN008687,5253.63,Purchase,16,4,1,0,3,834.12,6.9,1519,0,CUST0440
TXN008688,5152.7,Transfer,16,1,0,0,2,3321.84,1.2,1709,0,CUST0393
TXN008689,473.39,Purchase,9,6,0,0,2,1321.22,5.7,2105,0,CUST0112
TXN008690,1969.62,Transfer,11,3,0,0,4,8543.63,5.6,2073,0,CUST0364
TXN008691,2013.64,Payment,19,5,0,0,4,1328.19,5.2,1638,0,CUST0078
TXN008692,2115.71,Transfer,9,6,0,0,2,2004.98,1.3,3030,0,CUST0196
TXN008693,842.79,Purchase,12,6,0,0,2,3004.14,4.3,2806,0,CUST0164
TXN008694,213.62,Transfer,17,2,0,0,2,1249.01,2.4,2074,0,CUST0215
TXN008695,2983.48,Transfer,15,0,0,0,1,1685.24,6.8,2837,0,CUST0166
TXN008696,1293.18,Payment,11,1,0,0,4,2419.95,4.9,2368,0,CUST0276
TXN008697,1841.68,Payment,13,1,0,0,2,2100.88,2.2,1453,0,CUST0350
TXN008698,1833.54,Transfer,9,1,0,0,3,3100.85,2.8,3508,0,CUST0095
TXN008699,468.9,Purchase,16,1,0,0,5,3431.81,1.2,2606,0,CUST0178
TXN008700,1314.15,Withdrawal,11,2,0,0,2,1214.17,13.7,2117,0,CUST0130
TXN008701,4139.08,Purchase,11,0,0,0,5,2454.05,15.4,3277,0,CUST0080
TXN008702,1254.29,Payment,20,2,0,0,1,933.46,3.9,3204,0,CUST0267
TXN008703,651.17,Transfer,11,5,0,0,4,532.87,1.1,3376,0,CUST0468
TXN008704,5958.1,Payment,10,0,0,0,1,1334.82,0.1,1314,0,CUST0365
TXN008705,1158.06,Withdrawal,10,4,0,0,2,4886.79,6.6,3357,0,CUST0390
TXN008706,7604.0,Payment,16,1,0,0,2,1019.7,1.5,1708,0,CUST0230
TXN008707,851.14,Transfer,18,5,0,0,5,816.89,3.9,2348,0,CUST0090
TXN008708,4714.44,Purchase,12,6,0,0,2,9175.75,1.6,1659,0,CUST0342
TXN008709,306.75,Payment,16,5,0,0,3,4217.83,0.5,3607,0,CUST0122
TXN008710,1449.64,Transfer,20,1,0,0,1,2169.23,11.1,1167,0,CUST0241
TXN008711,1935.99,Withdrawal,11,5,0,0,2,358.87,14.7,1623,0,CUST0399
TXN008712,1010.24,Purchase,12,5,0,0,4,5507.6,0.5,2536,0,CUST0133
TXN008713,607.31,Withdrawal,18,0,0,0,8,1388.59,4.3,1861,0,CUST0046
TXN008714,1053.24,Payment,16,1,0,0,2,1554.64,8.1,1484,0,CUST0325
TXN008715,6178.66,Transfer,19,4,0,0,0,733.47,5.6,2184,0,CUST0378
TXN008716,2257.77,Transfer,13,0,0,0,3,747.29,2.2,1967,0,CUST0494
TXN008717,366.54,Purchase,16,0,0,0,3,1132.38,1.0,1855,0,CUST0039
TXN008718,4892.29,Transfer,7,2,0,0,2,1587.47,9.9,1041,0,CUST0056
TXN008719,20027.02,Payment,17,0,1,0,4,695.68,2.6,688,0,CUST0264
TXN008720,1956.76,Purchase,15,1,0,0,0,1290.23,2.8,3374,0,CUST0009
TXN008721,4258.63,Transfer,18,6,0,1,3,1078.39,5.8,250,0,CUST0443
TXN008722,2202.38,Withdrawal,10,0,0,0,2,6917.66,2.1,709,0,CUST0156
TXN008723,1609.1,Transfer,20,1,0,0,1,1035.23,1.3,958,0,CUST0496
TXN008724,5946.01,Transfer,11,6,0,0,3,4476.69,1.3,932,0,CUST0384
TXN008725,3435.6,Transfer,10,2,0,0,1,2464.08,5.5,2705,0,CUST0439
TXN008726,2091.92,Withdrawal,13,5,0,0,1,272.29,15.9,2205,0,CUST0216
TXN008727,3951.39,Payment,13,1,0,0,0,5238.02,0.2,1799,0,CUST0464
TXN008728,1115.45,Withdrawal,17,4,0,0,3,6086.31,4.9,1410,0,CUST0445
TXN008729,2997.31,Purchase,8,6,0,0,2,905.29,5.8,130,0,CUST0040
TXN008730,800.79,Purchase,21,4,0,0,1,3622.25,4.1,894,0,CUST0319
TXN008731,20738.61,Payment,16,2,0,0,4,2394.18,4.0,1697,0,CUST0404
TXN008732,4126.14,Transfer,9,0,0,0,5,374.36,1.1,1116,0,CUST0332
TXN008733,2495.1,Transfer,18,4,0,0,2,810.75,6.4,1008,0,CUST0052
TXN008734,3625.92,Payment,17,1,0,0,2,285.48,5.0,3080,0,CUST0311
TXN008735,2882.88,Payment,17,3,0,0,0,2714.96,0.9,1357,0,CUST0251
TXN008736,3307.84,Withdrawal,16,4,0,0,2,1239.97,0.6,919,0,CUST0332
TXN008737,1242.02,Payment,22,4,0,0,0,1638.09,0.1,1044,0,CUST0411
TXN008738,225.71,Withdrawal,0,2,0,0,2,2366.47,8.2,127,0,CUST0290
TXN008739,792.65,Transfer,18,6,0,0,1,725.12,1.4,1587,0,CUST0410
TXN008740,9848.27,Payment,10,6,0,0,1,741.28,6.5,1543,0,CUST0055
TXN008741,752.37,Withdrawal,10,1,0,0,1,4307.24,1.5,1846,0,CUST0361
TXN008742,430.15,Payment,15,6,0,0,0,488.52,0.8,301,0,CUST0230
TXN008743,2116.74,Purchase,16,6,0,0,4,1257.3,3.7,382,0,CUST0287
TXN008744,2911.31,Payment,8,5,0,0,2,3166.46,14.9,2959,0,CUST0477
TXN008745,1000.37,Purchase,14,3,0,0,2,1375.06,7.3,3342,0,CUST0448
TXN008746,669.24,Purchase,19,0,0,0,2,2384.63,3.3,2687,0,CUST0401
TXN008747,1724.39,Transfer,15,3,0,0,2,2076.45,3.0,2531,0,CUST0047
TXN008748,814.93,Payment,12,3,0,0,1,1729.09,8.6,258,0,CUST0128
TXN008749,31837.59,Withdrawal,10,5,0,0,3,2051.1,7.6,2115,0,CUST0461
TXN008750,12029.88,Purchase,8,4,0,0,1,941.04,8.4,1782,0,CUST0192
TXN008751,5000.0,Transfer,20,6,0,1,9,707.46,38.7,94,1,CUST0375
TXN008752,2599.32,Withdrawal,9,3,0,0,1,1501.11,13.6,3170,0,CUST0029
TXN008753,5290.31,Payment,11,0,0,0,1,1321.75,0.6,386,0,CUST0402
TXN008754,1663.75,Payment,22,5,0,0,2,3262.23,8.2,1862,0,CUST0487
TXN008755,602.42,Payment,17,6,0,0,1,3706.99,6.5,2096,0,CUST0393
TXN008756,3355.52,Payment,19,6,0,0,3,578.57,6.5,2668,0,CUST0403
TXN008757,1819.62,Payment,14,1,0,0,4,4401.89,12.6,2002,0,CUST0315
TXN008758,1850.26,Purchase,19,3,0,0,0,3751.78,3.0,3226,0,CUST0222
TXN008759,1688.97,Withdrawal,13,1,0,0,2,2194.15,1.3,3300,0,CUST0005
TXN008760,2413.24,Purchase,12,6,0,0,2,2599.04,4.4,674,0,CUST0008
TXN008761,383.5,Transfer,12,6,0,0,3,367.66,1.1,2626,0,CUST0459
TXN008762,714.14,Transfer,9,1,0,0,2,9124.02,2.4,1577,0,CUST0050
TXN008763,527.15,Payment,13,4,1,0,2,3047.39,2.6,2633,0,CUST0062
TXN008764,1066.36,Transfer,18,6,0,0,2,986.41,7.0,358,0,CUST0393
TXN008765,3623.53,Withdrawal,18,0,0,0,1,4471.86,3.1,3157,0,CUST0347
TXN008766,1540.51,Payment,11,6,0,0,6,1218.53,1.2,2370,0,CUST0013
TXN008767,2003.92,Transfer,5,1,0,0,1,9299.7,5.3,2161,0,CUST0297
TXN008768,20863.41,Transfer,16,2,0,0,1,4866.15,11.9,1178,0,CUST0494
TXN008769,23355.83,Transfer,20,1,1,1,3,697.29,10.0,184,1,CUST0406
TXN008770,9603.71,Payment,13,0,0,0,2,403.83,5.1,2531,0,CUST0395
TXN008771,5307.35,Withdrawal,17,5,0,0,2,4248.9,1.7,436,0,CUST0147
TXN008772,1005.73,Payment,7,1,0,0,4,2825.76,2.4,3294,0,CUST0216
TXN008773,479.88,Transfer,18,3,0,1,0,1203.79,2.8,853,0,CUST0246
TXN008774,18484.23,Transfer,21,3,0,0,0,712.55,4.0,2788,0,CUST0052
TXN008775,540.76,Withdrawal,11,3,0,0,4,1444.58,1.4,1097,0,CUST0241
TXN008776,2519.76,Payment,14,1,0,0,1,7066.97,11.2,1693,0,CUST0349
TXN008777,3937.74,Withdrawal,8,3,0,0,3,834.35,6.7,3169,0,CUST0409
TXN008778,3236.01,Transfer,13,1,0,0,4,2400.31,2.1,2294,0,CUST0285
TXN008779,3748.97,Transfer,17,1,0,0,0,422.52,0.4,1796,0,CUST0062
TXN008780,981.56,Payment,1,2,0,0,4,5662.58,0.8,2001,0,CUST0392
TXN008781,1096.77,Payment,20,3,0,0,5,395.46,2.0,2421,0,CUST0461
TXN008782,304.55,Purchase,19,5,0,0,6,2465.98,2.7,209,0,CUST0429
TXN008783,736.26,Withdrawal,14,4,0,0,6,3101.63,5.1,898,0,CUST0010
TXN008784,5559.51,Transfer,0,0,1,1,12,894.96,95.9,21,1,CUST0270
TXN008785,6920.06,Payment,10,2,0,0,4,1927.59,6.2,1388,0,CUST0059
TXN008786,2713.67,Transfer,16,0,0,0,2,907.6,3.1,1833,0,CUST0239
TXN008787,12529.75,Purchase,15,1,1,0,6,1807.06,2.3,2883,0,CUST0024
TXN008788,863.48,Withdrawal,15,3,0,0,3,5393.07,7.7,2313,0,CUST0144
TXN008789,1363.43,Payment,16,6,0,0,3,5885.2,9.4,877,0,CUST0491
TXN008790,9098.57,Purchase,19,3,0,0,2,2175.56,9.5,3597,0,CUST0075
TXN008791,4689.95,Purchase,15,3,0,0,2,1439.63,2.7,1162,0,CUST0306
TXN008792,45674.39,Transfer,4,0,0,1,7,860.92,27.6,114,1,CUST0243
TXN008793,3831.84,Purchase,17,6,0,0,1,1699.83,2.2,1778,0,CUST0030
TXN008794,1943.58,Purchase,14,2,0,0,3,2292.08,3.0,2637,0,CUST0308
TXN008795,2215.78,Payment,19,0,0,0,1,5184.41,2.9,2966,0,CUST0130
TXN008796,3103.51,Purchase,11,2,0,0,3,1815.09,5.7,3597,0,CUST0418
TXN008797,3594.78,Transfer,21,5,0,0,3,136.65,0.1,139,0,CUST0488
TXN008798,5823.11,Purchase,10,5,0,0,1,1725.87,4.7,1099,0,CUST0107
TXN008799,2748.36,Payment,11,3,0,0,5,1018.52,4.3,2256,0,CUST0399
TXN008800,121.12,Transfer,8,3,0,0,2,2629.9,6.1,1635,0,CUST0036
TXN008801,680.65,Payment,19,6,0,0,3,884.92,12.0,2420,0,CUST0013
TXN008802,5245.43,Withdrawal,0,0,0,0,14,259.48,48.1,97,1,CUST0261
TXN008803,2732.39,Withdrawal,13,2,0,0,7,827.51,0.2,1117,0,CUST0419
TXN008804,328.34,Transfer,10,4,0,0,4,7135.17,1.1,2346,0,CUST0241
TXN008805,1813.56,Payment,9,1,0,0,0,647.0,4.0,109,0,CUST0171
TXN008806,7395.44,Transfer,19,3,0,0,2,6860.86,0.9,826,0,CUST0379
TXN008807,1681.0,Purchase,16,0,0,0,3,1284.61,8.0,1932,0,CUST0350
TXN008808,1100.0,Transfer,14,0,0,0,2,2014.29,2.9,269,0,CUST0469
TXN008809,3389.19,Payment,18,5,0,0,5,1420.52,7.5,3421,0,CUST0392
TXN008810,3030.24,Payment,21,6,0,0,6,914.25,1.2,760,0,CUST0263
TXN008811,3154.4,Purchase,11,2,0,0,1,1733.66,6.2,3212,0,CUST0076
TXN008812,5523.03,Purchase,12,4,0,0,3,7608.15,10.2,709,0,CUST0305
TXN008813,602.68,Payment,13,4,0,0,0,1169.22,2.9,2376,0,CUST0271
TXN008814,2857.7,Payment,17,3,0,0,3,4810.18,14.2,2513,0,CUST0062
TXN008815,1458.33,Transfer,10,2,0,0,0,1149.99,2.7,1274,0,CUST0147
TXN008816,7659.26,Payment,13,1,0,0,4,5201.98,0.5,1650,0,CUST0167
TXN008817,377.8,Withdrawal,14,2,0,0,4,1433.38,4.3,807,0,CUST0129
TXN008818,1744.41,Purchase,19,1,0,0,4,1626.52,1.5,1086,0,CUST0094
TXN008819,1169.23,Payment,17,6,1,0,2,932.0,6.6,1185,0,CUST0490
TXN008820,685.57,Payment,18,1,0,0,3,3496.03,5.4,1328,0,CUST0401
TXN008821,12375.99,Withdrawal,21,1,0,0,0,2305.76,1.0,3499,0,CUST0365
TXN008822,672.82,Purchase,18,5,0,0,3,17741.15,1.7,2722,0,CUST0247
TXN008823,855.08,Payment,15,0,0,0,4,681.23,0.5,477,0,CUST0152
TXN008824,621.71,Transfer,13,6,0,0,4,5957.66,3.7,2786,0,CUST0485
TXN008825,1119.71,Payment,17,3,0,0,2,1961.93,22.5,151,0,CUST0285
TXN008826,1237.53,Transfer,16,1,0,0,1,1898.8,6.9,1405,0,CUST0425
TXN008827,1862.04,Payment,18,1,0,0,2,1355.56,0.6,1607,0,CUST0062
TXN008828,2920.49,Payment,15,5,0,0,2,2134.11,2.9,2897,0,CUST0219
TXN008829,1068.45,Payment,10,6,0,0,0,1483.96,6.3,3340,0,CUST0363
TXN008830,20183.39,Payment,9,4,0,0,0,2292.4,7.2,111,0,CUST0348
TXN008831,1246.12,Transfer,11,4,0,0,1,2808.62,0.9,419,0,CUST0011
TXN008832,8062.91,Payment,18,1,0,0,3,2439.55,0.1,2719,0,CUST0232
TXN008833,2280.74,Payment,15,6,0,0,2,1341.83,9.8,794,0,CUST0261
TXN008834,695.38,Withdrawal,16,3,0,0,1,3801.85,6.4,2231,0,CUST0430
TXN008835,844.02,Payment,0,4,0,0,3,2966.35,7.5,3630,0,CUST0275
TXN008836,781.72,Transfer,19,2,0,0,2,564.27,1.1,2262,0,CUST0490
TXN008837,1591.76,Transfer,14,0,0,0,4,981.5,7.6,2499,0,CUST0376
TXN008838,1949.71,Purchase,19,5,0,0,2,940.42,2.6,2013,0,CUST0120
TXN008839,3524.69,Transfer,14,5,0,0,6,5954.52,2.8,3380,0,CUST0114
TXN008840,9006.29,Payment,18,1,0,0,0,2193.3,3.4,3204,0,CUST0239
TXN008841,1269.95,Transfer,16,2,0,0,1,2040.41,5.1,570,0,CUST0220
TXN008842,1122.65,Withdrawal,10,2,0,0,3,1652.95,9.4,530,0,CUST0122
TXN008843,2098.29,Payment,16,4,0,0,5,3057.74,3.7,157,0,CUST0370
TXN008844,8369.65,Purchase,4,6,0,0,2,857.19,0.1,2247,0,CUST0439
TXN008845,15299.67,Transfer,20,2,0,0,4,1032.03,1.7,1337,0,CUST0429
TXN008846,1702.06,Transfer,9,5,0,0,3,5022.67,14.5,2500,0,CUST0188
TXN008847,8028.28,Payment,18,5,0,0,3,7702.1,6.5,295,0,CUST0092
TXN008848,4062.92,Payment,19,6,0,0,7,1571.69,3.7,2654,0,CUST0391
TXN008849,4057.65,Payment,21,4,0,0,0,1594.46,5.8,1733,0,CUST0305
TXN008850,5000.0,Transfer,23,6,1,1,5,1264.25,10.0,58,1,CUST0297
TXN008851,436.05,Withdrawal,16,6,0,0,2,859.11,5.9,3266,0,CUST0164
TXN008852,1069.92,Payment,12,6,0,0,5,1092.53,4.5,3026,0,CUST0441
TXN008853,1973.16,Transfer,14,0,0,0,3,6955.47,0.6,951,0,CUST0155
TXN008854,2459.41,Payment,16,4,0,0,4,1137.7,5.2,1913,0,CUST0342
TXN008855,1438.75,Withdrawal,12,5,0,0,1,3140.47,3.1,1363,0,CUST0459
TXN008856,223.56,Purchase,8,2,0,0,0,374.01,0.1,1425,0,CUST0303
TXN008857,781.66,Transfer,17,4,1,0,5,855.04,4.9,1668,0,CUST0054
TXN008858,6645.81,Payment,18,0,0,0,2,1897.08,4.2,1049,0,CUST0458
TXN008859,3910.43,Withdrawal,20,0,0,0,0,2403.65,7.8,3277,0,CUST0168
TXN008860,1841.62,Payment,10,2,1,0,3,3625.46,3.5,1109,0,CUST0408
TXN008861,410.66,Payment,13,3,0,0,2,11088.43,1.9,1819,0,CUST0443
TXN008862,960.3,Transfer,13,0,0,0,2,2256.5,0.9,572,0,CUST0165
TXN008863,869.31,Payment,12,6,0,0,4,962.32,1.1,2592,0,CUST0216
TXN008864,3164.75,Payment,11,6,0,0,1,2414.3,2.6,3566,0,CUST0481
TXN008865,1085.93,Payment,16,2,0,0,2,2613.86,2.9,632,0,CUST0269
TXN008866,2368.61,Withdrawal,8,5,0,0,4,2540.47,7.7,712,0,CUST0485
TXN008867,199.75,Purchase,8,2,0,0,5,2406.97,8.8,2907,0,CUST0071
TXN008868,5377.1,Payment,6,6,0,0,2,1456.95,5.8,654,0,CUST0404
TXN008869,570.37,Transfer,11,1,0,0,1,1650.62,2.9,3514,0,CUST0282
TXN008870,1350.52,Payment,14,5,0,0,0,2155.52,2.8,2632,0,CUST0106
TXN008871,1376.47,Transfer,13,2,0,0,4,1713.53,1.9,2446,0,CUST0472
TXN008872,8253.74,Withdrawal,8,1,0,0,4,538.16,1.8,3148,0,CUST0248
TXN008873,974.91,Payment,17,2,0,0,2,434.53,2.4,3541,0,CUST0093
TXN008874,2306.96,Payment,6,6,0,0,2,1969.02,2.0,1294,0,CUST0346
TXN008875,1505.31,Payment,16,5,0,0,4,1503.97,2.5,634,0,CUST0056
TXN008876,4533.41,Transfer,17,3,0,0,1,687.69,3.7,438,0,CUST0096
TXN008877,2685.44,Payment,22,5,0,0,0,190.25,11.6,2637,0,CUST0040
TXN008878,40066.64,Transfer,8,0,0,0,2,6022.43,7.4,1086,0,CUST0312
TXN008879,1887.54,Payment,16,4,0,0,1,2199.53,4.5,817,0,CUST0232
TXN008880,234.01,Transfer,16,1,0,0,5,1059.5,0.8,261,0,CUST0115
TXN008881,9290.43,Withdrawal,18,2,0,0,2,3267.21,2.9,156,0,CUST0317
TXN008882,1170.12,Transfer,19,2,0,0,3,1012.74,4.0,1985,0,CUST0145
TXN008883,131.66,Payment,19,4,0,0,1,1993.36,1.2,1191,0,CUST0058
TXN008884,5690.12,Transfer,9,3,1,0,5,3811.51,1.5,2209,0,CUST0448
TXN008885,1843.73,Purchase,20,0,0,0,1,1205.45,8.6,3027,0,CUST0383
TXN008886,759.66,Payment,21,5,0,0,2,912.82,1.3,2956,0,CUST0161
TXN008887,513.63,Withdrawal,18,6,0,0,1,1875.32,1.0,2383,0,CUST0056
TXN008888,4875.81,Transfer,13,3,0,0,2,3425.66,8.4,480,0,CUST0099
TXN008889,2645.93,Transfer,16,2,0,0,5,6328.13,24.0,858,0,CUST0231
TXN008890,499.76,Withdrawal,16,0,0,0,3,572.76,0.2,2593,0,CUST0426
TXN008891,3091.8,Transfer,13,6,0,0,3,2471.08,10.0,154,0,CUST0415
TXN008892,305.08,Payment,10,2,0,0,2,3287.74,5.9,271,0,CUST0175
TXN008893,6102.46,Purchase,16,0,0,0,2,441.48,7.3,364,0,CUST0404
TXN008894,1105.55,Transfer,19,5,0,0,0,680.63,4.8,1051,0,CUST0427
TXN008895,1719.51,Purchase,19,4,0,0,2,3120.26,0.0,810,0,CUST0363
TXN008896,546.32,Payment,20,5,0,0,4,3839.03,3.3,2436,0,CUST0144
TXN008897,1078.76,Payment,14,0,0,0,4,3597.01,1.0,2454,0,CUST0454
TXN008898,552.06,Purchase,12,3,0,0,2,1065.22,13.4,3562,0,CUST0140
TXN008899,5875.3,Withdrawal,16,1,0,0,5,764.77,1.2,550,0,CUST0359
TXN008900,2241.68,Purchase,17,1,0,0,3,1310.43,3.5,1287,0,CUST0128
TXN008901,734.64,Payment,17,6,0,0,1,4881.89,9.0,2734,0,CUST0145
TXN008902,1389.3,Payment,10,1,0,0,1,4537.6,3.2,890,0,CUST0321
TXN008903,8617.16,Transfer,11,0,0,0,2,6420.01,0.9,3099,0,CUST0446
TXN008904,2157.62,Transfer,14,6,0,0,1,3593.77,13.0,3399,0,CUST0456
TXN008905,2069.74,Payment,18,0,0,0,4,2129.17,10.4,3569,0,CUST0199
TXN008906,942.1,Payment,9,6,0,0,5,2222.41,0.1,1869,0,CUST0243
TXN008907,1327.28,Withdrawal,10,6,0,0,6,1502.29,1.1,127,0,CUST0315
TXN008908,1170.87,Purchase,11,5,0,0,6,3541.37,0.6,654,0,CUST0330
TXN008909,2610.68,Payment,12,1,0,0,3,1379.37,8.6,1907,0,CUST0216
TXN008910,1537.54,Withdrawal,10,3,0,0,2,3028.15,11.2,2198,0,CUST0474
TXN008911,4240.64,Withdrawal,6,4,1,0,4,2540.47,0.9,3109,0,CUST0387
TXN008912,2365.57,Purchase,6,1,0,0,2,1411.77,5.2,271,0,CUST0098
TXN008913,1950.22,Withdrawal,7,6,0,0,1,2311.48,1.6,1756,0,CUST0380
TXN008914,6369.23,Transfer,11,6,1,0,4,1391.49,6.0,2926,0,CUST0034
TXN008915,1937.86,Payment,21,2,0,0,4,1385.16,20.5,3434,0,CUST0343
TXN008916,1867.1,Transfer,16,1,0,0,3,2155.44,2.1,1124,0,CUST0227
TXN008917,3510.8,Transfer,13,4,0,1,1,2398.14,2.9,221,0,CUST0399
TXN008918,2457.7,Withdrawal,15,4,0,0,1,4396.14,2.2,1765,0,CUST0065
TXN008919,5355.59,Payment,9,5,0,0,2,2029.57,8.3,3314,0,CUST0438
TXN008920,1591.36,Withdrawal,18,3,0,0,4,2487.83,10.1,3278,0,CUST0064
TXN008921,1319.37,Purchase,17,0,0,0,2,618.9,7.2,1318,0,CUST0265
TXN008922,1002.36,Purchase,18,3,0,0,0,6035.05,6.1,58,0,CUST0308
TXN008923,951.95,Transfer,22,1,0,0,2,892.52,2.8,2651,0,CUST0201
TXN008924,582.43,Payment,14,2,0,0,2,2856.21,1.1,580,0,CUST0480
TXN008925,11994.36,Purchase,14,0,0,0,2,1989.44,3.7,3450,0,CUST0304
TXN008926,1637.33,Transfer,10,6,0,0,4,2252.76,5.9,316,0,CUST0241
TXN008927,18013.88,Transfer,16,6,0,0,2,2294.27,15.5,293,0,CUST0275
TXN008928,505.61,Transfer,16,3,0,0,2,532.12,8.7,570,0,CUST0091
TXN008929,530.5,Payment,9,3,0,0,3,5647.83,0.6,848,0,CUST0056
TXN008930,1708.23,Withdrawal,17,6,0,0,3,1098.55,1.0,2271,0,CUST0475
TXN008931,1550.13,Withdrawal,11,4,0,0,1,8221.19,0.4,2543,0,CUST0075
TXN008932,1707.2,Transfer,13,5,0,0,3,2355.5,0.8,3470,0,CUST0104
TXN008933,520.24,Transfer,8,5,0,0,3,5106.88,2.9,158,0,CUST0091
TXN008934,1090.11,Payment,6,1,0,0,3,7639.95,1.5,1238,0,CUST0214
TXN008935,2225.07,Purchase,13,5,0,0,3,3557.93,2.7,2033,0,CUST0078
TXN008936,5699.26,Payment,10,5,0,0,3,1602.88,9.4,463,0,CUST0406
TXN008937,10249.01,Payment,14,4,0,0,2,1930.83,9.1,3112,0,CUST0262
TXN008938,1944.72,Transfer,22,5,0,0,1,557.04,10.2,1146,0,CUST0218
TXN008939,5115.64,Withdrawal,16,1,0,0,3,1805.55,6.2,820,0,CUST0492
TXN008940,593.16,Payment,10,0,0,0,3,5001.47,9.3,1756,0,CUST0195
TXN008941,2523.42,Transfer,17,4,0,0,3,2376.25,1.2,99,0,CUST0258
TXN008942,2536.53,Transfer,17,3,0,0,3,1115.69,2.8,1077,0,CUST0373
TXN008943,554.53,Purchase,15,4,0,0,1,2628.02,5.1,2326,0,CUST0230
TXN008944,185.93,Withdrawal,12,0,0,0,4,373.22,4.6,3256,0,CUST0419
TXN008945,5590.63,Payment,15,6,0,1,4,1091.64,11.9,1791,0,CUST0088
TXN008946,3074.49,Withdrawal,13,6,0,0,0,1229.56,7.8,3117,0,CUST0087
TXN008947,662.39,Purchase,7,6,0,0,4,517.56,5.1,1463,0,CUST0460
TXN008948,2114.75,Payment,8,2,0,0,3,3287.96,6.9,602,0,CUST0132
TXN008949,1822.07,Transfer,10,2,0,0,2,1301.3,2.0,1132,0,CUST0094
TXN008950,5069.51,Transfer,13,1,1,0,1,851.74,6.4,954,0,CUST0460
TXN008951,515.36,Purchase,7,3,0,0,4,773.62,15.8,520,0,CUST0095
TXN008952,4810.03,Payment,18,2,0,0,2,2525.67,1.1,2661,0,CUST0059
TXN008953,1245.34,Transfer,11,2,0,0,5,936.57,5.3,3484,0,CUST0014
TXN008954,2282.14,Payment,15,2,0,0,3,8255.03,1.5,1482,0,CUST0480
TXN008955,1662.73,Payment,14,2,0,0,2,531.34,6.6,281,0,CUST0241
TXN008956,472.42,Withdrawal,20,1,0,0,2,2254.69,2.7,673,0,CUST0312
TXN008957,15971.52,Transfer,13,4,0,0,5,5996.27,1.3,1379,0,CUST0302
TXN008958,1154.54,Payment,19,1,1,0,2,4057.98,16.2,3286,0,CUST0415
TXN008959,1396.64,Payment,17,5,0,0,1,1778.68,4.8,1066,0,CUST0321
TXN008960,10269.89,Withdrawal,16,2,0,1,11,1314.98,24.3,364,1,CUST0229
TXN008961,620.64,Payment,9,1,0,0,2,1680.2,0.7,3062,0,CUST0469
TXN008962,10921.41,Payment,8,5,1,0,4,3148.65,4.5,3120,0,CUST0173
TXN008963,1198.68,Purchase,9,0,0,0,1,6299.89,4.4,1178,0,CUST0043
TXN008964,965.87,Transfer,20,0,0,0,7,1544.29,0.6,2407,0,CUST0455
TXN008965,1009.53,Withdrawal,14,4,0,0,0,1176.51,3.9,2037,0,CUST0400
TXN008966,1383.31,Transfer,21,1,0,1,3,3314.56,0.0,3061,0,CUST0082
TXN008967,848.95,Transfer,6,0,0,0,3,866.68,2.4,1119,0,CUST0341
TXN008968,383.16,Transfer,8,3,0,0,1,3290.27,3.9,1140,0,CUST0238
TXN008969,5884.8,Transfer,9,1,0,0,4,1260.65,1.8,2313,0,CUST0328
TXN008970,4381.87,Purchase,11,4,0,0,1,1801.8,13.3,1208,0,CUST0309
TXN008971,1152.64,Transfer,12,2,0,0,2,2287.57,9.9,794,0,CUST0442
TXN008972,1551.76,Purchase,11,3,0,0,4,3512.82,4.1,2556,0,CUST0293
TXN008973,2571.01,Transfer,13,6,0,0,5,7649.3,27.0,3097,0,CUST0021
TXN008974,2171.15,Payment,17,4,0,0,4,445.84,1.3,66,0,CUST0458
TXN008975,13260.11,Withdrawal,10,6,0,0,1,2854.92,2.9,2128,0,CUST0248
TXN008976,6733.93,Payment,10,0,0,0,1,2044.02,7.0,897,0,CUST0455
TXN008977,6344.88,Transfer,12,5,0,0,0,815.98,7.5,789,0,CUST0036
TXN008978,1408.99,Transfer,18,1,0,0,4,2111.23,3.2,1473,0,CUST0056
TXN008979,1479.35,Payment,11,0,0,0,5,3289.54,38.7,3421,0,CUST0035
TXN008980,7209.79,Payment,13,6,1,0,2,2599.79,17.6,2298,0,CUST0427
TXN008981,7728.09,Transfer,14,6,0,0,0,1985.34,4.1,940,0,CUST0326
TXN008982,3636.18,Transfer,17,4,0,0,1,5864.63,1.8,60,0,CUST0221
TXN008983,3681.07,Transfer,18,3,0,0,2,682.2,6.3,1451,0,CUST0228
TXN008984,3048.03,Transfer,10,5,0,0,4,855.66,1.6,438,0,CUST0114
TXN008985,10385.2,Purchase,7,0,0,0,2,611.11,4.5,937,0,CUST0129
TXN008986,919.3,Transfer,14,5,0,0,1,2146.53,0.6,229,0,CUST0047
TXN008987,406.63,Withdrawal,23,2,0,0,1,1985.13,8.6,1507,0,CUST0399
TXN008988,446.17,Withdrawal,18,1,0,0,3,1003.83,2.7,1748,0,CUST0461
TXN008989,6508.99,Withdrawal,13,3,0,0,2,2408.15,1.2,760,0,CUST0265
TXN008990,1594.4,Payment,10,1,0,0,0,1362.86,11.1,2484,0,CUST0484
TXN008991,6206.83,Purchase,22,6,0,0,3,1761.34,2.4,1010,0,CUST0332
TXN008992,954.72,Withdrawal,21,1,0,0,2,887.82,7.9,1668,0,CUST0009
TXN008993,2491.86,Transfer,11,5,0,0,4,2595.07,2.6,1318,0,CUST0391
TXN008994,2389.41,Payment,13,0,0,0,3,2510.13,5.6,3483,0,CUST0077
TXN008995,4025.52,Withdrawal,9,3,0,1,2,2057.81,1.9,1602,0,CUST0081
TXN008996,1882.94,Payment,16,1,0,0,2,3686.02,7.1,3519,0,CUST0170
TXN008997,1667.29,Payment,17,0,0,0,6,2110.04,0.0,961,0,CUST0197
TXN008998,1386.32,Purchase,19,6,0,0,7,1466.33,0.6,2036,0,CUST0262
TXN008999,793.19,Transfer,17,1,0,0,4,4684.89,2.2,75,0,CUST0168
TXN009000,2014.27,Transfer,12,0,0,0,4,708.76,1.2,2616,0,CUST0155
TXN009001,838.18,Transfer,18,3,0,0,1,1744.95,10.3,2214,0,CUST0294
TXN009002,5000.0,Withdrawal,16,2,1,1,3,1572.49,87.4,174,1,CUST0328
TXN009003,4663.46,Payment,13,2,0,0,3,836.27,4.9,3359,0,CUST0385
TXN009004,673.88,Payment,20,2,0,0,4,2245.03,0.1,751,0,CUST0099
TXN009005,1085.06,Payment,16,0,0,0,2,9223.35,5.2,3166,0,CUST0129
TXN009006,5324.36,Payment,16,4,0,0,2,1103.6,8.9,1060,0,CUST0014
TXN009007,764.78,Purchase,19,2,0,0,2,3294.35,2.3,1385,0,CUST0121
TXN009008,4992.18,Transfer,9,0,0,0,4,1017.27,0.7,3273,0,CUST0405
TXN009009,8932.02,Withdrawal,12,6,0,0,3,6402.7,2.2,1664,0,CUST0179
TXN009010,4015.21,Payment,12,1,0,0,1,753.02,2.8,273,0,CUST0114
TXN009011,554.47,Transfer,13,1,0,0,2,1602.61,3.0,2759,0,CUST0311
TXN009012,1701.04,Transfer,11,5,0,0,3,1671.73,20.0,2617,0,CUST0110
TXN009013,1279.33,Withdrawal,15,1,1,0,2,2823.78,2.7,2432,0,CUST0060
TXN009014,6728.28,Transfer,17,6,0,0,2,6434.81,0.4,88,0,CUST0274
TXN009015,1272.31,Purchase,15,0,0,0,4,2527.17,3.1,226,0,CUST0347
TXN009016,6338.13,Purchase,14,0,0,0,1,1739.78,5.4,2966,0,CUST0332
TXN009017,2091.06,Transfer,11,3,0,0,1,1240.52,3.6,977,0,CUST0099
TXN009018,1027.03,Payment,19,2,0,0,1,1374.86,1.1,972,0,CUST0422
TXN009019,435.42,Transfer,9,6,0,0,1,635.04,0.4,2338,0,CUST0384
TXN009020,4917.63,Purchase,10,0,0,0,2,517.61,2.4,2010,0,CUST0420
TXN009021,1850.3,Transfer,10,4,0,0,3,3427.73,0.3,672,0,CUST0256
TXN009022,224.3,Payment,22,4,0,0,3,2209.22,0.4,1954,0,CUST0392
TXN009023,150.16,Payment,18,1,0,0,1,752.85,1.0,1996,0,CUST0359
TXN009024,2774.73,Purchase,11,1,0,0,0,537.83,7.2,236,0,CUST0495
TXN009025,2225.65,Transfer,21,2,0,0,5,1406.7,6.5,2382,0,CUST0199
TXN009026,4806.94,Transfer,10,1,0,0,2,1477.58,2.2,507,0,CUST0259
TXN009027,3152.11,Transfer,16,3,0,0,1,3155.29,3.2,446,0,CUST0008
TXN009028,1540.51,Payment,11,2,0,0,3,830.36,2.7,1754,0,CUST0286
TXN009029,2235.22,Transfer,14,5,0,0,1,2857.06,4.5,414,0,CUST0296
TXN009030,2698.58,Transfer,12,2,0,0,5,969.61,1.2,1991,0,CUST0040
TXN009031,2836.02,Transfer,16,0,0,0,1,2188.12,1.0,1933,0,CUST0043
TXN009032,2628.22,Transfer,10,4,0,0,5,1644.98,14.6,1113,0,CUST0348
TXN009033,1960.75,Transfer,16,1,0,0,2,750.37,5.0,3439,0,CUST0363
TXN009034,1315.85,Transfer,12,4,0,0,2,1081.14,3.4,1260,0,CUST0452
TXN009035,294.23,Payment,17,2,0,0,4,2018.41,7.1,1360,0,CUST0003
TXN009036,12747.11,Purchase,12,1,0,1,8,1860.95,1.1,974,0,CUST0083
TXN009037,671.47,Purchase,18,4,0,0,2,8356.87,0.5,1748,0,CUST0147
TXN009038,14098.43,Purchase,6,0,0,0,1,1594.83,19.0,158,0,CUST0277
TXN009039,4675.15,Purchase,15,4,0,0,1,1689.21,4.1,2712,0,CUST0453
TXN009040,1099.3,Payment,16,3,1,0,1,1883.74,21.8,2776,0,CUST0364
TXN009041,127.51,Payment,12,2,0,0,3,2256.88,7.8,849,0,CUST0223
TXN009042,11587.73,Payment,16,6,0,0,2,4050.84,12.3,1405,0,CUST0281
TXN009043,1071.85,Transfer,12,3,0,0,4,2683.91,7.8,927,0,CUST0241
TXN009044,2026.31,Payment,19,5,0,0,2,1548.81,3.8,3391,0,CUST0221
TXN009045,1801.54,Transfer,12,6,0,0,4,400.48,4.4,246,0,CUST0273
TXN009046,24510.56,Transfer,19,6,0,0,6,3281.39,13.5,2977,0,CUST0127
TXN009047,3603.67,Payment,9,3,0,0,2,11464.95,0.4,847,0,CUST0405
TXN009048,4642.18,Purchase,9,5,0,0,4,655.36,12.5,283,0,CUST0450
TXN009049,2280.27,Purchase,17,0,0,0,5,1334.08,4.0,1575,0,CUST0044
TXN009050,5073.8,Purchase,14,3,0,0,2,1267.82,1.9,942,0,CUST0396
TXN009051,5630.47,Payment,11,0,0,0,3,2736.05,3.0,315,0,CUST0182
TXN009052,3633.58,Purchase,20,6,0,0,5,3220.27,0.3,406,0,CUST0381
TXN009053,1438.56,Purchase,11,3,0,0,0,2334.91,6.1,1931,0,CUST0259
TXN009054,504.34,Transfer,1,6,0,0,2,1055.47,5.7,2710,0,CUST0365
TXN009055,1734.91,Purchase,12,6,0,0,6,1503.54,3.9,2628,0,CUST0315
TXN009056,659.48,Withdrawal,18,1,0,0,7,752.36,4.2,306,0,CUST0447
TXN009057,1221.57,Payment,17,3,0,0,3,1847.49,10.1,580,0,CUST0356
TXN009058,3040.88,Purchase,8,2,0,0,3,1096.99,6.1,1575,0,CUST0320
TXN009059,2005.08,Payment,18,3,0,0,1,769.37,3.3,1222,0,CUST0093
TXN009060,214.74,Payment,12,2,0,0,3,1009.12,2.1,1224,0,CUST0244
TXN009061,1044.94,Transfer,17,5,0,0,5,1439.14,10.9,321,0,CUST0374
TXN009062,5050.04,Transfer,16,1,0,0,4,5152.39,4.9,2911,0,CUST0347
TXN009063,3941.63,Purchase,9,4,1,0,1,380.77,6.9,2093,0,CUST0309
TXN009064,950.72,Purchase,16,5,0,0,3,2496.95,3.8,2071,0,CUST0250
TXN009065,403.76,Payment,10,3,0,0,2,4408.2,2.7,3312,0,CUST0335
TXN009066,8411.85,Payment,16,0,0,0,2,1100.95,3.0,3123,0,CUST0012
TXN009067,5873.78,Payment,16,6,0,0,1,1375.07,22.1,2273,0,CUST0367
TXN009068,253.27,Payment,13,1,0,0,1,224.96,0.2,1898,0,CUST0239
TXN009069,342.92,Payment,11,6,0,0,2,1277.99,2.8,3528,0,CUST0482
TXN009070,7646.05,Payment,17,3,0,0,1,711.74,15.8,754,0,CUST0324
TXN009071,824.88,Payment,9,2,0,0,1,19708.89,6.5,2499,0,CUST0016
TXN009072,378.33,Payment,17,2,0,0,6,788.02,0.7,2271,0,CUST0101
TXN009073,1689.4,Transfer,12,1,0,0,2,2487.91,10.4,698,0,CUST0485
TXN009074,2982.94,Payment,18,6,0,0,4,3518.2,18.7,1235,0,CUST0315
TXN009075,1420.5,Transfer,11,4,0,0,3,2116.17,1.0,1080,0,CUST0458
TXN009076,5461.76,Purchase,2,5,0,0,2,25388.83,9.5,3529,0,CUST0018
TXN009077,694.76,Purchase,8,1,0,0,4,1151.85,5.4,1780,0,CUST0273
TXN009078,1934.33,Purchase,8,6,0,0,3,1640.09,0.2,1306,0,CUST0199
TXN009079,2065.17,Payment,9,2,0,0,2,2067.24,9.4,946,0,CUST0259
TXN009080,4018.11,Purchase,12,6,0,0,3,1359.0,16.4,756,0,CUST0165
TXN009081,1472.5,Purchase,15,6,0,0,1,1760.72,1.1,3504,0,CUST0041
TXN009082,315.06,Transfer,10,2,0,0,5,3855.87,4.4,2146,0,CUST0098
TXN009083,1845.34,Purchase,9,2,0,0,4,1717.19,4.7,1751,0,CUST0126
TXN009084,1114.3,Purchase,20,5,0,0,2,1874.24,1.3,1881,0,CUST0021
TXN009085,3610.56,Purchase,7,1,0,0,1,8623.35,0.1,1465,0,CUST0445
TXN009086,1599.69,Transfer,14,3,0,0,5,2546.17,4.1,3629,0,CUST0007
TXN009087,2043.25,Payment,10,4,1,0,3,628.12,7.0,707,0,CUST0407
TXN009088,1314.42,Purchase,8,1,0,0,1,3802.77,1.2,745,0,CUST0388
TXN009089,516.25,Purchase,17,1,0,0,4,3468.1,2.0,1203,0,CUST0023
TXN009090,3273.31,Transfer,11,5,0,0,5,1871.57,0.4,2303,0,CUST0030
TXN009091,1077.4,Purchase,6,3,0,0,2,10253.75,18.2,1784,0,CUST0310
TXN009092,2356.13,Payment,14,2,0,0,2,1527.6,3.8,1514,0,CUST0331
TXN009093,748.54,Payment,13,6,0,0,0,1681.85,6.6,2861,0,CUST0025
TXN009094,105.73,Payment,8,3,0,0,3,1277.12,2.0,2795,0,CUST0267
TXN009095,2284.23,Purchase,20,1,0,0,1,3629.89,3.9,1242,0,CUST0458
TXN009096,13688.48,Withdrawal,16,4,0,0,4,560.4,3.6,2119,0,CUST0324
TXN009097,2980.55,Payment,12,2,0,0,4,2692.02,3.8,1971,0,CUST0006
TXN009098,365.72,Withdrawal,21,3,0,0,4,1597.82,3.3,2278,0,CUST0416
TXN009099,3471.38,Transfer,21,2,0,0,2,1453.15,3.9,3490,0,CUST0124
TXN009100,5084.14,Transfer,21,1,0,0,6,880.73,3.6,258,0,CUST0260
TXN009101,8869.76,Purchase,13,0,0,0,3,995.58,8.0,3390,0,CUST0137
TXN009102,3667.37,Payment,9,1,0,0,3,1400.77,27.0,1682,0,CUST0299
TXN009103,1539.85,Withdrawal,21,1,0,0,6,686.71,3.5,3083,0,CUST0112
TXN009104,4723.5,Transfer,11,6,0,0,2,2323.69,0.3,1529,0,CUST0394
TXN009105,2001.91,Payment,15,2,0,0,4,1064.65,0.8,2774,0,CUST0320
TXN009106,590.12,Payment,9,4,0,0,4,3068.97,2.3,806,0,CUST0028
TXN009107,3854.47,Purchase,15,2,0,0,2,2187.47,3.7,2181,0,CUST0177
TXN009108,2750.96,Payment,15,0,0,0,4,2623.13,12.5,3423,0,CUST0370
TXN009109,1753.23,Withdrawal,12,1,0,0,2,12082.69,4.3,2671,0,CUST0383
TXN009110,1340.76,Payment,16,2,0,0,3,584.04,1.5,155,0,CUST0431
TXN009111,1829.62,Payment,10,2,0,0,3,3528.9,13.4,2634,0,CUST0013
TXN009112,1356.35,Payment,8,3,0,0,1,1007.67,3.0,562,0,CUST0288
TXN009113,1543.33,Payment,18,5,0,0,2,915.58,5.0,2986,0,CUST0376
TXN009114,3085.12,Payment,11,6,0,0,1,2625.74,1.2,2834,0,CUST0309
TXN009115,2518.63,Transfer,9,1,0,0,0,4389.19,7.2,1766,0,CUST0422
TXN009116,2853.66,Withdrawal,12,4,0,0,3,4628.33,1.8,613,0,CUST0428
TXN009117,8086.99,Transfer,19,3,0,0,1,1192.15,3.9,613,0,CUST0054
TXN009118,1304.18,Transfer,10,2,0,0,3,1256.94,0.3,849,0,CUST0465
TXN009119,1854.53,Transfer,11,0,0,0,4,1627.74,5.5,2057,0,CUST0375
TXN009120,810.11,Payment,12,1,1,0,3,3904.42,3.6,2854,0,CUST0402
TXN009121,3444.71,Payment,21,4,0,0,2,9663.5,16.2,1543,0,CUST0455
TXN009122,655.96,Withdrawal,19,6,0,0,2,1734.41,0.8,1708,0,CUST0270
TXN009123,3986.86,Transfer,19,2,0,0,1,974.05,0.1,1621,0,CUST0352
TXN009124,5279.27,Withdrawal,19,1,0,0,5,1324.18,3.9,269,0,CUST0363
TXN009125,1196.94,Payment,12,2,0,1,4,603.73,17.3,2644,0,CUST0187
TXN009126,8082.3,Purchase,15,6,0,0,1,2580.52,5.6,1371,0,CUST0458
TXN009127,3064.01,Payment,17,6,0,0,0,1347.48,0.3,1537,0,CUST0373
TXN009128,547.89,Transfer,9,4,0,0,2,3185.08,16.2,1835,0,CUST0436
TXN009129,3408.13,Transfer,10,0,0,0,1,2013.13,1.8,3202,0,CUST0475
TXN009130,1115.72,Purchase,17,6,0,0,3,819.32,5.3,1034,0,CUST0448
TXN009131,2294.27,Payment,13,4,0,0,0,2107.52,1.1,1234,0,CUST0489
TXN009132,1303.73,Transfer,8,2,0,0,4,6666.7,7.6,3523,0,CUST0041
TXN009133,2569.45,Payment,10,1,0,0,2,2075.97,1.1,3255,0,CUST0134
TXN009134,1715.73,Purchase,23,3,0,0,2,1249.97,9.2,3374,0,CUST0193
TXN009135,145.24,Transfer,10,5,0,0,3,1124.53,4.7,1317,0,CUST0033
TXN009136,2798.78,Withdrawal,12,3,0,0,2,2299.34,14.3,952,0,CUST0394
TXN009137,2293.49,Payment,14,6,0,0,2,570.81,3.9,1673,0,CUST0434
TXN009138,5701.28,Transfer,8,3,0,0,5,3265.92,1.5,1762,0,CUST0466
TXN009139,7068.31,Withdrawal,18,3,0,0,3,616.82,6.3,208,0,CUST0426
TXN009140,4233.98,Transfer,8,1,0,0,0,932.3,3.6,2724,0,CUST0063
TXN009141,18295.43,Transfer,21,1,1,1,8,743.57,29.8,290,1,CUST0336
TXN009142,1412.3,Transfer,19,6,0,0,2,1759.65,13.4,2316,0,CUST0040
TXN009143,4106.11,Purchase,12,4,0,0,1,2461.44,4.5,1019,0,CUST0139
TXN009144,715.56,Payment,17,0,0,0,4,2008.16,3.8,1547,0,CUST0044
TXN009145,403.11,Payment,11,3,0,0,3,1571.03,4.0,3465,0,CUST0211
TXN009146,6510.94,Transfer,12,5,0,0,2,1252.41,1.8,38,0,CUST0092
TXN009147,668.38,Payment,21,4,0,0,4,2718.5,4.2,1132,0,CUST0385
TXN009148,10943.61,Transfer,21,2,0,0,3,8263.59,6.8,2664,0,CUST0230
TXN009149,1767.93,Purchase,9,0,1,0,0,5522.15,4.5,543,0,CUST0152
TXN009150,378.78,Payment,8,1,0,1,3,2407.48,4.6,1202,0,CUST0351
TXN009151,971.8,Purchase,6,5,0,0,5,1688.13,1.6,2864,0,CUST0303
TXN009152,1638.3,Payment,13,3,0,0,4,1440.29,3.7,3060,0,CUST0159
TXN009153,150.23,Purchase,9,3,0,0,2,5115.76,2.0,3180,0,CUST0379
TXN009154,1017.92,Transfer,10,6,0,0,4,650.87,21.6,2070,0,CUST0319
TXN009155,5008.66,Withdrawal,9,0,0,0,5,1193.13,8.3,1936,0,CUST0075
TXN009156,767.51,Payment,11,6,0,0,3,3239.64,2.8,1581,0,CUST0013
TXN009157,1127.85,Payment,14,4,0,0,2,1909.59,12.2,1573,0,CUST0294
TXN009158,2789.35,Purchase,23,5,0,0,4,3713.57,5.1,3412,0,CUST0324
TXN009159,931.28,Payment,17,3,0,0,1,12756.0,2.1,2111,0,CUST0409
TXN009160,1206.36,Payment,18,3,0,0,3,722.42,1.2,1369,0,CUST0192
TXN009161,2414.31,Transfer,17,6,0,0,2,2766.68,0.2,2233,0,CUST0170
TXN009162,3312.99,Payment,17,1,0,0,3,1364.66,1.9,1617,0,CUST0104
TXN009163,635.54,Withdrawal,12,2,0,0,1,1472.54,4.9,327,0,CUST0174
TXN009164,275.91,Purchase,7,0,0,0,4,1951.59,3.9,2676,0,CUST0017
TXN009165,561.9,Payment,3,2,0,0,3,1094.76,0.5,193,0,CUST0006
TXN009166,468.88,Transfer,8,5,0,0,5,6736.0,0.2,564,0,CUST0472
TXN009167,4234.94,Transfer,14,1,0,0,1,3200.1,6.0,1753,0,CUST0036
TXN009168,4906.02,Transfer,18,4,0,0,4,1731.98,10.5,2079,0,CUST0219
TXN009169,2051.47,Payment,18,2,0,0,4,6313.53,6.5,1872,0,CUST0073
TXN009170,4058.51,Transfer,11,6,0,0,1,1347.12,0.6,1889,0,CUST0463
TXN009171,1430.62,Withdrawal,18,3,0,0,3,3417.63,7.5,2283,0,CUST0057
TXN009172,329.67,Transfer,11,4,0,0,2,364.58,3.5,1660,0,CUST0018
TXN009173,3102.67,Payment,18,1,0,0,3,2959.67,13.6,1635,0,CUST0445
TXN009174,843.43,Payment,10,2,1,0,3,2733.18,6.5,582,0,CUST0383
TXN009175,317.44,Purchase,8,2,0,0,1,10142.27,7.0,3272,0,CUST0217
TXN009176,6231.91,Transfer,10,6,0,0,3,2775.14,3.1,453,0,CUST0307
TXN009177,1355.4,Transfer,7,0,0,0,2,3820.36,6.3,3065,0,CUST0375
TXN009178,1600.29,Payment,19,1,0,1,6,1517.47,0.8,690,0,CUST0426
TXN009179,2763.89,Purchase,10,0,1,0,3,336.76,3.1,340,0,CUST0078
TXN009180,444.8,Withdrawal,15,6,0,0,4,2715.46,1.0,1878,0,CUST0199
TXN009181,2397.15,Payment,8,1,0,0,2,4327.78,0.2,643,0,CUST0029
TXN009182,706.29,Transfer,13,0,0,0,3,2362.91,2.4,3494,0,CUST0386
TXN009183,696.92,Transfer,13,3,0,0,3,3904.04,18.5,558,0,CUST0295
TXN009184,1335.18,Payment,18,1,0,0,2,3397.92,1.0,2935,0,CUST0132
TXN009185,1953.91,Purchase,11,0,0,0,6,2164.97,3.2,1536,0,CUST0008
TXN009186,767.78,Purchase,17,0,0,0,1,4226.7,1.5,2440,0,CUST0328
TXN009187,530.06,Payment,12,1,0,0,1,566.49,1.5,2820,0,CUST0087
TXN009188,3797.61,Purchase,17,0,0,0,2,1631.99,8.4,2750,0,CUST0284
TXN009189,1215.22,Purchase,20,2,0,0,4,2152.54,7.9,3281,0,CUST0226
TXN009190,4247.03,Payment,17,4,0,0,5,777.41,6.3,213,0,CUST0183
TXN009191,823.87,Transfer,17,3,1,0,4,354.97,4.5,3357,0,CUST0004
TXN009192,34043.9,Transfer,16,5,0,0,3,13512.07,24.5,2406,0,CUST0152
TXN009193,50000.0,Purchase,15,5,0,0,3,869.72,3.4,1954,0,CUST0392
TXN009194,2821.02,Transfer,8,0,0,0,2,582.21,6.6,1063,0,CUST0449
TXN009195,2963.32,Purchase,18,6,0,0,7,9095.04,5.3,3407,0,CUST0080
TXN009196,1498.38,Payment,11,0,0,0,3,2076.0,8.5,390,0,CUST0287
TXN009197,1892.34,Withdrawal,19,6,0,0,1,770.26,5.3,3242,0,CUST0408
TXN009198,1308.76,Payment,16,5,0,0,4,2294.89,3.9,1272,0,CUST0317
TXN009199,584.88,Withdrawal,9,1,0,0,1,1074.83,3.4,1916,0,CUST0026
TXN009200,1537.7,Payment,21,5,0,0,0,2762.8,2.4,2953,0,CUST0076
TXN009201,683.09,Payment,9,0,0,0,4,1727.66,2.7,965,0,CUST0364
TXN009202,7698.8,Payment,17,0,0,0,4,3998.36,14.5,677,0,CUST0319
TXN009203,2660.8,Transfer,16,3,0,0,4,1727.05,10.3,2723,0,CUST0383
TXN009204,16162.61,Payment,12,5,0,0,4,539.25,0.5,3162,0,CUST0436
TXN009205,1977.12,Payment,11,1,0,0,1,396.69,2.9,1816,0,CUST0045
TXN009206,961.36,Payment,11,0,0,0,4,2457.17,1.7,3366,0,CUST0274
TXN009207,4532.72,Transfer,8,1,1,0,1,2213.19,0.8,354,0,CUST0122
TXN009208,5564.22,Purchase,8,1,0,0,2,1791.18,8.9,1574,0,CUST0312
TXN009209,3241.65,Withdrawal,15,3,0,0,2,4468.86,0.7,2241,0,CUST0335
TXN009210,441.77,Payment,1,1,0,0,6,896.65,1.7,998,0,CUST0164
TXN009211,1728.04,Transfer,10,1,0,0,5,1162.61,1.6,1996,0,CUST0346
TXN009212,1091.79,Transfer,14,1,0,0,1,3376.58,1.8,738,0,CUST0294
TXN009213,1708.57,Transfer,15,6,0,0,2,2490.24,0.2,2022,0,CUST0182
TXN009214,1182.52,Purchase,11,3,0,0,1,4067.97,8.8,692,0,CUST0330
TXN009215,872.22,Purchase,20,3,0,0,0,3860.62,3.1,3416,0,CUST0408
TXN009216,4616.39,Payment,14,1,0,0,4,949.63,4.0,2327,0,CUST0149
TXN009217,1352.92,Transfer,14,6,0,0,0,1344.06,1.0,1877,0,CUST0199
TXN009218,9213.9,Transfer,11,1,0,0,2,3747.19,0.1,1455,0,CUST0173
TXN009219,2350.78,Payment,10,2,0,0,2,1988.5,3.2,917,0,CUST0390
TXN009220,2392.84,Payment,10,6,0,0,3,1128.02,1.5,454,0,CUST0367
TXN009221,957.63,Purchase,19,4,0,0,0,923.21,0.4,1543,0,CUST0174
TXN009222,6429.06,Payment,14,6,0,0,7,1564.73,0.4,3251,0,CUST0438
TXN009223,303.12,Transfer,20,1,0,0,0,2760.66,8.1,2885,0,CUST0289
TXN009224,1156.98,Withdrawal,8,1,0,0,0,2357.14,4.1,3149,0,CUST0405
TXN009225,1499.45,Purchase,19,6,0,0,2,1437.71,1.7,1531,0,CUST0448
TXN009226,1397.42,Transfer,15,1,0,0,2,7491.22,9.4,1162,0,CUST0405
TXN009227,1375.08,Purchase,18,6,0,0,2,667.74,1.2,1971,0,CUST0306
TXN009228,10160.13,Purchase,10,3,0,0,4,2847.99,0.4,2278,0,CUST0137
TXN009229,490.38,Payment,18,2,0,0,0,4293.19,4.5,2718,0,CUST0317
TXN009230,3605.24,Payment,19,3,0,0,4,4061.93,1.2,2568,0,CUST0120
TXN009231,3124.78,Transfer,23,4,0,0,1,2926.21,2.1,368,0,CUST0252
TXN009232,2884.92,Payment,18,4,1,0,3,2013.46,0.7,219,0,CUST0116
TXN009233,2093.26,Withdrawal,10,2,0,0,2,798.9,9.6,2377,0,CUST0414
TXN009234,4588.37,Payment,15,6,0,0,2,4055.44,2.1,1476,0,CUST0050
TXN009235,497.72,Transfer,10,6,0,0,2,1713.77,1.6,51,0,CUST0028
TXN009236,3817.28,Payment,19,1,0,0,6,1623.01,2.1,166,0,CUST0240
TXN009237,7646.03,Transfer,17,1,0,0,3,1308.86,0.0,2398,0,CUST0085
TXN009238,18385.72,Transfer,10,3,0,0,1,1256.0,0.2,3215,0,CUST0074
TXN009239,2268.07,Payment,18,3,0,0,2,2457.82,4.5,2441,0,CUST0071
TXN009240,803.52,Payment,19,5,0,0,6,2816.26,22.8,2230,0,CUST0377
TXN009241,2469.21,Purchase,9,6,0,0,2,3394.86,0.9,2904,0,CUST0151
TXN009242,2421.62,Withdrawal,9,5,0,0,2,1026.05,7.5,1917,0,CUST0055
TXN009243,3510.61,Purchase,15,0,0,0,4,2199.84,1.7,1742,0,CUST0125
TXN009244,1632.72,Payment,9,0,0,0,0,1972.2,7.6,2135,0,CUST0358
TXN009245,1224.88,Purchase,12,3,0,0,2,1346.2,0.6,2643,0,CUST0281
TXN009246,1141.55,Transfer,11,0,0,0,3,2027.69,1.7,1982,0,CUST0015
TXN009247,3598.26,Purchase,8,5,0,0,1,4382.97,6.4,206,0,CUST0091
TXN009248,1916.05,Transfer,17,5,0,0,2,156.99,3.6,2508,0,CUST0003
TXN009249,943.86,Payment,13,2,0,0,5,1395.43,2.6,1208,0,CUST0359
TXN009250,3199.02,Transfer,17,6,0,0,2,3494.41,2.1,3603,0,CUST0250
TXN009251,2585.47,Transfer,23,0,0,0,2,3688.98,9.5,2042,0,CUST0402
TXN009252,6697.2,Withdrawal,18,4,1,0,4,2474.83,2.3,2085,0,CUST0329
TXN009253,737.12,Purchase,12,0,1,0,0,3681.0,2.4,2171,0,CUST0197
TXN009254,1036.79,Purchase,16,0,0,0,1,1557.3,1.4,3279,0,CUST0128
TXN009255,1688.84,Withdrawal,17,4,0,0,2,1468.56,2.4,2589,0,CUST0345
TXN009256,876.59,Withdrawal,19,0,0,0,1,1452.27,6.7,2691,0,CUST0335
TXN009257,7509.72,Transfer,11,0,0,0,0,6949.19,1.4,149,0,CUST0124
TXN009258,1734.98,Purchase,8,4,0,0,5,1768.0,3.1,2760,0,CUST0463
TXN009259,610.48,Transfer,13,1,0,0,3,4177.57,0.5,3253,0,CUST0144
TXN009260,2499.98,Withdrawal,19,4,0,0,0,6272.51,8.8,3520,0,CUST0230
TXN009261,227.38,Withdrawal,14,1,0,0,1,1192.19,12.3,748,0,CUST0152
TXN009262,1191.98,Payment,19,0,0,0,4,722.05,8.8,1390,0,CUST0293
TXN009263,1401.11,Payment,21,3,0,0,3,1631.25,8.0,3065,0,CUST0078
TXN009264,751.2,Purchase,11,6,0,0,2,1436.35,1.3,2153,0,CUST0497
TXN009265,2762.97,Transfer,13,1,0,0,2,1154.07,8.3,967,0,CUST0479
TXN009266,936.0,Payment,21,4,0,0,2,10097.82,14.1,2897,0,CUST0287
TXN009267,1277.26,Transfer,10,3,0,0,3,6894.82,6.7,1607,0,CUST0106
TXN009268,3112.04,Withdrawal,16,6,0,0,3,3186.48,3.8,2619,0,CUST0428
TXN009269,1182.24,Purchase,12,2,0,0,2,1702.9,10.1,1468,0,CUST0277
TXN009270,3809.91,Transfer,9,3,0,1,0,786.02,10.1,2384,0,CUST0406
TXN009271,848.99,Payment,12,2,0,0,1,1793.95,2.0,269,0,CUST0173
TXN009272,723.81,Payment,15,4,0,0,3,446.18,1.0,1992,0,CUST0085
TXN009273,1489.79,Transfer,12,5,0,0,2,1751.34,1.4,3350,0,CUST0123
TXN009274,1016.75,Payment,21,3,0,0,2,760.87,6.3,3424,0,CUST0289
TXN009275,1228.66,Withdrawal,13,0,0,0,4,3017.69,3.3,2092,0,CUST0225
TXN009276,375.83,Transfer,21,1,0,0,2,8456.96,12.2,2896,0,CUST0100
TXN009277,1214.78,Transfer,17,1,0,0,2,7588.94,4.4,3082,0,CUST0479
TXN009278,2963.06,Withdrawal,10,4,0,0,2,5576.35,0.6,1418,0,CUST0445
TXN009279,1183.7,Transfer,9,0,0,0,5,1919.93,9.7,1337,0,CUST0208
TXN009280,666.33,Transfer,13,5,0,0,2,811.09,0.2,1288,0,CUST0368
TXN009281,2411.56,Transfer,9,4,0,1,0,2523.47,4.7,167,0,CUST0094
TXN009282,1172.89,Withdrawal,13,4,0,0,2,3300.9,4.3,2169,0,CUST0144
TXN009283,1809.41,Withdrawal,18,0,0,0,0,771.33,5.3,187,0,CUST0139
TXN009284,622.51,Transfer,16,2,0,0,2,5260.1,0.1,1670,0,CUST0375
TXN009285,8629.04,Transfer,16,3,0,0,3,1699.06,12.4,3492,0,CUST0313
TXN009286,442.77,Payment,16,3,0,0,1,3833.74,2.9,1877,0,CUST0420
TXN009287,1905.04,Purchase,8,3,0,0,3,1653.03,0.3,2344,0,CUST0245
TXN009288,3357.77,Payment,19,6,0,0,1,686.49,2.4,1767,0,CUST0239
TXN009289,1310.2,Payment,11,3,0,0,1,3607.53,0.3,3449,0,CUST0037
TXN009290,394.52,Payment,10,4,0,0,4,1384.86,0.0,2976,0,CUST0218
TXN009291,1023.06,Transfer,8,1,0,0,3,1110.3,2.5,1102,0,CUST0421
TXN009292,1495.12,Transfer,12,1,0,0,1,1847.4,2.0,2335,0,CUST0268
TXN009293,8456.89,Transfer,16,4,0,0,1,5491.28,0.3,2114,0,CUST0302
TXN009294,1095.1,Transfer,13,3,0,0,3,1303.6,1.1,547,0,CUST0044
TXN009295,5893.28,Withdrawal,11,2,0,0,6,2973.97,1.3,1196,0,CUST0068
TXN009296,533.62,Transfer,15,6,0,0,3,6524.45,6.6,417,0,CUST0252
TXN009297,3039.23,Payment,18,3,0,0,4,7553.29,6.9,3231,0,CUST0215
TXN009298,666.99,Payment,13,4,1,0,3,1784.72,1.5,2797,0,CUST0353
TXN009299,1357.24,Purchase,11,3,0,0,1,5712.06,0.8,1914,0,CUST0244
TXN009300,6116.6,Purchase,21,2,0,0,2,563.28,1.6,3029,0,CUST0037
TXN009301,3695.04,Payment,14,0,0,0,4,375.97,1.7,1237,0,CUST0023
TXN009302,4744.64,Purchase,15,1,0,0,2,1658.07,5.7,2807,0,CUST0224
TXN009303,862.44,Payment,13,4,0,0,0,736.05,5.4,3008,0,CUST0107
TXN009304,706.81,Withdrawal,22,1,1,0,3,4033.96,2.8,2690,0,CUST0019
TXN009305,17026.31,Withdrawal,18,0,1,1,7,957.19,16.9,50,1,CUST0125
TXN009306,1729.74,Withdrawal,2,0,0,0,3,2872.94,1.5,3079,0,CUST0178
TXN009307,2138.83,Withdrawal,14,1,0,0,4,1525.37,8.2,1423,0,CUST0212
TXN009308,629.48,Purchase,7,5,0,1,1,876.13,1.5,1101,0,CUST0007
TXN009309,3901.17,Withdrawal,10,6,0,0,2,5173.38,0.2,2988,0,CUST0111
TXN009310,246.23,Transfer,10,0,0,0,3,1081.85,0.5,867,0,CUST0498
TXN009311,336.08,Purchase,17,2,0,0,5,2736.56,8.2,1499,0,CUST0032
TXN009312,11299.99,Transfer,13,3,0,0,5,955.25,10.4,1184,0,CUST0455
TXN009313,2021.91,Transfer,10,1,0,1,0,3616.2,1.2,2429,0,CUST0296
TXN009314,1963.42,Purchase,18,1,0,0,4,856.48,10.0,880,0,CUST0006
TXN009315,2060.47,Payment,10,1,0,0,1,2162.34,0.7,1428,0,CUST0416
TXN009316,586.88,Transfer,13,6,0,0,2,2985.54,8.5,391,0,CUST0393
TXN009317,2151.56,Purchase,20,2,1,0,1,3110.27,1.9,2051,0,CUST0300
TXN009318,730.85,Payment,18,4,0,0,3,3404.11,11.2,118,0,CUST0305
TXN009319,1178.37,Transfer,18,1,0,0,1,2461.82,10.1,3408,0,CUST0154
TXN009320,5975.84,Purchase,10,0,0,0,3,1224.22,3.8,2166,0,CUST0219
TXN009321,3669.28,Purchase,19,6,1,0,1,2109.47,19.0,1310,0,CUST0210
TXN009322,6450.41,Payment,9,2,0,0,2,2798.11,0.8,2568,0,CUST0052
TXN009323,2710.75,Withdrawal,17,5,0,0,1,4382.15,0.1,1931,0,CUST0344
TXN009324,667.19,Transfer,15,5,0,0,1,1740.61,20.4,1342,0,CUST0035
TXN009325,1061.92,Transfer,0,2,0,0,4,722.01,3.1,2594,0,CUST0251
TXN009326,7175.8,Payment,6,6,0,0,4,2565.09,7.1,851,0,CUST0472
TXN009327,2618.12,Payment,18,2,0,0,2,6134.96,3.2,2314,0,CUST0404
TXN009328,3604.99,Payment,19,2,0,0,3,2217.64,2.1,2788,0,CUST0299
TXN009329,1360.18,Withdrawal,18,1,0,0,5,1375.43,0.6,190,0,CUST0309
TXN009330,2026.83,Payment,15,3,0,0,6,4513.12,7.1,824,0,CUST0115
TXN009331,2192.64,Purchase,4,0,0,0,0,1572.44,0.2,1611,0,CUST0236
TXN009332,1302.58,Transfer,14,0,0,0,1,2559.89,2.9,1258,0,CUST0438
TXN009333,535.18,Transfer,10,1,0,0,3,1576.68,11.7,1537,0,CUST0336
TXN009334,497.96,Transfer,19,2,0,0,1,5944.46,0.7,3011,0,CUST0147
TXN009335,963.88,Withdrawal,16,0,0,0,1,4880.22,4.6,1334,0,CUST0073
TXN009336,11085.66,Transfer,17,1,1,0,1,6456.04,0.3,3386,0,CUST0118
TXN009337,1188.64,Purchase,7,0,0,0,3,1915.12,5.7,1199,0,CUST0081
TXN009338,441.88,Payment,14,3,0,0,3,14518.41,0.0,1652,0,CUST0330
TXN009339,72.17,Transfer,17,2,0,0,1,2234.86,0.9,1333,0,CUST0067
TXN009340,2117.72,Payment,11,1,0,0,1,7825.52,6.7,2496,0,CUST0304
TXN009341,1574.27,Withdrawal,10,2,0,0,2,649.57,6.9,1186,0,CUST0104
TXN009342,1219.28,Payment,12,6,0,0,0,2172.44,5.6,799,0,CUST0082
TXN009343,920.41,Payment,22,0,0,0,0,1505.8,4.9,2316,0,CUST0011
TXN009344,5547.97,Payment,13,2,0,0,2,792.9,3.1,2637,0,CUST0248
TXN009345,1152.78,Payment,8,0,0,0,2,3470.29,4.3,3011,0,CUST0106
TXN009346,846.29,Withdrawal,20,6,0,0,2,733.32,1.9,3111,0,CUST0374
TXN009347,1234.44,Withdrawal,17,2,0,0,4,5611.01,3.6,1192,0,CUST0411
TXN009348,5974.03,Transfer,16,6,0,0,1,575.79,7.6,3542,0,CUST0068
TXN009349,5064.25,Withdrawal,14,5,0,0,0,1475.09,0.2,540,0,CUST0383
TXN009350,5000.0,Transfer,4,3,0,0,9,1589.44,10.0,29,1,CUST0301
TXN009351,28430.5,Payment,9,0,0,0,3,1662.41,0.6,2585,0,CUST0242
TXN009352,3949.55,Purchase,7,2,0,0,1,1038.06,0.8,171,0,CUST0445
TXN009353,622.64,Payment,6,1,0,0,4,633.63,0.5,380,0,CUST0035
TXN009354,1291.57,Purchase,23,5,0,0,1,868.62,5.0,2547,0,CUST0130
TXN009355,944.04,Transfer,17,1,0,0,0,3302.96,0.8,655,0,CUST0394
TXN009356,1401.82,Payment,10,5,0,0,2,1855.09,3.2,2874,0,CUST0383
TXN009357,2428.77,Payment,17,3,0,0,6,909.89,2.2,1101,0,CUST0365
TXN009358,462.58,Payment,14,1,0,0,5,4053.25,5.3,1103,0,CUST0020
TXN009359,2203.74,Payment,16,1,0,0,4,4607.59,15.5,1010,0,CUST0245
TXN009360,3601.71,Purchase,20,3,0,0,0,1870.37,0.8,1584,0,CUST0223
TXN009361,1772.39,Payment,10,3,0,1,1,874.27,3.2,349,0,CUST0187
TXN009362,5883.98,Transfer,17,2,0,0,1,2058.86,7.1,1118,0,CUST0108
TXN009363,1158.7,Transfer,19,3,0,0,1,5541.56,5.1,1975,0,CUST0357
TXN009364,2859.46,Withdrawal,12,2,0,0,2,9391.5,2.7,1522,0,CUST0369
TXN009365,3110.57,Payment,7,1,0,0,2,598.82,0.5,2438,0,CUST0249
TXN009366,1748.95,Payment,19,0,1,0,2,10223.41,1.0,3181,0,CUST0081
TXN009367,1390.27,Withdrawal,8,4,1,0,1,5004.72,13.1,2468,0,CUST0091
TXN009368,1114.06,Payment,17,0,0,0,0,1205.56,5.2,2824,0,CUST0379
TXN009369,2466.3,Transfer,17,2,0,0,2,951.64,1.1,2059,0,CUST0325
TXN009370,2692.02,Purchase,6,1,0,0,4,1617.92,0.5,2326,0,CUST0402
TXN009371,5452.76,Purchase,8,0,0,0,1,728.02,11.8,2191,0,CUST0340
TXN009372,6628.61,Payment,15,1,0,0,2,931.67,4.5,3435,0,CUST0069
TXN009373,5702.37,Purchase,8,2,0,0,3,513.66,4.6,1264,0,CUST0038
TXN009374,5973.25,Transfer,16,0,0,0,3,306.73,13.8,3638,0,CUST0489
TXN009375,2920.3,Transfer,10,4,0,0,4,793.46,1.6,2888,0,CUST0019
TXN009376,5218.42,Purchase,18,3,0,0,2,489.51,2.0,3058,0,CUST0367
TXN009377,11714.74,Payment,16,3,0,0,2,3089.18,1.2,3542,0,CUST0265
TXN009378,2260.36,Payment,17,3,0,0,2,1422.08,0.2,2024,0,CUST0115
TXN009379,2261.82,Payment,12,0,0,0,1,3191.56,0.5,1714,0,CUST0146
TXN009380,2003.49,Transfer,15,5,0,0,3,9092.12,1.9,2074,0,CUST0438
TXN009381,16350.5,Withdrawal,11,1,0,1,2,2506.56,8.9,1853,0,CUST0165
TXN009382,2897.32,Transfer,12,1,0,0,2,2646.3,10.9,1477,0,CUST0125
TXN009383,1984.22,Withdrawal,18,6,1,0,2,2125.75,6.1,3492,0,CUST0064
TXN009384,938.53,Payment,10,5,1,0,2,2390.42,2.9,1290,0,CUST0055
TXN009385,1015.47,Transfer,19,0,0,0,2,3113.5,3.7,634,0,CUST0112
TXN009386,1323.36,Transfer,19,3,0,0,2,2093.1,2.7,1363,0,CUST0067
TXN009387,1343.98,Payment,21,0,0,0,1,1892.99,24.3,2423,0,CUST0249
TXN009388,1625.65,Payment,23,1,0,1,1,942.62,5.9,1144,0,CUST0476
TXN009389,1049.84,Purchase,15,5,0,0,6,136.9,9.1,746,0,CUST0497
TXN009390,1462.29,Payment,7,1,0,0,3,3256.73,5.3,1450,0,CUST0131
TXN009391,2013.13,Payment,12,4,0,0,3,2181.03,5.2,3247,0,CUST0397
TXN009392,8135.5,Purchase,18,5,0,0,4,522.09,8.9,3104,0,CUST0076
TXN009393,446.2,Transfer,14,4,0,0,0,793.02,9.6,3046,0,CUST0110
TXN009394,1323.88,Purchase,17,5,0,0,4,3902.47,5.1,2360,0,CUST0125
TXN009395,472.92,Purchase,14,1,1,0,4,1200.94,2.0,1901,0,CUST0261
TXN009396,3862.83,Payment,0,5,0,0,4,1285.1,1.2,3216,0,CUST0208
TXN009397,5225.24,Transfer,9,0,0,0,1,6445.75,2.5,3505,0,CUST0107
TXN009398,52747.78,Transfer,0,5,0,0,13,745.56,82.0,88,1,CUST0435
TXN009399,4009.53,Withdrawal,9,4,0,0,1,1385.91,2.1,3253,0,CUST0275
TXN009400,5032.69,Payment,17,1,0,0,5,459.71,6.1,2587,0,CUST0457
TXN009401,4508.73,Payment,14,4,0,0,1,289.2,8.8,2599,0,CUST0190
TXN009402,1108.59,Purchase,7,3,0,0,1,2535.52,10.4,3504,0,CUST0283
TXN009403,1941.57,Payment,8,1,0,0,1,2649.72,5.0,2089,0,CUST0330
TXN009404,1406.53,Purchase,9,5,0,0,4,223.1,2.7,1426,0,CUST0409
TXN009405,316.41,Transfer,17,4,0,0,1,13647.23,0.1,548,0,CUST0310
TXN009406,1366.75,Purchase,6,3,0,0,2,790.72,14.2,3248,0,CUST0045
TXN009407,9629.36,Transfer,22,0,0,0,3,788.0,1.7,2620,0,CUST0268
TXN009408,5340.1,Payment,14,1,0,0,3,1074.88,10.2,1258,0,CUST0265
TXN009409,244.96,Payment,17,3,0,0,5,2027.73,10.2,1516,0,CUST0027
TXN009410,2955.74,Payment,17,6,0,0,1,1023.09,2.1,1274,0,CUST0054
TXN009411,1076.8,Withdrawal,15,3,0,0,3,271.38,8.2,1933,0,CUST0102
TXN009412,548.05,Purchase,18,4,0,0,5,2584.48,3.2,1464,0,CUST0154
TXN009413,18484.71,Payment,17,0,0,0,2,2101.19,10.5,2853,0,CUST0289
TXN009414,5000.0,Withdrawal,1,1,1,0,13,1352.53,41.7,195,1,CUST0412
TXN009415,9345.71,Payment,16,0,0,0,3,1695.31,4.0,814,0,CUST0145
TXN009416,2903.27,Payment,9,3,0,0,3,3311.87,7.1,2628,0,CUST0494
TXN009417,1834.47,Purchase,16,0,0,0,2,1924.26,7.8,109,0,CUST0019
TXN009418,8651.81,Purchase,19,1,0,0,2,2105.4,0.6,2149,0,CUST0345
TXN009419,1257.85,Payment,19,0,0,0,5,1125.92,1.5,519,0,CUST0296
TXN009420,210.0,Purchase,23,2,0,0,2,1443.94,2.6,904,0,CUST0298
TXN009421,308.45,Payment,10,1,0,0,5,4261.67,4.3,2921,0,CUST0307
TXN009422,1346.21,Transfer,0,1,0,0,3,1594.77,1.9,87,0,CUST0116
TXN009423,943.27,Payment,10,2,0,0,1,1002.24,3.2,850,0,CUST0447
TXN009424,3225.78,Payment,8,0,1,0,5,1774.66,16.8,3245,0,CUST0046
TXN009425,2213.5,Purchase,22,5,0,0,6,803.93,0.4,1716,0,CUST0151
TXN009426,13842.95,Withdrawal,11,2,0,0,0,666.86,8.4,1883,0,CUST0275
TXN009427,1450.17,Purchase,15,2,0,0,3,8252.36,0.8,541,0,CUST0313
TXN009428,1443.37,Transfer,13,2,0,0,3,1786.95,0.5,579,0,CUST0117
TXN009429,5080.63,Payment,19,0,1,0,3,904.62,10.1,979,0,CUST0187
TXN009430,1880.79,Purchase,9,1,0,0,1,6528.3,0.1,293,0,CUST0336
TXN009431,2920.06,Payment,16,5,0,0,4,2782.1,0.8,3351,0,CUST0025
TXN009432,758.8,Transfer,12,3,0,0,3,3417.42,8.5,3043,0,CUST0081
TXN009433,589.19,Purchase,11,0,0,0,1,6874.26,0.2,3294,0,CUST0461
TXN009434,5000.0,Payment,21,3,1,1,8,651.1,71.6,19,1,CUST0457
TXN009435,840.83,Transfer,19,4,0,0,1,8369.94,1.8,2175,0,CUST0220
TXN009436,18940.84,Transfer,16,1,0,0,2,591.25,2.2,1494,0,CUST0031
TXN009437,1322.57,Payment,20,2,0,0,1,386.29,3.0,2437,0,CUST0244
TXN009438,1695.63,Payment,14,1,0,0,2,3446.55,6.3,1946,0,CUST0199
TXN009439,749.94,Payment,11,4,0,0,7,4319.89,6.4,1746,0,CUST0199
TXN009440,1115.37,Transfer,10,1,0,0,1,262.71,0.3,989,0,CUST0238
TXN009441,8351.49,Withdrawal,13,6,0,0,2,3864.45,5.2,3159,0,CUST0356
TXN009442,1411.09,Payment,14,2,0,0,4,2774.81,2.3,2917,0,CUST0457
TXN009443,215.46,Payment,10,0,0,0,2,7240.36,1.3,750,0,CUST0147
TXN009444,3826.73,Withdrawal,21,1,1,0,3,452.69,0.6,507,0,CUST0076
TXN009445,1928.45,Purchase,16,5,0,0,3,2056.46,0.2,1104,0,CUST0484
TXN009446,2965.22,Transfer,15,5,0,0,2,1917.36,3.3,1885,0,CUST0411
TXN009447,626.9,Purchase,14,0,0,0,3,2337.84,7.1,171,0,CUST0418
TXN009448,427.01,Purchase,9,3,1,0,1,413.27,5.1,2952,0,CUST0384
TXN009449,2212.19,Transfer,11,2,0,0,1,1616.99,5.2,157,0,CUST0346
TXN009450,648.88,Payment,12,4,0,0,3,3716.49,4.7,1207,0,CUST0384
TXN009451,9603.88,Transfer,11,4,0,0,2,1148.22,10.3,2503,0,CUST0166
TXN009452,1234.61,Payment,19,4,0,0,1,1681.04,4.7,3445,0,CUST0406
TXN009453,1758.97,Payment,19,0,0,0,4,416.74,0.2,1169,0,CUST0341
TXN009454,7015.0,Transfer,12,4,0,0,2,2509.23,0.5,1880,0,CUST0071
TXN009455,1336.69,Payment,11,2,0,0,1,6868.25,1.8,1100,0,CUST0422
TXN009456,52866.58,Withdrawal,16,0,0,1,8,1872.67,189.2,325,1,CUST0254
TXN009457,3320.4,Purchase,14,0,0,0,4,5768.75,21.8,285,0,CUST0071
TXN009458,476.27,Payment,10,2,0,0,1,5874.45,1.0,3426,0,CUST0287
TXN009459,721.83,Transfer,17,1,0,0,2,1412.78,11.3,1206,0,CUST0421
TXN009460,9521.04,Withdrawal,15,3,0,0,4,1324.65,8.9,1424,0,CUST0236
TXN009461,1379.72,Transfer,13,4,0,0,3,620.77,2.3,2461,0,CUST0334
TXN009462,1910.14,Payment,16,3,0,0,1,3418.01,2.5,732,0,CUST0059
TXN009463,7659.98,Payment,11,5,0,0,6,1153.79,7.7,1293,0,CUST0288
TXN009464,1160.25,Transfer,19,3,0,0,4,1186.37,21.8,3466,0,CUST0251
TXN009465,747.05,Payment,11,0,0,0,5,491.22,12.6,347,0,CUST0090
TXN009466,204.75,Payment,13,1,0,0,2,1822.92,1.8,1021,0,CUST0456
TXN009467,730.04,Transfer,12,5,0,0,2,1067.67,0.5,2546,0,CUST0462
TXN009468,1355.52,Payment,12,3,0,0,1,1155.58,3.7,3531,0,CUST0207
TXN009469,3573.72,Payment,14,5,0,0,3,2525.61,13.1,979,0,CUST0382
TXN009470,590.8,Transfer,17,6,0,0,6,1483.91,4.2,2355,0,CUST0447
TXN009471,835.69,Payment,14,2,0,0,1,1655.4,1.5,3180,0,CUST0145
TXN009472,34305.07,Payment,17,3,0,0,2,5127.35,2.1,1494,0,CUST0313
TXN009473,3325.05,Payment,17,1,0,0,0,3859.27,6.8,1239,0,CUST0402
TXN009474,1843.36,Purchase,18,4,0,0,3,1454.57,1.4,3570,0,CUST0063
TXN009475,124.64,Purchase,9,4,0,0,4,1292.83,7.8,2380,0,CUST0432
TXN009476,5335.36,Payment,18,4,0,0,2,1156.63,2.7,96,0,CUST0346
TXN009477,227.09,Payment,22,5,1,0,5,1496.35,4.4,2337,0,CUST0464
TXN009478,14103.72,Payment,22,4,0,0,4,551.36,0.5,2864,0,CUST0166
TXN009479,1242.4,Purchase,23,6,0,0,3,2794.77,32.4,1425,0,CUST0102
TXN009480,5703.1,Transfer,15,3,0,0,0,986.39,9.5,3152,0,CUST0261
TXN009481,3177.69,Payment,11,6,0,0,3,1957.73,4.7,2727,0,CUST0441
TXN009482,1288.04,Payment,8,2,0,0,3,7554.73,0.2,3206,0,CUST0101
TXN009483,1230.91,Purchase,8,2,0,0,0,1676.37,1.7,2276,0,CUST0210
TXN009484,5920.32,Purchase,11,4,0,0,0,1548.1,20.7,3249,0,CUST0311
TXN009485,1665.87,Purchase,19,1,0,0,4,1157.83,8.6,2113,0,CUST0168
TXN009486,693.97,Transfer,17,2,0,0,1,1484.6,4.7,3205,0,CUST0224
TXN009487,4332.89,Payment,14,3,0,0,6,1996.39,12.1,2345,0,CUST0463
TXN009488,545.68,Payment,9,1,0,0,1,1317.87,2.6,2410,0,CUST0090
TXN009489,2665.6,Transfer,15,6,0,0,4,5089.71,2.9,812,0,CUST0234
TXN009490,16195.22,Purchase,5,6,0,1,5,1835.57,10.0,343,1,CUST0131
TXN009491,862.84,Transfer,0,3,0,0,3,1491.21,10.3,3534,0,CUST0370
TXN009492,542.83,Purchase,13,1,0,0,0,4080.32,5.0,3025,0,CUST0193
TXN009493,2101.28,Purchase,15,6,0,0,1,895.81,1.5,604,0,CUST0337
TXN009494,1298.15,Transfer,8,5,0,0,4,1199.54,2.6,1472,0,CUST0330
TXN009495,2458.74,Transfer,11,2,0,0,1,4139.88,2.6,616,0,CUST0125
TXN009496,1539.74,Transfer,18,5,0,0,2,23754.33,3.0,2299,0,CUST0399
TXN009497,1065.38,Purchase,17,3,0,0,1,1292.4,10.1,600,0,CUST0294
TXN009498,18151.01,Transfer,0,3,0,0,7,752.9,44.9,188,1,CUST0109
TXN009499,1130.96,Transfer,16,3,0,0,0,966.34,1.7,1000,0,CUST0131
TXN009500,229.22,Purchase,16,4,0,0,2,1383.46,12.9,2365,0,CUST0058
TXN009501,17588.16,Transfer,3,0,0,0,9,1894.08,25.2,236,1,CUST0364
TXN009502,1002.92,Transfer,12,1,0,0,3,1641.87,0.8,2324,0,CUST0273
TXN009503,1542.98,Purchase,16,6,0,0,3,2023.17,12.0,3194,0,CUST0261
TXN009504,550.63,Payment,12,6,0,0,5,5255.83,3.7,905,0,CUST0253
TXN009505,1340.68,Transfer,18,1,0,0,1,342.76,21.3,1887,0,CUST0254
TXN009506,277.7,Withdrawal,17,6,0,0,1,4475.1,0.8,2078,0,CUST0433
TXN009507,1346.88,Payment,15,6,0,0,3,3178.84,1.9,2675,0,CUST0222
TXN009508,3588.57,Transfer,17,2,0,0,3,2398.03,10.9,3588,0,CUST0301
TXN009509,3868.05,Payment,13,1,0,0,3,646.21,0.9,113,0,CUST0048
TXN009510,681.73,Transfer,10,5,0,0,2,2361.41,0.6,1875,0,CUST0060
TXN009511,2091.26,Payment,21,6,0,0,5,384.32,3.6,312,0,CUST0121
TXN009512,1435.03,Transfer,15,2,0,0,3,1028.57,0.5,1672,0,CUST0212
TXN009513,727.54,Payment,17,3,0,0,0,1378.17,4.0,2569,0,CUST0465
TXN009514,2307.58,Payment,7,1,0,0,2,4824.51,1.0,2989,0,CUST0266
TXN009515,2697.92,Transfer,17,5,0,1,2,2310.44,2.7,437,0,CUST0389
TXN009516,381.7,Payment,6,6,0,0,2,3285.0,9.6,763,0,CUST0255
TXN009517,515.8,Transfer,20,3,0,0,1,1279.25,1.2,3018,0,CUST0070
TXN009518,1331.93,Payment,19,5,0,0,1,1512.47,2.9,3573,0,CUST0091
TXN009519,3424.57,Payment,8,1,0,0,2,2658.75,20.1,752,0,CUST0425
TXN009520,837.15,Transfer,10,3,0,0,4,3848.3,15.5,649,0,CUST0279
TXN009521,1022.13,Payment,7,5,0,1,3,3120.64,1.8,264,0,CUST0351
TXN009522,610.85,Withdrawal,19,3,0,0,5,1497.76,1.0,1319,0,CUST0378
TXN009523,2793.19,Payment,10,2,0,0,3,940.12,2.2,2103,0,CUST0401
TXN009524,774.74,Payment,11,2,1,0,0,3576.49,3.8,2065,0,CUST0431
TXN009525,860.59,Payment,11,3,0,0,5,580.94,1.5,3161,0,CUST0390
TXN009526,1053.89,Payment,13,1,0,1,1,713.77,1.1,686,0,CUST0230
TXN009527,4096.88,Transfer,18,3,0,0,1,445.13,0.3,2045,0,CUST0359
TXN009528,6968.36,Transfer,15,5,0,0,1,3429.12,3.9,1132,0,CUST0385
TXN009529,389.9,Transfer,23,5,0,0,3,447.95,2.8,2885,0,CUST0108
TXN009530,2609.06,Purchase,14,6,0,0,5,1501.29,4.8,2774,0,CUST0165
TXN009531,1800.69,Payment,10,4,0,0,5,3560.1,1.3,1074,0,CUST0140
TXN009532,7734.02,Transfer,17,6,0,0,4,4479.47,10.2,3644,0,CUST0389
TXN009533,1238.92,Payment,13,1,0,0,1,2814.42,0.0,2105,0,CUST0451
TXN009534,2580.32,Transfer,18,0,0,0,4,759.42,4.4,2979,0,CUST0231
TXN009535,2943.1,Payment,9,5,0,1,2,2738.76,1.6,706,0,CUST0003
TXN009536,435.21,Payment,16,2,0,0,4,1614.92,4.4,2687,0,CUST0004
TXN009537,2029.76,Transfer,20,3,0,0,1,1879.63,4.3,613,0,CUST0133
TXN009538,1089.87,Purchase,23,6,0,0,5,4115.1,9.4,121,0,CUST0106
TXN009539,2432.25,Transfer,10,1,0,0,2,2473.27,0.8,876,0,CUST0279
TXN009540,426.73,Purchase,9,2,0,0,3,1181.48,9.0,2223,0,CUST0036
TXN009541,1560.57,Transfer,7,5,0,0,5,684.06,1.3,1153,0,CUST0104
TXN009542,11017.02,Payment,19,0,0,0,2,1782.5,9.6,2351,0,CUST0009
TXN009543,198.68,Payment,10,3,0,0,3,983.98,1.5,100,0,CUST0236
TXN009544,7020.46,Withdrawal,20,0,0,0,4,9111.2,1.3,3190,0,CUST0377
TXN009545,2115.67,Transfer,10,3,0,0,1,991.42,1.0,3001,0,CUST0080
TXN009546,1830.82,Transfer,3,1,1,0,2,1187.27,5.0,1618,0,CUST0095
TXN009547,495.38,Purchase,16,0,0,0,1,4208.88,7.7,3186,0,CUST0148
TXN009548,776.7,Withdrawal,14,3,0,0,2,2053.02,3.2,1109,0,CUST0160
TXN009549,629.14,Purchase,17,2,0,0,2,1668.44,5.2,3425,0,CUST0285
TXN009550,1521.76,Payment,18,5,0,0,3,1109.62,1.1,3620,0,CUST0362
TXN009551,398.41,Transfer,19,6,0,0,4,370.38,19.4,3429,0,CUST0370
TXN009552,5028.32,Payment,11,1,0,0,2,2727.72,2.1,3561,0,CUST0249
TXN009553,8554.05,Transfer,9,3,0,0,1,980.08,1.4,1909,0,CUST0432
TXN009554,2544.43,Transfer,10,5,0,0,3,1625.65,2.2,1095,0,CUST0202
TXN009555,762.43,Payment,12,4,0,0,0,1942.81,4.0,2935,0,CUST0369
TXN009556,1699.02,Transfer,13,6,0,0,2,1225.18,5.5,983,0,CUST0165
TXN009557,2016.43,Transfer,18,0,0,0,0,8227.84,0.8,920,0,CUST0090
TXN009558,2210.91,Payment,10,3,0,0,5,5465.22,7.6,3081,0,CUST0070
TXN009559,1037.45,Transfer,18,3,0,0,6,429.27,9.4,829,0,CUST0074
TXN009560,5584.14,Transfer,6,4,0,1,2,450.01,1.2,1941,0,CUST0018
TXN009561,13254.53,Transfer,18,0,0,0,2,1692.16,4.3,2040,0,CUST0064
TXN009562,798.39,Transfer,20,5,0,0,2,1179.72,16.8,3113,0,CUST0061
TXN009563,2234.74,Payment,15,5,1,0,1,8883.51,3.7,2219,0,CUST0369
TXN009564,1542.18,Payment,16,1,0,0,1,4413.25,2.7,1397,0,CUST0399
TXN009565,239.86,Payment,14,6,0,0,2,231.97,24.0,2256,0,CUST0021
TXN009566,2511.52,Withdrawal,12,4,0,0,1,2499.03,3.4,1569,0,CUST0304
TXN009567,286.31,Purchase,10,6,0,0,2,5192.43,9.7,1422,0,CUST0268
TXN009568,265.16,Withdrawal,9,1,0,0,3,2121.8,5.8,190,0,CUST0398
TXN009569,2410.44,Purchase,13,2,0,0,3,352.5,0.1,2845,0,CUST0290
TXN009570,6521.08,Withdrawal,8,3,0,0,2,2488.5,3.4,392,0,CUST0278
TXN009571,1054.56,Transfer,15,4,0,0,2,899.78,9.4,75,0,CUST0025
TXN009572,717.62,Payment,15,0,0,0,3,1472.58,0.1,1946,0,CUST0033
TXN009573,7276.87,Transfer,11,5,0,0,4,2692.48,1.3,2427,0,CUST0119
TXN009574,5708.27,Payment,8,0,0,0,5,561.16,1.3,569,0,CUST0378
TXN009575,1789.22,Withdrawal,19,1,0,0,1,4621.15,1.9,582,0,CUST0036
TXN009576,3652.4,Purchase,15,6,0,0,4,430.63,1.2,3616,0,CUST0449
TXN009577,3615.26,Payment,12,2,0,0,2,1064.13,6.4,45,0,CUST0454
TXN009578,19252.72,Transfer,13,2,0,0,1,2064.73,7.8,103,0,CUST0180
TXN009579,1902.43,Payment,12,6,0,0,4,2841.63,11.3,307,0,CUST0020
TXN009580,722.0,Purchase,21,1,1,0,1,5475.43,13.2,58,0,CUST0198
TXN009581,27847.94,Purchase,20,4,1,1,3,807.93,27.2,210,1,CUST0347
TXN009582,144.09,Payment,16,3,0,0,2,1790.57,1.4,1536,0,CUST0118
TXN009583,4754.31,Transfer,17,3,0,0,5,1661.25,18.3,1374,0,CUST0379
TXN009584,2497.32,Transfer,13,0,0,0,5,1745.06,0.2,3321,0,CUST0139
TXN009585,1174.24,Transfer,11,1,0,0,3,527.29,3.8,3405,0,CUST0377
TXN009586,1706.98,Purchase,16,2,1,0,2,5772.96,14.7,2322,0,CUST0248
TXN009587,886.98,Transfer,14,3,0,0,1,17781.67,3.2,2171,0,CUST0472
TXN009588,1376.08,Payment,20,6,0,0,2,2592.73,3.3,2618,0,CUST0493
TXN009589,3668.2,Purchase,12,4,0,0,1,1535.73,13.8,2466,0,CUST0233
TXN009590,2536.39,Transfer,15,5,0,0,3,363.81,10.2,3221,0,CUST0276
TXN009591,3203.52,Transfer,22,0,0,0,0,2368.86,3.3,3074,0,CUST0215
TXN009592,6185.73,Purchase,10,0,0,0,5,2112.69,1.0,890,0,CUST0069
TXN009593,835.31,Transfer,11,4,0,0,2,2474.61,1.0,2062,0,CUST0369
TXN009594,576.5,Payment,10,4,0,0,3,1654.59,8.5,2924,0,CUST0479
TXN009595,1186.8,Payment,17,2,0,0,3,343.68,2.0,148,0,CUST0243
TXN009596,6018.4,Withdrawal,20,4,0,0,2,4283.49,9.9,624,0,CUST0375
TXN009597,1037.65,Payment,10,2,0,0,4,1551.25,12.9,2708,0,CUST0067
TXN009598,1423.75,Withdrawal,12,3,0,0,0,523.52,1.7,2870,0,CUST0287
TXN009599,1275.05,Payment,8,3,0,0,3,1566.75,4.5,267,0,CUST0319
TXN009600,6614.34,Withdrawal,2,6,0,0,3,1017.08,3.3,3597,0,CUST0057
TXN009601,589.4,Withdrawal,10,5,0,0,3,2190.69,0.9,2288,0,CUST0093
TXN009602,2971.13,Purchase,11,3,1,0,0,1203.84,1.3,2372,0,CUST0436
TXN009603,1613.9,Transfer,9,5,0,0,2,1672.28,2.5,3013,0,CUST0162
TXN009604,670.89,Payment,17,6,0,0,4,2115.79,0.5,3059,0,CUST0351
TXN009605,16626.95,Withdrawal,19,4,0,0,8,2313.92,3.2,1813,0,CUST0333
TXN009606,405.55,Payment,10,3,0,1,1,640.73,0.2,1138,0,CUST0300
TXN009607,952.26,Purchase,8,5,0,0,1,2592.51,3.9,1325,0,CUST0367
TXN009608,1848.91,Withdrawal,0,5,0,0,1,1069.1,0.6,2532,0,CUST0128
TXN009609,26608.71,Purchase,6,0,1,1,9,2326.58,61.2,162,1,CUST0124
TXN009610,283.43,Purchase,15,3,0,0,1,2357.04,2.5,1837,0,CUST0118
TXN009611,471.33,Withdrawal,8,6,0,0,3,2271.58,1.5,2366,0,CUST0110
TXN009612,26858.26,Transfer,14,1,0,0,2,2914.82,7.6,724,0,CUST0151
TXN009613,1428.08,Payment,16,1,0,0,2,814.88,6.2,3177,0,CUST0075
TXN009614,5000.0,Transfer,9,2,1,1,4,489.24,30.1,111,1,CUST0153
TXN009615,345.55,Transfer,9,0,0,0,1,3093.05,2.8,853,0,CUST0222
TXN009616,568.83,Payment,12,5,0,0,2,2113.9,1.3,2196,0,CUST0081
TXN009617,6190.08,Payment,17,1,0,0,1,691.74,4.0,753,0,CUST0112
TXN009618,1271.45,Purchase,18,0,0,0,2,619.78,4.1,3567,0,CUST0374
TXN009619,1546.15,Payment,11,1,0,0,0,887.67,8.1,1359,0,CUST0469
TXN009620,1013.88,Payment,9,1,0,0,1,2907.99,1.3,2068,0,CUST0450
TXN009621,2647.34,Purchase,10,4,0,0,1,1714.75,4.3,169,0,CUST0336
TXN009622,585.66,Purchase,10,4,0,0,0,1884.48,2.8,528,0,CUST0128
TXN009623,2524.92,Transfer,22,2,0,0,1,628.37,14.3,277,0,CUST0022
TXN009624,1077.49,Transfer,17,4,0,0,4,1472.2,1.3,74,0,CUST0465
TXN009625,1072.63,Transfer,18,6,0,0,1,932.71,0.4,1419,0,CUST0297
TXN009626,1393.66,Transfer,18,2,0,0,3,3478.7,2.3,1109,0,CUST0374
TXN009627,1443.96,Withdrawal,11,3,0,0,3,1274.99,3.4,3270,0,CUST0099
TXN009628,1430.6,Transfer,15,5,0,1,2,1274.65,1.8,135,0,CUST0066
TXN009629,889.41,Withdrawal,8,5,0,0,4,2242.14,11.4,2659,0,CUST0127
TXN009630,315.3,Payment,9,6,0,0,3,5118.36,4.3,848,0,CUST0217
TXN009631,1572.78,Purchase,11,6,0,0,2,930.95,3.4,2599,0,CUST0026
TXN009632,907.12,Purchase,18,5,0,0,1,775.05,5.2,2969,0,CUST0108
TXN009633,1254.5,Transfer,20,0,0,0,2,6781.27,0.0,3580,0,CUST0316
TXN009634,6017.64,Payment,14,5,0,0,4,8804.75,0.4,252,0,CUST0415
TXN009635,1097.74,Transfer,21,6,0,0,2,716.68,5.1,1397,0,CUST0246
TXN009636,4895.02,Transfer,12,6,0,0,5,3286.66,5.0,2736,0,CUST0161
TXN009637,2796.81,Transfer,12,3,0,0,5,211.1,16.4,2051,0,CUST0082
TXN009638,8906.22,Purchase,14,1,0,0,4,8103.07,4.3,1562,0,CUST0370
TXN009639,4143.95,Payment,13,6,0,0,2,7100.72,24.0,2382,0,CUST0377
TXN009640,1040.11,Purchase,16,1,0,0,6,2854.8,7.4,2407,0,CUST0497
TXN009641,2666.11,Purchase,22,0,0,0,3,3653.06,0.6,1866,0,CUST0472
TXN009642,5937.34,Transfer,10,1,0,0,1,513.72,3.3,2565,0,CUST0014
TXN009643,602.42,Purchase,12,2,0,0,7,981.05,12.7,2354,0,CUST0280
TXN009644,1217.99,Transfer,11,1,0,0,0,575.4,0.5,1193,0,CUST0171
TXN009645,3895.12,Payment,12,3,0,0,2,5687.0,3.7,439,0,CUST0360
TXN009646,704.82,Payment,12,1,0,0,4,3777.89,7.7,1712,0,CUST0311
TXN009647,5260.59,Payment,12,3,0,0,2,2411.18,3.2,3644,0,CUST0069
TXN009648,9675.74,Purchase,20,6,0,0,4,912.64,5.3,625,0,CUST0185
TXN009649,825.37,Payment,16,1,0,1,1,346.24,25.7,3501,0,CUST0218
TXN009650,11122.84,Purchase,16,1,0,0,3,1214.68,1.7,2909,0,CUST0322
TXN009651,591.98,Transfer,7,0,0,0,2,1917.83,5.8,2904,0,CUST0140
TXN009652,2390.08,Payment,15,1,0,0,3,1151.71,2.2,3486,0,CUST0185
TXN009653,9311.08,Withdrawal,17,4,1,0,5,3473.67,17.3,1165,0,CUST0355
TXN009654,6039.0,Payment,14,3,0,0,4,2843.29,3.5,3512,0,CUST0299
TXN009655,1640.04,Purchase,11,2,0,0,1,830.65,29.5,448,0,CUST0375
TXN009656,1717.21,Payment,8,1,0,0,6,1927.61,8.8,2976,0,CUST0189
TXN009657,3443.73,Payment,15,5,0,0,4,1875.2,0.1,3274,0,CUST0355
TXN009658,275.38,Payment,11,6,0,0,4,1144.63,0.6,299,0,CUST0157
TXN009659,814.75,Purchase,11,4,0,0,2,1407.84,4.1,2022,0,CUST0310
TXN009660,1230.83,Payment,10,2,0,0,0,1517.13,2.9,2473,0,CUST0480
TXN009661,1668.03,Withdrawal,8,5,0,0,2,2276.28,3.2,1262,0,CUST0377
TXN009662,1424.77,Payment,11,6,0,0,3,1936.68,3.9,3055,0,CUST0414
TXN009663,2722.86,Transfer,10,4,0,0,0,1514.4,4.4,954,0,CUST0336
TXN009664,2395.22,Payment,13,2,0,0,0,1613.26,6.0,1047,0,CUST0038
TXN009665,728.01,Purchase,16,4,0,0,2,2029.11,2.3,2315,0,CUST0066
TXN009666,390.46,Withdrawal,20,4,0,0,2,1073.68,0.0,821,0,CUST0433
TXN009667,5730.18,Withdrawal,11,6,0,0,1,4025.72,1.8,2940,0,CUST0053
TXN009668,3164.63,Withdrawal,17,0,0,0,4,1903.78,3.6,894,0,CUST0366
TXN009669,1406.93,Transfer,20,1,0,0,2,976.47,8.1,872,0,CUST0210
TXN009670,2423.75,Payment,14,6,1,0,2,917.43,6.4,275,0,CUST0329
TXN009671,2773.77,Purchase,12,4,1,0,2,3592.99,9.8,3252,0,CUST0193
TXN009672,1128.76,Transfer,8,2,0,0,5,2000.27,8.2,2607,0,CUST0116
TXN009673,1136.13,Transfer,12,6,0,0,2,4663.97,13.3,764,0,CUST0086
TXN009674,1670.59,Transfer,14,0,0,0,2,5959.75,0.7,1204,0,CUST0341
TXN009675,632.67,Payment,12,0,1,0,4,1980.18,1.2,257,0,CUST0146
TXN009676,1457.37,Purchase,18,6,0,0,2,657.64,1.0,3345,0,CUST0411
TXN009677,750.08,Payment,14,2,0,0,2,1630.82,2.7,2387,0,CUST0247
TXN009678,1248.86,Payment,22,1,0,0,0,1084.04,2.0,2303,0,CUST0372
TXN009679,772.31,Purchase,20,3,0,0,2,505.63,7.5,1827,0,CUST0108
TXN009680,1272.18,Transfer,16,5,0,0,4,4230.55,3.6,1536,0,CUST0145
TXN009681,1352.28,Transfer,12,2,0,0,2,590.05,0.7,3245,0,CUST0383
TXN009682,454.14,Payment,15,5,0,0,2,1741.38,3.5,1163,0,CUST0120
TXN009683,210.23,Withdrawal,12,5,0,0,2,1463.67,2.7,562,0,CUST0394
TXN009684,1104.43,Withdrawal,0,1,0,0,2,6564.33,0.3,282,0,CUST0311
TXN009685,12997.89,Payment,21,3,0,0,3,2070.64,0.3,3299,0,CUST0223
TXN009686,1002.98,Payment,17,3,0,0,1,1558.98,5.6,3401,0,CUST0090
TXN009687,5509.6,Transfer,21,6,1,0,7,1275.32,39.3,293,1,CUST0324
TXN009688,582.06,Purchase,13,6,0,0,3,1556.08,1.6,2738,0,CUST0464
TXN009689,2009.73,Purchase,14,6,0,0,5,1305.74,1.0,1608,0,CUST0267
TXN009690,3967.14,Payment,9,2,1,0,1,1271.5,0.9,3141,0,CUST0316
TXN009691,1156.88,Transfer,10,5,0,0,2,2417.27,0.2,2667,0,CUST0193
TXN009692,1326.49,Transfer,11,1,0,0,4,1222.49,5.6,859,0,CUST0375
TXN009693,1967.5,Purchase,19,0,0,0,3,3233.22,10.7,1204,0,CUST0099
TXN009694,1502.82,Payment,23,3,0,0,4,3090.29,6.7,1261,0,CUST0079
TXN009695,5000.0,Withdrawal,7,3,1,1,6,563.39,174.7,323,1,CUST0416
TXN009696,833.98,Payment,14,0,0,0,4,2458.53,6.8,2325,0,CUST0109
TXN009697,1032.58,Payment,12,0,0,0,8,1698.32,9.1,627,0,CUST0248
TXN009698,985.0,Purchase,20,2,0,0,3,3607.96,0.1,2278,0,CUST0202
TXN009699,6497.06,Payment,22,4,0,0,4,458.67,111.6,108,1,CUST0326
TXN009700,3911.59,Payment,8,1,0,0,1,2017.82,2.6,694,0,CUST0343
TXN009701,3624.25,Transfer,0,6,0,0,1,5057.48,2.4,2635,0,CUST0154
TXN009702,2556.78,Payment,17,6,0,0,1,2162.61,7.5,2473,0,CUST0005
TXN009703,2899.83,Payment,15,0,0,0,1,346.74,2.2,276,0,CUST0152
TXN009704,437.08,Transfer,12,4,0,0,3,1784.36,8.2,3456,0,CUST0461
TXN009705,6067.33,Payment,7,0,0,0,0,1302.9,1.6,2247,0,CUST0462
TXN009706,615.4,Purchase,12,6,0,0,1,3362.29,4.7,1880,0,CUST0083
TXN009707,753.09,Payment,15,6,0,0,0,2343.59,2.2,1111,0,CUST0002
TXN009708,1442.8,Purchase,18,1,0,0,2,2175.43,9.1,2461,0,CUST0384
TXN009709,8453.0,Withdrawal,20,2,0,0,1,2200.74,7.3,1300,0,CUST0046
TXN009710,4817.47,Purchase,8,4,0,0,3,1363.95,3.9,2730,0,CUST0241
TXN009711,2507.38,Purchase,16,3,0,0,3,8949.41,7.4,355,0,CUST0154
TXN009712,1497.87,Payment,20,1,0,0,4,653.66,3.3,425,0,CUST0107
TXN009713,2280.6,Transfer,5,2,0,0,1,5162.95,6.2,3497,0,CUST0415
TXN009714,1036.1,Transfer,19,2,0,0,2,788.76,0.5,1474,0,CUST0415
TXN009715,1597.15,Payment,18,1,1,0,3,2542.87,8.7,2688,0,CUST0404
TXN009716,5371.97,Transfer,9,3,0,0,2,816.59,17.8,2648,0,CUST0283
TXN009717,998.43,Transfer,11,4,0,0,3,1188.31,4.3,1545,0,CUST0190
TXN009718,4947.96,Payment,19,6,0,0,3,677.13,17.7,2766,0,CUST0373
TXN009719,938.14,Purchase,13,5,0,0,0,3930.65,2.0,1645,0,CUST0360
TXN009720,3209.1,Payment,13,3,0,0,3,886.22,10.3,825,0,CUST0275
TXN009721,470.61,Payment,17,6,0,0,6,886.29,0.4,1448,0,CUST0284
TXN009722,2835.09,Payment,16,1,0,0,3,2830.5,1.0,2432,0,CUST0363
TXN009723,4374.99,Payment,20,0,0,0,3,1020.35,4.4,2362,0,CUST0246
TXN009724,1617.26,Payment,17,3,0,0,2,1668.0,3.5,965,0,CUST0056
TXN009725,613.75,Purchase,6,2,0,0,4,803.9,16.0,801,0,CUST0254
TXN009726,1410.99,Purchase,16,5,0,0,7,2633.76,9.5,2579,0,CUST0174
TXN009727,28694.23,Withdrawal,14,1,1,1,12,896.62,230.2,359,1,CUST0398
TXN009728,4711.87,Payment,17,5,0,0,2,2261.11,6.8,1245,0,CUST0105
TXN009729,808.22,Payment,12,4,0,0,5,6022.49,11.9,2475,0,CUST0326
TXN009730,784.19,Transfer,8,6,0,0,1,2613.27,6.0,2577,0,CUST0125
TXN009731,764.09,Transfer,11,5,0,0,2,1979.9,9.0,1316,0,CUST0460
TXN009732,35463.6,Withdrawal,17,4,1,1,5,1086.24,10.0,223,1,CUST0391
TXN009733,1045.03,Transfer,12,5,0,0,0,2288.95,0.9,2003,0,CUST0464
TXN009734,6804.07,Payment,18,4,0,0,1,7454.7,4.6,179,0,CUST0359
TXN009735,1173.02,Transfer,13,3,0,0,3,590.06,11.1,3592,0,CUST0403
TXN009736,1142.94,Transfer,9,2,1,0,5,3018.72,3.2,1924,0,CUST0249
TXN009737,300.61,Purchase,8,5,0,0,4,5554.63,0.3,1919,0,CUST0442
TXN009738,3336.88,Withdrawal,9,2,0,0,2,9449.19,0.2,113,0,CUST0163
TXN009739,2775.99,Transfer,12,6,0,0,3,4067.66,4.3,118,0,CUST0415
TXN009740,2547.14,Withdrawal,11,3,0,0,4,5046.59,4.0,1357,0,CUST0166
TXN009741,6179.42,Payment,11,2,0,0,2,5398.87,2.9,3025,0,CUST0328
TXN009742,1031.16,Payment,14,0,0,0,4,3310.71,8.3,2291,0,CUST0362
TXN009743,224.55,Withdrawal,21,0,0,0,2,2419.88,14.8,261,0,CUST0302
TXN009744,983.79,Transfer,16,2,0,0,3,515.6,7.8,3227,0,CUST0458
TXN009745,10985.68,Transfer,13,4,0,0,2,1284.97,6.0,2362,0,CUST0081
TXN009746,1817.31,Payment,9,3,0,0,1,3875.9,2.8,2421,0,CUST0055
TXN009747,5000.0,Transfer,5,5,1,1,7,1420.23,38.5,313,1,CUST0166
TXN009748,1814.16,Payment,19,4,0,0,6,2736.2,3.4,2239,0,CUST0222
TXN009749,771.87,Payment,15,2,0,1,4,5646.4,5.4,2656,0,CUST0276
TXN009750,3200.87,Payment,13,6,0,0,2,1542.15,0.9,3087,0,CUST0293
TXN009751,8077.84,Purchase,11,5,0,0,2,1038.49,6.3,138,0,CUST0283
TXN009752,4686.6,Payment,14,3,0,0,5,1255.73,21.7,1304,0,CUST0128
TXN009753,5927.67,Purchase,13,2,0,0,3,1987.9,4.7,3143,0,CUST0028
TXN009754,1122.65,Payment,14,2,0,0,3,1128.98,0.1,3344,0,CUST0238
TXN009755,3564.32,Transfer,11,4,0,0,2,2461.56,3.0,813,0,CUST0002
TXN009756,547.75,Withdrawal,14,3,0,0,1,927.41,2.3,3570,0,CUST0440
TXN009757,9339.57,Purchase,11,5,0,0,2,3537.87,12.0,2209,0,CUST0280
TXN009758,2600.95,Transfer,9,6,0,1,4,1400.16,12.3,2012,0,CUST0377
TXN009759,702.23,Payment,16,0,1,0,5,3561.31,1.4,2257,0,CUST0239
TXN009760,962.81,Purchase,14,2,0,0,2,2230.33,4.3,1776,0,CUST0059
TXN009761,769.32,Withdrawal,17,6,0,0,3,3886.16,2.7,1157,0,CUST0159
TXN009762,2837.29,Purchase,12,0,0,0,2,905.61,1.3,956,0,CUST0258
TXN009763,2725.89,Withdrawal,6,0,0,0,6,3211.58,8.6,1250,0,CUST0348
TXN009764,1650.65,Transfer,16,5,0,0,1,3313.97,6.6,130,0,CUST0293
TXN009765,2111.58,Payment,8,5,0,0,0,2406.89,1.0,1680,0,CUST0061
TXN009766,2315.25,Transfer,16,5,0,0,1,724.18,21.1,2595,0,CUST0160
TXN009767,1930.89,Payment,10,0,0,0,4,4444.24,3.0,1688,0,CUST0327
TXN009768,5000.0,Transfer,20,5,1,1,5,691.06,46.1,103,1,CUST0063
TXN009769,70.72,Withdrawal,16,3,0,0,3,3702.91,3.1,2479,0,CUST0381
TXN009770,2390.52,Payment,18,0,0,0,1,1991.4,5.4,1620,0,CUST0138
TXN009771,1540.07,Withdrawal,12,6,0,0,4,1593.07,1.7,1527,0,CUST0307
TXN009772,5375.12,Payment,14,4,0,0,2,2443.97,2.1,2855,0,CUST0378
TXN009773,5654.75,Purchase,19,0,0,0,1,1245.3,4.3,1181,0,CUST0252
TXN009774,1229.05,Payment,13,1,0,0,2,879.62,2.9,3225,0,CUST0260
TXN009775,890.33,Payment,15,6,0,0,2,2318.12,1.1,1364,0,CUST0467
TXN009776,819.85,Payment,16,4,0,0,3,6085.49,0.7,3577,0,CUST0461
TXN009777,846.83,Payment,21,6,0,0,1,1355.84,8.7,2748,0,CUST0223
TXN009778,3043.27,Payment,21,5,0,0,3,1137.69,0.4,917,0,CUST0164
TXN009779,4243.75,Purchase,10,2,0,0,3,965.29,24.8,2013,0,CUST0479
TXN009780,2260.27,Purchase,10,1,0,0,1,1069.63,4.7,1021,0,CUST0343
TXN009781,6397.78,Purchase,15,6,0,0,4,1261.61,3.5,218,0,CUST0159
TXN009782,587.5,Purchase,11,0,0,0,3,940.87,4.5,1040,0,CUST0446
TXN009783,1983.95,Transfer,18,4,0,0,2,2727.71,0.9,2865,0,CUST0016
TXN009784,4023.64,Payment,12,4,0,0,5,1349.59,5.8,229,0,CUST0056
TXN009785,2587.52,Payment,14,2,0,0,3,799.75,4.8,979,0,CUST0125
TXN009786,2098.09,Transfer,15,3,0,0,6,799.63,1.8,2840,0,CUST0470
TXN009787,3733.48,Withdrawal,10,3,0,0,4,967.47,4.3,2610,0,CUST0009
TXN009788,809.62,Purchase,9,2,0,0,2,6204.06,1.3,2794,0,CUST0213
TXN009789,372.62,Purchase,18,3,0,0,3,721.49,5.8,560,0,CUST0378
TXN009790,751.83,Payment,19,6,0,0,2,748.58,20.2,2600,0,CUST0178
TXN009791,957.61,Purchase,19,6,0,0,1,8398.27,8.8,2114,0,CUST0001
TXN009792,1565.0,Transfer,16,3,0,0,1,512.12,0.1,715,0,CUST0046
TXN009793,3125.24,Payment,10,3,0,0,1,2748.16,4.7,854,0,CUST0079
TXN009794,5763.97,Transfer,11,1,0,0,1,1896.42,1.3,871,0,CUST0135
TXN009795,1846.82,Payment,17,1,0,0,2,2833.92,2.1,3557,0,CUST0302
TXN009796,799.58,Transfer,20,4,0,0,3,1492.97,0.2,1750,0,CUST0283
TXN009797,3636.64,Transfer,11,1,0,0,2,5754.61,1.4,2182,0,CUST0097
TXN009798,528.72,Purchase,7,3,0,0,6,2763.76,2.7,2823,0,CUST0402
TXN009799,261.36,Withdrawal,8,0,0,0,4,2412.15,5.8,2563,0,CUST0326
TXN009800,2108.49,Transfer,8,0,0,0,3,2073.0,7.2,69,0,CUST0152
TXN009801,652.71,Payment,21,6,0,0,1,6009.53,1.8,2858,0,CUST0026
TXN009802,1146.49,Payment,18,1,0,0,3,4383.71,1.5,3332,0,CUST0264
TXN009803,6488.95,Payment,17,3,0,0,2,968.5,10.8,3532,0,CUST0040
TXN009804,1227.7,Withdrawal,10,4,0,0,2,1675.42,2.1,1938,0,CUST0199
TXN009805,3246.39,Transfer,17,3,0,0,3,2924.93,0.9,3293,0,CUST0290
TXN009806,4689.16,Purchase,17,0,0,0,3,2962.76,4.7,772,0,CUST0350
TXN009807,2501.03,Purchase,16,5,0,0,1,1189.59,1.5,1759,0,CUST0243
TXN009808,5340.38,Withdrawal,12,2,0,0,2,1107.98,5.0,1691,0,CUST0187
TXN009809,6129.21,Payment,10,6,0,0,2,549.05,0.6,1072,0,CUST0213
TXN009810,202.1,Withdrawal,17,1,0,0,4,5574.15,5.7,1225,0,CUST0460
TXN009811,22046.31,Withdrawal,13,2,0,0,4,3108.16,5.9,3049,0,CUST0399
TXN009812,147.44,Payment,18,0,0,0,2,721.62,5.1,2732,0,CUST0340
TXN009813,12086.95,Purchase,23,6,0,0,2,837.36,0.8,2327,0,CUST0354
TXN009814,1194.37,Payment,21,1,1,0,1,2711.7,2.1,1871,0,CUST0108
TXN009815,2762.49,Withdrawal,10,4,0,0,2,6636.33,1.9,1075,0,CUST0012
TXN009816,1843.83,Transfer,22,5,0,0,1,2754.0,6.8,1603,0,CUST0390
TXN009817,14746.24,Transfer,6,5,1,0,4,781.43,10.0,339,1,CUST0041
TXN009818,299.4,Withdrawal,9,6,0,0,1,1337.45,16.2,797,0,CUST0355
TXN009819,308.55,Payment,18,4,0,0,2,369.2,6.7,2054,0,CUST0412
TXN009820,7483.86,Purchase,9,4,0,0,6,1183.06,3.6,1906,0,CUST0153
TXN009821,1870.59,Payment,2,1,0,0,3,2098.94,0.2,1102,0,CUST0487
TXN009822,4555.21,Purchase,17,2,0,0,1,3578.25,0.9,135,0,CUST0373
TXN009823,1020.71,Transfer,17,4,0,0,3,2222.98,0.1,2136,0,CUST0389
TXN009824,695.67,Transfer,9,1,0,0,5,3317.39,8.4,2774,0,CUST0152
TXN009825,833.0,Transfer,10,6,0,0,6,1630.7,0.3,985,0,CUST0029
TXN009826,4252.24,Purchase,18,3,0,0,2,276.34,9.0,2809,0,CUST0157
TXN009827,6845.45,Transfer,20,1,0,0,5,1736.65,0.8,2354,0,CUST0126
TXN009828,21872.81,Payment,14,4,0,0,2,3315.42,3.0,3320,0,CUST0012
TXN009829,2005.28,Transfer,11,4,0,0,0,12375.41,0.0,1472,0,CUST0008
TXN009830,4533.07,Payment,21,3,0,0,0,415.67,3.3,1581,0,CUST0435
TXN009831,628.9,Transfer,20,4,1,0,4,865.04,5.7,2186,0,CUST0047
TXN009832,4118.65,Transfer,20,0,0,0,3,1644.4,15.3,2268,0,CUST0046
TXN009833,5436.12,Withdrawal,13,3,0,0,1,2470.16,1.9,136,0,CUST0496
TXN009834,13441.37,Purchase,13,1,0,0,3,2615.32,2.2,2163,0,CUST0130
TXN009835,891.19,Purchase,12,4,0,0,4,2012.15,0.2,2711,0,CUST0360
TXN009836,1535.99,Transfer,8,6,0,0,4,8661.18,0.4,1768,0,CUST0118
TXN009837,1050.03,Withdrawal,19,4,0,0,0,1255.51,5.0,466,0,CUST0238
TXN009838,7546.64,Payment,20,4,0,0,4,1394.12,4.2,1127,0,CUST0176
TXN009839,148.7,Transfer,18,3,0,0,3,1359.43,1.9,1689,0,CUST0306
TXN009840,6581.78,Payment,19,4,0,0,0,2484.28,5.2,1482,0,CUST0031
TXN009841,255.36,Payment,5,5,0,0,4,5137.48,1.8,3439,0,CUST0450
TXN009842,2239.86,Transfer,18,1,0,0,1,1761.57,7.7,2243,0,CUST0305
TXN009843,4993.72,Purchase,16,4,0,0,2,1962.06,2.3,370,0,CUST0209
TXN009844,215.54,Transfer,13,6,0,0,2,6022.38,2.6,3321,0,CUST0085
TXN009845,1025.87,Transfer,14,3,0,0,3,1948.79,12.2,166,0,CUST0297
TXN009846,4324.94,Payment,17,1,0,0,4,1794.37,15.7,1492,0,CUST0268
TXN009847,1859.72,Payment,8,4,0,0,2,872.4,26.9,2064,0,CUST0118
TXN009848,488.93,Payment,13,5,0,0,2,546.14,5.6,1110,0,CUST0239
TXN009849,850.77,Transfer,8,3,0,0,3,961.75,0.6,3423,0,CUST0104
TXN009850,85451.1,Withdrawal,17,6,1,1,8,1280.48,78.1,259,1,CUST0131
TXN009851,984.54,Purchase,10,4,1,0,3,803.66,0.2,1010,0,CUST0067
TXN009852,1162.29,Transfer,9,4,0,0,2,4482.13,5.1,2881,0,CUST0281
TXN009853,5000.0,Transfer,14,2,1,0,6,1522.94,33.6,317,1,CUST0125
TXN009854,3881.71,Payment,14,5,0,0,5,586.43,0.5,1175,0,CUST0280
TXN009855,1580.51,Transfer,16,0,0,0,4,271.79,0.8,206,0,CUST0040
TXN009856,11891.52,Transfer,23,4,1,1,11,1974.64,11.3,274,1,CUST0287
TXN009857,739.88,Withdrawal,9,6,0,0,6,876.56,4.7,3427,0,CUST0003
TXN009858,2017.08,Purchase,16,1,0,0,5,3485.55,1.4,3528,0,CUST0266
TXN009859,2659.12,Withdrawal,17,6,0,0,5,2124.89,1.0,1841,0,CUST0246
TXN009860,1248.11,Payment,16,0,0,0,3,1351.71,0.9,3596,0,CUST0092
TXN009861,3051.0,Withdrawal,14,6,0,0,3,2491.31,2.9,107,0,CUST0064
TXN009862,340.84,Payment,12,2,0,0,3,7527.39,8.1,1857,0,CUST0481
TXN009863,4906.47,Transfer,15,0,0,0,0,173.74,6.3,3006,0,CUST0126
TXN009864,520.88,Transfer,11,5,0,0,2,4287.5,0.8,1797,0,CUST0022
TXN009865,1522.83,Withdrawal,15,3,0,0,2,1305.01,0.2,1864,0,CUST0145
TXN009866,867.13,Payment,8,2,0,0,4,2890.02,6.8,967,0,CUST0169
TXN009867,4688.53,Purchase,11,1,0,0,3,1173.98,4.5,953,0,CUST0308
TXN009868,4740.63,Transfer,13,6,0,0,1,14651.95,3.9,583,0,CUST0132
TXN009869,9636.99,Purchase,12,4,0,0,1,6197.17,12.1,3188,0,CUST0377
TXN009870,6433.38,Payment,8,2,0,0,2,1247.55,2.7,1793,0,CUST0052
TXN009871,277.27,Payment,8,6,1,0,4,709.65,10.3,1584,0,CUST0146
TXN009872,3278.13,Payment,17,3,0,0,0,1690.75,8.5,2920,0,CUST0214
TXN009873,10893.02,Transfer,15,5,0,0,2,2848.97,4.7,2557,0,CUST0307
TXN009874,104.58,Withdrawal,10,1,0,0,2,6819.86,8.2,2849,0,CUST0133
TXN009875,2263.54,Withdrawal,17,6,0,0,4,4360.85,0.7,1027,0,CUST0183
TXN009876,6148.33,Payment,14,3,0,0,2,560.21,6.2,3600,0,CUST0464
TXN009877,7617.24,Payment,18,1,0,0,4,1090.2,11.3,1208,0,CUST0076
TXN009878,3371.41,Transfer,12,2,0,0,0,398.68,2.8,512,0,CUST0298
TXN009879,371.58,Payment,13,3,0,0,5,626.35,3.0,3372,0,CUST0034
TXN009880,3026.12,Payment,13,4,1,0,3,914.16,6.5,739,0,CUST0041
TXN009881,4364.01,Purchase,8,3,0,0,2,1312.04,17.4,3230,0,CUST0325
TXN009882,1176.58,Payment,17,5,0,0,5,4252.01,0.3,1421,0,CUST0259
TXN009883,2699.01,Payment,9,5,0,0,2,4373.54,3.2,421,0,CUST0288
TXN009884,219.24,Payment,12,1,0,0,4,3340.53,0.5,3193,0,CUST0300
TXN009885,446.5,Transfer,16,2,0,0,1,6293.21,15.7,107,0,CUST0188
TXN009886,2475.33,Payment,20,3,0,0,4,691.58,3.8,434,0,CUST0065
TXN009887,3339.3,Payment,9,5,0,0,5,1159.03,4.5,3277,0,CUST0130
TXN009888,978.16,Payment,14,1,0,0,4,4189.8,2.3,1772,0,CUST0045
TXN009889,689.94,Payment,15,0,0,0,4,1032.67,9.4,1545,0,CUST0227
TXN009890,3675.16,Payment,13,6,0,0,1,907.29,2.7,2381,0,CUST0008
TXN009891,5000.0,Transfer,2,0,1,1,8,3010.83,111.3,2,1,CUST0058
TXN009892,4565.38,Payment,10,3,0,0,3,1678.97,1.8,3225,0,CUST0051
TXN009893,9749.92,Purchase,9,1,0,1,4,449.92,4.9,1960,0,CUST0440
TXN009894,5809.31,Payment,12,3,1,0,2,1631.08,0.2,448,0,CUST0323
TXN009895,3576.19,Withdrawal,1,1,0,0,1,775.15,3.1,2565,0,CUST0472
TXN009896,3177.3,Withdrawal,11,2,0,0,6,548.16,10.4,785,0,CUST0101
TXN009897,871.66,Payment,20,1,0,0,2,1848.97,10.7,943,0,CUST0408
TXN009898,8726.74,Transfer,18,2,0,0,4,2203.57,0.3,97,0,CUST0151
TXN009899,539.59,Transfer,12,3,0,0,2,1067.89,2.4,1948,0,CUST0278
TXN009900,3228.77,Transfer,6,0,0,0,2,5446.16,0.7,2341,0,CUST0322
TXN009901,1700.88,Withdrawal,14,2,0,0,5,721.42,7.9,1121,0,CUST0013
TXN009902,848.3,Transfer,14,1,0,0,2,2237.01,4.0,330,0,CUST0265
TXN009903,446.27,Withdrawal,12,3,0,0,2,1570.19,0.0,107,0,CUST0407
TXN009904,2956.97,Payment,12,6,0,0,1,1609.98,11.7,1650,0,CUST0281
TXN009905,4071.25,Withdrawal,12,6,0,0,4,373.61,0.3,485,0,CUST0470
TXN009906,2671.42,Payment,8,0,0,0,4,3601.0,13.0,2964,0,CUST0361
TXN009907,355.31,Payment,17,2,0,0,5,2463.94,1.9,1668,0,CUST0175
TXN009908,394.02,Payment,12,5,0,0,3,1043.76,6.7,3369,0,CUST0059
TXN009909,7565.6,Transfer,9,5,0,0,1,2794.09,4.6,3083,0,CUST0098
TXN009910,6241.32,Transfer,10,0,0,0,4,590.56,10.0,2050,0,CUST0212
TXN009911,855.69,Withdrawal,16,2,0,0,2,1782.18,1.2,939,0,CUST0180
TXN009912,4266.08,Payment,12,0,0,0,5,2115.28,7.6,2772,0,CUST0297
TXN009913,2001.64,Payment,13,2,0,0,1,391.75,0.3,681,0,CUST0401
TXN009914,4074.59,Transfer,20,1,0,0,1,993.13,0.1,1062,0,CUST0424
TXN009915,2671.69,Purchase,9,0,1,0,1,1469.82,5.2,249,0,CUST0028
TXN009916,415.51,Payment,18,2,0,0,3,1842.45,0.5,303,0,CUST0041
TXN009917,507.57,Purchase,19,6,0,0,2,2585.8,5.8,3052,0,CUST0079
TXN009918,4322.36,Withdrawal,5,2,0,0,2,2396.25,8.4,2892,0,CUST0334
TXN009919,2728.09,Payment,18,1,0,0,2,5368.1,2.8,422,0,CUST0073
TXN009920,464.9,Payment,15,4,0,0,3,8061.3,6.1,1367,0,CUST0006
TXN009921,1569.44,Purchase,0,3,0,0,4,798.26,3.1,1168,0,CUST0406
TXN009922,9040.96,Withdrawal,20,1,0,0,3,957.58,10.3,2806,0,CUST0001
TXN009923,10799.34,Withdrawal,14,4,0,0,3,7495.17,0.1,881,0,CUST0486
TXN009924,1778.59,Transfer,14,2,0,1,1,4405.46,0.3,2929,0,CUST0224
TXN009925,1157.76,Withdrawal,14,5,0,0,3,762.18,0.9,2573,0,CUST0256
TXN009926,1373.83,Transfer,14,4,0,0,6,1429.44,0.8,2956,0,CUST0345
TXN009927,2337.3,Payment,21,1,0,0,4,1993.52,8.5,2504,0,CUST0027
TXN009928,547.75,Payment,10,0,0,0,1,2395.39,7.6,621,0,CUST0399
TXN009929,3065.11,Purchase,16,5,0,0,1,719.79,10.7,1493,0,CUST0097
TXN009930,3733.42,Transfer,16,6,0,0,2,1393.22,8.3,1245,0,CUST0044
TXN009931,942.54,Withdrawal,17,2,0,0,0,2261.68,26.0,60,0,CUST0114
TXN009932,281.56,Purchase,16,0,0,0,1,1994.6,6.7,1337,0,CUST0415
TXN009933,2683.72,Withdrawal,16,1,0,0,4,554.88,0.2,378,0,CUST0325
TXN009934,1364.99,Transfer,10,5,0,0,3,6894.69,1.8,896,0,CUST0188
TXN009935,2051.38,Withdrawal,19,5,0,0,4,532.43,3.9,242,0,CUST0247
TXN009936,3972.24,Transfer,20,3,0,0,3,428.01,4.4,2259,0,CUST0242
TXN009937,1844.76,Withdrawal,13,1,0,0,0,2152.39,0.5,2185,0,CUST0108
TXN009938,1146.88,Transfer,17,2,0,0,0,2678.31,7.6,3548,0,CUST0225
TXN009939,22705.66,Withdrawal,11,4,0,0,3,1279.29,1.6,3539,0,CUST0044
TXN009940,3231.07,Purchase,9,0,0,0,1,1461.04,15.9,577,0,CUST0425
TXN009941,458.64,Withdrawal,6,3,0,0,1,4578.56,8.0,3340,0,CUST0463
TXN009942,1018.72,Transfer,17,6,0,0,2,1893.32,4.8,1006,0,CUST0440
TXN009943,9245.17,Withdrawal,12,3,0,0,2,365.99,4.4,1206,0,CUST0191
TXN009944,2354.99,Withdrawal,9,4,0,0,1,1437.97,0.3,3320,0,CUST0413
TXN009945,165.62,Withdrawal,20,4,0,0,7,2873.03,14.9,1046,0,CUST0356
TXN009946,3615.93,Withdrawal,11,4,0,0,5,9083.66,6.4,1166,0,CUST0270
TXN009947,98.79,Purchase,17,4,0,0,0,1168.56,2.9,3074,0,CUST0212
TXN009948,1173.05,Transfer,17,2,0,0,4,999.46,4.1,798,0,CUST0221
TXN009949,376.07,Purchase,17,6,0,0,3,2809.91,0.9,1479,0,CUST0263
TXN009950,2180.06,Payment,21,1,0,0,1,807.78,1.3,3339,0,CUST0259
TXN009951,442.71,Withdrawal,15,6,0,0,5,9420.08,0.0,1210,0,CUST0330
TXN009952,2067.65,Purchase,14,1,0,0,2,2317.35,12.3,3525,0,CUST0181
TXN009953,4766.51,Withdrawal,12,1,0,0,5,5450.58,7.0,1368,0,CUST0471
TXN009954,13473.4,Transfer,13,6,0,0,4,2013.2,1.0,2023,0,CUST0228
TXN009955,1195.24,Withdrawal,10,2,0,0,1,2191.12,7.3,1186,0,CUST0409
TXN009956,1478.09,Withdrawal,10,3,0,0,0,985.3,0.9,2057,0,CUST0032
TXN009957,1135.96,Purchase,11,0,0,0,0,2298.44,0.1,644,0,CUST0365
TXN009958,3793.4,Transfer,18,2,0,0,5,1021.49,1.8,1058,0,CUST0311
TXN009959,1926.06,Withdrawal,9,0,0,0,2,753.64,4.3,1616,0,CUST0272
TXN009960,2099.26,Withdrawal,20,1,0,0,0,1225.96,5.9,133,0,CUST0460
TXN009961,7481.47,Transfer,17,1,0,0,0,3926.36,1.8,3207,0,CUST0019
TXN009962,3615.04,Purchase,2,2,0,0,2,560.54,5.8,2764,0,CUST0200
TXN009963,3430.78,Transfer,18,4,0,0,3,563.09,3.0,824,0,CUST0042
TXN009964,1108.93,Withdrawal,10,0,0,0,3,1546.27,1.5,1451,0,CUST0130
TXN009965,732.23,Transfer,8,2,0,0,4,1022.16,7.9,3164,0,CUST0006
TXN009966,2033.89,Purchase,16,3,0,0,3,1389.59,1.6,1480,0,CUST0100
TXN009967,1345.5,Purchase,8,4,0,0,3,1741.44,2.0,2631,0,CUST0117
TXN009968,2312.5,Withdrawal,15,1,0,1,2,1793.7,3.9,1948,0,CUST0282
TXN009969,475.57,Transfer,7,3,0,0,4,2598.92,1.9,1319,0,CUST0494
TXN009970,13187.98,Purchase,21,4,0,0,4,2042.19,1.4,2371,0,CUST0093
TXN009971,397.48,Transfer,11,4,0,0,2,788.94,1.3,168,0,CUST0324
TXN009972,665.85,Transfer,22,3,0,0,1,2133.94,0.1,2632,0,CUST0298
TXN009973,571.91,Withdrawal,11,3,0,0,1,6285.78,0.5,1097,0,CUST0306
TXN009974,1791.3,Payment,11,3,0,0,5,1143.49,6.3,780,0,CUST0418
TXN009975,1304.21,Payment,10,6,0,1,4,524.1,0.9,93,0,CUST0121
TXN009976,2509.46,Transfer,11,2,0,0,4,1170.39,0.2,3585,0,CUST0063
TXN009977,942.52,Payment,19,2,0,0,3,1345.3,3.9,2534,0,CUST0347
TXN009978,677.21,Purchase,11,3,0,0,6,3625.22,1.2,3130,0,CUST0484
TXN009979,2032.11,Payment,13,2,0,0,4,4262.67,0.6,769,0,CUST0004
TXN009980,1028.7,Purchase,19,4,0,0,3,1309.71,12.1,3136,0,CUST0289
TXN009981,1338.81,Transfer,17,1,0,0,2,1309.2,5.2,1651,0,CUST0442
TXN009982,672.08,Transfer,8,0,0,0,0,2234.26,4.2,224,0,CUST0349
TXN009983,579.96,Transfer,16,1,0,0,1,494.7,5.0,2025,0,CUST0054
TXN009984,2568.73,Payment,8,4,0,0,3,3382.03,0.1,1935,0,CUST0025
TXN009985,6208.81,Payment,9,1,0,1,2,5489.18,5.5,1575,0,CUST0488
TXN009986,1518.75,Purchase,15,6,0,0,4,1675.31,4.7,2649,0,CUST0282
TXN009987,3650.19,Payment,17,1,0,0,2,3500.67,4.7,1499,0,CUST0110
TXN009988,11075.03,Payment,12,1,0,0,1,1423.7,9.4,2435,0,CUST0329
TXN009989,5929.41,Transfer,17,5,0,0,4,2151.08,1.0,1963,0,CUST0347
TXN009990,11021.8,Purchase,16,1,0,0,1,344.89,13.6,754,0,CUST0161
TXN009991,469.57,Payment,10,1,0,0,4,1032.7,11.9,3433,0,CUST0199
TXN009992,2566.68,Payment,12,5,0,0,7,2452.47,2.0,2904,0,CUST0224
TXN009993,3341.47,Withdrawal,15,3,1,0,9,1153.52,7.0,2008,0,CUST0465
TXN009994,2079.02,Payment,19,0,1,0,1,1470.23,1.3,2461,0,CUST0066
TXN009995,1018.33,Withdrawal,13,6,0,0,2,1652.7,2.9,1582,0,CUST0450
TXN009996,1734.9,Payment,12,0,0,0,4,1123.4,2.6,3009,0,CUST0284
TXN009997,898.37,Transfer,11,1,0,0,1,1972.7,1.1,814,0,CUST0483
TXN009998,2214.81,Payment,9,3,0,0,2,343.49,0.4,3226,0,CUST0467
TXN009999,324.51,Withdrawal,9,1,0,0,3,437.43,2.5,1229,0,CUST0484
